This file contains any messages produced by compilers while
running configure, to aid debugging if configure makes a mistake.

It was created by GNU Make configure 4.4.1, which was
generated by GNU Autoconf 2.71.  Invocation command line was

  $ ./configure --prefix=/home/samson/Projects/clojv3/./store/make-4.4.1

## --------- ##
## Platform. ##
## --------- ##

hostname = aurelius
uname -m = x86_64
uname -r = 6.18.53
uname -s = Linux
uname -v = #1-NixOS SMP PREEMPT_DYNAMIC Mon Sep 21 13:06:06 UTC 2026

/usr/bin/uname -p = unknown
/bin/uname -X     = unknown

/bin/arch              = unknown
/usr/bin/arch -k       = unknown
/usr/convex/getsysinfo = unknown
/usr/bin/hostinfo      = unknown
/bin/machine           = unknown
/usr/bin/oslevel       = unknown
/bin/universe          = unknown

PATH: /home/samson/Projects/clojv3/./store/sh-5.3/bin/
PATH: /home/samson/Projects/clojv3/./store/sh-5.3/bin/
PATH: /home/samson/Projects/clojv3/./store/musl-1.2.6/bin/
PATH: /nix/store/9jlvk5hrm19m6lzj6lqly32ljqh64bch-clojure-1.12.6.1673/bin/
PATH: /nix/store/i6m9ji4ambv12kkdc4d5qxz7ssgzkjvk-rlwrap-0.48/bin/
PATH: /nix/store/p3ckxs1gmqir4m2b6yknbbka33da1y4m-openjdk-21.0.12.1+1/bin/
PATH: /nix/store/hkclq7d0j10l7gk1v2hpif398dvnq6lz-ripgrep-15.2.0/bin/
PATH: /nix/store/vv1zlsmpvilz6c4s74f00qljqka2dw6y-cljfmt-0.16.5/bin/
PATH: /nix/store/mc9jzfwhfqs678d8f2vv48gqcavqrvx2-clj-kondo-2026.08.04/bin/
PATH: /nix/store/0hsh47ifi1iy4nxh7mwsn46fnkmi78ni-clojure-lsp-2026.07.06-14.34.19/bin/
PATH: /nix/store/z34aznannz7g6fw5whipak7nnf4ijk9k-x86_64-unknown-linux-musl-gcc-wrapper-15.3.0/bin/
PATH: /nix/store/yzx98qlav3kgw6a9pkjpz13p1v280vyk-x86_64-unknown-linux-musl-gcc-15.3.0/bin/
PATH: /nix/store/61ihdvp149x32cxjs3g2ya88x37bplzi-musl-x86_64-unknown-linux-musl-1.2.6-bin/bin/
PATH: /nix/store/xjl7p8dvyk2j53kqf7f43kdj4ypbxz7g-coreutils-9.11/bin/
PATH: /nix/store/6hnxkf68w3154sv7qc7lxv1m9c4bsb0g-x86_64-unknown-linux-musl-binutils-wrapper-2.46/bin/
PATH: /nix/store/60lv8wlcr99wv4ck3sk9fzcbb4jbk2n6-x86_64-unknown-linux-musl-binutils-2.46/bin/
PATH: /nix/store/jbxxgdf6jq69k1cq3aj4mdqb151qi44j-jolt-a6e881b/bin/
PATH: /nix/store/h9wq5kdv1jc9hxmwgn9vh9bwsigmnsj6-patchelf-0.15.2/bin/
PATH: /nix/store/z4c6k0mrlkwl3s4w9ysxc8vq1wylm3ms-gcc-wrapper-15.3.0/bin/
PATH: /nix/store/8sjgd7q3mdks1rb7rbcv0sallhvrhai5-gcc-15.3.0/bin/
PATH: /nix/store/fdpy1l72q9gvq8d9snrdq67gm0j5s1dg-glibc-2.42-84-bin/bin/
PATH: /nix/store/0fdc105g1896ganr8916rsjxhvr9qv5b-binutils-wrapper-2.46/bin/
PATH: /nix/store/31gnwsgag5qa14hfblqi5hyn71pyx7py-binutils-2.46/bin/
PATH: /nix/store/xjl7p8dvyk2j53kqf7f43kdj4ypbxz7g-coreutils-9.11/bin/
PATH: /nix/store/i9wgqa0l88aprvpwfaq5hkfa6pklhlv0-findutils-4.11.0/bin/
PATH: /nix/store/b8xvzgd52jby5dfpi0pf46nisy6wma5d-diffutils-3.12/bin/
PATH: /nix/store/qf2wzyq4irhgyhnq3s2hz0ldjq3w8a3x-gnused-4.10/bin/
PATH: /nix/store/xmvbzzxm5snla5a2cyfhm7hjy9bifx7n-gnugrep-3.12/bin/
PATH: /nix/store/9zib1q94gka8i5q530364cvy25504qz5-gawk-5.4.1/bin/
PATH: /nix/store/41l3h8s1lr518n03bsrzv5vsf37bhnb9-gnutar-1.35/bin/
PATH: /nix/store/l5sll8nxk70p73l5yqbsjy4mh0c3g0v5-gzip-1.14/bin/
PATH: /nix/store/j3yz0ag9j442229n8harpmp9aa5qyvhn-bzip2-1.0.8-bin/bin/
PATH: /nix/store/c011mk580m964s1zxjccvdax3fcmppnl-gnumake-4.4.1/bin/
PATH: /nix/store/svx59425zxp552p2b8gm11qj5r09b56i-bash-5.3p15/bin/
PATH: /nix/store/81zqbas7qc02yfdj7142fdcqhxgd3cgz-patch-2.8/bin/
PATH: /nix/store/518dig8gpvqyac6pkksyjjfzvi9zn8vq-xz-5.8.3-bin/bin/
PATH: /nix/store/fv9yl55hkskpc2cj9c0sdyq91car9kgl-file-5.48/bin/
PATH: /home/samson/Projects/clojv3/.direnv/bin/
PATH: /home/samson/.config/carapace/bin/
PATH: /run/wrappers/bin/
PATH: /home/samson/.nix-profile/bin/
PATH: /nix/profile/bin/
PATH: /home/samson/.local/state/nix/profile/bin/
PATH: /etc/profiles/per-user/samson/bin/
PATH: /nix/var/nix/profiles/default/bin/
PATH: /run/current-system/sw/bin/
PATH: /nix/store/0fdc105g1896ganr8916rsjxhvr9qv5b-binutils-wrapper-2.46/bin/
PATH: /nix/store/x2qk5vrrkpsh96ays6cyiird1x4ry4g7-hyprland-qtutils-0.1.5/bin/
PATH: /nix/store/xr3xacpw1l5ddkqywvva8nr6ja9qd74f-pciutils-3.15.0/bin/
PATH: /nix/store/06qf76vpnf4ylyv47r7jy9lqclw3drmh-pkgconf-wrapper-2.5.1/bin/


## ----------- ##
## Core tests. ##
## ----------- ##

configure:2952: looking for aux files: config.rpath config.guess config.sub compile missing install-sh
configure:2965:  trying ./build-aux/
configure:2994:   ./build-aux/config.rpath found
configure:2994:   ./build-aux/config.guess found
configure:2994:   ./build-aux/config.sub found
configure:2994:   ./build-aux/compile found
configure:2994:   ./build-aux/missing found
configure:2976:   ./build-aux/install-sh found
configure:3139: checking for a BSD-compatible install
configure:3212: result: /nix/store/xjl7p8dvyk2j53kqf7f43kdj4ypbxz7g-coreutils-9.11/bin/install -c
configure:3223: checking whether build environment is sane
configure:3278: result: yes
configure:3437: checking for a race-free mkdir -p
configure:3481: result: /nix/store/xjl7p8dvyk2j53kqf7f43kdj4ypbxz7g-coreutils-9.11/bin/mkdir -p
configure:3488: checking for gawk
configure:3509: found /nix/store/9zib1q94gka8i5q530364cvy25504qz5-gawk-5.4.1/bin/gawk
configure:3520: result: gawk
configure:3531: checking whether make sets $(MAKE)
configure:3554: result: yes
configure:3584: checking whether make supports nested variables
configure:3602: result: yes
configure:3753: checking whether make supports the include directive
configure:3768: make -f confmf.GNU && cat confinc.out
this is the am__doit target
configure:3771: $? = 0
configure:3790: result: yes (GNU style)
configure:3866: checking for gcc
configure:3898: result: x86_64-unknown-linux-musl-gcc
configure:4251: checking for C compiler version
configure:4260: x86_64-unknown-linux-musl-gcc --version >&5
x86_64-unknown-linux-musl-gcc (GCC) 15.3.0
Copyright (C) 2025 Free Software Foundation, Inc.
This is free software; see the source for copying conditions.  There is NO
warranty; not even for MERCHANTABILITY or FITNESS FOR A PARTICULAR PURPOSE.

configure:4271: $? = 0
configure:4260: x86_64-unknown-linux-musl-gcc -v >&5
Using built-in specs.
COLLECT_GCC=/nix/store/yzx98qlav3kgw6a9pkjpz13p1v280vyk-x86_64-unknown-linux-musl-gcc-15.3.0/bin/x86_64-unknown-linux-musl-gcc
COLLECT_LTO_WRAPPER=/nix/store/yzx98qlav3kgw6a9pkjpz13p1v280vyk-x86_64-unknown-linux-musl-gcc-15.3.0/libexec/gcc/x86_64-unknown-linux-musl/15.3.0/lto-wrapper
Target: x86_64-unknown-linux-musl
Configured with: ../gcc-15.3.0/configure --prefix=/nix/store/eeeeeeeeeeeeeeeeeeeeeeeeeeeeeeee-x86_64-unknown-linux-musl-gcc-15.3.0 --with-gmp-include=/nix/store/eeeeeeeeeeeeeeeeeeeeeeeeeeeeeeee-gmp-with-cxx-6.3.0-dev/include --with-gmp-lib=/nix/store/eeeeeeeeeeeeeeeeeeeeeeeeeeeeeeee-gmp-with-cxx-6.3.0/lib --with-mpfr-include=/nix/store/eeeeeeeeeeeeeeeeeeeeeeeeeeeeeeee-mpfr-4.2.2-dev/include --with-mpfr-lib=/nix/store/eeeeeeeeeeeeeeeeeeeeeeeeeeeeeeee-mpfr-4.2.2/lib --with-mpc=/nix/store/eeeeeeeeeeeeeeeeeeeeeeeeeeeeeeee-libmpc-1.4.1 --with-native-system-header-dir=/nix/store/eeeeeeeeeeeeeeeeeeeeeeeeeeeeeeee-musl-x86_64-unknown-linux-musl-1.2.6-dev/include --with-build-sysroot=/ --with-gxx-include-dir=/nix/store/eeeeeeeeeeeeeeeeeeeeeeeeeeeeeeee-x86_64-unknown-linux-musl-gcc-15.3.0/include/c++/15.3.0/ --program-prefix=x86_64-unknown-linux-musl- --enable-lto --disable-libstdcxx-pch --without-included-gettext --with-system-zlib --enable-static --enable-languages=c,c++ --disable-multilib --enable-plugin --with-isl=/nix/store/eeeeeeeeeeeeeeeeeeeeeeeeeeeeeeee-isl-0.20 --with-as=/nix/store/eeeeeeeeeeeeeeeeeeeeeeeeeeeeeeee-x86_64-unknown-linux-musl-binutils-wrapper-2.46/bin/x86_64-unknown-linux-musl-as --with-headers=/nix/store/eeeeeeeeeeeeeeeeeeeeeeeeeeeeeeee-musl-x86_64-unknown-linux-musl-1.2.6-dev/include --enable-__cxa_atexit --enable-long-long --enable-threads=posix --enable-nls --disable-libsanitizer --disable-bootstrap --disable-libmpx --enable-default-pie --build=x86_64-unknown-linux-gnu --host=x86_64-unknown-linux-gnu --target=x86_64-unknown-linux-musl
Thread model: posix
Supported LTO compression algorithms: zlib
gcc version 15.3.0 (GCC) 
configure:4271: $? = 0
configure:4260: x86_64-unknown-linux-musl-gcc -V >&5
x86_64-unknown-linux-musl-gcc: error: unrecognized command-line option '-V'
x86_64-unknown-linux-musl-gcc: fatal error: no input files
compilation terminated.
configure:4271: $? = 1
configure:4260: x86_64-unknown-linux-musl-gcc -qversion >&5
x86_64-unknown-linux-musl-gcc: error: unrecognized command-line option '-qversion'; did you mean '--version'?
x86_64-unknown-linux-musl-gcc: fatal error: no input files
compilation terminated.
configure:4271: $? = 1
configure:4260: x86_64-unknown-linux-musl-gcc -version >&5
x86_64-unknown-linux-musl-gcc: error: unrecognized command-line option '-version'
x86_64-unknown-linux-musl-gcc: fatal error: no input files
compilation terminated.
configure:4271: $? = 1
configure:4291: checking whether the C compiler works
configure:4313: x86_64-unknown-linux-musl-gcc  -D__GNU_LIBRARY__=1 -Dgetenv=getenv -I/home/samson/Projects/clojv3/./store/musl-1.2.6/include -B/home/samson/Projects/clojv3/./store/musl-1.2.6/lib -L/home/samson/Projects/clojv3/./store/musl-1.2.6/lib -Wl,-rpath,/home/samson/Projects/clojv3/./store/musl-1.2.6/lib -Wl,-dynamic-linker,/home/samson/Projects/clojv3/./store/musl-1.2.6/lib/libc.so conftest.c  >&5
configure:4317: $? = 0
configure:4367: result: yes
configure:4370: checking for C compiler default output file name
configure:4372: result: a.out
configure:4378: checking for suffix of executables
configure:4385: x86_64-unknown-linux-musl-gcc -o conftest  -D__GNU_LIBRARY__=1 -Dgetenv=getenv -I/home/samson/Projects/clojv3/./store/musl-1.2.6/include -B/home/samson/Projects/clojv3/./store/musl-1.2.6/lib -L/home/samson/Projects/clojv3/./store/musl-1.2.6/lib -Wl,-rpath,/home/samson/Projects/clojv3/./store/musl-1.2.6/lib -Wl,-dynamic-linker,/home/samson/Projects/clojv3/./store/musl-1.2.6/lib/libc.so conftest.c  >&5
configure:4389: $? = 0
configure:4412: result: 
configure:4434: checking whether we are cross compiling
configure:4442: x86_64-unknown-linux-musl-gcc -o conftest  -D__GNU_LIBRARY__=1 -Dgetenv=getenv -I/home/samson/Projects/clojv3/./store/musl-1.2.6/include -B/home/samson/Projects/clojv3/./store/musl-1.2.6/lib -L/home/samson/Projects/clojv3/./store/musl-1.2.6/lib -Wl,-rpath,/home/samson/Projects/clojv3/./store/musl-1.2.6/lib -Wl,-dynamic-linker,/home/samson/Projects/clojv3/./store/musl-1.2.6/lib/libc.so conftest.c  >&5
configure:4446: $? = 0
configure:4453: ./conftest
configure:4457: $? = 0
configure:4472: result: no
configure:4477: checking for suffix of object files
configure:4500: x86_64-unknown-linux-musl-gcc -c  -D__GNU_LIBRARY__=1 -Dgetenv=getenv -I/home/samson/Projects/clojv3/./store/musl-1.2.6/include conftest.c >&5
configure:4504: $? = 0
configure:4526: result: o
configure:4530: checking whether the compiler supports GNU C
configure:4550: x86_64-unknown-linux-musl-gcc -c  -D__GNU_LIBRARY__=1 -Dgetenv=getenv -I/home/samson/Projects/clojv3/./store/musl-1.2.6/include conftest.c >&5
configure:4550: $? = 0
configure:4560: result: yes
configure:4571: checking whether x86_64-unknown-linux-musl-gcc accepts -g
configure:4592: x86_64-unknown-linux-musl-gcc -c -g -D__GNU_LIBRARY__=1 -Dgetenv=getenv -I/home/samson/Projects/clojv3/./store/musl-1.2.6/include conftest.c >&5
configure:4592: $? = 0
configure:4636: result: yes
configure:4656: checking for x86_64-unknown-linux-musl-gcc option to enable C11 features
configure:4671: x86_64-unknown-linux-musl-gcc  -c -g -O2 -D__GNU_LIBRARY__=1 -Dgetenv=getenv -I/home/samson/Projects/clojv3/./store/musl-1.2.6/include conftest.c >&5
conftest.c: In function 'e':
conftest.c:25:14: warning: old-style function definition [-Wold-style-definition]
   25 | static char *e (p, i)
      |              ^
configure:4671: $? = 0
configure:4689: result: none needed
configure:4805: checking whether x86_64-unknown-linux-musl-gcc understands -c and -o together
configure:4828: x86_64-unknown-linux-musl-gcc -c conftest.c -o conftest2.o
configure:4831: $? = 0
configure:4828: x86_64-unknown-linux-musl-gcc -c conftest.c -o conftest2.o
configure:4831: $? = 0
configure:4843: result: yes
configure:4861: checking whether the compiler is clang
configure:4883: x86_64-unknown-linux-musl-gcc -c -g -O2 -D__GNU_LIBRARY__=1 -Dgetenv=getenv -I/home/samson/Projects/clojv3/./store/musl-1.2.6/include conftest.c >&5
configure:4883: $? = 0
configure:4892: result: no
configure:4896: checking for compiler option needed when checking for declarations
configure:4929: result: none
configure:4940: checking dependency style of x86_64-unknown-linux-musl-gcc
configure:5052: result: gcc3
configure:5072: checking for stdio.h
configure:5072: x86_64-unknown-linux-musl-gcc -c -g -O2 -D__GNU_LIBRARY__=1 -Dgetenv=getenv -I/home/samson/Projects/clojv3/./store/musl-1.2.6/include conftest.c >&5
configure:5072: $? = 0
configure:5072: result: yes
configure:5072: checking for stdlib.h
configure:5072: x86_64-unknown-linux-musl-gcc -c -g -O2 -D__GNU_LIBRARY__=1 -Dgetenv=getenv -I/home/samson/Projects/clojv3/./store/musl-1.2.6/include conftest.c >&5
configure:5072: $? = 0
configure:5072: result: yes
configure:5072: checking for string.h
configure:5072: x86_64-unknown-linux-musl-gcc -c -g -O2 -D__GNU_LIBRARY__=1 -Dgetenv=getenv -I/home/samson/Projects/clojv3/./store/musl-1.2.6/include conftest.c >&5
configure:5072: $? = 0
configure:5072: result: yes
configure:5072: checking for inttypes.h
configure:5072: x86_64-unknown-linux-musl-gcc -c -g -O2 -D__GNU_LIBRARY__=1 -Dgetenv=getenv -I/home/samson/Projects/clojv3/./store/musl-1.2.6/include conftest.c >&5
configure:5072: $? = 0
configure:5072: result: yes
configure:5072: checking for stdint.h
configure:5072: x86_64-unknown-linux-musl-gcc -c -g -O2 -D__GNU_LIBRARY__=1 -Dgetenv=getenv -I/home/samson/Projects/clojv3/./store/musl-1.2.6/include conftest.c >&5
configure:5072: $? = 0
configure:5072: result: yes
configure:5072: checking for strings.h
configure:5072: x86_64-unknown-linux-musl-gcc -c -g -O2 -D__GNU_LIBRARY__=1 -Dgetenv=getenv -I/home/samson/Projects/clojv3/./store/musl-1.2.6/include conftest.c >&5
configure:5072: $? = 0
configure:5072: result: yes
configure:5072: checking for sys/stat.h
configure:5072: x86_64-unknown-linux-musl-gcc -c -g -O2 -D__GNU_LIBRARY__=1 -Dgetenv=getenv -I/home/samson/Projects/clojv3/./store/musl-1.2.6/include conftest.c >&5
configure:5072: $? = 0
configure:5072: result: yes
configure:5072: checking for sys/types.h
configure:5072: x86_64-unknown-linux-musl-gcc -c -g -O2 -D__GNU_LIBRARY__=1 -Dgetenv=getenv -I/home/samson/Projects/clojv3/./store/musl-1.2.6/include conftest.c >&5
configure:5072: $? = 0
configure:5072: result: yes
configure:5072: checking for unistd.h
configure:5072: x86_64-unknown-linux-musl-gcc -c -g -O2 -D__GNU_LIBRARY__=1 -Dgetenv=getenv -I/home/samson/Projects/clojv3/./store/musl-1.2.6/include conftest.c >&5
configure:5072: $? = 0
configure:5072: result: yes
configure:5072: checking for wchar.h
configure:5072: x86_64-unknown-linux-musl-gcc -c -g -O2 -D__GNU_LIBRARY__=1 -Dgetenv=getenv -I/home/samson/Projects/clojv3/./store/musl-1.2.6/include conftest.c >&5
configure:5072: $? = 0
configure:5072: result: yes
configure:5072: checking for minix/config.h
configure:5072: x86_64-unknown-linux-musl-gcc -c -g -O2 -D__GNU_LIBRARY__=1 -Dgetenv=getenv -I/home/samson/Projects/clojv3/./store/musl-1.2.6/include conftest.c >&5
conftest.c:49:10: fatal error: minix/config.h: No such file or directory
   49 | #include <minix/config.h>
      |          ^~~~~~~~~~~~~~~~
compilation terminated.
configure:5072: $? = 1
configure: failed program was:
| /* confdefs.h */
| #define PACKAGE_NAME "GNU Make"
| #define PACKAGE_TARNAME "make"
| #define PACKAGE_VERSION "4.4.1"
| #define PACKAGE_STRING "GNU Make 4.4.1"
| #define PACKAGE_BUGREPORT "bug-make@gnu.org"
| #define PACKAGE_URL "https://www.gnu.org/software/make/"
| #define PACKAGE "make"
| #define VERSION "4.4.1"
| #define HAVE_STDIO_H 1
| #define HAVE_STDLIB_H 1
| #define HAVE_STRING_H 1
| #define HAVE_INTTYPES_H 1
| #define HAVE_STDINT_H 1
| #define HAVE_STRINGS_H 1
| #define HAVE_SYS_STAT_H 1
| #define HAVE_SYS_TYPES_H 1
| #define HAVE_UNISTD_H 1
| #define HAVE_WCHAR_H 1
| /* end confdefs.h.  */
| #include <stddef.h>
| #ifdef HAVE_STDIO_H
| # include <stdio.h>
| #endif
| #ifdef HAVE_STDLIB_H
| # include <stdlib.h>
| #endif
| #ifdef HAVE_STRING_H
| # include <string.h>
| #endif
| #ifdef HAVE_INTTYPES_H
| # include <inttypes.h>
| #endif
| #ifdef HAVE_STDINT_H
| # include <stdint.h>
| #endif
| #ifdef HAVE_STRINGS_H
| # include <strings.h>
| #endif
| #ifdef HAVE_SYS_TYPES_H
| # include <sys/types.h>
| #endif
| #ifdef HAVE_SYS_STAT_H
| # include <sys/stat.h>
| #endif
| #ifdef HAVE_UNISTD_H
| # include <unistd.h>
| #endif
| #include <minix/config.h>
configure:5072: result: no
configure:5072: checking for sys/param.h
configure:5072: x86_64-unknown-linux-musl-gcc -c -g -O2 -D__GNU_LIBRARY__=1 -Dgetenv=getenv -I/home/samson/Projects/clojv3/./store/musl-1.2.6/include conftest.c >&5
configure:5072: $? = 0
configure:5072: result: yes
configure:5072: checking for stdbool.h
configure:5072: x86_64-unknown-linux-musl-gcc -c -g -O2 -D__GNU_LIBRARY__=1 -Dgetenv=getenv -I/home/samson/Projects/clojv3/./store/musl-1.2.6/include conftest.c >&5
configure:5072: $? = 0
configure:5072: result: yes
configure:5072: checking for vfork.h
configure:5072: x86_64-unknown-linux-musl-gcc -c -g -O2 -D__GNU_LIBRARY__=1 -Dgetenv=getenv -I/home/samson/Projects/clojv3/./store/musl-1.2.6/include conftest.c >&5
conftest.c:51:10: fatal error: vfork.h: No such file or directory
   51 | #include <vfork.h>
      |          ^~~~~~~~~
compilation terminated.
configure:5072: $? = 1
configure: failed program was:
| /* confdefs.h */
| #define PACKAGE_NAME "GNU Make"
| #define PACKAGE_TARNAME "make"
| #define PACKAGE_VERSION "4.4.1"
| #define PACKAGE_STRING "GNU Make 4.4.1"
| #define PACKAGE_BUGREPORT "bug-make@gnu.org"
| #define PACKAGE_URL "https://www.gnu.org/software/make/"
| #define PACKAGE "make"
| #define VERSION "4.4.1"
| #define HAVE_STDIO_H 1
| #define HAVE_STDLIB_H 1
| #define HAVE_STRING_H 1
| #define HAVE_INTTYPES_H 1
| #define HAVE_STDINT_H 1
| #define HAVE_STRINGS_H 1
| #define HAVE_SYS_STAT_H 1
| #define HAVE_SYS_TYPES_H 1
| #define HAVE_UNISTD_H 1
| #define HAVE_WCHAR_H 1
| #define HAVE_SYS_PARAM_H 1
| #define HAVE_STDBOOL_H 1
| /* end confdefs.h.  */
| #include <stddef.h>
| #ifdef HAVE_STDIO_H
| # include <stdio.h>
| #endif
| #ifdef HAVE_STDLIB_H
| # include <stdlib.h>
| #endif
| #ifdef HAVE_STRING_H
| # include <string.h>
| #endif
| #ifdef HAVE_INTTYPES_H
| # include <inttypes.h>
| #endif
| #ifdef HAVE_STDINT_H
| # include <stdint.h>
| #endif
| #ifdef HAVE_STRINGS_H
| # include <strings.h>
| #endif
| #ifdef HAVE_SYS_TYPES_H
| # include <sys/types.h>
| #endif
| #ifdef HAVE_SYS_STAT_H
| # include <sys/stat.h>
| #endif
| #ifdef HAVE_UNISTD_H
| # include <unistd.h>
| #endif
| #include <vfork.h>
configure:5072: result: no
configure:5103: checking whether it is safe to define __EXTENSIONS__
configure:5122: x86_64-unknown-linux-musl-gcc -c -g -O2 -D__GNU_LIBRARY__=1 -Dgetenv=getenv -I/home/samson/Projects/clojv3/./store/musl-1.2.6/include conftest.c >&5
configure:5122: $? = 0
configure:5130: result: yes
configure:5133: checking whether _XOPEN_SOURCE should be defined
configure:5155: x86_64-unknown-linux-musl-gcc -c -g -O2 -D__GNU_LIBRARY__=1 -Dgetenv=getenv -I/home/samson/Projects/clojv3/./store/musl-1.2.6/include conftest.c >&5
configure:5155: $? = 0
configure:5182: result: no
configure:5293: checking for gcc
configure:5325: result: x86_64-unknown-linux-musl-gcc
configure:5678: checking for C compiler version
configure:5687: x86_64-unknown-linux-musl-gcc --version >&5
x86_64-unknown-linux-musl-gcc (GCC) 15.3.0
Copyright (C) 2025 Free Software Foundation, Inc.
This is free software; see the source for copying conditions.  There is NO
warranty; not even for MERCHANTABILITY or FITNESS FOR A PARTICULAR PURPOSE.

configure:5698: $? = 0
configure:5687: x86_64-unknown-linux-musl-gcc -v >&5
Using built-in specs.
COLLECT_GCC=/nix/store/yzx98qlav3kgw6a9pkjpz13p1v280vyk-x86_64-unknown-linux-musl-gcc-15.3.0/bin/x86_64-unknown-linux-musl-gcc
COLLECT_LTO_WRAPPER=/nix/store/yzx98qlav3kgw6a9pkjpz13p1v280vyk-x86_64-unknown-linux-musl-gcc-15.3.0/libexec/gcc/x86_64-unknown-linux-musl/15.3.0/lto-wrapper
Target: x86_64-unknown-linux-musl
Configured with: ../gcc-15.3.0/configure --prefix=/nix/store/eeeeeeeeeeeeeeeeeeeeeeeeeeeeeeee-x86_64-unknown-linux-musl-gcc-15.3.0 --with-gmp-include=/nix/store/eeeeeeeeeeeeeeeeeeeeeeeeeeeeeeee-gmp-with-cxx-6.3.0-dev/include --with-gmp-lib=/nix/store/eeeeeeeeeeeeeeeeeeeeeeeeeeeeeeee-gmp-with-cxx-6.3.0/lib --with-mpfr-include=/nix/store/eeeeeeeeeeeeeeeeeeeeeeeeeeeeeeee-mpfr-4.2.2-dev/include --with-mpfr-lib=/nix/store/eeeeeeeeeeeeeeeeeeeeeeeeeeeeeeee-mpfr-4.2.2/lib --with-mpc=/nix/store/eeeeeeeeeeeeeeeeeeeeeeeeeeeeeeee-libmpc-1.4.1 --with-native-system-header-dir=/nix/store/eeeeeeeeeeeeeeeeeeeeeeeeeeeeeeee-musl-x86_64-unknown-linux-musl-1.2.6-dev/include --with-build-sysroot=/ --with-gxx-include-dir=/nix/store/eeeeeeeeeeeeeeeeeeeeeeeeeeeeeeee-x86_64-unknown-linux-musl-gcc-15.3.0/include/c++/15.3.0/ --program-prefix=x86_64-unknown-linux-musl- --enable-lto --disable-libstdcxx-pch --without-included-gettext --with-system-zlib --enable-static --enable-languages=c,c++ --disable-multilib --enable-plugin --with-isl=/nix/store/eeeeeeeeeeeeeeeeeeeeeeeeeeeeeeee-isl-0.20 --with-as=/nix/store/eeeeeeeeeeeeeeeeeeeeeeeeeeeeeeee-x86_64-unknown-linux-musl-binutils-wrapper-2.46/bin/x86_64-unknown-linux-musl-as --with-headers=/nix/store/eeeeeeeeeeeeeeeeeeeeeeeeeeeeeeee-musl-x86_64-unknown-linux-musl-1.2.6-dev/include --enable-__cxa_atexit --enable-long-long --enable-threads=posix --enable-nls --disable-libsanitizer --disable-bootstrap --disable-libmpx --enable-default-pie --build=x86_64-unknown-linux-gnu --host=x86_64-unknown-linux-gnu --target=x86_64-unknown-linux-musl
Thread model: posix
Supported LTO compression algorithms: zlib
gcc version 15.3.0 (GCC) 
configure:5698: $? = 0
configure:5687: x86_64-unknown-linux-musl-gcc -V >&5
x86_64-unknown-linux-musl-gcc: error: unrecognized command-line option '-V'
x86_64-unknown-linux-musl-gcc: fatal error: no input files
compilation terminated.
configure:5698: $? = 1
configure:5687: x86_64-unknown-linux-musl-gcc -qversion >&5
x86_64-unknown-linux-musl-gcc: error: unrecognized command-line option '-qversion'; did you mean '--version'?
x86_64-unknown-linux-musl-gcc: fatal error: no input files
compilation terminated.
configure:5698: $? = 1
configure:5687: x86_64-unknown-linux-musl-gcc -version >&5
x86_64-unknown-linux-musl-gcc: error: unrecognized command-line option '-version'
x86_64-unknown-linux-musl-gcc: fatal error: no input files
compilation terminated.
configure:5698: $? = 1
configure:5702: checking whether the compiler supports GNU C
configure:5732: result: yes
configure:5743: checking whether x86_64-unknown-linux-musl-gcc accepts -g
configure:5808: result: yes
configure:5828: checking for x86_64-unknown-linux-musl-gcc option to enable C11 features
configure:5861: result: none needed
configure:5977: checking whether x86_64-unknown-linux-musl-gcc understands -c and -o together
configure:6015: result: yes
configure:6033: checking whether the compiler is clang
configure:6064: result: no
configure:6068: checking for compiler option needed when checking for declarations
configure:6101: result: none
configure:6112: checking dependency style of x86_64-unknown-linux-musl-gcc
configure:6224: result: gcc3
configure:6367: checking for C++ compiler version
configure:6376: g++ --version >&5
g++ (GCC) 15.3.0
Copyright (C) 2025 Free Software Foundation, Inc.
This is free software; see the source for copying conditions.  There is NO
warranty; not even for MERCHANTABILITY or FITNESS FOR A PARTICULAR PURPOSE.

configure:6387: $? = 0
configure:6376: g++ -v >&5
Using built-in specs.
COLLECT_GCC=/nix/store/8sjgd7q3mdks1rb7rbcv0sallhvrhai5-gcc-15.3.0/bin/g++
COLLECT_LTO_WRAPPER=/nix/store/8sjgd7q3mdks1rb7rbcv0sallhvrhai5-gcc-15.3.0/libexec/gcc/x86_64-unknown-linux-gnu/15.3.0/lto-wrapper
Target: x86_64-unknown-linux-gnu
Configured with: ../gcc-15.3.0/configure --prefix=/nix/store/eeeeeeeeeeeeeeeeeeeeeeeeeeeeeeee-gcc-15.3.0 --with-gmp-include=/nix/store/eeeeeeeeeeeeeeeeeeeeeeeeeeeeeeee-gmp-6.3.0-dev/include --with-gmp-lib=/nix/store/eeeeeeeeeeeeeeeeeeeeeeeeeeeeeeee-gmp-6.3.0/lib --with-mpfr-include=/nix/store/eeeeeeeeeeeeeeeeeeeeeeeeeeeeeeee-mpfr-4.2.2-dev/include --with-mpfr-lib=/nix/store/eeeeeeeeeeeeeeeeeeeeeeeeeeeeeeee-mpfr-4.2.2/lib --with-mpc=/nix/store/eeeeeeeeeeeeeeeeeeeeeeeeeeeeeeee-libmpc-1.4.1 --with-native-system-header-dir=/nix/store/eeeeeeeeeeeeeeeeeeeeeeeeeeeeeeee-glibc-2.42-84-dev/include --with-build-sysroot=/ --with-gxx-include-dir=/nix/store/eeeeeeeeeeeeeeeeeeeeeeeeeeeeeeee-gcc-15.3.0/include/c++/15.3.0/ --program-prefix= --enable-lto --disable-libstdcxx-pch --without-included-gettext --with-system-zlib --enable-static --enable-languages=c,c++ --disable-multilib --enable-plugin --disable-libcc1 --with-isl=/nix/store/eeeeeeeeeeeeeeeeeeeeeeeeeeeeeeee-isl-0.20 --disable-bootstrap --enable-default-pie --build=x86_64-unknown-linux-gnu --host=x86_64-unknown-linux-gnu --target=x86_64-unknown-linux-gnu
Thread model: posix
Supported LTO compression algorithms: zlib
gcc version 15.3.0 (GCC) 
configure:6387: $? = 0
configure:6376: g++ -V >&5
g++: error: unrecognized command-line option '-V'
g++: fatal error: no input files
compilation terminated.
configure:6387: $? = 1
configure:6376: g++ -qversion >&5
g++: error: unrecognized command-line option '-qversion'; did you mean '--version'?
g++: fatal error: no input files
compilation terminated.
configure:6387: $? = 1
configure:6391: checking whether the compiler supports GNU C++
configure:6411: g++ -c  -D__GNU_LIBRARY__=1 -Dgetenv=getenv -I/home/samson/Projects/clojv3/./store/musl-1.2.6/include conftest.cpp >&5
configure:6411: $? = 0
configure:6421: result: yes
configure:6432: checking whether g++ accepts -g
configure:6453: g++ -c -g -D__GNU_LIBRARY__=1 -Dgetenv=getenv -I/home/samson/Projects/clojv3/./store/musl-1.2.6/include conftest.cpp >&5
configure:6453: $? = 0
configure:6497: result: yes
configure:6517: checking for g++ option to enable C++11 features
configure:6532: g++  -c -g -O2 -D__GNU_LIBRARY__=1 -Dgetenv=getenv -I/home/samson/Projects/clojv3/./store/musl-1.2.6/include conftest.cpp >&5
In file included from /nix/store/8sjgd7q3mdks1rb7rbcv0sallhvrhai5-gcc-15.3.0/include/c++/15.3.0/x86_64-unknown-linux-gnu/bits/c++config.h:727,
                 from /nix/store/8sjgd7q3mdks1rb7rbcv0sallhvrhai5-gcc-15.3.0/include/c++/15.3.0/cstdlib:46,
                 from conftest.cpp:49:
/nix/store/8sjgd7q3mdks1rb7rbcv0sallhvrhai5-gcc-15.3.0/include/c++/15.3.0/x86_64-unknown-linux-gnu/bits/os_defines.h:44:19: error: missing binary operator before token '('
   44 | #if __GLIBC_PREREQ(2,15) && defined(_GNU_SOURCE)
      |                   ^
/nix/store/8sjgd7q3mdks1rb7rbcv0sallhvrhai5-gcc-15.3.0/include/c++/15.3.0/x86_64-unknown-linux-gnu/bits/os_defines.h:55:19: error: missing binary operator before token '('
   55 | #if __GLIBC_PREREQ(2, 26) \
      |                   ^
/nix/store/8sjgd7q3mdks1rb7rbcv0sallhvrhai5-gcc-15.3.0/include/c++/15.3.0/x86_64-unknown-linux-gnu/bits/os_defines.h:71:20: error: missing binary operator before token '('
   71 | # if __GLIBC_PREREQ(2, 27)
      |                    ^
/nix/store/8sjgd7q3mdks1rb7rbcv0sallhvrhai5-gcc-15.3.0/include/c++/15.3.0/x86_64-unknown-linux-gnu/bits/os_defines.h:83:20: error: missing binary operator before token '('
   83 | # if __GLIBC_PREREQ(2, 34)
      |                    ^
In file included from /nix/store/lbjwxax9n0457lgd83rqwpd1l9lgfl7r-glibc-2.42-84-dev/include/stdlib.h:26,
                 from /nix/store/8sjgd7q3mdks1rb7rbcv0sallhvrhai5-gcc-15.3.0/include/c++/15.3.0/cstdlib:83:
/nix/store/lbjwxax9n0457lgd83rqwpd1l9lgfl7r-glibc-2.42-84-dev/include/bits/libc-header-start.h:74:17: error: missing binary operator before token '('
   74 | #if __GLIBC_USE (IEC_60559_BFP_EXT) || __GLIBC_USE (ISOC23)
      |                 ^
/nix/store/lbjwxax9n0457lgd83rqwpd1l9lgfl7r-glibc-2.42-84-dev/include/bits/libc-header-start.h:80:17: error: missing binary operator before token '('
   80 | #if __GLIBC_USE (IEC_60559_BFP_EXT) || defined __STDC_WANT_IEC_60559_EXT__
      |                 ^
/nix/store/lbjwxax9n0457lgd83rqwpd1l9lgfl7r-glibc-2.42-84-dev/include/bits/libc-header-start.h:97:17: error: missing binary operator before token '('
   97 | #if __GLIBC_USE (IEC_60559_FUNCS_EXT) || __GLIBC_USE (ISOC23)
      |                 ^
In file included from /nix/store/lbjwxax9n0457lgd83rqwpd1l9lgfl7r-glibc-2.42-84-dev/include/stdlib.h:56:
/nix/store/lbjwxax9n0457lgd83rqwpd1l9lgfl7r-glibc-2.42-84-dev/include/bits/floatn.h:32:22: error: missing binary operator before token '('
   32 |      ? __GNUC_PREREQ (4, 3)                                             \
      |                      ^
In file included from /nix/store/lbjwxax9n0457lgd83rqwpd1l9lgfl7r-glibc-2.42-84-dev/include/bits/floatn.h:131:
/nix/store/lbjwxax9n0457lgd83rqwpd1l9lgfl7r-glibc-2.42-84-dev/include/bits/floatn-common.h:69:19: error: missing binary operator before token '('
   69 | #if __GNUC_PREREQ (7, 0) && !defined __cplusplus
      |                   ^
/nix/store/lbjwxax9n0457lgd83rqwpd1l9lgfl7r-glibc-2.42-84-dev/include/bits/floatn-common.h:90:22: error: missing binary operator before token '('
   90 | #  if !__GNUC_PREREQ (7, 0) || (defined __cplusplus && !__GNUC_PREREQ (13, 0))
      |                      ^
/nix/store/lbjwxax9n0457lgd83rqwpd1l9lgfl7r-glibc-2.42-84-dev/include/bits/floatn-common.h:98:22: error: missing binary operator before token '('
   98 | #  if !__GNUC_PREREQ (7, 0) || (defined __cplusplus && !__GNUC_PREREQ (13, 0))
      |                      ^
/nix/store/lbjwxax9n0457lgd83rqwpd1l9lgfl7r-glibc-2.42-84-dev/include/bits/floatn-common.h:110:22: error: missing binary operator before token '('
  110 | #  if !__GNUC_PREREQ (7, 0) || (defined __cplusplus && !__GNUC_PREREQ (13, 0))
      |                      ^
/nix/store/lbjwxax9n0457lgd83rqwpd1l9lgfl7r-glibc-2.42-84-dev/include/bits/floatn-common.h:118:22: error: missing binary operator before token '('
  118 | #  if !__GNUC_PREREQ (7, 0) || (defined __cplusplus && !__GNUC_PREREQ (13, 0))
      |                      ^
/nix/store/lbjwxax9n0457lgd83rqwpd1l9lgfl7r-glibc-2.42-84-dev/include/bits/floatn-common.h:148:22: error: missing binary operator before token '('
  148 | #  if !__GNUC_PREREQ (7, 0) || (defined __cplusplus && !__GNUC_PREREQ (13, 0))
      |                      ^
/nix/store/lbjwxax9n0457lgd83rqwpd1l9lgfl7r-glibc-2.42-84-dev/include/bits/floatn-common.h:156:22: error: missing binary operator before token '('
  156 | #  if !__GNUC_PREREQ (7, 0) || (defined __cplusplus && !__GNUC_PREREQ (13, 0))
      |                      ^
/nix/store/lbjwxax9n0457lgd83rqwpd1l9lgfl7r-glibc-2.42-84-dev/include/bits/floatn-common.h:168:22: error: missing binary operator before token '('
  168 | #  if !__GNUC_PREREQ (7, 0) || (defined __cplusplus && !__GNUC_PREREQ (13, 0))
      |                      ^
/nix/store/lbjwxax9n0457lgd83rqwpd1l9lgfl7r-glibc-2.42-84-dev/include/bits/floatn-common.h:176:22: error: missing binary operator before token '('
  176 | #  if !__GNUC_PREREQ (7, 0) || (defined __cplusplus && !__GNUC_PREREQ (13, 0))
      |                      ^
/nix/store/lbjwxax9n0457lgd83rqwpd1l9lgfl7r-glibc-2.42-84-dev/include/bits/floatn-common.h:213:22: error: missing binary operator before token '('
  213 | #  if !__GNUC_PREREQ (7, 0) || (defined __cplusplus && !__GNUC_PREREQ (13, 0))
      |                      ^
/nix/store/lbjwxax9n0457lgd83rqwpd1l9lgfl7r-glibc-2.42-84-dev/include/bits/floatn-common.h:217:22: error: missing binary operator before token '('
  217 | #  if !__GNUC_PREREQ (7, 0)
      |                      ^
/nix/store/lbjwxax9n0457lgd83rqwpd1l9lgfl7r-glibc-2.42-84-dev/include/bits/floatn-common.h:250:23: error: missing binary operator before token '('
  250 | #   if !__GNUC_PREREQ (7, 0) || (defined __cplusplus && !__GNUC_PREREQ (13, 0))
      |                       ^
/nix/store/lbjwxax9n0457lgd83rqwpd1l9lgfl7r-glibc-2.42-84-dev/include/bits/floatn-common.h:254:23: error: missing binary operator before token '('
  254 | #   if !__GNUC_PREREQ (7, 0)
      |                       ^
/nix/store/lbjwxax9n0457lgd83rqwpd1l9lgfl7r-glibc-2.42-84-dev/include/bits/floatn-common.h:267:22: error: missing binary operator before token '('
  267 | #  if !__GNUC_PREREQ (7, 0) || (defined __cplusplus && !__GNUC_PREREQ (13, 0))
      |                      ^
/nix/store/lbjwxax9n0457lgd83rqwpd1l9lgfl7r-glibc-2.42-84-dev/include/bits/floatn-common.h:271:22: error: missing binary operator before token '('
  271 | #  if !__GNUC_PREREQ (7, 0)
      |                      ^
/nix/store/lbjwxax9n0457lgd83rqwpd1l9lgfl7r-glibc-2.42-84-dev/include/bits/floatn-common.h:284:23: error: missing binary operator before token '('
  284 | #   if !__GNUC_PREREQ (7, 0) || (defined __cplusplus && !__GNUC_PREREQ (13, 0))
      |                       ^
/nix/store/lbjwxax9n0457lgd83rqwpd1l9lgfl7r-glibc-2.42-84-dev/include/bits/floatn-common.h:288:23: error: missing binary operator before token '('
  288 | #   if !__GNUC_PREREQ (7, 0)
      |                       ^
/nix/store/lbjwxax9n0457lgd83rqwpd1l9lgfl7r-glibc-2.42-84-dev/include/stdlib.h:134:35: error: missing binary operator before token '('
  134 | #if __HAVE_FLOAT16 && __GLIBC_USE (IEC_60559_TYPES_EXT)
      |                                   ^
/nix/store/lbjwxax9n0457lgd83rqwpd1l9lgfl7r-glibc-2.42-84-dev/include/stdlib.h:140:35: error: missing binary operator before token '('
  140 | #if __HAVE_FLOAT32 && __GLIBC_USE (IEC_60559_TYPES_EXT)
      |                                   ^
/nix/store/lbjwxax9n0457lgd83rqwpd1l9lgfl7r-glibc-2.42-84-dev/include/stdlib.h:146:35: error: missing binary operator before token '('
  146 | #if __HAVE_FLOAT64 && __GLIBC_USE (IEC_60559_TYPES_EXT)
      |                                   ^
/nix/store/lbjwxax9n0457lgd83rqwpd1l9lgfl7r-glibc-2.42-84-dev/include/stdlib.h:152:36: error: missing binary operator before token '('
  152 | #if __HAVE_FLOAT128 && __GLIBC_USE (IEC_60559_TYPES_EXT)
      |                                    ^
/nix/store/lbjwxax9n0457lgd83rqwpd1l9lgfl7r-glibc-2.42-84-dev/include/stdlib.h:158:36: error: missing binary operator before token '('
  158 | #if __HAVE_FLOAT32X && __GLIBC_USE (IEC_60559_TYPES_EXT)
      |                                    ^
/nix/store/lbjwxax9n0457lgd83rqwpd1l9lgfl7r-glibc-2.42-84-dev/include/stdlib.h:164:36: error: missing binary operator before token '('
  164 | #if __HAVE_FLOAT64X && __GLIBC_USE (IEC_60559_TYPES_EXT)
      |                                    ^
/nix/store/lbjwxax9n0457lgd83rqwpd1l9lgfl7r-glibc-2.42-84-dev/include/stdlib.h:170:37: error: missing binary operator before token '('
  170 | #if __HAVE_FLOAT128X && __GLIBC_USE (IEC_60559_TYPES_EXT)
      |                                     ^
/nix/store/lbjwxax9n0457lgd83rqwpd1l9lgfl7r-glibc-2.42-84-dev/include/stdlib.h:213:17: error: missing binary operator before token '('
  213 | #if __GLIBC_USE (C23_STRTOL)
      |                 ^
/nix/store/lbjwxax9n0457lgd83rqwpd1l9lgfl7r-glibc-2.42-84-dev/include/stdlib.h:277:17: error: missing binary operator before token '('
  277 | #if __GLIBC_USE (IEC_60559_BFP_EXT_C23)
      |                 ^
/nix/store/lbjwxax9n0457lgd83rqwpd1l9lgfl7r-glibc-2.42-84-dev/include/stdlib.h:291:35: error: missing binary operator before token '('
  291 | #if __HAVE_FLOAT16 && __GLIBC_USE (IEC_60559_TYPES_EXT)
      |                                   ^
/nix/store/lbjwxax9n0457lgd83rqwpd1l9lgfl7r-glibc-2.42-84-dev/include/stdlib.h:297:35: error: missing binary operator before token '('
  297 | #if __HAVE_FLOAT32 && __GLIBC_USE (IEC_60559_TYPES_EXT)
      |                                   ^
/nix/store/lbjwxax9n0457lgd83rqwpd1l9lgfl7r-glibc-2.42-84-dev/include/stdlib.h:303:35: error: missing binary operator before token '('
  303 | #if __HAVE_FLOAT64 && __GLIBC_USE (IEC_60559_TYPES_EXT)
      |                                   ^
/nix/store/lbjwxax9n0457lgd83rqwpd1l9lgfl7r-glibc-2.42-84-dev/include/stdlib.h:309:36: error: missing binary operator before token '('
  309 | #if __HAVE_FLOAT128 && __GLIBC_USE (IEC_60559_TYPES_EXT)
      |                                    ^
/nix/store/lbjwxax9n0457lgd83rqwpd1l9lgfl7r-glibc-2.42-84-dev/include/stdlib.h:315:36: error: missing binary operator before token '('
  315 | #if __HAVE_FLOAT32X && __GLIBC_USE (IEC_60559_TYPES_EXT)
      |                                    ^
/nix/store/lbjwxax9n0457lgd83rqwpd1l9lgfl7r-glibc-2.42-84-dev/include/stdlib.h:321:36: error: missing binary operator before token '('
  321 | #if __HAVE_FLOAT64X && __GLIBC_USE (IEC_60559_TYPES_EXT)
      |                                    ^
/nix/store/lbjwxax9n0457lgd83rqwpd1l9lgfl7r-glibc-2.42-84-dev/include/stdlib.h:327:37: error: missing binary operator before token '('
  327 | #if __HAVE_FLOAT128X && __GLIBC_USE (IEC_60559_TYPES_EXT)
      |                                     ^
/nix/store/lbjwxax9n0457lgd83rqwpd1l9lgfl7r-glibc-2.42-84-dev/include/stdlib.h:988:17: error: missing binary operator before token '('
  988 | #if __GLIBC_USE (ISOC2Y)
      |                 ^
/nix/store/lbjwxax9n0457lgd83rqwpd1l9lgfl7r-glibc-2.42-84-dev/include/stdlib.h:34:1: error: '__BEGIN_DECLS' does not name a type
   34 | __BEGIN_DECLS
      | ^~~~~~~~~~~~~
/nix/store/lbjwxax9n0457lgd83rqwpd1l9lgfl7r-glibc-2.42-84-dev/include/stdlib.h:63:5: error: 'div_t' does not name a type
   63 |   } div_t;
      |     ^~~~~
/nix/store/lbjwxax9n0457lgd83rqwpd1l9lgfl7r-glibc-2.42-84-dev/include/stdlib.h:98:45: error: expected initializer before '__THROW'
   98 | extern size_t __ctype_get_mb_cur_max (void) __THROW __wur;
      |                                             ^~~~~~~
/nix/store/lbjwxax9n0457lgd83rqwpd1l9lgfl7r-glibc-2.42-84-dev/include/stdlib.h:103:6: error: expected initializer before '__THROW'
  103 |      __THROW __attribute_pure__ __nonnull ((1)) __wur;
      |      ^~~~~~~
/nix/store/lbjwxax9n0457lgd83rqwpd1l9lgfl7r-glibc-2.42-84-dev/include/stdlib.h:106:6: error: expected initializer before '__THROW'
  106 |      __THROW __attribute_pure__ __nonnull ((1)) __wur;
      |      ^~~~~~~
/nix/store/lbjwxax9n0457lgd83rqwpd1l9lgfl7r-glibc-2.42-84-dev/include/stdlib.h:109:6: error: expected initializer before '__THROW'
  109 |      __THROW __attribute_pure__ __nonnull ((1)) __wur;
      |      ^~~~~~~
/nix/store/lbjwxax9n0457lgd83rqwpd1l9lgfl7r-glibc-2.42-84-dev/include/stdlib.h:120:6: error: expected initializer before '__THROW'
  120 |      __THROW __nonnull ((1));
      |      ^~~~~~~
/nix/store/lbjwxax9n0457lgd83rqwpd1l9lgfl7r-glibc-2.42-84-dev/include/stdlib.h:179:6: error: expected initializer before '__THROW'
  179 |      __THROW __nonnull ((1));
      |      ^~~~~~~
/nix/store/lbjwxax9n0457lgd83rqwpd1l9lgfl7r-glibc-2.42-84-dev/include/stdlib.h:183:6: error: expected initializer before '__THROW'
  183 |      __THROW __nonnull ((1));
      |      ^~~~~~~
/nix/store/lbjwxax9n0457lgd83rqwpd1l9lgfl7r-glibc-2.42-84-dev/include/stdlib.h:573:24: error: expected initializer before '__THROW'
  573 | extern int rand (void) __THROW;
      |                        ^~~~~~~
/nix/store/lbjwxax9n0457lgd83rqwpd1l9lgfl7r-glibc-2.42-84-dev/include/stdlib.h:575:41: error: expected initializer before '__THROW'
  575 | extern void srand (unsigned int __seed) __THROW;
      |                                         ^~~~~~~
/nix/store/lbjwxax9n0457lgd83rqwpd1l9lgfl7r-glibc-2.42-84-dev/include/stdlib.h:672:37: error: expected initializer before '__THROW'
  672 | extern void *malloc (size_t __size) __THROW __attribute_malloc__
      |                                     ^~~~~~~
/nix/store/lbjwxax9n0457lgd83rqwpd1l9lgfl7r-glibc-2.42-84-dev/include/stdlib.h:676:6: error: expected initializer before '__THROW'
  676 |      __THROW __attribute_malloc__ __attribute_alloc_size__ ((1, 2)) __wur;
      |      ^~~~~~~
/nix/store/lbjwxax9n0457lgd83rqwpd1l9lgfl7r-glibc-2.42-84-dev/include/stdlib.h:684:6: error: expected initializer before '__THROW'
  684 |      __THROW __attribute_warn_unused_result__ __attribute_alloc_size__ ((2));
      |      ^~~~~~~
/nix/store/lbjwxax9n0457lgd83rqwpd1l9lgfl7r-glibc-2.42-84-dev/include/stdlib.h:687:32: error: expected initializer before '__THROW'
  687 | extern void free (void *__ptr) __THROW;
      |                                ^~~~~~~
/nix/store/lbjwxax9n0457lgd83rqwpd1l9lgfl7r-glibc-2.42-84-dev/include/stdlib.h:730:26: error: expected initializer before '__THROW'
  730 | extern void abort (void) __THROW __attribute__ ((__noreturn__)) __COLD;
      |                          ^~~~~~~
/nix/store/lbjwxax9n0457lgd83rqwpd1l9lgfl7r-glibc-2.42-84-dev/include/stdlib.h:734:43: error: expected initializer before '__THROW'
  734 | extern int atexit (void (*__func) (void)) __THROW __nonnull ((1));
      |                                           ^~~~~~~
/nix/store/lbjwxax9n0457lgd83rqwpd1l9lgfl7r-glibc-2.42-84-dev/include/stdlib.h:756:33: error: expected initializer before '__THROW'
  756 | extern void exit (int __status) __THROW __attribute__ ((__noreturn__));
      |                                 ^~~~~~~
/nix/store/lbjwxax9n0457lgd83rqwpd1l9lgfl7r-glibc-2.42-84-dev/include/stdlib.h:773:42: error: expected initializer before '__THROW'
  773 | extern char *getenv (const char *__name) __THROW __nonnull ((1)) __wur;
      |                                          ^~~~~~~
/nix/store/lbjwxax9n0457lgd83rqwpd1l9lgfl7r-glibc-2.42-84-dev/include/stdlib.h:923:43: error: expected initializer before '__wur'
  923 | extern int system (const char *__command) __wur;
      |                                           ^~~~~
/nix/store/lbjwxax9n0457lgd83rqwpd1l9lgfl7r-glibc-2.42-84-dev/include/stdlib.h:962:6: error: expected initializer before '__nonnull'
  962 |      __nonnull ((1, 2, 5)) __wur;
      |      ^~~~~~~~~
/nix/store/lbjwxax9n0457lgd83rqwpd1l9lgfl7r-glibc-2.42-84-dev/include/stdlib.h:971:44: error: expected initializer before '__nonnull'
  971 |                    __compar_fn_t __compar) __nonnull ((1, 4));
      |                                            ^~~~~~~~~
/nix/store/lbjwxax9n0457lgd83rqwpd1l9lgfl7r-glibc-2.42-84-dev/include/stdlib.h:980:26: error: expected initializer before '__THROW'
  980 | extern int abs (int __x) __THROW __attribute__ ((__const__)) __wur;
      |                          ^~~~~~~
/nix/store/lbjwxax9n0457lgd83rqwpd1l9lgfl7r-glibc-2.42-84-dev/include/stdlib.h:981:37: error: expected initializer before '__THROW'
  981 | extern long int labs (long int __x) __THROW __attribute__ ((__const__)) __wur;
      |                                     ^~~~~~~
/nix/store/lbjwxax9n0457lgd83rqwpd1l9lgfl7r-glibc-2.42-84-dev/include/stdlib.h:998:8: error: 'div_t' does not name a type; did you mean 'ldiv_t'?
  998 | extern div_t div (int __numer, int __denom)
      |        ^~~~~
      |        ldiv_t
/nix/store/lbjwxax9n0457lgd83rqwpd1l9lgfl7r-glibc-2.42-84-dev/include/stdlib.h:1001:6: error: expected initializer before '__THROW'
 1001 |      __THROW __attribute__ ((__const__)) __wur;
      |      ^~~~~~~
/nix/store/lbjwxax9n0457lgd83rqwpd1l9lgfl7r-glibc-2.42-84-dev/include/stdlib.h:1068:48: error: expected initializer before '__THROW'
 1068 | extern int mblen (const char *__s, size_t __n) __THROW;
      |                                                ^~~~~~~
/nix/store/lbjwxax9n0457lgd83rqwpd1l9lgfl7r-glibc-2.42-84-dev/include/stdlib.h:1072:60: error: expected initializer before '__THROW'
 1072 |                    const char *__restrict __s, size_t __n) __THROW;
      |                                                            ^~~~~~~
/nix/store/lbjwxax9n0457lgd83rqwpd1l9lgfl7r-glibc-2.42-84-dev/include/stdlib.h:1075:48: error: expected initializer before '__THROW'
 1075 | extern int wctomb (char *__s, wchar_t __wchar) __THROW;
      |                                                ^~~~~~~
/nix/store/lbjwxax9n0457lgd83rqwpd1l9lgfl7r-glibc-2.42-84-dev/include/stdlib.h:1080:65: error: expected initializer before '__THROW'
 1080 |                         const char *__restrict __s, size_t __n) __THROW
      |                                                                 ^~~~~~~
/nix/store/lbjwxax9n0457lgd83rqwpd1l9lgfl7r-glibc-2.42-84-dev/include/stdlib.h:1085:6: error: expected initializer before '__THROW'
 1085 |      __THROW
      |      ^~~~~~~
/nix/store/lbjwxax9n0457lgd83rqwpd1l9lgfl7r-glibc-2.42-84-dev/include/stdlib.h:1173:1: error: '__END_DECLS' does not name a type
 1173 | __END_DECLS
      | ^~~~~~~~~~~
In file included from /nix/store/8sjgd7q3mdks1rb7rbcv0sallhvrhai5-gcc-15.3.0/include/c++/15.3.0/cstdlib:87:
/nix/store/8sjgd7q3mdks1rb7rbcv0sallhvrhai5-gcc-15.3.0/include/c++/15.3.0/bits/std_abs.h:58:11: error: 'abs' has not been declared in '::'
   58 |   using ::abs;
      |           ^~~
/nix/store/8sjgd7q3mdks1rb7rbcv0sallhvrhai5-gcc-15.3.0/include/c++/15.3.0/cstdlib:137:11: error: 'div_t' has not been declared in '::'
  137 |   using ::div_t;
      |           ^~~~~
/nix/store/8sjgd7q3mdks1rb7rbcv0sallhvrhai5-gcc-15.3.0/include/c++/15.3.0/cstdlib:140:11: error: 'abort' has not been declared in '::'
  140 |   using ::abort;
      |           ^~~~~
/nix/store/8sjgd7q3mdks1rb7rbcv0sallhvrhai5-gcc-15.3.0/include/c++/15.3.0/cstdlib:142:11: error: 'aligned_alloc' has not been declared in '::'
  142 |   using ::aligned_alloc;
      |           ^~~~~~~~~~~~~
/nix/store/8sjgd7q3mdks1rb7rbcv0sallhvrhai5-gcc-15.3.0/include/c++/15.3.0/cstdlib:144:11: error: 'atexit' has not been declared in '::'
  144 |   using ::atexit;
      |           ^~~~~~
/nix/store/8sjgd7q3mdks1rb7rbcv0sallhvrhai5-gcc-15.3.0/include/c++/15.3.0/cstdlib:147:11: error: 'at_quick_exit' has not been declared in '::'
  147 |   using ::at_quick_exit;
      |           ^~~~~~~~~~~~~
/nix/store/8sjgd7q3mdks1rb7rbcv0sallhvrhai5-gcc-15.3.0/include/c++/15.3.0/cstdlib:150:11: error: 'atof' has not been declared in '::'
  150 |   using ::atof;
      |           ^~~~
/nix/store/8sjgd7q3mdks1rb7rbcv0sallhvrhai5-gcc-15.3.0/include/c++/15.3.0/cstdlib:151:11: error: 'atoi' has not been declared in '::'
  151 |   using ::atoi;
      |           ^~~~
/nix/store/8sjgd7q3mdks1rb7rbcv0sallhvrhai5-gcc-15.3.0/include/c++/15.3.0/cstdlib:152:11: error: 'atol' has not been declared in '::'
  152 |   using ::atol;
      |           ^~~~
/nix/store/8sjgd7q3mdks1rb7rbcv0sallhvrhai5-gcc-15.3.0/include/c++/15.3.0/cstdlib:153:11: error: 'bsearch' has not been declared in '::'
  153 |   using ::bsearch;
      |           ^~~~~~~
/nix/store/8sjgd7q3mdks1rb7rbcv0sallhvrhai5-gcc-15.3.0/include/c++/15.3.0/cstdlib:154:11: error: 'calloc' has not been declared in '::'
  154 |   using ::calloc;
      |           ^~~~~~
/nix/store/8sjgd7q3mdks1rb7rbcv0sallhvrhai5-gcc-15.3.0/include/c++/15.3.0/cstdlib:155:11: error: 'div' has not been declared in '::'
  155 |   using ::div;
      |           ^~~
/nix/store/8sjgd7q3mdks1rb7rbcv0sallhvrhai5-gcc-15.3.0/include/c++/15.3.0/cstdlib:156:11: error: 'exit' has not been declared in '::'
  156 |   using ::exit;
      |           ^~~~
/nix/store/8sjgd7q3mdks1rb7rbcv0sallhvrhai5-gcc-15.3.0/include/c++/15.3.0/cstdlib:157:11: error: 'free' has not been declared in '::'
  157 |   using ::free;
      |           ^~~~
/nix/store/8sjgd7q3mdks1rb7rbcv0sallhvrhai5-gcc-15.3.0/include/c++/15.3.0/cstdlib:158:11: error: 'getenv' has not been declared in '::'
  158 |   using ::getenv;
      |           ^~~~~~
/nix/store/8sjgd7q3mdks1rb7rbcv0sallhvrhai5-gcc-15.3.0/include/c++/15.3.0/cstdlib:159:11: error: 'labs' has not been declared in '::'
  159 |   using ::labs;
      |           ^~~~
/nix/store/8sjgd7q3mdks1rb7rbcv0sallhvrhai5-gcc-15.3.0/include/c++/15.3.0/cstdlib:160:11: error: 'ldiv' has not been declared in '::'
  160 |   using ::ldiv;
      |           ^~~~
/nix/store/8sjgd7q3mdks1rb7rbcv0sallhvrhai5-gcc-15.3.0/include/c++/15.3.0/cstdlib:161:11: error: 'malloc' has not been declared in '::'
  161 |   using ::malloc;
      |           ^~~~~~
/nix/store/8sjgd7q3mdks1rb7rbcv0sallhvrhai5-gcc-15.3.0/include/c++/15.3.0/cstdlib:163:11: error: 'mblen' has not been declared in '::'
  163 |   using ::mblen;
      |           ^~~~~
/nix/store/8sjgd7q3mdks1rb7rbcv0sallhvrhai5-gcc-15.3.0/include/c++/15.3.0/cstdlib:164:11: error: 'mbstowcs' has not been declared in '::'
  164 |   using ::mbstowcs;
      |           ^~~~~~~~
/nix/store/8sjgd7q3mdks1rb7rbcv0sallhvrhai5-gcc-15.3.0/include/c++/15.3.0/cstdlib:165:11: error: 'mbtowc' has not been declared in '::'
  165 |   using ::mbtowc;
      |           ^~~~~~
/nix/store/8sjgd7q3mdks1rb7rbcv0sallhvrhai5-gcc-15.3.0/include/c++/15.3.0/cstdlib:167:11: error: 'qsort' has not been declared in '::'
  167 |   using ::qsort;
      |           ^~~~~
/nix/store/8sjgd7q3mdks1rb7rbcv0sallhvrhai5-gcc-15.3.0/include/c++/15.3.0/cstdlib:170:11: error: 'quick_exit' has not been declared in '::'
  170 |   using ::quick_exit;
      |           ^~~~~~~~~~
/nix/store/8sjgd7q3mdks1rb7rbcv0sallhvrhai5-gcc-15.3.0/include/c++/15.3.0/cstdlib:173:11: error: 'rand' has not been declared in '::'
  173 |   using ::rand;
      |           ^~~~
/nix/store/8sjgd7q3mdks1rb7rbcv0sallhvrhai5-gcc-15.3.0/include/c++/15.3.0/cstdlib:174:11: error: 'realloc' has not been declared in '::'
  174 |   using ::realloc;
      |           ^~~~~~~
/nix/store/8sjgd7q3mdks1rb7rbcv0sallhvrhai5-gcc-15.3.0/include/c++/15.3.0/cstdlib:175:11: error: 'srand' has not been declared in '::'
  175 |   using ::srand;
      |           ^~~~~
/nix/store/8sjgd7q3mdks1rb7rbcv0sallhvrhai5-gcc-15.3.0/include/c++/15.3.0/cstdlib:176:11: error: 'strtod' has not been declared in '::'
  176 |   using ::strtod;
      |           ^~~~~~
/nix/store/8sjgd7q3mdks1rb7rbcv0sallhvrhai5-gcc-15.3.0/include/c++/15.3.0/cstdlib:177:11: error: 'strtol' has not been declared in '::'
  177 |   using ::strtol;
      |           ^~~~~~
/nix/store/8sjgd7q3mdks1rb7rbcv0sallhvrhai5-gcc-15.3.0/include/c++/15.3.0/cstdlib:178:11: error: 'strtoul' has not been declared in '::'
  178 |   using ::strtoul;
      |           ^~~~~~~
/nix/store/8sjgd7q3mdks1rb7rbcv0sallhvrhai5-gcc-15.3.0/include/c++/15.3.0/cstdlib:179:11: error: 'system' has not been declared in '::'
  179 |   using ::system;
      |           ^~~~~~
/nix/store/8sjgd7q3mdks1rb7rbcv0sallhvrhai5-gcc-15.3.0/include/c++/15.3.0/cstdlib:181:11: error: 'wcstombs' has not been declared in '::'
  181 |   using ::wcstombs;
      |           ^~~~~~~~
/nix/store/8sjgd7q3mdks1rb7rbcv0sallhvrhai5-gcc-15.3.0/include/c++/15.3.0/cstdlib:182:11: error: 'wctomb' has not been declared in '::'
  182 |   using ::wctomb;
      |           ^~~~~~
/nix/store/8sjgd7q3mdks1rb7rbcv0sallhvrhai5-gcc-15.3.0/include/c++/15.3.0/cstdlib: In function 'ldiv_t std::div(long int, long int)':
/nix/store/8sjgd7q3mdks1rb7rbcv0sallhvrhai5-gcc-15.3.0/include/c++/15.3.0/cstdlib:187:53: error: 'ldiv' was not declared in this scope; did you mean 'div'?
  187 |   div(long __i, long __j) _GLIBCXX_NOTHROW { return ldiv(__i, __j); }
      |                                                     ^~~~
      |                                                     div
/nix/store/8sjgd7q3mdks1rb7rbcv0sallhvrhai5-gcc-15.3.0/include/c++/15.3.0/cstdlib: At global scope:
/nix/store/8sjgd7q3mdks1rb7rbcv0sallhvrhai5-gcc-15.3.0/include/c++/15.3.0/cstdlib:210:11: error: 'lldiv_t' has not been declared in '::'
  210 |   using ::lldiv_t;
      |           ^~~~~~~
/nix/store/8sjgd7q3mdks1rb7rbcv0sallhvrhai5-gcc-15.3.0/include/c++/15.3.0/cstdlib:216:11: error: '_Exit' has not been declared in '::'
  216 |   using ::_Exit;
      |           ^~~~~
/nix/store/8sjgd7q3mdks1rb7rbcv0sallhvrhai5-gcc-15.3.0/include/c++/15.3.0/cstdlib:222:11: error: 'llabs' has not been declared in '::'
  222 |   using ::llabs;
      |           ^~~~~
/nix/store/8sjgd7q3mdks1rb7rbcv0sallhvrhai5-gcc-15.3.0/include/c++/15.3.0/cstdlib:224:10: error: 'lldiv_t' does not name a type; did you mean 'ldiv_t'?
  224 |   inline lldiv_t
      |          ^~~~~~~
      |          ldiv_t
/nix/store/8sjgd7q3mdks1rb7rbcv0sallhvrhai5-gcc-15.3.0/include/c++/15.3.0/cstdlib:228:11: error: 'lldiv' has not been declared in '::'
  228 |   using ::lldiv;
      |           ^~~~~
/nix/store/8sjgd7q3mdks1rb7rbcv0sallhvrhai5-gcc-15.3.0/include/c++/15.3.0/cstdlib:240:11: error: 'atoll' has not been declared in '::'
  240 |   using ::atoll;
      |           ^~~~~
/nix/store/8sjgd7q3mdks1rb7rbcv0sallhvrhai5-gcc-15.3.0/include/c++/15.3.0/cstdlib:241:11: error: 'strtoll' has not been declared in '::'
  241 |   using ::strtoll;
      |           ^~~~~~~
/nix/store/8sjgd7q3mdks1rb7rbcv0sallhvrhai5-gcc-15.3.0/include/c++/15.3.0/cstdlib:242:11: error: 'strtoull' has not been declared in '::'
  242 |   using ::strtoull;
      |           ^~~~~~~~
/nix/store/8sjgd7q3mdks1rb7rbcv0sallhvrhai5-gcc-15.3.0/include/c++/15.3.0/cstdlib:244:11: error: 'strtof' has not been declared in '::'
  244 |   using ::strtof;
      |           ^~~~~~
/nix/store/8sjgd7q3mdks1rb7rbcv0sallhvrhai5-gcc-15.3.0/include/c++/15.3.0/cstdlib:245:11: error: 'strtold' has not been declared in '::'
  245 |   using ::strtold;
      |           ^~~~~~~
/nix/store/8sjgd7q3mdks1rb7rbcv0sallhvrhai5-gcc-15.3.0/include/c++/15.3.0/cstdlib:253:22: error: 'lldiv_t' has not been declared in '__gnu_cxx'
  253 |   using ::__gnu_cxx::lldiv_t;
      |                      ^~~~~~~
/nix/store/8sjgd7q3mdks1rb7rbcv0sallhvrhai5-gcc-15.3.0/include/c++/15.3.0/cstdlib:255:22: error: '_Exit' has not been declared in '__gnu_cxx'
  255 |   using ::__gnu_cxx::_Exit;
      |                      ^~~~~
/nix/store/8sjgd7q3mdks1rb7rbcv0sallhvrhai5-gcc-15.3.0/include/c++/15.3.0/cstdlib:257:22: error: 'llabs' has not been declared in '__gnu_cxx'
  257 |   using ::__gnu_cxx::llabs;
      |                      ^~~~~
/nix/store/8sjgd7q3mdks1rb7rbcv0sallhvrhai5-gcc-15.3.0/include/c++/15.3.0/cstdlib:258:22: error: 'div' has not been declared in '__gnu_cxx'
  258 |   using ::__gnu_cxx::div;
      |                      ^~~
/nix/store/8sjgd7q3mdks1rb7rbcv0sallhvrhai5-gcc-15.3.0/include/c++/15.3.0/cstdlib:259:22: error: 'lldiv' has not been declared in '__gnu_cxx'
  259 |   using ::__gnu_cxx::lldiv;
      |                      ^~~~~
/nix/store/8sjgd7q3mdks1rb7rbcv0sallhvrhai5-gcc-15.3.0/include/c++/15.3.0/cstdlib:261:22: error: 'atoll' has not been declared in '__gnu_cxx'
  261 |   using ::__gnu_cxx::atoll;
      |                      ^~~~~
/nix/store/8sjgd7q3mdks1rb7rbcv0sallhvrhai5-gcc-15.3.0/include/c++/15.3.0/cstdlib:262:22: error: 'strtof' has not been declared in '__gnu_cxx'
  262 |   using ::__gnu_cxx::strtof;
      |                      ^~~~~~
/nix/store/8sjgd7q3mdks1rb7rbcv0sallhvrhai5-gcc-15.3.0/include/c++/15.3.0/cstdlib:263:22: error: 'strtoll' has not been declared in '__gnu_cxx'
  263 |   using ::__gnu_cxx::strtoll;
      |                      ^~~~~~~
/nix/store/8sjgd7q3mdks1rb7rbcv0sallhvrhai5-gcc-15.3.0/include/c++/15.3.0/cstdlib:264:22: error: 'strtoull' has not been declared in '__gnu_cxx'
  264 |   using ::__gnu_cxx::strtoull;
      |                      ^~~~~~~~
/nix/store/8sjgd7q3mdks1rb7rbcv0sallhvrhai5-gcc-15.3.0/include/c++/15.3.0/cstdlib:265:22: error: 'strtold' has not been declared in '__gnu_cxx'
  265 |   using ::__gnu_cxx::strtold;
      |                      ^~~~~~~
conftest.cpp: In function 'int main(int, char**)':
conftest.cpp:207:25: warning: empty parentheses were disambiguated as a function declaration [-Wvexing-parse]
  207 |   cxx11test::delegate d2();
      |                         ^~
conftest.cpp:207:25: note: remove parentheses to default-initialize a variable
  207 |   cxx11test::delegate d2();
      |                         ^~
      |                         --
conftest.cpp:207:25: note: or replace parentheses with braces to value-initialize a variable
configure:6532: $? = 1
configure: failed program was:
| /* confdefs.h */
| #define PACKAGE_NAME "GNU Make"
| #define PACKAGE_TARNAME "make"
| #define PACKAGE_VERSION "4.4.1"
| #define PACKAGE_STRING "GNU Make 4.4.1"
| #define PACKAGE_BUGREPORT "bug-make@gnu.org"
| #define PACKAGE_URL "https://www.gnu.org/software/make/"
| #define PACKAGE "make"
| #define VERSION "4.4.1"
| #define HAVE_STDIO_H 1
| #define HAVE_STDLIB_H 1
| #define HAVE_STRING_H 1
| #define HAVE_INTTYPES_H 1
| #define HAVE_STDINT_H 1
| #define HAVE_STRINGS_H 1
| #define HAVE_SYS_STAT_H 1
| #define HAVE_SYS_TYPES_H 1
| #define HAVE_UNISTD_H 1
| #define HAVE_WCHAR_H 1
| #define HAVE_SYS_PARAM_H 1
| #define HAVE_STDBOOL_H 1
| #define STDC_HEADERS 1
| #define _ALL_SOURCE 1
| #define _DARWIN_C_SOURCE 1
| #define _GNU_SOURCE 1
| #define _HPUX_ALT_XOPEN_SOCKET_API 1
| #define _NETBSD_SOURCE 1
| #define _OPENBSD_SOURCE 1
| #define _POSIX_PTHREAD_SEMANTICS 1
| #define __STDC_WANT_IEC_60559_ATTRIBS_EXT__ 1
| #define __STDC_WANT_IEC_60559_BFP_EXT__ 1
| #define __STDC_WANT_IEC_60559_DFP_EXT__ 1
| #define __STDC_WANT_IEC_60559_EXT__ 1
| #define __STDC_WANT_IEC_60559_FUNCS_EXT__ 1
| #define __STDC_WANT_IEC_60559_TYPES_EXT__ 1
| #define __STDC_WANT_LIB_EXT2__ 1
| #define __STDC_WANT_MATH_SPEC_FUNCS__ 1
| #define _TANDEM_SOURCE 1
| #define __EXTENSIONS__ 1
| /* end confdefs.h.  */
| 
| // Does the compiler advertise C++98 conformance?
| #if !defined __cplusplus || __cplusplus < 199711L
| # error "Compiler does not advertise C++98 conformance"
| #endif
| 
| // These inclusions are to reject old compilers that
| // lack the unsuffixed header files.
| #include <cstdlib>
| #include <exception>
| 
| // <cassert> and <cstring> are *not* freestanding headers in C++98.
| extern void assert (int);
| namespace std {
|   extern int strcmp (const char *, const char *);
| }
| 
| // Namespaces, exceptions, and templates were all added after "C++ 2.0".
| using std::exception;
| using std::strcmp;
| 
| namespace {
| 
| void test_exception_syntax()
| {
|   try {
|     throw "test";
|   } catch (const char *s) {
|     // Extra parentheses suppress a warning when building autoconf itself,
|     // due to lint rules shared with more typical C programs.
|     assert (!(strcmp) (s, "test"));
|   }
| }
| 
| template <typename T> struct test_template
| {
|   T const val;
|   explicit test_template(T t) : val(t) {}
|   template <typename U> T add(U u) { return static_cast<T>(u) + val; }
| };
| 
| } // anonymous namespace
| 
| 
| // Does the compiler advertise C++ 2011 conformance?
| #if !defined __cplusplus || __cplusplus < 201103L
| # error "Compiler does not advertise C++11 conformance"
| #endif
| 
| namespace cxx11test
| {
|   constexpr int get_val() { return 20; }
| 
|   struct testinit
|   {
|     int i;
|     double d;
|   };
| 
|   class delegate
|   {
|   public:
|     delegate(int n) : n(n) {}
|     delegate(): delegate(2354) {}
| 
|     virtual int getval() { return this->n; };
|   protected:
|     int n;
|   };
| 
|   class overridden : public delegate
|   {
|   public:
|     overridden(int n): delegate(n) {}
|     virtual int getval() override final { return this->n * 2; }
|   };
| 
|   class nocopy
|   {
|   public:
|     nocopy(int i): i(i) {}
|     nocopy() = default;
|     nocopy(const nocopy&) = delete;
|     nocopy & operator=(const nocopy&) = delete;
|   private:
|     int i;
|   };
| 
|   // for testing lambda expressions
|   template <typename Ret, typename Fn> Ret eval(Fn f, Ret v)
|   {
|     return f(v);
|   }
| 
|   // for testing variadic templates and trailing return types
|   template <typename V> auto sum(V first) -> V
|   {
|     return first;
|   }
|   template <typename V, typename... Args> auto sum(V first, Args... rest) -> V
|   {
|     return first + sum(rest...);
|   }
| }
| 
| 
| int
| main (int argc, char **argv)
| {
|   int ok = 0;
|   
|   assert (argc);
|   assert (! argv[0]);
| {
|   test_exception_syntax ();
|   test_template<double> tt (2.0);
|   assert (tt.add (4) == 6.0);
|   assert (true && !false);
| }
| 
|   
| {
|   // Test auto and decltype
|   auto a1 = 6538;
|   auto a2 = 48573953.4;
|   auto a3 = "String literal";
| 
|   int total = 0;
|   for (auto i = a3; *i; ++i) { total += *i; }
| 
|   decltype(a2) a4 = 34895.034;
| }
| {
|   // Test constexpr
|   short sa[cxx11test::get_val()] = { 0 };
| }
| {
|   // Test initializer lists
|   cxx11test::testinit il = { 4323, 435234.23544 };
| }
| {
|   // Test range-based for
|   int array[] = {9, 7, 13, 15, 4, 18, 12, 10, 5, 3,
|                  14, 19, 17, 8, 6, 20, 16, 2, 11, 1};
|   for (auto &x : array) { x += 23; }
| }
| {
|   // Test lambda expressions
|   using cxx11test::eval;
|   assert (eval ([](int x) { return x*2; }, 21) == 42);
|   double d = 2.0;
|   assert (eval ([&](double x) { return d += x; }, 3.0) == 5.0);
|   assert (d == 5.0);
|   assert (eval ([=](double x) mutable { return d += x; }, 4.0) == 9.0);
|   assert (d == 5.0);
| }
| {
|   // Test use of variadic templates
|   using cxx11test::sum;
|   auto a = sum(1);
|   auto b = sum(1, 2);
|   auto c = sum(1.0, 2.0, 3.0);
| }
| {
|   // Test constructor delegation
|   cxx11test::delegate d1;
|   cxx11test::delegate d2();
|   cxx11test::delegate d3(45);
| }
| {
|   // Test override and final
|   cxx11test::overridden o1(55464);
| }
| {
|   // Test nullptr
|   char *c = nullptr;
| }
| {
|   // Test template brackets
|   test_template<::test_template<int>> v(test_template<int>(12));
| }
| {
|   // Unicode literals
|   char const *utf8 = u8"UTF-8 string \u2500";
|   char16_t const *utf16 = u"UTF-8 string \u2500";
|   char32_t const *utf32 = U"UTF-32 string \u2500";
| }
| 
|   return ok;
| }
| 
configure:6550: result: none needed
configure:6616: checking dependency style of g++
configure:6728: result: gcc3
configure:6754: checking build system type
configure:6769: result: x86_64-pc-linux-musl
configure:6789: checking host system type
configure:6803: result: x86_64-pc-linux-musl
configure:6840: checking how to run the C preprocessor
configure:6866: x86_64-unknown-linux-musl-gcc -E -D__GNU_LIBRARY__=1 -Dgetenv=getenv -I/home/samson/Projects/clojv3/./store/musl-1.2.6/include conftest.c
configure:6866: $? = 0
configure:6881: x86_64-unknown-linux-musl-gcc -E -D__GNU_LIBRARY__=1 -Dgetenv=getenv -I/home/samson/Projects/clojv3/./store/musl-1.2.6/include conftest.c
conftest.c:42:10: fatal error: ac_nonexistent.h: No such file or directory
   42 | #include <ac_nonexistent.h>
      |          ^~~~~~~~~~~~~~~~~~
compilation terminated.
configure:6881: $? = 1
configure: failed program was:
| /* confdefs.h */
| #define PACKAGE_NAME "GNU Make"
| #define PACKAGE_TARNAME "make"
| #define PACKAGE_VERSION "4.4.1"
| #define PACKAGE_STRING "GNU Make 4.4.1"
| #define PACKAGE_BUGREPORT "bug-make@gnu.org"
| #define PACKAGE_URL "https://www.gnu.org/software/make/"
| #define PACKAGE "make"
| #define VERSION "4.4.1"
| #define HAVE_STDIO_H 1
| #define HAVE_STDLIB_H 1
| #define HAVE_STRING_H 1
| #define HAVE_INTTYPES_H 1
| #define HAVE_STDINT_H 1
| #define HAVE_STRINGS_H 1
| #define HAVE_SYS_STAT_H 1
| #define HAVE_SYS_TYPES_H 1
| #define HAVE_UNISTD_H 1
| #define HAVE_WCHAR_H 1
| #define HAVE_SYS_PARAM_H 1
| #define HAVE_STDBOOL_H 1
| #define STDC_HEADERS 1
| #define _ALL_SOURCE 1
| #define _DARWIN_C_SOURCE 1
| #define _GNU_SOURCE 1
| #define _HPUX_ALT_XOPEN_SOCKET_API 1
| #define _NETBSD_SOURCE 1
| #define _OPENBSD_SOURCE 1
| #define _POSIX_PTHREAD_SEMANTICS 1
| #define __STDC_WANT_IEC_60559_ATTRIBS_EXT__ 1
| #define __STDC_WANT_IEC_60559_BFP_EXT__ 1
| #define __STDC_WANT_IEC_60559_DFP_EXT__ 1
| #define __STDC_WANT_IEC_60559_EXT__ 1
| #define __STDC_WANT_IEC_60559_FUNCS_EXT__ 1
| #define __STDC_WANT_IEC_60559_TYPES_EXT__ 1
| #define __STDC_WANT_LIB_EXT2__ 1
| #define __STDC_WANT_MATH_SPEC_FUNCS__ 1
| #define _TANDEM_SOURCE 1
| #define __EXTENSIONS__ 1
| #define MAKE_CXX "g++"
| /* end confdefs.h.  */
| #include <ac_nonexistent.h>
configure:6908: result: x86_64-unknown-linux-musl-gcc -E
configure:6922: x86_64-unknown-linux-musl-gcc -E -D__GNU_LIBRARY__=1 -Dgetenv=getenv -I/home/samson/Projects/clojv3/./store/musl-1.2.6/include conftest.c
configure:6922: $? = 0
configure:6937: x86_64-unknown-linux-musl-gcc -E -D__GNU_LIBRARY__=1 -Dgetenv=getenv -I/home/samson/Projects/clojv3/./store/musl-1.2.6/include conftest.c
conftest.c:42:10: fatal error: ac_nonexistent.h: No such file or directory
   42 | #include <ac_nonexistent.h>
      |          ^~~~~~~~~~~~~~~~~~
compilation terminated.
configure:6937: $? = 1
configure: failed program was:
| /* confdefs.h */
| #define PACKAGE_NAME "GNU Make"
| #define PACKAGE_TARNAME "make"
| #define PACKAGE_VERSION "4.4.1"
| #define PACKAGE_STRING "GNU Make 4.4.1"
| #define PACKAGE_BUGREPORT "bug-make@gnu.org"
| #define PACKAGE_URL "https://www.gnu.org/software/make/"
| #define PACKAGE "make"
| #define VERSION "4.4.1"
| #define HAVE_STDIO_H 1
| #define HAVE_STDLIB_H 1
| #define HAVE_STRING_H 1
| #define HAVE_INTTYPES_H 1
| #define HAVE_STDINT_H 1
| #define HAVE_STRINGS_H 1
| #define HAVE_SYS_STAT_H 1
| #define HAVE_SYS_TYPES_H 1
| #define HAVE_UNISTD_H 1
| #define HAVE_WCHAR_H 1
| #define HAVE_SYS_PARAM_H 1
| #define HAVE_STDBOOL_H 1
| #define STDC_HEADERS 1
| #define _ALL_SOURCE 1
| #define _DARWIN_C_SOURCE 1
| #define _GNU_SOURCE 1
| #define _HPUX_ALT_XOPEN_SOCKET_API 1
| #define _NETBSD_SOURCE 1
| #define _OPENBSD_SOURCE 1
| #define _POSIX_PTHREAD_SEMANTICS 1
| #define __STDC_WANT_IEC_60559_ATTRIBS_EXT__ 1
| #define __STDC_WANT_IEC_60559_BFP_EXT__ 1
| #define __STDC_WANT_IEC_60559_DFP_EXT__ 1
| #define __STDC_WANT_IEC_60559_EXT__ 1
| #define __STDC_WANT_IEC_60559_FUNCS_EXT__ 1
| #define __STDC_WANT_IEC_60559_TYPES_EXT__ 1
| #define __STDC_WANT_LIB_EXT2__ 1
| #define __STDC_WANT_MATH_SPEC_FUNCS__ 1
| #define _TANDEM_SOURCE 1
| #define __EXTENSIONS__ 1
| #define MAKE_CXX "g++"
| /* end confdefs.h.  */
| #include <ac_nonexistent.h>
configure:6968: checking for grep that handles long lines and -e
configure:7032: result: /nix/store/xmvbzzxm5snla5a2cyfhm7hjy9bifx7n-gnugrep-3.12/bin/grep
configure:7037: checking for egrep
configure:7105: result: /nix/store/xmvbzzxm5snla5a2cyfhm7hjy9bifx7n-gnugrep-3.12/bin/grep -E
configure:7113: checking for Minix Amsterdam compiler
configure:7139: result: no
configure:7201: checking for ar
configure:7233: result: ar
configure:7373: checking for x86_64-unknown-linux-musl-gcc option to enable large file support
configure:7405: x86_64-unknown-linux-musl-gcc -c -g -O2 -D__GNU_LIBRARY__=1 -Dgetenv=getenv -I/home/samson/Projects/clojv3/./store/musl-1.2.6/include conftest.c >&5
configure:7405: $? = 0
configure:7416: result: none needed
configure:7609: checking for size_t
configure:7609: x86_64-unknown-linux-musl-gcc -c -g -O2 -D__GNU_LIBRARY__=1 -Dgetenv=getenv -I/home/samson/Projects/clojv3/./store/musl-1.2.6/include conftest.c >&5
configure:7609: $? = 0
configure:7609: x86_64-unknown-linux-musl-gcc -c -g -O2 -D__GNU_LIBRARY__=1 -Dgetenv=getenv -I/home/samson/Projects/clojv3/./store/musl-1.2.6/include conftest.c >&5
conftest.c: In function 'main':
conftest.c:73:21: error: expected expression before ')' token
   73 | if (sizeof ((size_t)))
      |                     ^
configure:7609: $? = 1
configure: failed program was:
| /* confdefs.h */
| #define PACKAGE_NAME "GNU Make"
| #define PACKAGE_TARNAME "make"
| #define PACKAGE_VERSION "4.4.1"
| #define PACKAGE_STRING "GNU Make 4.4.1"
| #define PACKAGE_BUGREPORT "bug-make@gnu.org"
| #define PACKAGE_URL "https://www.gnu.org/software/make/"
| #define PACKAGE "make"
| #define VERSION "4.4.1"
| #define HAVE_STDIO_H 1
| #define HAVE_STDLIB_H 1
| #define HAVE_STRING_H 1
| #define HAVE_INTTYPES_H 1
| #define HAVE_STDINT_H 1
| #define HAVE_STRINGS_H 1
| #define HAVE_SYS_STAT_H 1
| #define HAVE_SYS_TYPES_H 1
| #define HAVE_UNISTD_H 1
| #define HAVE_WCHAR_H 1
| #define HAVE_SYS_PARAM_H 1
| #define HAVE_STDBOOL_H 1
| #define STDC_HEADERS 1
| #define _ALL_SOURCE 1
| #define _DARWIN_C_SOURCE 1
| #define _GNU_SOURCE 1
| #define _HPUX_ALT_XOPEN_SOCKET_API 1
| #define _NETBSD_SOURCE 1
| #define _OPENBSD_SOURCE 1
| #define _POSIX_PTHREAD_SEMANTICS 1
| #define __STDC_WANT_IEC_60559_ATTRIBS_EXT__ 1
| #define __STDC_WANT_IEC_60559_BFP_EXT__ 1
| #define __STDC_WANT_IEC_60559_DFP_EXT__ 1
| #define __STDC_WANT_IEC_60559_EXT__ 1
| #define __STDC_WANT_IEC_60559_FUNCS_EXT__ 1
| #define __STDC_WANT_IEC_60559_TYPES_EXT__ 1
| #define __STDC_WANT_LIB_EXT2__ 1
| #define __STDC_WANT_MATH_SPEC_FUNCS__ 1
| #define _TANDEM_SOURCE 1
| #define __EXTENSIONS__ 1
| #define MAKE_CXX "g++"
| /* end confdefs.h.  */
| #include <stddef.h>
| #ifdef HAVE_STDIO_H
| # include <stdio.h>
| #endif
| #ifdef HAVE_STDLIB_H
| # include <stdlib.h>
| #endif
| #ifdef HAVE_STRING_H
| # include <string.h>
| #endif
| #ifdef HAVE_INTTYPES_H
| # include <inttypes.h>
| #endif
| #ifdef HAVE_STDINT_H
| # include <stdint.h>
| #endif
| #ifdef HAVE_STRINGS_H
| # include <strings.h>
| #endif
| #ifdef HAVE_SYS_TYPES_H
| # include <sys/types.h>
| #endif
| #ifdef HAVE_SYS_STAT_H
| # include <sys/stat.h>
| #endif
| #ifdef HAVE_UNISTD_H
| # include <unistd.h>
| #endif
| int
| main (void)
| {
| if (sizeof ((size_t)))
| 	    return 0;
|   ;
|   return 0;
| }
configure:7609: result: yes
configure:7621: checking for working alloca.h
configure:7639: x86_64-unknown-linux-musl-gcc -o conftest -g -O2 -D__GNU_LIBRARY__=1 -Dgetenv=getenv -I/home/samson/Projects/clojv3/./store/musl-1.2.6/include -B/home/samson/Projects/clojv3/./store/musl-1.2.6/lib -L/home/samson/Projects/clojv3/./store/musl-1.2.6/lib -Wl,-rpath,/home/samson/Projects/clojv3/./store/musl-1.2.6/lib -Wl,-dynamic-linker,/home/samson/Projects/clojv3/./store/musl-1.2.6/lib/libc.so conftest.c  >&5
configure:7639: $? = 0
configure:7648: result: yes
configure:7656: checking for alloca
configure:7701: result: yes
configure:7773: checking for eaccess
configure:7773: x86_64-unknown-linux-musl-gcc -o conftest -g -O2 -D__GNU_LIBRARY__=1 -Dgetenv=getenv -I/home/samson/Projects/clojv3/./store/musl-1.2.6/include -B/home/samson/Projects/clojv3/./store/musl-1.2.6/lib -L/home/samson/Projects/clojv3/./store/musl-1.2.6/lib -Wl,-rpath,/home/samson/Projects/clojv3/./store/musl-1.2.6/lib -Wl,-dynamic-linker,/home/samson/Projects/clojv3/./store/musl-1.2.6/lib/libc.so conftest.c  >&5
configure:7773: $? = 0
configure:7773: result: yes
configure:7800: checking for x86_64-unknown-linux-musl-gcc options needed to detect all undeclared functions
configure:7822: x86_64-unknown-linux-musl-gcc -c -g -O2  -D__GNU_LIBRARY__=1 -Dgetenv=getenv -I/home/samson/Projects/clojv3/./store/musl-1.2.6/include conftest.c >&5
conftest.c: In function 'main':
conftest.c:48:8: error: 'strchr' undeclared (first use in this function)
   48 | (void) strchr;
      |        ^~~~~~
conftest.c:1:1: note: 'strchr' is defined in header '<string.h>'; this is probably fixable by adding '#include <string.h>'
    1 | /* confdefs.h */
conftest.c:48:8: note: each undeclared identifier is reported only once for each function it appears in
   48 | (void) strchr;
      |        ^~~~~~
configure:7822: $? = 1
configure: failed program was:
| /* confdefs.h */
| #define PACKAGE_NAME "GNU Make"
| #define PACKAGE_TARNAME "make"
| #define PACKAGE_VERSION "4.4.1"
| #define PACKAGE_STRING "GNU Make 4.4.1"
| #define PACKAGE_BUGREPORT "bug-make@gnu.org"
| #define PACKAGE_URL "https://www.gnu.org/software/make/"
| #define PACKAGE "make"
| #define VERSION "4.4.1"
| #define HAVE_STDIO_H 1
| #define HAVE_STDLIB_H 1
| #define HAVE_STRING_H 1
| #define HAVE_INTTYPES_H 1
| #define HAVE_STDINT_H 1
| #define HAVE_STRINGS_H 1
| #define HAVE_SYS_STAT_H 1
| #define HAVE_SYS_TYPES_H 1
| #define HAVE_UNISTD_H 1
| #define HAVE_WCHAR_H 1
| #define HAVE_SYS_PARAM_H 1
| #define HAVE_STDBOOL_H 1
| #define STDC_HEADERS 1
| #define _ALL_SOURCE 1
| #define _DARWIN_C_SOURCE 1
| #define _GNU_SOURCE 1
| #define _HPUX_ALT_XOPEN_SOCKET_API 1
| #define _NETBSD_SOURCE 1
| #define _OPENBSD_SOURCE 1
| #define _POSIX_PTHREAD_SEMANTICS 1
| #define __STDC_WANT_IEC_60559_ATTRIBS_EXT__ 1
| #define __STDC_WANT_IEC_60559_BFP_EXT__ 1
| #define __STDC_WANT_IEC_60559_DFP_EXT__ 1
| #define __STDC_WANT_IEC_60559_EXT__ 1
| #define __STDC_WANT_IEC_60559_FUNCS_EXT__ 1
| #define __STDC_WANT_IEC_60559_TYPES_EXT__ 1
| #define __STDC_WANT_LIB_EXT2__ 1
| #define __STDC_WANT_MATH_SPEC_FUNCS__ 1
| #define _TANDEM_SOURCE 1
| #define __EXTENSIONS__ 1
| #define MAKE_CXX "g++"
| #define HAVE_ALLOCA_H 1
| #define HAVE_ALLOCA 1
| /* end confdefs.h.  */
| 
| int
| main (void)
| {
| (void) strchr;
|   ;
|   return 0;
| }
configure:7849: x86_64-unknown-linux-musl-gcc -c -g -O2  -D__GNU_LIBRARY__=1 -Dgetenv=getenv -I/home/samson/Projects/clojv3/./store/musl-1.2.6/include conftest.c >&5
configure:7849: $? = 0
configure:7866: result: none needed
configure:7921: checking host CPU and C ABI
configure:7951: x86_64-unknown-linux-musl-gcc -c -g -O2 -D__GNU_LIBRARY__=1 -Dgetenv=getenv -I/home/samson/Projects/clojv3/./store/musl-1.2.6/include conftest.c >&5
configure:7951: $? = 0
configure:7962: x86_64-unknown-linux-musl-gcc -c -g -O2 -D__GNU_LIBRARY__=1 -Dgetenv=getenv -I/home/samson/Projects/clojv3/./store/musl-1.2.6/include conftest.c >&5
conftest.c:47:21: error: unknown type name 'error'
   47 |                     error fail
      |                     ^~~~~
conftest.c:47:21: error: expected '=', ',', ';', 'asm' or '__attribute__' at end of input
configure:7962: $? = 1
configure: failed program was:
| /* confdefs.h */
| #define PACKAGE_NAME "GNU Make"
| #define PACKAGE_TARNAME "make"
| #define PACKAGE_VERSION "4.4.1"
| #define PACKAGE_STRING "GNU Make 4.4.1"
| #define PACKAGE_BUGREPORT "bug-make@gnu.org"
| #define PACKAGE_URL "https://www.gnu.org/software/make/"
| #define PACKAGE "make"
| #define VERSION "4.4.1"
| #define HAVE_STDIO_H 1
| #define HAVE_STDLIB_H 1
| #define HAVE_STRING_H 1
| #define HAVE_INTTYPES_H 1
| #define HAVE_STDINT_H 1
| #define HAVE_STRINGS_H 1
| #define HAVE_SYS_STAT_H 1
| #define HAVE_SYS_TYPES_H 1
| #define HAVE_UNISTD_H 1
| #define HAVE_WCHAR_H 1
| #define HAVE_SYS_PARAM_H 1
| #define HAVE_STDBOOL_H 1
| #define STDC_HEADERS 1
| #define _ALL_SOURCE 1
| #define _DARWIN_C_SOURCE 1
| #define _GNU_SOURCE 1
| #define _HPUX_ALT_XOPEN_SOCKET_API 1
| #define _NETBSD_SOURCE 1
| #define _OPENBSD_SOURCE 1
| #define _POSIX_PTHREAD_SEMANTICS 1
| #define __STDC_WANT_IEC_60559_ATTRIBS_EXT__ 1
| #define __STDC_WANT_IEC_60559_BFP_EXT__ 1
| #define __STDC_WANT_IEC_60559_DFP_EXT__ 1
| #define __STDC_WANT_IEC_60559_EXT__ 1
| #define __STDC_WANT_IEC_60559_FUNCS_EXT__ 1
| #define __STDC_WANT_IEC_60559_TYPES_EXT__ 1
| #define __STDC_WANT_LIB_EXT2__ 1
| #define __STDC_WANT_MATH_SPEC_FUNCS__ 1
| #define _TANDEM_SOURCE 1
| #define __EXTENSIONS__ 1
| #define MAKE_CXX "g++"
| #define HAVE_ALLOCA_H 1
| #define HAVE_ALLOCA 1
| /* end confdefs.h.  */
| #if defined __ILP32__ || defined _ILP32
|                     int ok;
|                    #else
|                     error fail
|                    #endif
| 
configure:8299: result: x86_64
configure:8407: checking for C compiler option to allow warnings
configure:8416: x86_64-unknown-linux-musl-gcc -g -O2 -D__GNU_LIBRARY__=1 -Dgetenv=getenv -I/home/samson/Projects/clojv3/./store/musl-1.2.6/include -c conftest.c 2>conftest1.err
configure:8419: $? = 0
configure:8422: x86_64-unknown-linux-musl-gcc -g -O2 -D__GNU_LIBRARY__=1 -Dgetenv=getenv -I/home/samson/Projects/clojv3/./store/musl-1.2.6/include -Wno-error -c conftest.c 2>conftest2.err
configure:8425: $? = 0
configure:8435: result: -Wno-error
configure:8475: x86_64-unknown-linux-musl-gcc -g -O2 -D__GNU_LIBRARY__=1 -Dgetenv=getenv -I/home/samson/Projects/clojv3/./store/musl-1.2.6/include -E conftest.c > conftest.out
configure:8478: $? = 0
configure:8525: checking for alloca as a compiler built-in
configure:8551: result: yes
configure:8625: checking for getloadavg
configure:8625: x86_64-unknown-linux-musl-gcc -o conftest -g -O2 -D__GNU_LIBRARY__=1 -Dgetenv=getenv -I/home/samson/Projects/clojv3/./store/musl-1.2.6/include -B/home/samson/Projects/clojv3/./store/musl-1.2.6/lib -L/home/samson/Projects/clojv3/./store/musl-1.2.6/lib -Wl,-rpath,/home/samson/Projects/clojv3/./store/musl-1.2.6/lib -Wl,-dynamic-linker,/home/samson/Projects/clojv3/./store/musl-1.2.6/lib/libc.so conftest.c  >&5
configure:8625: $? = 0
configure:8625: result: yes
configure:8978: checking for sys/loadavg.h
configure:8978: x86_64-unknown-linux-musl-gcc -c -g -O2 -D__GNU_LIBRARY__=1 -Dgetenv=getenv -I/home/samson/Projects/clojv3/./store/musl-1.2.6/include conftest.c >&5
conftest.c:79:10: fatal error: sys/loadavg.h: No such file or directory
   79 | #include <sys/loadavg.h>
      |          ^~~~~~~~~~~~~~~
compilation terminated.
configure:8978: $? = 1
configure: failed program was:
| /* confdefs.h */
| #define PACKAGE_NAME "GNU Make"
| #define PACKAGE_TARNAME "make"
| #define PACKAGE_VERSION "4.4.1"
| #define PACKAGE_STRING "GNU Make 4.4.1"
| #define PACKAGE_BUGREPORT "bug-make@gnu.org"
| #define PACKAGE_URL "https://www.gnu.org/software/make/"
| #define PACKAGE "make"
| #define VERSION "4.4.1"
| #define HAVE_STDIO_H 1
| #define HAVE_STDLIB_H 1
| #define HAVE_STRING_H 1
| #define HAVE_INTTYPES_H 1
| #define HAVE_STDINT_H 1
| #define HAVE_STRINGS_H 1
| #define HAVE_SYS_STAT_H 1
| #define HAVE_SYS_TYPES_H 1
| #define HAVE_UNISTD_H 1
| #define HAVE_WCHAR_H 1
| #define HAVE_SYS_PARAM_H 1
| #define HAVE_STDBOOL_H 1
| #define STDC_HEADERS 1
| #define _ALL_SOURCE 1
| #define _DARWIN_C_SOURCE 1
| #define _GNU_SOURCE 1
| #define _HPUX_ALT_XOPEN_SOCKET_API 1
| #define _NETBSD_SOURCE 1
| #define _OPENBSD_SOURCE 1
| #define _POSIX_PTHREAD_SEMANTICS 1
| #define __STDC_WANT_IEC_60559_ATTRIBS_EXT__ 1
| #define __STDC_WANT_IEC_60559_BFP_EXT__ 1
| #define __STDC_WANT_IEC_60559_DFP_EXT__ 1
| #define __STDC_WANT_IEC_60559_EXT__ 1
| #define __STDC_WANT_IEC_60559_FUNCS_EXT__ 1
| #define __STDC_WANT_IEC_60559_TYPES_EXT__ 1
| #define __STDC_WANT_LIB_EXT2__ 1
| #define __STDC_WANT_MATH_SPEC_FUNCS__ 1
| #define _TANDEM_SOURCE 1
| #define __EXTENSIONS__ 1
| #define MAKE_CXX "g++"
| #define HAVE_ALLOCA_H 1
| #define HAVE_ALLOCA 1
| #ifndef __x86_64__
| #define __x86_64__ 1
| #endif
| #ifndef __x86_64__
| #define __x86_64__ 1
| #endif
| #define HAVE_ALLOCA 1
| /* end confdefs.h.  */
| #include <stddef.h>
| #ifdef HAVE_STDIO_H
| # include <stdio.h>
| #endif
| #ifdef HAVE_STDLIB_H
| # include <stdlib.h>
| #endif
| #ifdef HAVE_STRING_H
| # include <string.h>
| #endif
| #ifdef HAVE_INTTYPES_H
| # include <inttypes.h>
| #endif
| #ifdef HAVE_STDINT_H
| # include <stdint.h>
| #endif
| #ifdef HAVE_STRINGS_H
| # include <strings.h>
| #endif
| #ifdef HAVE_SYS_TYPES_H
| # include <sys/types.h>
| #endif
| #ifdef HAVE_SYS_STAT_H
| # include <sys/stat.h>
| #endif
| #ifdef HAVE_UNISTD_H
| # include <unistd.h>
| #endif
| #include <sys/loadavg.h>
configure:8978: result: no
configure:8990: checking whether getloadavg is declared
configure:8990: x86_64-unknown-linux-musl-gcc -c -g -O2  -D__GNU_LIBRARY__=1 -Dgetenv=getenv -I/home/samson/Projects/clojv3/./store/musl-1.2.6/include conftest.c >&5
configure:8990: $? = 0
configure:8990: result: yes
configure:9157: checking if system libc has working GNU glob
configure:9230: x86_64-unknown-linux-musl-gcc -o conftest -g -O2 -D__GNU_LIBRARY__=1 -Dgetenv=getenv -I/home/samson/Projects/clojv3/./store/musl-1.2.6/include -B/home/samson/Projects/clojv3/./store/musl-1.2.6/lib -L/home/samson/Projects/clojv3/./store/musl-1.2.6/lib -Wl,-rpath,/home/samson/Projects/clojv3/./store/musl-1.2.6/lib -Wl,-dynamic-linker,/home/samson/Projects/clojv3/./store/musl-1.2.6/lib/libc.so conftest.c  >&5
conftest.c:53:22: fatal error: gnu-versions.h: No such file or directory
   53 |             #include <gnu-versions.h>
      |                      ^~~~~~~~~~~~~~~~
compilation terminated.
configure:9230: $? = 1
configure: program exited with status 1
configure: failed program was:
| /* confdefs.h */
| #define PACKAGE_NAME "GNU Make"
| #define PACKAGE_TARNAME "make"
| #define PACKAGE_VERSION "4.4.1"
| #define PACKAGE_STRING "GNU Make 4.4.1"
| #define PACKAGE_BUGREPORT "bug-make@gnu.org"
| #define PACKAGE_URL "https://www.gnu.org/software/make/"
| #define PACKAGE "make"
| #define VERSION "4.4.1"
| #define HAVE_STDIO_H 1
| #define HAVE_STDLIB_H 1
| #define HAVE_STRING_H 1
| #define HAVE_INTTYPES_H 1
| #define HAVE_STDINT_H 1
| #define HAVE_STRINGS_H 1
| #define HAVE_SYS_STAT_H 1
| #define HAVE_SYS_TYPES_H 1
| #define HAVE_UNISTD_H 1
| #define HAVE_WCHAR_H 1
| #define HAVE_SYS_PARAM_H 1
| #define HAVE_STDBOOL_H 1
| #define STDC_HEADERS 1
| #define _ALL_SOURCE 1
| #define _DARWIN_C_SOURCE 1
| #define _GNU_SOURCE 1
| #define _HPUX_ALT_XOPEN_SOCKET_API 1
| #define _NETBSD_SOURCE 1
| #define _OPENBSD_SOURCE 1
| #define _POSIX_PTHREAD_SEMANTICS 1
| #define __STDC_WANT_IEC_60559_ATTRIBS_EXT__ 1
| #define __STDC_WANT_IEC_60559_BFP_EXT__ 1
| #define __STDC_WANT_IEC_60559_DFP_EXT__ 1
| #define __STDC_WANT_IEC_60559_EXT__ 1
| #define __STDC_WANT_IEC_60559_FUNCS_EXT__ 1
| #define __STDC_WANT_IEC_60559_TYPES_EXT__ 1
| #define __STDC_WANT_LIB_EXT2__ 1
| #define __STDC_WANT_MATH_SPEC_FUNCS__ 1
| #define _TANDEM_SOURCE 1
| #define __EXTENSIONS__ 1
| #define MAKE_CXX "g++"
| #define HAVE_ALLOCA_H 1
| #define HAVE_ALLOCA 1
| #ifndef __x86_64__
| #define __x86_64__ 1
| #endif
| #ifndef __x86_64__
| #define __x86_64__ 1
| #endif
| #define HAVE_ALLOCA 1
| #define GNULIB_TEST_GETLOADAVG 1
| /* end confdefs.h.  */
| #include <features.h>
|             #include <gnu-versions.h>
|             #include <glob.h>
|             #include <fnmatch.h>
| 
| int
| main (void)
| {
| 
|             #if _GNU_GLOB_INTERFACE_VERSION == 0
|             return 1;
|             #else
|             glob_t found;
|             if (glob ("conf*-globtest", 0, 0, &found) == GLOB_NOMATCH)
|               return 1;
|             globfree (&found);
|             #endif
| 
|   ;
|   return 0;
| }
configure:9244: result: no
configure:9260: checking whether system uses MSDOS-style paths
configure:9282: x86_64-unknown-linux-musl-gcc -c -g -O2 -D__GNU_LIBRARY__=1 -Dgetenv=getenv -I/home/samson/Projects/clojv3/./store/musl-1.2.6/include conftest.c >&5
conftest.c:54:1: error: unknown type name 'neither'
   54 | neither MSDOS nor Windows nor OS2
      | ^~~~~~~
conftest.c:54:15: error: expected '=', ',', ';', 'asm' or '__attribute__' before 'nor'
   54 | neither MSDOS nor Windows nor OS2
      |               ^~~
conftest.c:54:15: error: unknown type name 'nor'
configure:9282: $? = 1
configure: failed program was:
| /* confdefs.h */
| #define PACKAGE_NAME "GNU Make"
| #define PACKAGE_TARNAME "make"
| #define PACKAGE_VERSION "4.4.1"
| #define PACKAGE_STRING "GNU Make 4.4.1"
| #define PACKAGE_BUGREPORT "bug-make@gnu.org"
| #define PACKAGE_URL "https://www.gnu.org/software/make/"
| #define PACKAGE "make"
| #define VERSION "4.4.1"
| #define HAVE_STDIO_H 1
| #define HAVE_STDLIB_H 1
| #define HAVE_STRING_H 1
| #define HAVE_INTTYPES_H 1
| #define HAVE_STDINT_H 1
| #define HAVE_STRINGS_H 1
| #define HAVE_SYS_STAT_H 1
| #define HAVE_SYS_TYPES_H 1
| #define HAVE_UNISTD_H 1
| #define HAVE_WCHAR_H 1
| #define HAVE_SYS_PARAM_H 1
| #define HAVE_STDBOOL_H 1
| #define STDC_HEADERS 1
| #define _ALL_SOURCE 1
| #define _DARWIN_C_SOURCE 1
| #define _GNU_SOURCE 1
| #define _HPUX_ALT_XOPEN_SOCKET_API 1
| #define _NETBSD_SOURCE 1
| #define _OPENBSD_SOURCE 1
| #define _POSIX_PTHREAD_SEMANTICS 1
| #define __STDC_WANT_IEC_60559_ATTRIBS_EXT__ 1
| #define __STDC_WANT_IEC_60559_BFP_EXT__ 1
| #define __STDC_WANT_IEC_60559_DFP_EXT__ 1
| #define __STDC_WANT_IEC_60559_EXT__ 1
| #define __STDC_WANT_IEC_60559_FUNCS_EXT__ 1
| #define __STDC_WANT_IEC_60559_TYPES_EXT__ 1
| #define __STDC_WANT_LIB_EXT2__ 1
| #define __STDC_WANT_MATH_SPEC_FUNCS__ 1
| #define _TANDEM_SOURCE 1
| #define __EXTENSIONS__ 1
| #define MAKE_CXX "g++"
| #define HAVE_ALLOCA_H 1
| #define HAVE_ALLOCA 1
| #ifndef __x86_64__
| #define __x86_64__ 1
| #endif
| #ifndef __x86_64__
| #define __x86_64__ 1
| #endif
| #define HAVE_ALLOCA 1
| #define GNULIB_TEST_GETLOADAVG 1
| /* end confdefs.h.  */
| 
| #if !defined _WIN32 && !defined __WIN32__ && !defined __MSDOS__ && !defined __EMX__ && !defined __MSYS__ && !defined __CYGWIN__
| neither MSDOS nor Windows nor OS2
| #endif
| 
| int
| main (void)
| {
| 
|   ;
|   return 0;
| }
configure:9290: result: no
configure:9301: checking for bool, true, false
configure:9316: x86_64-unknown-linux-musl-gcc -c -g -O2 -D__GNU_LIBRARY__=1 -Dgetenv=getenv -I/home/samson/Projects/clojv3/./store/musl-1.2.6/include conftest.c >&5
configure:9316: $? = 0
configure:9324: result: yes
configure:9432: checking for ranlib
configure:9464: result: ranlib
configure:9491: checking how to run the C preprocessor
configure:9559: result: x86_64-unknown-linux-musl-gcc -E
configure:9573: x86_64-unknown-linux-musl-gcc -E -D__GNU_LIBRARY__=1 -Dgetenv=getenv -I/home/samson/Projects/clojv3/./store/musl-1.2.6/include conftest.c
configure:9573: $? = 0
configure:9588: x86_64-unknown-linux-musl-gcc -E -D__GNU_LIBRARY__=1 -Dgetenv=getenv -I/home/samson/Projects/clojv3/./store/musl-1.2.6/include conftest.c
conftest.c:53:10: fatal error: ac_nonexistent.h: No such file or directory
   53 | #include <ac_nonexistent.h>
      |          ^~~~~~~~~~~~~~~~~~
compilation terminated.
configure:9588: $? = 1
configure: failed program was:
| /* confdefs.h */
| #define PACKAGE_NAME "GNU Make"
| #define PACKAGE_TARNAME "make"
| #define PACKAGE_VERSION "4.4.1"
| #define PACKAGE_STRING "GNU Make 4.4.1"
| #define PACKAGE_BUGREPORT "bug-make@gnu.org"
| #define PACKAGE_URL "https://www.gnu.org/software/make/"
| #define PACKAGE "make"
| #define VERSION "4.4.1"
| #define HAVE_STDIO_H 1
| #define HAVE_STDLIB_H 1
| #define HAVE_STRING_H 1
| #define HAVE_INTTYPES_H 1
| #define HAVE_STDINT_H 1
| #define HAVE_STRINGS_H 1
| #define HAVE_SYS_STAT_H 1
| #define HAVE_SYS_TYPES_H 1
| #define HAVE_UNISTD_H 1
| #define HAVE_WCHAR_H 1
| #define HAVE_SYS_PARAM_H 1
| #define HAVE_STDBOOL_H 1
| #define STDC_HEADERS 1
| #define _ALL_SOURCE 1
| #define _DARWIN_C_SOURCE 1
| #define _GNU_SOURCE 1
| #define _HPUX_ALT_XOPEN_SOCKET_API 1
| #define _NETBSD_SOURCE 1
| #define _OPENBSD_SOURCE 1
| #define _POSIX_PTHREAD_SEMANTICS 1
| #define __STDC_WANT_IEC_60559_ATTRIBS_EXT__ 1
| #define __STDC_WANT_IEC_60559_BFP_EXT__ 1
| #define __STDC_WANT_IEC_60559_DFP_EXT__ 1
| #define __STDC_WANT_IEC_60559_EXT__ 1
| #define __STDC_WANT_IEC_60559_FUNCS_EXT__ 1
| #define __STDC_WANT_IEC_60559_TYPES_EXT__ 1
| #define __STDC_WANT_LIB_EXT2__ 1
| #define __STDC_WANT_MATH_SPEC_FUNCS__ 1
| #define _TANDEM_SOURCE 1
| #define __EXTENSIONS__ 1
| #define MAKE_CXX "g++"
| #define HAVE_ALLOCA_H 1
| #define HAVE_ALLOCA 1
| #ifndef __x86_64__
| #define __x86_64__ 1
| #endif
| #ifndef __x86_64__
| #define __x86_64__ 1
| #endif
| #define HAVE_ALLOCA 1
| #define GNULIB_TEST_GETLOADAVG 1
| #define HAVE_C_BOOL 1
| /* end confdefs.h.  */
| #include <ac_nonexistent.h>
configure:9620: checking for ar
configure:9653: result: ar
configure:9664: checking for perl
configure:9685: found /run/current-system/sw/bin/perl
configure:9697: result: perl
configure:9708: checking whether byte ordering is bigendian
configure:9724: x86_64-unknown-linux-musl-gcc -c -g -O2 -D__GNU_LIBRARY__=1 -Dgetenv=getenv -I/home/samson/Projects/clojv3/./store/musl-1.2.6/include conftest.c >&5
conftest.c:54:16: error: unknown type name 'not'
   54 |                not a universal capable compiler
      |                ^~~
conftest.c:54:22: error: expected '=', ',', ';', 'asm' or '__attribute__' before 'universal'
   54 |                not a universal capable compiler
      |                      ^~~~~~~~~
conftest.c:54:22: error: unknown type name 'universal'
configure:9724: $? = 1
configure: failed program was:
| /* confdefs.h */
| #define PACKAGE_NAME "GNU Make"
| #define PACKAGE_TARNAME "make"
| #define PACKAGE_VERSION "4.4.1"
| #define PACKAGE_STRING "GNU Make 4.4.1"
| #define PACKAGE_BUGREPORT "bug-make@gnu.org"
| #define PACKAGE_URL "https://www.gnu.org/software/make/"
| #define PACKAGE "make"
| #define VERSION "4.4.1"
| #define HAVE_STDIO_H 1
| #define HAVE_STDLIB_H 1
| #define HAVE_STRING_H 1
| #define HAVE_INTTYPES_H 1
| #define HAVE_STDINT_H 1
| #define HAVE_STRINGS_H 1
| #define HAVE_SYS_STAT_H 1
| #define HAVE_SYS_TYPES_H 1
| #define HAVE_UNISTD_H 1
| #define HAVE_WCHAR_H 1
| #define HAVE_SYS_PARAM_H 1
| #define HAVE_STDBOOL_H 1
| #define STDC_HEADERS 1
| #define _ALL_SOURCE 1
| #define _DARWIN_C_SOURCE 1
| #define _GNU_SOURCE 1
| #define _HPUX_ALT_XOPEN_SOCKET_API 1
| #define _NETBSD_SOURCE 1
| #define _OPENBSD_SOURCE 1
| #define _POSIX_PTHREAD_SEMANTICS 1
| #define __STDC_WANT_IEC_60559_ATTRIBS_EXT__ 1
| #define __STDC_WANT_IEC_60559_BFP_EXT__ 1
| #define __STDC_WANT_IEC_60559_DFP_EXT__ 1
| #define __STDC_WANT_IEC_60559_EXT__ 1
| #define __STDC_WANT_IEC_60559_FUNCS_EXT__ 1
| #define __STDC_WANT_IEC_60559_TYPES_EXT__ 1
| #define __STDC_WANT_LIB_EXT2__ 1
| #define __STDC_WANT_MATH_SPEC_FUNCS__ 1
| #define _TANDEM_SOURCE 1
| #define __EXTENSIONS__ 1
| #define MAKE_CXX "g++"
| #define HAVE_ALLOCA_H 1
| #define HAVE_ALLOCA 1
| #ifndef __x86_64__
| #define __x86_64__ 1
| #endif
| #ifndef __x86_64__
| #define __x86_64__ 1
| #endif
| #define HAVE_ALLOCA 1
| #define GNULIB_TEST_GETLOADAVG 1
| #define HAVE_C_BOOL 1
| /* end confdefs.h.  */
| #ifndef __APPLE_CC__
| 	       not a universal capable compiler
| 	     #endif
| 	     typedef int dummy;
| 
configure:9770: x86_64-unknown-linux-musl-gcc -c -g -O2 -D__GNU_LIBRARY__=1 -Dgetenv=getenv -I/home/samson/Projects/clojv3/./store/musl-1.2.6/include conftest.c >&5
configure:9770: $? = 0
configure:9789: x86_64-unknown-linux-musl-gcc -c -g -O2 -D__GNU_LIBRARY__=1 -Dgetenv=getenv -I/home/samson/Projects/clojv3/./store/musl-1.2.6/include conftest.c >&5
conftest.c: In function 'main':
conftest.c:60:18: error: unknown type name 'not'; did you mean 'ino_t'?
   60 |                  not big endian
      |                  ^~~
      |                  ino_t
conftest.c:60:26: error: expected '=', ',', ';', 'asm' or '__attribute__' before 'endian'
   60 |                  not big endian
      |                          ^~~~~~
configure:9789: $? = 1
configure: failed program was:
| /* confdefs.h */
| #define PACKAGE_NAME "GNU Make"
| #define PACKAGE_TARNAME "make"
| #define PACKAGE_VERSION "4.4.1"
| #define PACKAGE_STRING "GNU Make 4.4.1"
| #define PACKAGE_BUGREPORT "bug-make@gnu.org"
| #define PACKAGE_URL "https://www.gnu.org/software/make/"
| #define PACKAGE "make"
| #define VERSION "4.4.1"
| #define HAVE_STDIO_H 1
| #define HAVE_STDLIB_H 1
| #define HAVE_STRING_H 1
| #define HAVE_INTTYPES_H 1
| #define HAVE_STDINT_H 1
| #define HAVE_STRINGS_H 1
| #define HAVE_SYS_STAT_H 1
| #define HAVE_SYS_TYPES_H 1
| #define HAVE_UNISTD_H 1
| #define HAVE_WCHAR_H 1
| #define HAVE_SYS_PARAM_H 1
| #define HAVE_STDBOOL_H 1
| #define STDC_HEADERS 1
| #define _ALL_SOURCE 1
| #define _DARWIN_C_SOURCE 1
| #define _GNU_SOURCE 1
| #define _HPUX_ALT_XOPEN_SOCKET_API 1
| #define _NETBSD_SOURCE 1
| #define _OPENBSD_SOURCE 1
| #define _POSIX_PTHREAD_SEMANTICS 1
| #define __STDC_WANT_IEC_60559_ATTRIBS_EXT__ 1
| #define __STDC_WANT_IEC_60559_BFP_EXT__ 1
| #define __STDC_WANT_IEC_60559_DFP_EXT__ 1
| #define __STDC_WANT_IEC_60559_EXT__ 1
| #define __STDC_WANT_IEC_60559_FUNCS_EXT__ 1
| #define __STDC_WANT_IEC_60559_TYPES_EXT__ 1
| #define __STDC_WANT_LIB_EXT2__ 1
| #define __STDC_WANT_MATH_SPEC_FUNCS__ 1
| #define _TANDEM_SOURCE 1
| #define __EXTENSIONS__ 1
| #define MAKE_CXX "g++"
| #define HAVE_ALLOCA_H 1
| #define HAVE_ALLOCA 1
| #ifndef __x86_64__
| #define __x86_64__ 1
| #endif
| #ifndef __x86_64__
| #define __x86_64__ 1
| #endif
| #define HAVE_ALLOCA 1
| #define GNULIB_TEST_GETLOADAVG 1
| #define HAVE_C_BOOL 1
| /* end confdefs.h.  */
| #include <sys/types.h>
| 		#include <sys/param.h>
| 
| int
| main (void)
| {
| #if BYTE_ORDER != BIG_ENDIAN
| 		 not big endian
| 		#endif
| 
|   ;
|   return 0;
| }
configure:9923: result: no
configure:9944: checking for a sed that does not truncate output
configure:10014: result: /nix/store/qf2wzyq4irhgyhnq3s2hz0ldjq3w8a3x-gnused-4.10/bin/sed
configure:10020: checking whether NLS is requested
configure:10030: result: yes
configure:10070: checking for msgfmt
configure:10106: result: no
configure:10112: checking for gmsgfmt
configure:10148: result: :
configure:10198: checking for xgettext
configure:10234: result: no
configure:10276: checking for msgmerge
configure:10311: result: no
configure:10367: checking for ld used by x86_64-unknown-linux-musl-gcc
configure:10435: result: ld
configure:10442: checking if the linker (ld) is GNU ld
configure:10458: result: yes
configure:10466: checking for shared library run path origin
configure:10480: result: done
configure:11056: checking for CFPreferencesCopyAppValue
configure:11075: x86_64-unknown-linux-musl-gcc -o conftest -g -O2 -D__GNU_LIBRARY__=1 -Dgetenv=getenv -I/home/samson/Projects/clojv3/./store/musl-1.2.6/include -B/home/samson/Projects/clojv3/./store/musl-1.2.6/lib -L/home/samson/Projects/clojv3/./store/musl-1.2.6/lib -Wl,-rpath,/home/samson/Projects/clojv3/./store/musl-1.2.6/lib -Wl,-dynamic-linker,/home/samson/Projects/clojv3/./store/musl-1.2.6/lib/libc.so conftest.c  -Wl,-framework -Wl,CoreFoundation >&5
conftest.c:53:10: fatal error: CoreFoundation/CFPreferences.h: No such file or directory
   53 | #include <CoreFoundation/CFPreferences.h>
      |          ^~~~~~~~~~~~~~~~~~~~~~~~~~~~~~~~
compilation terminated.
configure:11075: $? = 1
configure: failed program was:
| /* confdefs.h */
| #define PACKAGE_NAME "GNU Make"
| #define PACKAGE_TARNAME "make"
| #define PACKAGE_VERSION "4.4.1"
| #define PACKAGE_STRING "GNU Make 4.4.1"
| #define PACKAGE_BUGREPORT "bug-make@gnu.org"
| #define PACKAGE_URL "https://www.gnu.org/software/make/"
| #define PACKAGE "make"
| #define VERSION "4.4.1"
| #define HAVE_STDIO_H 1
| #define HAVE_STDLIB_H 1
| #define HAVE_STRING_H 1
| #define HAVE_INTTYPES_H 1
| #define HAVE_STDINT_H 1
| #define HAVE_STRINGS_H 1
| #define HAVE_SYS_STAT_H 1
| #define HAVE_SYS_TYPES_H 1
| #define HAVE_UNISTD_H 1
| #define HAVE_WCHAR_H 1
| #define HAVE_SYS_PARAM_H 1
| #define HAVE_STDBOOL_H 1
| #define STDC_HEADERS 1
| #define _ALL_SOURCE 1
| #define _DARWIN_C_SOURCE 1
| #define _GNU_SOURCE 1
| #define _HPUX_ALT_XOPEN_SOCKET_API 1
| #define _NETBSD_SOURCE 1
| #define _OPENBSD_SOURCE 1
| #define _POSIX_PTHREAD_SEMANTICS 1
| #define __STDC_WANT_IEC_60559_ATTRIBS_EXT__ 1
| #define __STDC_WANT_IEC_60559_BFP_EXT__ 1
| #define __STDC_WANT_IEC_60559_DFP_EXT__ 1
| #define __STDC_WANT_IEC_60559_EXT__ 1
| #define __STDC_WANT_IEC_60559_FUNCS_EXT__ 1
| #define __STDC_WANT_IEC_60559_TYPES_EXT__ 1
| #define __STDC_WANT_LIB_EXT2__ 1
| #define __STDC_WANT_MATH_SPEC_FUNCS__ 1
| #define _TANDEM_SOURCE 1
| #define __EXTENSIONS__ 1
| #define MAKE_CXX "g++"
| #define HAVE_ALLOCA_H 1
| #define HAVE_ALLOCA 1
| #ifndef __x86_64__
| #define __x86_64__ 1
| #endif
| #ifndef __x86_64__
| #define __x86_64__ 1
| #endif
| #define HAVE_ALLOCA 1
| #define GNULIB_TEST_GETLOADAVG 1
| #define HAVE_C_BOOL 1
| /* end confdefs.h.  */
| #include <CoreFoundation/CFPreferences.h>
| int
| main (void)
| {
| CFPreferencesCopyAppValue(NULL, NULL)
|   ;
|   return 0;
| }
configure:11085: result: no
configure:11092: checking for CFLocaleCopyCurrent
configure:11111: x86_64-unknown-linux-musl-gcc -o conftest -g -O2 -D__GNU_LIBRARY__=1 -Dgetenv=getenv -I/home/samson/Projects/clojv3/./store/musl-1.2.6/include -B/home/samson/Projects/clojv3/./store/musl-1.2.6/lib -L/home/samson/Projects/clojv3/./store/musl-1.2.6/lib -Wl,-rpath,/home/samson/Projects/clojv3/./store/musl-1.2.6/lib -Wl,-dynamic-linker,/home/samson/Projects/clojv3/./store/musl-1.2.6/lib/libc.so conftest.c  -Wl,-framework -Wl,CoreFoundation >&5
conftest.c:53:10: fatal error: CoreFoundation/CFLocale.h: No such file or directory
   53 | #include <CoreFoundation/CFLocale.h>
      |          ^~~~~~~~~~~~~~~~~~~~~~~~~~~
compilation terminated.
configure:11111: $? = 1
configure: failed program was:
| /* confdefs.h */
| #define PACKAGE_NAME "GNU Make"
| #define PACKAGE_TARNAME "make"
| #define PACKAGE_VERSION "4.4.1"
| #define PACKAGE_STRING "GNU Make 4.4.1"
| #define PACKAGE_BUGREPORT "bug-make@gnu.org"
| #define PACKAGE_URL "https://www.gnu.org/software/make/"
| #define PACKAGE "make"
| #define VERSION "4.4.1"
| #define HAVE_STDIO_H 1
| #define HAVE_STDLIB_H 1
| #define HAVE_STRING_H 1
| #define HAVE_INTTYPES_H 1
| #define HAVE_STDINT_H 1
| #define HAVE_STRINGS_H 1
| #define HAVE_SYS_STAT_H 1
| #define HAVE_SYS_TYPES_H 1
| #define HAVE_UNISTD_H 1
| #define HAVE_WCHAR_H 1
| #define HAVE_SYS_PARAM_H 1
| #define HAVE_STDBOOL_H 1
| #define STDC_HEADERS 1
| #define _ALL_SOURCE 1
| #define _DARWIN_C_SOURCE 1
| #define _GNU_SOURCE 1
| #define _HPUX_ALT_XOPEN_SOCKET_API 1
| #define _NETBSD_SOURCE 1
| #define _OPENBSD_SOURCE 1
| #define _POSIX_PTHREAD_SEMANTICS 1
| #define __STDC_WANT_IEC_60559_ATTRIBS_EXT__ 1
| #define __STDC_WANT_IEC_60559_BFP_EXT__ 1
| #define __STDC_WANT_IEC_60559_DFP_EXT__ 1
| #define __STDC_WANT_IEC_60559_EXT__ 1
| #define __STDC_WANT_IEC_60559_FUNCS_EXT__ 1
| #define __STDC_WANT_IEC_60559_TYPES_EXT__ 1
| #define __STDC_WANT_LIB_EXT2__ 1
| #define __STDC_WANT_MATH_SPEC_FUNCS__ 1
| #define _TANDEM_SOURCE 1
| #define __EXTENSIONS__ 1
| #define MAKE_CXX "g++"
| #define HAVE_ALLOCA_H 1
| #define HAVE_ALLOCA 1
| #ifndef __x86_64__
| #define __x86_64__ 1
| #endif
| #ifndef __x86_64__
| #define __x86_64__ 1
| #endif
| #define HAVE_ALLOCA 1
| #define GNULIB_TEST_GETLOADAVG 1
| #define HAVE_C_BOOL 1
| /* end confdefs.h.  */
| #include <CoreFoundation/CFLocale.h>
| int
| main (void)
| {
| CFLocaleCopyCurrent();
|   ;
|   return 0;
| }
configure:11121: result: no
configure:11170: checking for GNU gettext in libc
configure:11195: x86_64-unknown-linux-musl-gcc -o conftest -g -O2 -D__GNU_LIBRARY__=1 -Dgetenv=getenv -I/home/samson/Projects/clojv3/./store/musl-1.2.6/include -B/home/samson/Projects/clojv3/./store/musl-1.2.6/lib -L/home/samson/Projects/clojv3/./store/musl-1.2.6/lib -Wl,-rpath,/home/samson/Projects/clojv3/./store/musl-1.2.6/lib -Wl,-dynamic-linker,/home/samson/Projects/clojv3/./store/musl-1.2.6/lib/libc.so conftest.c  >&5
/nix/store/60lv8wlcr99wv4ck3sk9fzcbb4jbk2n6-x86_64-unknown-linux-musl-binutils-2.46/bin/x86_64-unknown-linux-musl-ld.bfd: /tmp/ccsfEvuE.o: in function `main':
/home/samson/Projects/clojv3/store/tmp/make-4.4.1/make-4.4.1/conftest.c:64:(.text.startup+0x26): undefined reference to `_nl_domain_bindings'
/nix/store/60lv8wlcr99wv4ck3sk9fzcbb4jbk2n6-x86_64-unknown-linux-musl-binutils-2.46/bin/x86_64-unknown-linux-musl-ld.bfd: /home/samson/Projects/clojv3/store/tmp/make-4.4.1/make-4.4.1/conftest.c:64:(.text.startup+0x33): undefined reference to `_nl_msg_cat_cntr'
collect2: error: ld returned 1 exit status
configure:11195: $? = 1
configure: failed program was:
| /* confdefs.h */
| #define PACKAGE_NAME "GNU Make"
| #define PACKAGE_TARNAME "make"
| #define PACKAGE_VERSION "4.4.1"
| #define PACKAGE_STRING "GNU Make 4.4.1"
| #define PACKAGE_BUGREPORT "bug-make@gnu.org"
| #define PACKAGE_URL "https://www.gnu.org/software/make/"
| #define PACKAGE "make"
| #define VERSION "4.4.1"
| #define HAVE_STDIO_H 1
| #define HAVE_STDLIB_H 1
| #define HAVE_STRING_H 1
| #define HAVE_INTTYPES_H 1
| #define HAVE_STDINT_H 1
| #define HAVE_STRINGS_H 1
| #define HAVE_SYS_STAT_H 1
| #define HAVE_SYS_TYPES_H 1
| #define HAVE_UNISTD_H 1
| #define HAVE_WCHAR_H 1
| #define HAVE_SYS_PARAM_H 1
| #define HAVE_STDBOOL_H 1
| #define STDC_HEADERS 1
| #define _ALL_SOURCE 1
| #define _DARWIN_C_SOURCE 1
| #define _GNU_SOURCE 1
| #define _HPUX_ALT_XOPEN_SOCKET_API 1
| #define _NETBSD_SOURCE 1
| #define _OPENBSD_SOURCE 1
| #define _POSIX_PTHREAD_SEMANTICS 1
| #define __STDC_WANT_IEC_60559_ATTRIBS_EXT__ 1
| #define __STDC_WANT_IEC_60559_BFP_EXT__ 1
| #define __STDC_WANT_IEC_60559_DFP_EXT__ 1
| #define __STDC_WANT_IEC_60559_EXT__ 1
| #define __STDC_WANT_IEC_60559_FUNCS_EXT__ 1
| #define __STDC_WANT_IEC_60559_TYPES_EXT__ 1
| #define __STDC_WANT_LIB_EXT2__ 1
| #define __STDC_WANT_MATH_SPEC_FUNCS__ 1
| #define _TANDEM_SOURCE 1
| #define __EXTENSIONS__ 1
| #define MAKE_CXX "g++"
| #define HAVE_ALLOCA_H 1
| #define HAVE_ALLOCA 1
| #ifndef __x86_64__
| #define __x86_64__ 1
| #endif
| #ifndef __x86_64__
| #define __x86_64__ 1
| #endif
| #define HAVE_ALLOCA 1
| #define GNULIB_TEST_GETLOADAVG 1
| #define HAVE_C_BOOL 1
| /* end confdefs.h.  */
| 
| #include <libintl.h>
| 
| extern int _nl_msg_cat_cntr;
| extern int *_nl_domain_bindings;
| 
| int
| main (void)
| {
| 
| bindtextdomain ("", "");
| return * gettext ("") + _nl_msg_cat_cntr + *_nl_domain_bindings
| 
|   ;
|   return 0;
| }
configure:11205: result: no
configure:11239: checking for iconv
configure:11264: x86_64-unknown-linux-musl-gcc -o conftest -g -O2 -D__GNU_LIBRARY__=1 -Dgetenv=getenv -I/home/samson/Projects/clojv3/./store/musl-1.2.6/include -B/home/samson/Projects/clojv3/./store/musl-1.2.6/lib -L/home/samson/Projects/clojv3/./store/musl-1.2.6/lib -Wl,-rpath,/home/samson/Projects/clojv3/./store/musl-1.2.6/lib -Wl,-dynamic-linker,/home/samson/Projects/clojv3/./store/musl-1.2.6/lib/libc.so conftest.c  >&5
configure:11264: $? = 0
configure:11300: result: yes
configure:11303: checking for working iconv
configure:11434: x86_64-unknown-linux-musl-gcc -o conftest -g -O2 -D__GNU_LIBRARY__=1 -Dgetenv=getenv -I/home/samson/Projects/clojv3/./store/musl-1.2.6/include -B/home/samson/Projects/clojv3/./store/musl-1.2.6/lib -L/home/samson/Projects/clojv3/./store/musl-1.2.6/lib -Wl,-rpath,/home/samson/Projects/clojv3/./store/musl-1.2.6/lib -Wl,-dynamic-linker,/home/samson/Projects/clojv3/./store/musl-1.2.6/lib/libc.so conftest.c  >&5
configure:11434: $? = 0
configure:11434: ./conftest
configure:11434: $? = 0
configure:11447: result: yes
configure:11937: checking for GNU gettext in libintl
configure:11970: x86_64-unknown-linux-musl-gcc -o conftest -g -O2 -D__GNU_LIBRARY__=1 -Dgetenv=getenv -I/home/samson/Projects/clojv3/./store/musl-1.2.6/include  -B/home/samson/Projects/clojv3/./store/musl-1.2.6/lib -L/home/samson/Projects/clojv3/./store/musl-1.2.6/lib -Wl,-rpath,/home/samson/Projects/clojv3/./store/musl-1.2.6/lib -Wl,-dynamic-linker,/home/samson/Projects/clojv3/./store/musl-1.2.6/lib/libc.so conftest.c  -lintl >&5
/nix/store/60lv8wlcr99wv4ck3sk9fzcbb4jbk2n6-x86_64-unknown-linux-musl-binutils-2.46/bin/x86_64-unknown-linux-musl-ld.bfd: cannot find -lintl: No such file or directory
collect2: error: ld returned 1 exit status
configure:11970: $? = 1
configure: failed program was:
| /* confdefs.h */
| #define PACKAGE_NAME "GNU Make"
| #define PACKAGE_TARNAME "make"
| #define PACKAGE_VERSION "4.4.1"
| #define PACKAGE_STRING "GNU Make 4.4.1"
| #define PACKAGE_BUGREPORT "bug-make@gnu.org"
| #define PACKAGE_URL "https://www.gnu.org/software/make/"
| #define PACKAGE "make"
| #define VERSION "4.4.1"
| #define HAVE_STDIO_H 1
| #define HAVE_STDLIB_H 1
| #define HAVE_STRING_H 1
| #define HAVE_INTTYPES_H 1
| #define HAVE_STDINT_H 1
| #define HAVE_STRINGS_H 1
| #define HAVE_SYS_STAT_H 1
| #define HAVE_SYS_TYPES_H 1
| #define HAVE_UNISTD_H 1
| #define HAVE_WCHAR_H 1
| #define HAVE_SYS_PARAM_H 1
| #define HAVE_STDBOOL_H 1
| #define STDC_HEADERS 1
| #define _ALL_SOURCE 1
| #define _DARWIN_C_SOURCE 1
| #define _GNU_SOURCE 1
| #define _HPUX_ALT_XOPEN_SOCKET_API 1
| #define _NETBSD_SOURCE 1
| #define _OPENBSD_SOURCE 1
| #define _POSIX_PTHREAD_SEMANTICS 1
| #define __STDC_WANT_IEC_60559_ATTRIBS_EXT__ 1
| #define __STDC_WANT_IEC_60559_BFP_EXT__ 1
| #define __STDC_WANT_IEC_60559_DFP_EXT__ 1
| #define __STDC_WANT_IEC_60559_EXT__ 1
| #define __STDC_WANT_IEC_60559_FUNCS_EXT__ 1
| #define __STDC_WANT_IEC_60559_TYPES_EXT__ 1
| #define __STDC_WANT_LIB_EXT2__ 1
| #define __STDC_WANT_MATH_SPEC_FUNCS__ 1
| #define _TANDEM_SOURCE 1
| #define __EXTENSIONS__ 1
| #define MAKE_CXX "g++"
| #define HAVE_ALLOCA_H 1
| #define HAVE_ALLOCA 1
| #ifndef __x86_64__
| #define __x86_64__ 1
| #endif
| #ifndef __x86_64__
| #define __x86_64__ 1
| #endif
| #define HAVE_ALLOCA 1
| #define GNULIB_TEST_GETLOADAVG 1
| #define HAVE_C_BOOL 1
| #define HAVE_ICONV 1
| /* end confdefs.h.  */
| 
| #include <libintl.h>
| 
| extern int _nl_msg_cat_cntr;
| extern
| #ifdef __cplusplus
| "C"
| #endif
| const char *_nl_expand_alias (const char *);
| 
| int
| main (void)
| {
| 
| bindtextdomain ("", "");
| return * gettext ("") + _nl_msg_cat_cntr + *_nl_expand_alias ("")
| 
|   ;
|   return 0;
| }
configure:12017: result: no
configure:12052: checking whether to use NLS
configure:12054: result: no
configure:12127: checking for library containing strerror
configure:12157: x86_64-unknown-linux-musl-gcc -o conftest -g -O2 -D__GNU_LIBRARY__=1 -Dgetenv=getenv -I/home/samson/Projects/clojv3/./store/musl-1.2.6/include -B/home/samson/Projects/clojv3/./store/musl-1.2.6/lib -L/home/samson/Projects/clojv3/./store/musl-1.2.6/lib -Wl,-rpath,/home/samson/Projects/clojv3/./store/musl-1.2.6/lib -Wl,-dynamic-linker,/home/samson/Projects/clojv3/./store/musl-1.2.6/lib/libc.so conftest.c  >&5
configure:12157: $? = 0
configure:12177: result: none required
configure:12186: checking for library containing getpwnam
configure:12216: x86_64-unknown-linux-musl-gcc -o conftest -g -O2 -D__GNU_LIBRARY__=1 -Dgetenv=getenv -I/home/samson/Projects/clojv3/./store/musl-1.2.6/include -B/home/samson/Projects/clojv3/./store/musl-1.2.6/lib -L/home/samson/Projects/clojv3/./store/musl-1.2.6/lib -Wl,-rpath,/home/samson/Projects/clojv3/./store/musl-1.2.6/lib -Wl,-dynamic-linker,/home/samson/Projects/clojv3/./store/musl-1.2.6/lib/libc.so conftest.c  >&5
configure:12216: $? = 0
configure:12236: result: none required
configure:12249: checking for dirent.h that defines DIR
configure:12269: x86_64-unknown-linux-musl-gcc -c -g -O2 -D__GNU_LIBRARY__=1 -Dgetenv=getenv -I/home/samson/Projects/clojv3/./store/musl-1.2.6/include conftest.c >&5
configure:12269: $? = 0
configure:12278: result: yes
configure:12292: checking for library containing opendir
configure:12322: x86_64-unknown-linux-musl-gcc -o conftest -g -O2 -D__GNU_LIBRARY__=1 -Dgetenv=getenv -I/home/samson/Projects/clojv3/./store/musl-1.2.6/include -B/home/samson/Projects/clojv3/./store/musl-1.2.6/lib -L/home/samson/Projects/clojv3/./store/musl-1.2.6/lib -Wl,-rpath,/home/samson/Projects/clojv3/./store/musl-1.2.6/lib -Wl,-dynamic-linker,/home/samson/Projects/clojv3/./store/musl-1.2.6/lib/libc.so conftest.c  >&5
configure:12322: $? = 0
configure:12342: result: none required
configure:12413: checking whether stat file-mode macros are broken
configure:12441: x86_64-unknown-linux-musl-gcc -c -g -O2 -D__GNU_LIBRARY__=1 -Dgetenv=getenv -I/home/samson/Projects/clojv3/./store/musl-1.2.6/include conftest.c >&5
configure:12441: $? = 0
configure:12449: result: no
configure:12458: checking for stdlib.h
configure:12458: result: yes
configure:12464: checking for string.h
configure:12464: result: yes
configure:12470: checking for strings.h
configure:12470: result: yes
configure:12476: checking for locale.h
configure:12476: x86_64-unknown-linux-musl-gcc -c -g -O2 -D__GNU_LIBRARY__=1 -Dgetenv=getenv -I/home/samson/Projects/clojv3/./store/musl-1.2.6/include conftest.c >&5
configure:12476: $? = 0
configure:12476: result: yes
configure:12482: checking for unistd.h
configure:12482: result: yes
configure:12488: checking for limits.h
configure:12488: x86_64-unknown-linux-musl-gcc -c -g -O2 -D__GNU_LIBRARY__=1 -Dgetenv=getenv -I/home/samson/Projects/clojv3/./store/musl-1.2.6/include conftest.c >&5
configure:12488: $? = 0
configure:12488: result: yes
configure:12494: checking for memory.h
configure:12494: x86_64-unknown-linux-musl-gcc -c -g -O2 -D__GNU_LIBRARY__=1 -Dgetenv=getenv -I/home/samson/Projects/clojv3/./store/musl-1.2.6/include conftest.c >&5
configure:12494: $? = 0
configure:12494: result: yes
configure:12500: checking for sys/param.h
configure:12500: result: yes
configure:12506: checking for sys/resource.h
configure:12506: x86_64-unknown-linux-musl-gcc -c -g -O2 -D__GNU_LIBRARY__=1 -Dgetenv=getenv -I/home/samson/Projects/clojv3/./store/musl-1.2.6/include conftest.c >&5
configure:12506: $? = 0
configure:12506: result: yes
configure:12512: checking for sys/timeb.h
configure:12512: x86_64-unknown-linux-musl-gcc -c -g -O2 -D__GNU_LIBRARY__=1 -Dgetenv=getenv -I/home/samson/Projects/clojv3/./store/musl-1.2.6/include conftest.c >&5
configure:12512: $? = 0
configure:12512: result: yes
configure:12518: checking for sys/time.h
configure:12518: x86_64-unknown-linux-musl-gcc -c -g -O2 -D__GNU_LIBRARY__=1 -Dgetenv=getenv -I/home/samson/Projects/clojv3/./store/musl-1.2.6/include conftest.c >&5
configure:12518: $? = 0
configure:12518: result: yes
configure:12524: checking for sys/select.h
configure:12524: x86_64-unknown-linux-musl-gcc -c -g -O2 -D__GNU_LIBRARY__=1 -Dgetenv=getenv -I/home/samson/Projects/clojv3/./store/musl-1.2.6/include conftest.c >&5
configure:12524: $? = 0
configure:12524: result: yes
configure:12530: checking for sys/file.h
configure:12530: x86_64-unknown-linux-musl-gcc -c -g -O2 -D__GNU_LIBRARY__=1 -Dgetenv=getenv -I/home/samson/Projects/clojv3/./store/musl-1.2.6/include conftest.c >&5
configure:12530: $? = 0
configure:12530: result: yes
configure:12536: checking for fcntl.h
configure:12536: x86_64-unknown-linux-musl-gcc -c -g -O2 -D__GNU_LIBRARY__=1 -Dgetenv=getenv -I/home/samson/Projects/clojv3/./store/musl-1.2.6/include conftest.c >&5
configure:12536: $? = 0
configure:12536: result: yes
configure:12542: checking for spawn.h
configure:12542: x86_64-unknown-linux-musl-gcc -c -g -O2 -D__GNU_LIBRARY__=1 -Dgetenv=getenv -I/home/samson/Projects/clojv3/./store/musl-1.2.6/include conftest.c >&5
configure:12542: $? = 0
configure:12542: result: yes
configure:12551: checking for an ANSI C-conforming const
configure:12618: x86_64-unknown-linux-musl-gcc -c -g -O2 -D__GNU_LIBRARY__=1 -Dgetenv=getenv -I/home/samson/Projects/clojv3/./store/musl-1.2.6/include conftest.c >&5
configure:12618: $? = 0
configure:12626: result: yes
configure:12634: checking for uid_t in sys/types.h
configure:12655: result: yes
configure:12667: checking for pid_t
configure:12667: x86_64-unknown-linux-musl-gcc -c -g -O2 -D__GNU_LIBRARY__=1 -Dgetenv=getenv -I/home/samson/Projects/clojv3/./store/musl-1.2.6/include conftest.c >&5
configure:12667: $? = 0
configure:12667: x86_64-unknown-linux-musl-gcc -c -g -O2 -D__GNU_LIBRARY__=1 -Dgetenv=getenv -I/home/samson/Projects/clojv3/./store/musl-1.2.6/include conftest.c >&5
conftest.c: In function 'main':
conftest.c:102:20: error: expected expression before ')' token
  102 | if (sizeof ((pid_t)))
      |                    ^
configure:12667: $? = 1
configure: failed program was:
| /* confdefs.h */
| #define PACKAGE_NAME "GNU Make"
| #define PACKAGE_TARNAME "make"
| #define PACKAGE_VERSION "4.4.1"
| #define PACKAGE_STRING "GNU Make 4.4.1"
| #define PACKAGE_BUGREPORT "bug-make@gnu.org"
| #define PACKAGE_URL "https://www.gnu.org/software/make/"
| #define PACKAGE "make"
| #define VERSION "4.4.1"
| #define HAVE_STDIO_H 1
| #define HAVE_STDLIB_H 1
| #define HAVE_STRING_H 1
| #define HAVE_INTTYPES_H 1
| #define HAVE_STDINT_H 1
| #define HAVE_STRINGS_H 1
| #define HAVE_SYS_STAT_H 1
| #define HAVE_SYS_TYPES_H 1
| #define HAVE_UNISTD_H 1
| #define HAVE_WCHAR_H 1
| #define HAVE_SYS_PARAM_H 1
| #define HAVE_STDBOOL_H 1
| #define STDC_HEADERS 1
| #define _ALL_SOURCE 1
| #define _DARWIN_C_SOURCE 1
| #define _GNU_SOURCE 1
| #define _HPUX_ALT_XOPEN_SOCKET_API 1
| #define _NETBSD_SOURCE 1
| #define _OPENBSD_SOURCE 1
| #define _POSIX_PTHREAD_SEMANTICS 1
| #define __STDC_WANT_IEC_60559_ATTRIBS_EXT__ 1
| #define __STDC_WANT_IEC_60559_BFP_EXT__ 1
| #define __STDC_WANT_IEC_60559_DFP_EXT__ 1
| #define __STDC_WANT_IEC_60559_EXT__ 1
| #define __STDC_WANT_IEC_60559_FUNCS_EXT__ 1
| #define __STDC_WANT_IEC_60559_TYPES_EXT__ 1
| #define __STDC_WANT_LIB_EXT2__ 1
| #define __STDC_WANT_MATH_SPEC_FUNCS__ 1
| #define _TANDEM_SOURCE 1
| #define __EXTENSIONS__ 1
| #define MAKE_CXX "g++"
| #define HAVE_ALLOCA_H 1
| #define HAVE_ALLOCA 1
| #ifndef __x86_64__
| #define __x86_64__ 1
| #endif
| #ifndef __x86_64__
| #define __x86_64__ 1
| #endif
| #define HAVE_ALLOCA 1
| #define GNULIB_TEST_GETLOADAVG 1
| #define HAVE_C_BOOL 1
| #define HAVE_ICONV 1
| #define HAVE_DIRENT_H 1
| #define HAVE_STDLIB_H 1
| #define HAVE_STRING_H 1
| #define HAVE_STRINGS_H 1
| #define HAVE_LOCALE_H 1
| #define HAVE_UNISTD_H 1
| #define HAVE_LIMITS_H 1
| #define HAVE_MEMORY_H 1
| #define HAVE_SYS_PARAM_H 1
| #define HAVE_SYS_RESOURCE_H 1
| #define HAVE_SYS_TIMEB_H 1
| #define HAVE_SYS_TIME_H 1
| #define HAVE_SYS_SELECT_H 1
| #define HAVE_SYS_FILE_H 1
| #define HAVE_FCNTL_H 1
| #define HAVE_SPAWN_H 1
| /* end confdefs.h.  */
| #include <stddef.h>
| #ifdef HAVE_STDIO_H
| # include <stdio.h>
| #endif
| #ifdef HAVE_STDLIB_H
| # include <stdlib.h>
| #endif
| #ifdef HAVE_STRING_H
| # include <string.h>
| #endif
| #ifdef HAVE_INTTYPES_H
| # include <inttypes.h>
| #endif
| #ifdef HAVE_STDINT_H
| # include <stdint.h>
| #endif
| #ifdef HAVE_STRINGS_H
| # include <strings.h>
| #endif
| #ifdef HAVE_SYS_TYPES_H
| # include <sys/types.h>
| #endif
| #ifdef HAVE_SYS_STAT_H
| # include <sys/stat.h>
| #endif
| #ifdef HAVE_UNISTD_H
| # include <unistd.h>
| #endif
| 
| int
| main (void)
| {
| if (sizeof ((pid_t)))
| 	    return 0;
|   ;
|   return 0;
| }
configure:12667: result: yes
configure:12703: checking for off_t
configure:12703: x86_64-unknown-linux-musl-gcc -c -g -O2 -D__GNU_LIBRARY__=1 -Dgetenv=getenv -I/home/samson/Projects/clojv3/./store/musl-1.2.6/include conftest.c >&5
configure:12703: $? = 0
configure:12703: x86_64-unknown-linux-musl-gcc -c -g -O2 -D__GNU_LIBRARY__=1 -Dgetenv=getenv -I/home/samson/Projects/clojv3/./store/musl-1.2.6/include conftest.c >&5
conftest.c: In function 'main':
conftest.c:101:20: error: expected expression before ')' token
  101 | if (sizeof ((off_t)))
      |                    ^
configure:12703: $? = 1
configure: failed program was:
| /* confdefs.h */
| #define PACKAGE_NAME "GNU Make"
| #define PACKAGE_TARNAME "make"
| #define PACKAGE_VERSION "4.4.1"
| #define PACKAGE_STRING "GNU Make 4.4.1"
| #define PACKAGE_BUGREPORT "bug-make@gnu.org"
| #define PACKAGE_URL "https://www.gnu.org/software/make/"
| #define PACKAGE "make"
| #define VERSION "4.4.1"
| #define HAVE_STDIO_H 1
| #define HAVE_STDLIB_H 1
| #define HAVE_STRING_H 1
| #define HAVE_INTTYPES_H 1
| #define HAVE_STDINT_H 1
| #define HAVE_STRINGS_H 1
| #define HAVE_SYS_STAT_H 1
| #define HAVE_SYS_TYPES_H 1
| #define HAVE_UNISTD_H 1
| #define HAVE_WCHAR_H 1
| #define HAVE_SYS_PARAM_H 1
| #define HAVE_STDBOOL_H 1
| #define STDC_HEADERS 1
| #define _ALL_SOURCE 1
| #define _DARWIN_C_SOURCE 1
| #define _GNU_SOURCE 1
| #define _HPUX_ALT_XOPEN_SOCKET_API 1
| #define _NETBSD_SOURCE 1
| #define _OPENBSD_SOURCE 1
| #define _POSIX_PTHREAD_SEMANTICS 1
| #define __STDC_WANT_IEC_60559_ATTRIBS_EXT__ 1
| #define __STDC_WANT_IEC_60559_BFP_EXT__ 1
| #define __STDC_WANT_IEC_60559_DFP_EXT__ 1
| #define __STDC_WANT_IEC_60559_EXT__ 1
| #define __STDC_WANT_IEC_60559_FUNCS_EXT__ 1
| #define __STDC_WANT_IEC_60559_TYPES_EXT__ 1
| #define __STDC_WANT_LIB_EXT2__ 1
| #define __STDC_WANT_MATH_SPEC_FUNCS__ 1
| #define _TANDEM_SOURCE 1
| #define __EXTENSIONS__ 1
| #define MAKE_CXX "g++"
| #define HAVE_ALLOCA_H 1
| #define HAVE_ALLOCA 1
| #ifndef __x86_64__
| #define __x86_64__ 1
| #endif
| #ifndef __x86_64__
| #define __x86_64__ 1
| #endif
| #define HAVE_ALLOCA 1
| #define GNULIB_TEST_GETLOADAVG 1
| #define HAVE_C_BOOL 1
| #define HAVE_ICONV 1
| #define HAVE_DIRENT_H 1
| #define HAVE_STDLIB_H 1
| #define HAVE_STRING_H 1
| #define HAVE_STRINGS_H 1
| #define HAVE_LOCALE_H 1
| #define HAVE_UNISTD_H 1
| #define HAVE_LIMITS_H 1
| #define HAVE_MEMORY_H 1
| #define HAVE_SYS_PARAM_H 1
| #define HAVE_SYS_RESOURCE_H 1
| #define HAVE_SYS_TIMEB_H 1
| #define HAVE_SYS_TIME_H 1
| #define HAVE_SYS_SELECT_H 1
| #define HAVE_SYS_FILE_H 1
| #define HAVE_FCNTL_H 1
| #define HAVE_SPAWN_H 1
| /* end confdefs.h.  */
| #include <stddef.h>
| #ifdef HAVE_STDIO_H
| # include <stdio.h>
| #endif
| #ifdef HAVE_STDLIB_H
| # include <stdlib.h>
| #endif
| #ifdef HAVE_STRING_H
| # include <string.h>
| #endif
| #ifdef HAVE_INTTYPES_H
| # include <inttypes.h>
| #endif
| #ifdef HAVE_STDINT_H
| # include <stdint.h>
| #endif
| #ifdef HAVE_STRINGS_H
| # include <strings.h>
| #endif
| #ifdef HAVE_SYS_TYPES_H
| # include <sys/types.h>
| #endif
| #ifdef HAVE_SYS_STAT_H
| # include <sys/stat.h>
| #endif
| #ifdef HAVE_UNISTD_H
| # include <unistd.h>
| #endif
| int
| main (void)
| {
| if (sizeof ((off_t)))
| 	    return 0;
|   ;
|   return 0;
| }
configure:12703: result: yes
configure:12713: checking for size_t
configure:12713: result: yes
configure:12723: checking for ssize_t
configure:12723: x86_64-unknown-linux-musl-gcc -c -g -O2 -D__GNU_LIBRARY__=1 -Dgetenv=getenv -I/home/samson/Projects/clojv3/./store/musl-1.2.6/include conftest.c >&5
configure:12723: $? = 0
configure:12723: x86_64-unknown-linux-musl-gcc -c -g -O2 -D__GNU_LIBRARY__=1 -Dgetenv=getenv -I/home/samson/Projects/clojv3/./store/musl-1.2.6/include conftest.c >&5
conftest.c: In function 'main':
conftest.c:101:22: error: expected expression before ')' token
  101 | if (sizeof ((ssize_t)))
      |                      ^
configure:12723: $? = 1
configure: failed program was:
| /* confdefs.h */
| #define PACKAGE_NAME "GNU Make"
| #define PACKAGE_TARNAME "make"
| #define PACKAGE_VERSION "4.4.1"
| #define PACKAGE_STRING "GNU Make 4.4.1"
| #define PACKAGE_BUGREPORT "bug-make@gnu.org"
| #define PACKAGE_URL "https://www.gnu.org/software/make/"
| #define PACKAGE "make"
| #define VERSION "4.4.1"
| #define HAVE_STDIO_H 1
| #define HAVE_STDLIB_H 1
| #define HAVE_STRING_H 1
| #define HAVE_INTTYPES_H 1
| #define HAVE_STDINT_H 1
| #define HAVE_STRINGS_H 1
| #define HAVE_SYS_STAT_H 1
| #define HAVE_SYS_TYPES_H 1
| #define HAVE_UNISTD_H 1
| #define HAVE_WCHAR_H 1
| #define HAVE_SYS_PARAM_H 1
| #define HAVE_STDBOOL_H 1
| #define STDC_HEADERS 1
| #define _ALL_SOURCE 1
| #define _DARWIN_C_SOURCE 1
| #define _GNU_SOURCE 1
| #define _HPUX_ALT_XOPEN_SOCKET_API 1
| #define _NETBSD_SOURCE 1
| #define _OPENBSD_SOURCE 1
| #define _POSIX_PTHREAD_SEMANTICS 1
| #define __STDC_WANT_IEC_60559_ATTRIBS_EXT__ 1
| #define __STDC_WANT_IEC_60559_BFP_EXT__ 1
| #define __STDC_WANT_IEC_60559_DFP_EXT__ 1
| #define __STDC_WANT_IEC_60559_EXT__ 1
| #define __STDC_WANT_IEC_60559_FUNCS_EXT__ 1
| #define __STDC_WANT_IEC_60559_TYPES_EXT__ 1
| #define __STDC_WANT_LIB_EXT2__ 1
| #define __STDC_WANT_MATH_SPEC_FUNCS__ 1
| #define _TANDEM_SOURCE 1
| #define __EXTENSIONS__ 1
| #define MAKE_CXX "g++"
| #define HAVE_ALLOCA_H 1
| #define HAVE_ALLOCA 1
| #ifndef __x86_64__
| #define __x86_64__ 1
| #endif
| #ifndef __x86_64__
| #define __x86_64__ 1
| #endif
| #define HAVE_ALLOCA 1
| #define GNULIB_TEST_GETLOADAVG 1
| #define HAVE_C_BOOL 1
| #define HAVE_ICONV 1
| #define HAVE_DIRENT_H 1
| #define HAVE_STDLIB_H 1
| #define HAVE_STRING_H 1
| #define HAVE_STRINGS_H 1
| #define HAVE_LOCALE_H 1
| #define HAVE_UNISTD_H 1
| #define HAVE_LIMITS_H 1
| #define HAVE_MEMORY_H 1
| #define HAVE_SYS_PARAM_H 1
| #define HAVE_SYS_RESOURCE_H 1
| #define HAVE_SYS_TIMEB_H 1
| #define HAVE_SYS_TIME_H 1
| #define HAVE_SYS_SELECT_H 1
| #define HAVE_SYS_FILE_H 1
| #define HAVE_FCNTL_H 1
| #define HAVE_SPAWN_H 1
| /* end confdefs.h.  */
| #include <stddef.h>
| #ifdef HAVE_STDIO_H
| # include <stdio.h>
| #endif
| #ifdef HAVE_STDLIB_H
| # include <stdlib.h>
| #endif
| #ifdef HAVE_STRING_H
| # include <string.h>
| #endif
| #ifdef HAVE_INTTYPES_H
| # include <inttypes.h>
| #endif
| #ifdef HAVE_STDINT_H
| # include <stdint.h>
| #endif
| #ifdef HAVE_STRINGS_H
| # include <strings.h>
| #endif
| #ifdef HAVE_SYS_TYPES_H
| # include <sys/types.h>
| #endif
| #ifdef HAVE_SYS_STAT_H
| # include <sys/stat.h>
| #endif
| #ifdef HAVE_UNISTD_H
| # include <unistd.h>
| #endif
| int
| main (void)
| {
| if (sizeof ((ssize_t)))
| 	    return 0;
|   ;
|   return 0;
| }
configure:12723: result: yes
configure:12734: checking for unsigned long long int
configure:12774: x86_64-unknown-linux-musl-gcc -o conftest -g -O2 -D__GNU_LIBRARY__=1 -Dgetenv=getenv -I/home/samson/Projects/clojv3/./store/musl-1.2.6/include -B/home/samson/Projects/clojv3/./store/musl-1.2.6/lib -L/home/samson/Projects/clojv3/./store/musl-1.2.6/lib -Wl,-rpath,/home/samson/Projects/clojv3/./store/musl-1.2.6/lib -Wl,-dynamic-linker,/home/samson/Projects/clojv3/./store/musl-1.2.6/lib/libc.so conftest.c  >&5
configure:12774: $? = 0
configure:12784: result: yes
configure:12794: checking for long long int
configure:12834: x86_64-unknown-linux-musl-gcc -o conftest -g -O2 -D__GNU_LIBRARY__=1 -Dgetenv=getenv -I/home/samson/Projects/clojv3/./store/musl-1.2.6/include -B/home/samson/Projects/clojv3/./store/musl-1.2.6/lib -L/home/samson/Projects/clojv3/./store/musl-1.2.6/lib -Wl,-rpath,/home/samson/Projects/clojv3/./store/musl-1.2.6/lib -Wl,-dynamic-linker,/home/samson/Projects/clojv3/./store/musl-1.2.6/lib/libc.so conftest.c  >&5
configure:12834: $? = 0
configure:12834: ./conftest
configure:12834: $? = 0
configure:12847: result: yes
configure:12857: checking for intmax_t
configure:12857: x86_64-unknown-linux-musl-gcc -c -g -O2 -D__GNU_LIBRARY__=1 -Dgetenv=getenv -I/home/samson/Projects/clojv3/./store/musl-1.2.6/include conftest.c >&5
configure:12857: $? = 0
configure:12857: x86_64-unknown-linux-musl-gcc -c -g -O2 -D__GNU_LIBRARY__=1 -Dgetenv=getenv -I/home/samson/Projects/clojv3/./store/musl-1.2.6/include conftest.c >&5
conftest.c: In function 'main':
conftest.c:103:23: error: expected expression before ')' token
  103 | if (sizeof ((intmax_t)))
      |                       ^
configure:12857: $? = 1
configure: failed program was:
| /* confdefs.h */
| #define PACKAGE_NAME "GNU Make"
| #define PACKAGE_TARNAME "make"
| #define PACKAGE_VERSION "4.4.1"
| #define PACKAGE_STRING "GNU Make 4.4.1"
| #define PACKAGE_BUGREPORT "bug-make@gnu.org"
| #define PACKAGE_URL "https://www.gnu.org/software/make/"
| #define PACKAGE "make"
| #define VERSION "4.4.1"
| #define HAVE_STDIO_H 1
| #define HAVE_STDLIB_H 1
| #define HAVE_STRING_H 1
| #define HAVE_INTTYPES_H 1
| #define HAVE_STDINT_H 1
| #define HAVE_STRINGS_H 1
| #define HAVE_SYS_STAT_H 1
| #define HAVE_SYS_TYPES_H 1
| #define HAVE_UNISTD_H 1
| #define HAVE_WCHAR_H 1
| #define HAVE_SYS_PARAM_H 1
| #define HAVE_STDBOOL_H 1
| #define STDC_HEADERS 1
| #define _ALL_SOURCE 1
| #define _DARWIN_C_SOURCE 1
| #define _GNU_SOURCE 1
| #define _HPUX_ALT_XOPEN_SOCKET_API 1
| #define _NETBSD_SOURCE 1
| #define _OPENBSD_SOURCE 1
| #define _POSIX_PTHREAD_SEMANTICS 1
| #define __STDC_WANT_IEC_60559_ATTRIBS_EXT__ 1
| #define __STDC_WANT_IEC_60559_BFP_EXT__ 1
| #define __STDC_WANT_IEC_60559_DFP_EXT__ 1
| #define __STDC_WANT_IEC_60559_EXT__ 1
| #define __STDC_WANT_IEC_60559_FUNCS_EXT__ 1
| #define __STDC_WANT_IEC_60559_TYPES_EXT__ 1
| #define __STDC_WANT_LIB_EXT2__ 1
| #define __STDC_WANT_MATH_SPEC_FUNCS__ 1
| #define _TANDEM_SOURCE 1
| #define __EXTENSIONS__ 1
| #define MAKE_CXX "g++"
| #define HAVE_ALLOCA_H 1
| #define HAVE_ALLOCA 1
| #ifndef __x86_64__
| #define __x86_64__ 1
| #endif
| #ifndef __x86_64__
| #define __x86_64__ 1
| #endif
| #define HAVE_ALLOCA 1
| #define GNULIB_TEST_GETLOADAVG 1
| #define HAVE_C_BOOL 1
| #define HAVE_ICONV 1
| #define HAVE_DIRENT_H 1
| #define HAVE_STDLIB_H 1
| #define HAVE_STRING_H 1
| #define HAVE_STRINGS_H 1
| #define HAVE_LOCALE_H 1
| #define HAVE_UNISTD_H 1
| #define HAVE_LIMITS_H 1
| #define HAVE_MEMORY_H 1
| #define HAVE_SYS_PARAM_H 1
| #define HAVE_SYS_RESOURCE_H 1
| #define HAVE_SYS_TIMEB_H 1
| #define HAVE_SYS_TIME_H 1
| #define HAVE_SYS_SELECT_H 1
| #define HAVE_SYS_FILE_H 1
| #define HAVE_FCNTL_H 1
| #define HAVE_SPAWN_H 1
| #define HAVE_UNSIGNED_LONG_LONG_INT 1
| #define HAVE_LONG_LONG_INT 1
| /* end confdefs.h.  */
| #include <stddef.h>
| #ifdef HAVE_STDIO_H
| # include <stdio.h>
| #endif
| #ifdef HAVE_STDLIB_H
| # include <stdlib.h>
| #endif
| #ifdef HAVE_STRING_H
| # include <string.h>
| #endif
| #ifdef HAVE_INTTYPES_H
| # include <inttypes.h>
| #endif
| #ifdef HAVE_STDINT_H
| # include <stdint.h>
| #endif
| #ifdef HAVE_STRINGS_H
| # include <strings.h>
| #endif
| #ifdef HAVE_SYS_TYPES_H
| # include <sys/types.h>
| #endif
| #ifdef HAVE_SYS_STAT_H
| # include <sys/stat.h>
| #endif
| #ifdef HAVE_UNISTD_H
| # include <unistd.h>
| #endif
| int
| main (void)
| {
| if (sizeof ((intmax_t)))
| 	    return 0;
|   ;
|   return 0;
| }
configure:12857: result: yes
configure:12875: checking for uintmax_t
configure:12875: x86_64-unknown-linux-musl-gcc -c -g -O2 -D__GNU_LIBRARY__=1 -Dgetenv=getenv -I/home/samson/Projects/clojv3/./store/musl-1.2.6/include conftest.c >&5
configure:12875: $? = 0
configure:12875: x86_64-unknown-linux-musl-gcc -c -g -O2 -D__GNU_LIBRARY__=1 -Dgetenv=getenv -I/home/samson/Projects/clojv3/./store/musl-1.2.6/include conftest.c >&5
conftest.c: In function 'main':
conftest.c:104:24: error: expected expression before ')' token
  104 | if (sizeof ((uintmax_t)))
      |                        ^
configure:12875: $? = 1
configure: failed program was:
| /* confdefs.h */
| #define PACKAGE_NAME "GNU Make"
| #define PACKAGE_TARNAME "make"
| #define PACKAGE_VERSION "4.4.1"
| #define PACKAGE_STRING "GNU Make 4.4.1"
| #define PACKAGE_BUGREPORT "bug-make@gnu.org"
| #define PACKAGE_URL "https://www.gnu.org/software/make/"
| #define PACKAGE "make"
| #define VERSION "4.4.1"
| #define HAVE_STDIO_H 1
| #define HAVE_STDLIB_H 1
| #define HAVE_STRING_H 1
| #define HAVE_INTTYPES_H 1
| #define HAVE_STDINT_H 1
| #define HAVE_STRINGS_H 1
| #define HAVE_SYS_STAT_H 1
| #define HAVE_SYS_TYPES_H 1
| #define HAVE_UNISTD_H 1
| #define HAVE_WCHAR_H 1
| #define HAVE_SYS_PARAM_H 1
| #define HAVE_STDBOOL_H 1
| #define STDC_HEADERS 1
| #define _ALL_SOURCE 1
| #define _DARWIN_C_SOURCE 1
| #define _GNU_SOURCE 1
| #define _HPUX_ALT_XOPEN_SOCKET_API 1
| #define _NETBSD_SOURCE 1
| #define _OPENBSD_SOURCE 1
| #define _POSIX_PTHREAD_SEMANTICS 1
| #define __STDC_WANT_IEC_60559_ATTRIBS_EXT__ 1
| #define __STDC_WANT_IEC_60559_BFP_EXT__ 1
| #define __STDC_WANT_IEC_60559_DFP_EXT__ 1
| #define __STDC_WANT_IEC_60559_EXT__ 1
| #define __STDC_WANT_IEC_60559_FUNCS_EXT__ 1
| #define __STDC_WANT_IEC_60559_TYPES_EXT__ 1
| #define __STDC_WANT_LIB_EXT2__ 1
| #define __STDC_WANT_MATH_SPEC_FUNCS__ 1
| #define _TANDEM_SOURCE 1
| #define __EXTENSIONS__ 1
| #define MAKE_CXX "g++"
| #define HAVE_ALLOCA_H 1
| #define HAVE_ALLOCA 1
| #ifndef __x86_64__
| #define __x86_64__ 1
| #endif
| #ifndef __x86_64__
| #define __x86_64__ 1
| #endif
| #define HAVE_ALLOCA 1
| #define GNULIB_TEST_GETLOADAVG 1
| #define HAVE_C_BOOL 1
| #define HAVE_ICONV 1
| #define HAVE_DIRENT_H 1
| #define HAVE_STDLIB_H 1
| #define HAVE_STRING_H 1
| #define HAVE_STRINGS_H 1
| #define HAVE_LOCALE_H 1
| #define HAVE_UNISTD_H 1
| #define HAVE_LIMITS_H 1
| #define HAVE_MEMORY_H 1
| #define HAVE_SYS_PARAM_H 1
| #define HAVE_SYS_RESOURCE_H 1
| #define HAVE_SYS_TIMEB_H 1
| #define HAVE_SYS_TIME_H 1
| #define HAVE_SYS_SELECT_H 1
| #define HAVE_SYS_FILE_H 1
| #define HAVE_FCNTL_H 1
| #define HAVE_SPAWN_H 1
| #define HAVE_UNSIGNED_LONG_LONG_INT 1
| #define HAVE_LONG_LONG_INT 1
| #define HAVE_INTMAX_T 1
| /* end confdefs.h.  */
| #include <stddef.h>
| #ifdef HAVE_STDIO_H
| # include <stdio.h>
| #endif
| #ifdef HAVE_STDLIB_H
| # include <stdlib.h>
| #endif
| #ifdef HAVE_STRING_H
| # include <string.h>
| #endif
| #ifdef HAVE_INTTYPES_H
| # include <inttypes.h>
| #endif
| #ifdef HAVE_STDINT_H
| # include <stdint.h>
| #endif
| #ifdef HAVE_STRINGS_H
| # include <strings.h>
| #endif
| #ifdef HAVE_SYS_TYPES_H
| # include <sys/types.h>
| #endif
| #ifdef HAVE_SYS_STAT_H
| # include <sys/stat.h>
| #endif
| #ifdef HAVE_UNISTD_H
| # include <unistd.h>
| #endif
| int
| main (void)
| {
| if (sizeof ((uintmax_t)))
| 	    return 0;
|   ;
|   return 0;
| }
configure:12875: result: yes
configure:12894: checking for sig_atomic_t
configure:12894: x86_64-unknown-linux-musl-gcc -c -g -O2 -D__GNU_LIBRARY__=1 -Dgetenv=getenv -I/home/samson/Projects/clojv3/./store/musl-1.2.6/include conftest.c >&5
configure:12894: $? = 0
configure:12894: x86_64-unknown-linux-musl-gcc -c -g -O2 -D__GNU_LIBRARY__=1 -Dgetenv=getenv -I/home/samson/Projects/clojv3/./store/musl-1.2.6/include conftest.c >&5
conftest.c: In function 'main':
conftest.c:79:27: error: expected expression before ')' token
   79 | if (sizeof ((sig_atomic_t)))
      |                           ^
configure:12894: $? = 1
configure: failed program was:
| /* confdefs.h */
| #define PACKAGE_NAME "GNU Make"
| #define PACKAGE_TARNAME "make"
| #define PACKAGE_VERSION "4.4.1"
| #define PACKAGE_STRING "GNU Make 4.4.1"
| #define PACKAGE_BUGREPORT "bug-make@gnu.org"
| #define PACKAGE_URL "https://www.gnu.org/software/make/"
| #define PACKAGE "make"
| #define VERSION "4.4.1"
| #define HAVE_STDIO_H 1
| #define HAVE_STDLIB_H 1
| #define HAVE_STRING_H 1
| #define HAVE_INTTYPES_H 1
| #define HAVE_STDINT_H 1
| #define HAVE_STRINGS_H 1
| #define HAVE_SYS_STAT_H 1
| #define HAVE_SYS_TYPES_H 1
| #define HAVE_UNISTD_H 1
| #define HAVE_WCHAR_H 1
| #define HAVE_SYS_PARAM_H 1
| #define HAVE_STDBOOL_H 1
| #define STDC_HEADERS 1
| #define _ALL_SOURCE 1
| #define _DARWIN_C_SOURCE 1
| #define _GNU_SOURCE 1
| #define _HPUX_ALT_XOPEN_SOCKET_API 1
| #define _NETBSD_SOURCE 1
| #define _OPENBSD_SOURCE 1
| #define _POSIX_PTHREAD_SEMANTICS 1
| #define __STDC_WANT_IEC_60559_ATTRIBS_EXT__ 1
| #define __STDC_WANT_IEC_60559_BFP_EXT__ 1
| #define __STDC_WANT_IEC_60559_DFP_EXT__ 1
| #define __STDC_WANT_IEC_60559_EXT__ 1
| #define __STDC_WANT_IEC_60559_FUNCS_EXT__ 1
| #define __STDC_WANT_IEC_60559_TYPES_EXT__ 1
| #define __STDC_WANT_LIB_EXT2__ 1
| #define __STDC_WANT_MATH_SPEC_FUNCS__ 1
| #define _TANDEM_SOURCE 1
| #define __EXTENSIONS__ 1
| #define MAKE_CXX "g++"
| #define HAVE_ALLOCA_H 1
| #define HAVE_ALLOCA 1
| #ifndef __x86_64__
| #define __x86_64__ 1
| #endif
| #ifndef __x86_64__
| #define __x86_64__ 1
| #endif
| #define HAVE_ALLOCA 1
| #define GNULIB_TEST_GETLOADAVG 1
| #define HAVE_C_BOOL 1
| #define HAVE_ICONV 1
| #define HAVE_DIRENT_H 1
| #define HAVE_STDLIB_H 1
| #define HAVE_STRING_H 1
| #define HAVE_STRINGS_H 1
| #define HAVE_LOCALE_H 1
| #define HAVE_UNISTD_H 1
| #define HAVE_LIMITS_H 1
| #define HAVE_MEMORY_H 1
| #define HAVE_SYS_PARAM_H 1
| #define HAVE_SYS_RESOURCE_H 1
| #define HAVE_SYS_TIMEB_H 1
| #define HAVE_SYS_TIME_H 1
| #define HAVE_SYS_SELECT_H 1
| #define HAVE_SYS_FILE_H 1
| #define HAVE_FCNTL_H 1
| #define HAVE_SPAWN_H 1
| #define HAVE_UNSIGNED_LONG_LONG_INT 1
| #define HAVE_LONG_LONG_INT 1
| #define HAVE_INTMAX_T 1
| #define HAVE_UINTMAX_T 1
| /* end confdefs.h.  */
| #include <signal.h>
| 
| int
| main (void)
| {
| if (sizeof ((sig_atomic_t)))
| 	    return 0;
|   ;
|   return 0;
| }
configure:12894: result: yes
configure:12912: checking for nanoseconds field of struct stat
configure:12942: x86_64-unknown-linux-musl-gcc -c -g -O2 -D__GNU_LIBRARY__=1 -Dgetenv=getenv -I/home/samson/Projects/clojv3/./store/musl-1.2.6/include -DST_MTIM_NSEC=st_mtim.tv_nsec conftest.c >&5
configure:12942: $? = 0
configure:12951: result: st_mtim.tv_nsec
configure:12961: checking whether to use high resolution file timestamps
configure:12984: x86_64-unknown-linux-musl-gcc -c -g -O2 -D__GNU_LIBRARY__=1 -Dgetenv=getenv -I/home/samson/Projects/clojv3/./store/musl-1.2.6/include conftest.c >&5
configure:12984: $? = 0
configure:12992: result: yes
configure:13008: checking for library containing clock_gettime
configure:13038: x86_64-unknown-linux-musl-gcc -o conftest -g -O2 -D__GNU_LIBRARY__=1 -Dgetenv=getenv -I/home/samson/Projects/clojv3/./store/musl-1.2.6/include -B/home/samson/Projects/clojv3/./store/musl-1.2.6/lib -L/home/samson/Projects/clojv3/./store/musl-1.2.6/lib -Wl,-rpath,/home/samson/Projects/clojv3/./store/musl-1.2.6/lib -Wl,-dynamic-linker,/home/samson/Projects/clojv3/./store/musl-1.2.6/lib/libc.so conftest.c  >&5
configure:13038: $? = 0
configure:13058: result: none required
configure:13080: checking for standard gettimeofday
configure:13101: x86_64-unknown-linux-musl-gcc -o conftest -g -O2 -D__GNU_LIBRARY__=1 -Dgetenv=getenv -I/home/samson/Projects/clojv3/./store/musl-1.2.6/include -B/home/samson/Projects/clojv3/./store/musl-1.2.6/lib -L/home/samson/Projects/clojv3/./store/musl-1.2.6/lib -Wl,-rpath,/home/samson/Projects/clojv3/./store/musl-1.2.6/lib -Wl,-dynamic-linker,/home/samson/Projects/clojv3/./store/musl-1.2.6/lib/libc.so conftest.c  >&5
configure:13101: $? = 0
configure:13101: ./conftest
configure:13101: $? = 0
configure:13112: result: yes
configure:13122: checking for strtoll
configure:13122: x86_64-unknown-linux-musl-gcc -o conftest -g -O2 -D__GNU_LIBRARY__=1 -Dgetenv=getenv -I/home/samson/Projects/clojv3/./store/musl-1.2.6/include -B/home/samson/Projects/clojv3/./store/musl-1.2.6/lib -L/home/samson/Projects/clojv3/./store/musl-1.2.6/lib -Wl,-rpath,/home/samson/Projects/clojv3/./store/musl-1.2.6/lib -Wl,-dynamic-linker,/home/samson/Projects/clojv3/./store/musl-1.2.6/lib/libc.so conftest.c  >&5
configure:13122: $? = 0
configure:13122: result: yes
configure:13128: checking for strdup
configure:13128: x86_64-unknown-linux-musl-gcc -o conftest -g -O2 -D__GNU_LIBRARY__=1 -Dgetenv=getenv -I/home/samson/Projects/clojv3/./store/musl-1.2.6/include -B/home/samson/Projects/clojv3/./store/musl-1.2.6/lib -L/home/samson/Projects/clojv3/./store/musl-1.2.6/lib -Wl,-rpath,/home/samson/Projects/clojv3/./store/musl-1.2.6/lib -Wl,-dynamic-linker,/home/samson/Projects/clojv3/./store/musl-1.2.6/lib/libc.so conftest.c  >&5
conftest.c:96:6: warning: conflicting types for built-in function 'strdup'; expected 'char *(const char *)' [-Wbuiltin-declaration-mismatch]
   96 | char strdup ();
      |      ^~~~~~
configure:13128: $? = 0
configure:13128: result: yes
configure:13134: checking for strndup
configure:13134: x86_64-unknown-linux-musl-gcc -o conftest -g -O2 -D__GNU_LIBRARY__=1 -Dgetenv=getenv -I/home/samson/Projects/clojv3/./store/musl-1.2.6/include -B/home/samson/Projects/clojv3/./store/musl-1.2.6/lib -L/home/samson/Projects/clojv3/./store/musl-1.2.6/lib -Wl,-rpath,/home/samson/Projects/clojv3/./store/musl-1.2.6/lib -Wl,-dynamic-linker,/home/samson/Projects/clojv3/./store/musl-1.2.6/lib/libc.so conftest.c  >&5
conftest.c:97:6: warning: conflicting types for built-in function 'strndup'; expected 'char *(const char *, long unsigned int)' [-Wbuiltin-declaration-mismatch]
   97 | char strndup ();
      |      ^~~~~~~
configure:13134: $? = 0
configure:13134: result: yes
configure:13140: checking for stpcpy
configure:13140: x86_64-unknown-linux-musl-gcc -o conftest -g -O2 -D__GNU_LIBRARY__=1 -Dgetenv=getenv -I/home/samson/Projects/clojv3/./store/musl-1.2.6/include -B/home/samson/Projects/clojv3/./store/musl-1.2.6/lib -L/home/samson/Projects/clojv3/./store/musl-1.2.6/lib -Wl,-rpath,/home/samson/Projects/clojv3/./store/musl-1.2.6/lib -Wl,-dynamic-linker,/home/samson/Projects/clojv3/./store/musl-1.2.6/lib/libc.so conftest.c  >&5
conftest.c:98:6: warning: conflicting types for built-in function 'stpcpy'; expected 'char *(char *, const char *)' [-Wbuiltin-declaration-mismatch]
   98 | char stpcpy ();
      |      ^~~~~~
configure:13140: $? = 0
configure:13140: result: yes
configure:13146: checking for memrchr
configure:13146: x86_64-unknown-linux-musl-gcc -o conftest -g -O2 -D__GNU_LIBRARY__=1 -Dgetenv=getenv -I/home/samson/Projects/clojv3/./store/musl-1.2.6/include -B/home/samson/Projects/clojv3/./store/musl-1.2.6/lib -L/home/samson/Projects/clojv3/./store/musl-1.2.6/lib -Wl,-rpath,/home/samson/Projects/clojv3/./store/musl-1.2.6/lib -Wl,-dynamic-linker,/home/samson/Projects/clojv3/./store/musl-1.2.6/lib/libc.so conftest.c  >&5
configure:13146: $? = 0
configure:13146: result: yes
configure:13152: checking for mempcpy
configure:13152: x86_64-unknown-linux-musl-gcc -o conftest -g -O2 -D__GNU_LIBRARY__=1 -Dgetenv=getenv -I/home/samson/Projects/clojv3/./store/musl-1.2.6/include -B/home/samson/Projects/clojv3/./store/musl-1.2.6/lib -L/home/samson/Projects/clojv3/./store/musl-1.2.6/lib -Wl,-rpath,/home/samson/Projects/clojv3/./store/musl-1.2.6/lib -Wl,-dynamic-linker,/home/samson/Projects/clojv3/./store/musl-1.2.6/lib/libc.so conftest.c  >&5
conftest.c:100:6: warning: conflicting types for built-in function 'mempcpy'; expected 'void *(void *, const void *, long unsigned int)' [-Wbuiltin-declaration-mismatch]
  100 | char mempcpy ();
      |      ^~~~~~~
configure:13152: $? = 0
configure:13152: result: yes
configure:13158: checking for umask
configure:13158: x86_64-unknown-linux-musl-gcc -o conftest -g -O2 -D__GNU_LIBRARY__=1 -Dgetenv=getenv -I/home/samson/Projects/clojv3/./store/musl-1.2.6/include -B/home/samson/Projects/clojv3/./store/musl-1.2.6/lib -L/home/samson/Projects/clojv3/./store/musl-1.2.6/lib -Wl,-rpath,/home/samson/Projects/clojv3/./store/musl-1.2.6/lib -Wl,-dynamic-linker,/home/samson/Projects/clojv3/./store/musl-1.2.6/lib/libc.so conftest.c  >&5
configure:13158: $? = 0
configure:13158: result: yes
configure:13164: checking for mkstemp
configure:13164: x86_64-unknown-linux-musl-gcc -o conftest -g -O2 -D__GNU_LIBRARY__=1 -Dgetenv=getenv -I/home/samson/Projects/clojv3/./store/musl-1.2.6/include -B/home/samson/Projects/clojv3/./store/musl-1.2.6/lib -L/home/samson/Projects/clojv3/./store/musl-1.2.6/lib -Wl,-rpath,/home/samson/Projects/clojv3/./store/musl-1.2.6/lib -Wl,-dynamic-linker,/home/samson/Projects/clojv3/./store/musl-1.2.6/lib/libc.so conftest.c  >&5
configure:13164: $? = 0
configure:13164: result: yes
configure:13170: checking for mktemp
configure:13170: x86_64-unknown-linux-musl-gcc -o conftest -g -O2 -D__GNU_LIBRARY__=1 -Dgetenv=getenv -I/home/samson/Projects/clojv3/./store/musl-1.2.6/include -B/home/samson/Projects/clojv3/./store/musl-1.2.6/lib -L/home/samson/Projects/clojv3/./store/musl-1.2.6/lib -Wl,-rpath,/home/samson/Projects/clojv3/./store/musl-1.2.6/lib -Wl,-dynamic-linker,/home/samson/Projects/clojv3/./store/musl-1.2.6/lib/libc.so conftest.c  >&5
configure:13170: $? = 0
configure:13170: result: yes
configure:13176: checking for fdopen
configure:13176: x86_64-unknown-linux-musl-gcc -o conftest -g -O2 -D__GNU_LIBRARY__=1 -Dgetenv=getenv -I/home/samson/Projects/clojv3/./store/musl-1.2.6/include -B/home/samson/Projects/clojv3/./store/musl-1.2.6/lib -L/home/samson/Projects/clojv3/./store/musl-1.2.6/lib -Wl,-rpath,/home/samson/Projects/clojv3/./store/musl-1.2.6/lib -Wl,-dynamic-linker,/home/samson/Projects/clojv3/./store/musl-1.2.6/lib/libc.so conftest.c  >&5
configure:13176: $? = 0
configure:13176: result: yes
configure:13182: checking for dup
configure:13182: x86_64-unknown-linux-musl-gcc -o conftest -g -O2 -D__GNU_LIBRARY__=1 -Dgetenv=getenv -I/home/samson/Projects/clojv3/./store/musl-1.2.6/include -B/home/samson/Projects/clojv3/./store/musl-1.2.6/lib -L/home/samson/Projects/clojv3/./store/musl-1.2.6/lib -Wl,-rpath,/home/samson/Projects/clojv3/./store/musl-1.2.6/lib -Wl,-dynamic-linker,/home/samson/Projects/clojv3/./store/musl-1.2.6/lib/libc.so conftest.c  >&5
configure:13182: $? = 0
configure:13182: result: yes
configure:13188: checking for dup2
configure:13188: x86_64-unknown-linux-musl-gcc -o conftest -g -O2 -D__GNU_LIBRARY__=1 -Dgetenv=getenv -I/home/samson/Projects/clojv3/./store/musl-1.2.6/include -B/home/samson/Projects/clojv3/./store/musl-1.2.6/lib -L/home/samson/Projects/clojv3/./store/musl-1.2.6/lib -Wl,-rpath,/home/samson/Projects/clojv3/./store/musl-1.2.6/lib -Wl,-dynamic-linker,/home/samson/Projects/clojv3/./store/musl-1.2.6/lib/libc.so conftest.c  >&5
configure:13188: $? = 0
configure:13188: result: yes
configure:13194: checking for getcwd
configure:13194: x86_64-unknown-linux-musl-gcc -o conftest -g -O2 -D__GNU_LIBRARY__=1 -Dgetenv=getenv -I/home/samson/Projects/clojv3/./store/musl-1.2.6/include -B/home/samson/Projects/clojv3/./store/musl-1.2.6/lib -L/home/samson/Projects/clojv3/./store/musl-1.2.6/lib -Wl,-rpath,/home/samson/Projects/clojv3/./store/musl-1.2.6/lib -Wl,-dynamic-linker,/home/samson/Projects/clojv3/./store/musl-1.2.6/lib/libc.so conftest.c  >&5
configure:13194: $? = 0
configure:13194: result: yes
configure:13200: checking for realpath
configure:13200: x86_64-unknown-linux-musl-gcc -o conftest -g -O2 -D__GNU_LIBRARY__=1 -Dgetenv=getenv -I/home/samson/Projects/clojv3/./store/musl-1.2.6/include -B/home/samson/Projects/clojv3/./store/musl-1.2.6/lib -L/home/samson/Projects/clojv3/./store/musl-1.2.6/lib -Wl,-rpath,/home/samson/Projects/clojv3/./store/musl-1.2.6/lib -Wl,-dynamic-linker,/home/samson/Projects/clojv3/./store/musl-1.2.6/lib/libc.so conftest.c  >&5
configure:13200: $? = 0
configure:13200: result: yes
configure:13206: checking for sigsetmask
configure:13206: x86_64-unknown-linux-musl-gcc -o conftest -g -O2 -D__GNU_LIBRARY__=1 -Dgetenv=getenv -I/home/samson/Projects/clojv3/./store/musl-1.2.6/include -B/home/samson/Projects/clojv3/./store/musl-1.2.6/lib -L/home/samson/Projects/clojv3/./store/musl-1.2.6/lib -Wl,-rpath,/home/samson/Projects/clojv3/./store/musl-1.2.6/lib -Wl,-dynamic-linker,/home/samson/Projects/clojv3/./store/musl-1.2.6/lib/libc.so conftest.c  >&5
/nix/store/60lv8wlcr99wv4ck3sk9fzcbb4jbk2n6-x86_64-unknown-linux-musl-binutils-2.46/bin/x86_64-unknown-linux-musl-ld.bfd: /tmp/ccPPRGJM.o: in function `main':
/home/samson/Projects/clojv3/store/tmp/make-4.4.1/make-4.4.1/conftest.c:120:(.text.startup+0x5): undefined reference to `sigsetmask'
collect2: error: ld returned 1 exit status
configure:13206: $? = 1
configure: failed program was:
| /* confdefs.h */
| #define PACKAGE_NAME "GNU Make"
| #define PACKAGE_TARNAME "make"
| #define PACKAGE_VERSION "4.4.1"
| #define PACKAGE_STRING "GNU Make 4.4.1"
| #define PACKAGE_BUGREPORT "bug-make@gnu.org"
| #define PACKAGE_URL "https://www.gnu.org/software/make/"
| #define PACKAGE "make"
| #define VERSION "4.4.1"
| #define HAVE_STDIO_H 1
| #define HAVE_STDLIB_H 1
| #define HAVE_STRING_H 1
| #define HAVE_INTTYPES_H 1
| #define HAVE_STDINT_H 1
| #define HAVE_STRINGS_H 1
| #define HAVE_SYS_STAT_H 1
| #define HAVE_SYS_TYPES_H 1
| #define HAVE_UNISTD_H 1
| #define HAVE_WCHAR_H 1
| #define HAVE_SYS_PARAM_H 1
| #define HAVE_STDBOOL_H 1
| #define STDC_HEADERS 1
| #define _ALL_SOURCE 1
| #define _DARWIN_C_SOURCE 1
| #define _GNU_SOURCE 1
| #define _HPUX_ALT_XOPEN_SOCKET_API 1
| #define _NETBSD_SOURCE 1
| #define _OPENBSD_SOURCE 1
| #define _POSIX_PTHREAD_SEMANTICS 1
| #define __STDC_WANT_IEC_60559_ATTRIBS_EXT__ 1
| #define __STDC_WANT_IEC_60559_BFP_EXT__ 1
| #define __STDC_WANT_IEC_60559_DFP_EXT__ 1
| #define __STDC_WANT_IEC_60559_EXT__ 1
| #define __STDC_WANT_IEC_60559_FUNCS_EXT__ 1
| #define __STDC_WANT_IEC_60559_TYPES_EXT__ 1
| #define __STDC_WANT_LIB_EXT2__ 1
| #define __STDC_WANT_MATH_SPEC_FUNCS__ 1
| #define _TANDEM_SOURCE 1
| #define __EXTENSIONS__ 1
| #define MAKE_CXX "g++"
| #define HAVE_ALLOCA_H 1
| #define HAVE_ALLOCA 1
| #ifndef __x86_64__
| #define __x86_64__ 1
| #endif
| #ifndef __x86_64__
| #define __x86_64__ 1
| #endif
| #define HAVE_ALLOCA 1
| #define GNULIB_TEST_GETLOADAVG 1
| #define HAVE_C_BOOL 1
| #define HAVE_ICONV 1
| #define HAVE_DIRENT_H 1
| #define HAVE_STDLIB_H 1
| #define HAVE_STRING_H 1
| #define HAVE_STRINGS_H 1
| #define HAVE_LOCALE_H 1
| #define HAVE_UNISTD_H 1
| #define HAVE_LIMITS_H 1
| #define HAVE_MEMORY_H 1
| #define HAVE_SYS_PARAM_H 1
| #define HAVE_SYS_RESOURCE_H 1
| #define HAVE_SYS_TIMEB_H 1
| #define HAVE_SYS_TIME_H 1
| #define HAVE_SYS_SELECT_H 1
| #define HAVE_SYS_FILE_H 1
| #define HAVE_FCNTL_H 1
| #define HAVE_SPAWN_H 1
| #define HAVE_UNSIGNED_LONG_LONG_INT 1
| #define HAVE_LONG_LONG_INT 1
| #define HAVE_INTMAX_T 1
| #define HAVE_UINTMAX_T 1
| #define HAVE_SIG_ATOMIC_T 1
| #define ST_MTIM_NSEC st_mtim.tv_nsec
| #define FILE_TIMESTAMP_HI_RES 1
| #define HAVE_CLOCK_GETTIME 1
| #define HAVE_GETTIMEOFDAY 1
| #define HAVE_STRTOLL 1
| #define HAVE_STRDUP 1
| #define HAVE_STRNDUP 1
| #define HAVE_STPCPY 1
| #define HAVE_MEMRCHR 1
| #define HAVE_MEMPCPY 1
| #define HAVE_UMASK 1
| #define HAVE_MKSTEMP 1
| #define HAVE_MKTEMP 1
| #define HAVE_FDOPEN 1
| #define HAVE_DUP 1
| #define HAVE_DUP2 1
| #define HAVE_GETCWD 1
| #define HAVE_REALPATH 1
| /* end confdefs.h.  */
| /* Define sigsetmask to an innocuous variant, in case <limits.h> declares sigsetmask.
|    For example, HP-UX 11i <limits.h> declares gettimeofday.  */
| #define sigsetmask innocuous_sigsetmask
| 
| /* System header to define __stub macros and hopefully few prototypes,
|    which can conflict with char sigsetmask (); below.  */
| 
| #include <limits.h>
| #undef sigsetmask
| 
| /* Override any GCC internal prototype to avoid an error.
|    Use char because int might match the return type of a GCC
|    builtin and then its argument prototype would still apply.  */
| #ifdef __cplusplus
| extern "C"
| #endif
| char sigsetmask ();
| /* The GNU C library defines this for functions which it implements
|     to always fail with ENOSYS.  Some functions are actually named
|     something starting with __ and the normal name is an alias.  */
| #if defined __stub_sigsetmask || defined __stub___sigsetmask
| choke me
| #endif
| 
| int
| main (void)
| {
| return sigsetmask ();
|   ;
|   return 0;
| }
configure:13206: result: no
configure:13212: checking for sigaction
configure:13212: x86_64-unknown-linux-musl-gcc -o conftest -g -O2 -D__GNU_LIBRARY__=1 -Dgetenv=getenv -I/home/samson/Projects/clojv3/./store/musl-1.2.6/include -B/home/samson/Projects/clojv3/./store/musl-1.2.6/lib -L/home/samson/Projects/clojv3/./store/musl-1.2.6/lib -Wl,-rpath,/home/samson/Projects/clojv3/./store/musl-1.2.6/lib -Wl,-dynamic-linker,/home/samson/Projects/clojv3/./store/musl-1.2.6/lib/libc.so conftest.c  >&5
configure:13212: $? = 0
configure:13212: result: yes
configure:13218: checking for getgroups
configure:13218: x86_64-unknown-linux-musl-gcc -o conftest -g -O2 -D__GNU_LIBRARY__=1 -Dgetenv=getenv -I/home/samson/Projects/clojv3/./store/musl-1.2.6/include -B/home/samson/Projects/clojv3/./store/musl-1.2.6/lib -L/home/samson/Projects/clojv3/./store/musl-1.2.6/lib -Wl,-rpath,/home/samson/Projects/clojv3/./store/musl-1.2.6/lib -Wl,-dynamic-linker,/home/samson/Projects/clojv3/./store/musl-1.2.6/lib/libc.so conftest.c  >&5
configure:13218: $? = 0
configure:13218: result: yes
configure:13224: checking for seteuid
configure:13224: x86_64-unknown-linux-musl-gcc -o conftest -g -O2 -D__GNU_LIBRARY__=1 -Dgetenv=getenv -I/home/samson/Projects/clojv3/./store/musl-1.2.6/include -B/home/samson/Projects/clojv3/./store/musl-1.2.6/lib -L/home/samson/Projects/clojv3/./store/musl-1.2.6/lib -Wl,-rpath,/home/samson/Projects/clojv3/./store/musl-1.2.6/lib -Wl,-dynamic-linker,/home/samson/Projects/clojv3/./store/musl-1.2.6/lib/libc.so conftest.c  >&5
configure:13224: $? = 0
configure:13224: result: yes
configure:13230: checking for setegid
configure:13230: x86_64-unknown-linux-musl-gcc -o conftest -g -O2 -D__GNU_LIBRARY__=1 -Dgetenv=getenv -I/home/samson/Projects/clojv3/./store/musl-1.2.6/include -B/home/samson/Projects/clojv3/./store/musl-1.2.6/lib -L/home/samson/Projects/clojv3/./store/musl-1.2.6/lib -Wl,-rpath,/home/samson/Projects/clojv3/./store/musl-1.2.6/lib -Wl,-dynamic-linker,/home/samson/Projects/clojv3/./store/musl-1.2.6/lib/libc.so conftest.c  >&5
configure:13230: $? = 0
configure:13230: result: yes
configure:13236: checking for setlinebuf
configure:13236: x86_64-unknown-linux-musl-gcc -o conftest -g -O2 -D__GNU_LIBRARY__=1 -Dgetenv=getenv -I/home/samson/Projects/clojv3/./store/musl-1.2.6/include -B/home/samson/Projects/clojv3/./store/musl-1.2.6/lib -L/home/samson/Projects/clojv3/./store/musl-1.2.6/lib -Wl,-rpath,/home/samson/Projects/clojv3/./store/musl-1.2.6/lib -Wl,-dynamic-linker,/home/samson/Projects/clojv3/./store/musl-1.2.6/lib/libc.so conftest.c  >&5
configure:13236: $? = 0
configure:13236: result: yes
configure:13242: checking for setreuid
configure:13242: x86_64-unknown-linux-musl-gcc -o conftest -g -O2 -D__GNU_LIBRARY__=1 -Dgetenv=getenv -I/home/samson/Projects/clojv3/./store/musl-1.2.6/include -B/home/samson/Projects/clojv3/./store/musl-1.2.6/lib -L/home/samson/Projects/clojv3/./store/musl-1.2.6/lib -Wl,-rpath,/home/samson/Projects/clojv3/./store/musl-1.2.6/lib -Wl,-dynamic-linker,/home/samson/Projects/clojv3/./store/musl-1.2.6/lib/libc.so conftest.c  >&5
configure:13242: $? = 0
configure:13242: result: yes
configure:13248: checking for setregid
configure:13248: x86_64-unknown-linux-musl-gcc -o conftest -g -O2 -D__GNU_LIBRARY__=1 -Dgetenv=getenv -I/home/samson/Projects/clojv3/./store/musl-1.2.6/include -B/home/samson/Projects/clojv3/./store/musl-1.2.6/lib -L/home/samson/Projects/clojv3/./store/musl-1.2.6/lib -Wl,-rpath,/home/samson/Projects/clojv3/./store/musl-1.2.6/lib -Wl,-dynamic-linker,/home/samson/Projects/clojv3/./store/musl-1.2.6/lib/libc.so conftest.c  >&5
configure:13248: $? = 0
configure:13248: result: yes
configure:13254: checking for mkfifo
configure:13254: x86_64-unknown-linux-musl-gcc -o conftest -g -O2 -D__GNU_LIBRARY__=1 -Dgetenv=getenv -I/home/samson/Projects/clojv3/./store/musl-1.2.6/include -B/home/samson/Projects/clojv3/./store/musl-1.2.6/lib -L/home/samson/Projects/clojv3/./store/musl-1.2.6/lib -Wl,-rpath,/home/samson/Projects/clojv3/./store/musl-1.2.6/lib -Wl,-dynamic-linker,/home/samson/Projects/clojv3/./store/musl-1.2.6/lib/libc.so conftest.c  >&5
configure:13254: $? = 0
configure:13254: result: yes
configure:13260: checking for getrlimit
configure:13260: x86_64-unknown-linux-musl-gcc -o conftest -g -O2 -D__GNU_LIBRARY__=1 -Dgetenv=getenv -I/home/samson/Projects/clojv3/./store/musl-1.2.6/include -B/home/samson/Projects/clojv3/./store/musl-1.2.6/lib -L/home/samson/Projects/clojv3/./store/musl-1.2.6/lib -Wl,-rpath,/home/samson/Projects/clojv3/./store/musl-1.2.6/lib -Wl,-dynamic-linker,/home/samson/Projects/clojv3/./store/musl-1.2.6/lib/libc.so conftest.c  >&5
configure:13260: $? = 0
configure:13260: result: yes
configure:13266: checking for setrlimit
configure:13266: x86_64-unknown-linux-musl-gcc -o conftest -g -O2 -D__GNU_LIBRARY__=1 -Dgetenv=getenv -I/home/samson/Projects/clojv3/./store/musl-1.2.6/include -B/home/samson/Projects/clojv3/./store/musl-1.2.6/lib -L/home/samson/Projects/clojv3/./store/musl-1.2.6/lib -Wl,-rpath,/home/samson/Projects/clojv3/./store/musl-1.2.6/lib -Wl,-dynamic-linker,/home/samson/Projects/clojv3/./store/musl-1.2.6/lib/libc.so conftest.c  >&5
configure:13266: $? = 0
configure:13266: result: yes
configure:13272: checking for setvbuf
configure:13272: x86_64-unknown-linux-musl-gcc -o conftest -g -O2 -D__GNU_LIBRARY__=1 -Dgetenv=getenv -I/home/samson/Projects/clojv3/./store/musl-1.2.6/include -B/home/samson/Projects/clojv3/./store/musl-1.2.6/lib -L/home/samson/Projects/clojv3/./store/musl-1.2.6/lib -Wl,-rpath,/home/samson/Projects/clojv3/./store/musl-1.2.6/lib -Wl,-dynamic-linker,/home/samson/Projects/clojv3/./store/musl-1.2.6/lib/libc.so conftest.c  >&5
configure:13272: $? = 0
configure:13272: result: yes
configure:13278: checking for pipe
configure:13278: x86_64-unknown-linux-musl-gcc -o conftest -g -O2 -D__GNU_LIBRARY__=1 -Dgetenv=getenv -I/home/samson/Projects/clojv3/./store/musl-1.2.6/include -B/home/samson/Projects/clojv3/./store/musl-1.2.6/lib -L/home/samson/Projects/clojv3/./store/musl-1.2.6/lib -Wl,-rpath,/home/samson/Projects/clojv3/./store/musl-1.2.6/lib -Wl,-dynamic-linker,/home/samson/Projects/clojv3/./store/musl-1.2.6/lib/libc.so conftest.c  >&5
configure:13278: $? = 0
configure:13278: result: yes
configure:13284: checking for strerror
configure:13284: x86_64-unknown-linux-musl-gcc -o conftest -g -O2 -D__GNU_LIBRARY__=1 -Dgetenv=getenv -I/home/samson/Projects/clojv3/./store/musl-1.2.6/include -B/home/samson/Projects/clojv3/./store/musl-1.2.6/lib -L/home/samson/Projects/clojv3/./store/musl-1.2.6/lib -Wl,-rpath,/home/samson/Projects/clojv3/./store/musl-1.2.6/lib -Wl,-dynamic-linker,/home/samson/Projects/clojv3/./store/musl-1.2.6/lib/libc.so conftest.c  >&5
configure:13284: $? = 0
configure:13284: result: yes
configure:13290: checking for strsignal
configure:13290: x86_64-unknown-linux-musl-gcc -o conftest -g -O2 -D__GNU_LIBRARY__=1 -Dgetenv=getenv -I/home/samson/Projects/clojv3/./store/musl-1.2.6/include -B/home/samson/Projects/clojv3/./store/musl-1.2.6/lib -L/home/samson/Projects/clojv3/./store/musl-1.2.6/lib -Wl,-rpath,/home/samson/Projects/clojv3/./store/musl-1.2.6/lib -Wl,-dynamic-linker,/home/samson/Projects/clojv3/./store/musl-1.2.6/lib/libc.so conftest.c  >&5
configure:13290: $? = 0
configure:13290: result: yes
configure:13296: checking for lstat
configure:13296: x86_64-unknown-linux-musl-gcc -o conftest -g -O2 -D__GNU_LIBRARY__=1 -Dgetenv=getenv -I/home/samson/Projects/clojv3/./store/musl-1.2.6/include -B/home/samson/Projects/clojv3/./store/musl-1.2.6/lib -L/home/samson/Projects/clojv3/./store/musl-1.2.6/lib -Wl,-rpath,/home/samson/Projects/clojv3/./store/musl-1.2.6/lib -Wl,-dynamic-linker,/home/samson/Projects/clojv3/./store/musl-1.2.6/lib/libc.so conftest.c  >&5
configure:13296: $? = 0
configure:13296: result: yes
configure:13302: checking for readlink
configure:13302: x86_64-unknown-linux-musl-gcc -o conftest -g -O2 -D__GNU_LIBRARY__=1 -Dgetenv=getenv -I/home/samson/Projects/clojv3/./store/musl-1.2.6/include -B/home/samson/Projects/clojv3/./store/musl-1.2.6/lib -L/home/samson/Projects/clojv3/./store/musl-1.2.6/lib -Wl,-rpath,/home/samson/Projects/clojv3/./store/musl-1.2.6/lib -Wl,-dynamic-linker,/home/samson/Projects/clojv3/./store/musl-1.2.6/lib/libc.so conftest.c  >&5
configure:13302: $? = 0
configure:13302: result: yes
configure:13308: checking for atexit
configure:13308: x86_64-unknown-linux-musl-gcc -o conftest -g -O2 -D__GNU_LIBRARY__=1 -Dgetenv=getenv -I/home/samson/Projects/clojv3/./store/musl-1.2.6/include -B/home/samson/Projects/clojv3/./store/musl-1.2.6/lib -L/home/samson/Projects/clojv3/./store/musl-1.2.6/lib -Wl,-rpath,/home/samson/Projects/clojv3/./store/musl-1.2.6/lib -Wl,-dynamic-linker,/home/samson/Projects/clojv3/./store/musl-1.2.6/lib/libc.so conftest.c  >&5
configure:13308: $? = 0
configure:13308: result: yes
configure:13314: checking for isatty
configure:13314: x86_64-unknown-linux-musl-gcc -o conftest -g -O2 -D__GNU_LIBRARY__=1 -Dgetenv=getenv -I/home/samson/Projects/clojv3/./store/musl-1.2.6/include -B/home/samson/Projects/clojv3/./store/musl-1.2.6/lib -L/home/samson/Projects/clojv3/./store/musl-1.2.6/lib -Wl,-rpath,/home/samson/Projects/clojv3/./store/musl-1.2.6/lib -Wl,-dynamic-linker,/home/samson/Projects/clojv3/./store/musl-1.2.6/lib/libc.so conftest.c  >&5
configure:13314: $? = 0
configure:13314: result: yes
configure:13320: checking for ttyname
configure:13320: x86_64-unknown-linux-musl-gcc -o conftest -g -O2 -D__GNU_LIBRARY__=1 -Dgetenv=getenv -I/home/samson/Projects/clojv3/./store/musl-1.2.6/include -B/home/samson/Projects/clojv3/./store/musl-1.2.6/lib -L/home/samson/Projects/clojv3/./store/musl-1.2.6/lib -Wl,-rpath,/home/samson/Projects/clojv3/./store/musl-1.2.6/lib -Wl,-dynamic-linker,/home/samson/Projects/clojv3/./store/musl-1.2.6/lib/libc.so conftest.c  >&5
configure:13320: $? = 0
configure:13320: result: yes
configure:13326: checking for pselect
configure:13326: x86_64-unknown-linux-musl-gcc -o conftest -g -O2 -D__GNU_LIBRARY__=1 -Dgetenv=getenv -I/home/samson/Projects/clojv3/./store/musl-1.2.6/include -B/home/samson/Projects/clojv3/./store/musl-1.2.6/lib -L/home/samson/Projects/clojv3/./store/musl-1.2.6/lib -Wl,-rpath,/home/samson/Projects/clojv3/./store/musl-1.2.6/lib -Wl,-dynamic-linker,/home/samson/Projects/clojv3/./store/musl-1.2.6/lib/libc.so conftest.c  >&5
configure:13326: $? = 0
configure:13326: result: yes
configure:13332: checking for posix_spawn
configure:13332: x86_64-unknown-linux-musl-gcc -o conftest -g -O2 -D__GNU_LIBRARY__=1 -Dgetenv=getenv -I/home/samson/Projects/clojv3/./store/musl-1.2.6/include -B/home/samson/Projects/clojv3/./store/musl-1.2.6/lib -L/home/samson/Projects/clojv3/./store/musl-1.2.6/lib -Wl,-rpath,/home/samson/Projects/clojv3/./store/musl-1.2.6/lib -Wl,-dynamic-linker,/home/samson/Projects/clojv3/./store/musl-1.2.6/lib/libc.so conftest.c  >&5
configure:13332: $? = 0
configure:13332: result: yes
configure:13338: checking for posix_spawnattr_setsigmask
configure:13338: x86_64-unknown-linux-musl-gcc -o conftest -g -O2 -D__GNU_LIBRARY__=1 -Dgetenv=getenv -I/home/samson/Projects/clojv3/./store/musl-1.2.6/include -B/home/samson/Projects/clojv3/./store/musl-1.2.6/lib -L/home/samson/Projects/clojv3/./store/musl-1.2.6/lib -Wl,-rpath,/home/samson/Projects/clojv3/./store/musl-1.2.6/lib -Wl,-dynamic-linker,/home/samson/Projects/clojv3/./store/musl-1.2.6/lib/libc.so conftest.c  >&5
configure:13338: $? = 0
configure:13338: result: yes
configure:13349: checking whether bsd_signal is declared
configure:13349: x86_64-unknown-linux-musl-gcc -c -g -O2  -D__GNU_LIBRARY__=1 -Dgetenv=getenv -I/home/samson/Projects/clojv3/./store/musl-1.2.6/include conftest.c >&5
configure:13349: $? = 0
configure:13349: result: yes
configure:13366: checking for fork
configure:13366: x86_64-unknown-linux-musl-gcc -o conftest -g -O2 -D__GNU_LIBRARY__=1 -Dgetenv=getenv -I/home/samson/Projects/clojv3/./store/musl-1.2.6/include -B/home/samson/Projects/clojv3/./store/musl-1.2.6/lib -L/home/samson/Projects/clojv3/./store/musl-1.2.6/lib -Wl,-rpath,/home/samson/Projects/clojv3/./store/musl-1.2.6/lib -Wl,-dynamic-linker,/home/samson/Projects/clojv3/./store/musl-1.2.6/lib/libc.so conftest.c  >&5
conftest.c:132:6: warning: conflicting types for built-in function 'fork'; expected 'int(void)' [-Wbuiltin-declaration-mismatch]
  132 | char fork ();
      |      ^~~~
configure:13366: $? = 0
configure:13366: result: yes
configure:13366: checking for vfork
configure:13366: x86_64-unknown-linux-musl-gcc -o conftest -g -O2 -D__GNU_LIBRARY__=1 -Dgetenv=getenv -I/home/samson/Projects/clojv3/./store/musl-1.2.6/include -B/home/samson/Projects/clojv3/./store/musl-1.2.6/lib -L/home/samson/Projects/clojv3/./store/musl-1.2.6/lib -Wl,-rpath,/home/samson/Projects/clojv3/./store/musl-1.2.6/lib -Wl,-dynamic-linker,/home/samson/Projects/clojv3/./store/musl-1.2.6/lib/libc.so conftest.c  >&5
configure:13366: $? = 0
configure:13366: result: yes
configure:13379: checking for working fork
configure:13403: x86_64-unknown-linux-musl-gcc -o conftest -g -O2 -D__GNU_LIBRARY__=1 -Dgetenv=getenv -I/home/samson/Projects/clojv3/./store/musl-1.2.6/include -B/home/samson/Projects/clojv3/./store/musl-1.2.6/lib -L/home/samson/Projects/clojv3/./store/musl-1.2.6/lib -Wl,-rpath,/home/samson/Projects/clojv3/./store/musl-1.2.6/lib -Wl,-dynamic-linker,/home/samson/Projects/clojv3/./store/musl-1.2.6/lib/libc.so conftest.c  >&5
configure:13403: $? = 0
configure:13403: ./conftest
configure:13403: $? = 0
configure:13414: result: yes
configure:13435: checking for working vfork
configure:13564: result: yes
configure:13593: checking for strcasecmp
configure:13593: x86_64-unknown-linux-musl-gcc -o conftest -g -O2 -D__GNU_LIBRARY__=1 -Dgetenv=getenv -I/home/samson/Projects/clojv3/./store/musl-1.2.6/include -B/home/samson/Projects/clojv3/./store/musl-1.2.6/lib -L/home/samson/Projects/clojv3/./store/musl-1.2.6/lib -Wl,-rpath,/home/samson/Projects/clojv3/./store/musl-1.2.6/lib -Wl,-dynamic-linker,/home/samson/Projects/clojv3/./store/musl-1.2.6/lib/libc.so conftest.c  >&5
conftest.c:136:6: warning: conflicting types for built-in function 'strcasecmp'; expected 'int(const char *, const char *)' [-Wbuiltin-declaration-mismatch]
  136 | char strcasecmp ();
      |      ^~~~~~~~~~
configure:13593: $? = 0
configure:13593: result: yes
configure:13599: checking for strncasecmp
configure:13599: x86_64-unknown-linux-musl-gcc -o conftest -g -O2 -D__GNU_LIBRARY__=1 -Dgetenv=getenv -I/home/samson/Projects/clojv3/./store/musl-1.2.6/include -B/home/samson/Projects/clojv3/./store/musl-1.2.6/lib -L/home/samson/Projects/clojv3/./store/musl-1.2.6/lib -Wl,-rpath,/home/samson/Projects/clojv3/./store/musl-1.2.6/lib -Wl,-dynamic-linker,/home/samson/Projects/clojv3/./store/musl-1.2.6/lib/libc.so conftest.c  >&5
conftest.c:137:6: warning: conflicting types for built-in function 'strncasecmp'; expected 'int(const char *, const char *, long unsigned int)' [-Wbuiltin-declaration-mismatch]
  137 | char strncasecmp ();
      |      ^~~~~~~~~~~
configure:13599: $? = 0
configure:13599: result: yes
configure:13605: checking for strcmpi
configure:13605: x86_64-unknown-linux-musl-gcc -o conftest -g -O2 -D__GNU_LIBRARY__=1 -Dgetenv=getenv -I/home/samson/Projects/clojv3/./store/musl-1.2.6/include -B/home/samson/Projects/clojv3/./store/musl-1.2.6/lib -L/home/samson/Projects/clojv3/./store/musl-1.2.6/lib -Wl,-rpath,/home/samson/Projects/clojv3/./store/musl-1.2.6/lib -Wl,-dynamic-linker,/home/samson/Projects/clojv3/./store/musl-1.2.6/lib/libc.so conftest.c  >&5
/nix/store/60lv8wlcr99wv4ck3sk9fzcbb4jbk2n6-x86_64-unknown-linux-musl-binutils-2.46/bin/x86_64-unknown-linux-musl-ld.bfd: /tmp/ccMmMCWA.o: in function `main':
/home/samson/Projects/clojv3/store/tmp/make-4.4.1/make-4.4.1/conftest.c:149:(.text.startup+0x5): undefined reference to `strcmpi'
collect2: error: ld returned 1 exit status
configure:13605: $? = 1
configure: failed program was:
| /* confdefs.h */
| #define PACKAGE_NAME "GNU Make"
| #define PACKAGE_TARNAME "make"
| #define PACKAGE_VERSION "4.4.1"
| #define PACKAGE_STRING "GNU Make 4.4.1"
| #define PACKAGE_BUGREPORT "bug-make@gnu.org"
| #define PACKAGE_URL "https://www.gnu.org/software/make/"
| #define PACKAGE "make"
| #define VERSION "4.4.1"
| #define HAVE_STDIO_H 1
| #define HAVE_STDLIB_H 1
| #define HAVE_STRING_H 1
| #define HAVE_INTTYPES_H 1
| #define HAVE_STDINT_H 1
| #define HAVE_STRINGS_H 1
| #define HAVE_SYS_STAT_H 1
| #define HAVE_SYS_TYPES_H 1
| #define HAVE_UNISTD_H 1
| #define HAVE_WCHAR_H 1
| #define HAVE_SYS_PARAM_H 1
| #define HAVE_STDBOOL_H 1
| #define STDC_HEADERS 1
| #define _ALL_SOURCE 1
| #define _DARWIN_C_SOURCE 1
| #define _GNU_SOURCE 1
| #define _HPUX_ALT_XOPEN_SOCKET_API 1
| #define _NETBSD_SOURCE 1
| #define _OPENBSD_SOURCE 1
| #define _POSIX_PTHREAD_SEMANTICS 1
| #define __STDC_WANT_IEC_60559_ATTRIBS_EXT__ 1
| #define __STDC_WANT_IEC_60559_BFP_EXT__ 1
| #define __STDC_WANT_IEC_60559_DFP_EXT__ 1
| #define __STDC_WANT_IEC_60559_EXT__ 1
| #define __STDC_WANT_IEC_60559_FUNCS_EXT__ 1
| #define __STDC_WANT_IEC_60559_TYPES_EXT__ 1
| #define __STDC_WANT_LIB_EXT2__ 1
| #define __STDC_WANT_MATH_SPEC_FUNCS__ 1
| #define _TANDEM_SOURCE 1
| #define __EXTENSIONS__ 1
| #define MAKE_CXX "g++"
| #define HAVE_ALLOCA_H 1
| #define HAVE_ALLOCA 1
| #ifndef __x86_64__
| #define __x86_64__ 1
| #endif
| #ifndef __x86_64__
| #define __x86_64__ 1
| #endif
| #define HAVE_ALLOCA 1
| #define GNULIB_TEST_GETLOADAVG 1
| #define HAVE_C_BOOL 1
| #define HAVE_ICONV 1
| #define HAVE_DIRENT_H 1
| #define HAVE_STDLIB_H 1
| #define HAVE_STRING_H 1
| #define HAVE_STRINGS_H 1
| #define HAVE_LOCALE_H 1
| #define HAVE_UNISTD_H 1
| #define HAVE_LIMITS_H 1
| #define HAVE_MEMORY_H 1
| #define HAVE_SYS_PARAM_H 1
| #define HAVE_SYS_RESOURCE_H 1
| #define HAVE_SYS_TIMEB_H 1
| #define HAVE_SYS_TIME_H 1
| #define HAVE_SYS_SELECT_H 1
| #define HAVE_SYS_FILE_H 1
| #define HAVE_FCNTL_H 1
| #define HAVE_SPAWN_H 1
| #define HAVE_UNSIGNED_LONG_LONG_INT 1
| #define HAVE_LONG_LONG_INT 1
| #define HAVE_INTMAX_T 1
| #define HAVE_UINTMAX_T 1
| #define HAVE_SIG_ATOMIC_T 1
| #define ST_MTIM_NSEC st_mtim.tv_nsec
| #define FILE_TIMESTAMP_HI_RES 1
| #define HAVE_CLOCK_GETTIME 1
| #define HAVE_GETTIMEOFDAY 1
| #define HAVE_STRTOLL 1
| #define HAVE_STRDUP 1
| #define HAVE_STRNDUP 1
| #define HAVE_STPCPY 1
| #define HAVE_MEMRCHR 1
| #define HAVE_MEMPCPY 1
| #define HAVE_UMASK 1
| #define HAVE_MKSTEMP 1
| #define HAVE_MKTEMP 1
| #define HAVE_FDOPEN 1
| #define HAVE_DUP 1
| #define HAVE_DUP2 1
| #define HAVE_GETCWD 1
| #define HAVE_REALPATH 1
| #define HAVE_SIGACTION 1
| #define HAVE_GETGROUPS 1
| #define HAVE_SETEUID 1
| #define HAVE_SETEGID 1
| #define HAVE_SETLINEBUF 1
| #define HAVE_SETREUID 1
| #define HAVE_SETREGID 1
| #define HAVE_MKFIFO 1
| #define HAVE_GETRLIMIT 1
| #define HAVE_SETRLIMIT 1
| #define HAVE_SETVBUF 1
| #define HAVE_PIPE 1
| #define HAVE_STRERROR 1
| #define HAVE_STRSIGNAL 1
| #define HAVE_LSTAT 1
| #define HAVE_READLINK 1
| #define HAVE_ATEXIT 1
| #define HAVE_ISATTY 1
| #define HAVE_TTYNAME 1
| #define HAVE_PSELECT 1
| #define HAVE_POSIX_SPAWN 1
| #define HAVE_POSIX_SPAWNATTR_SETSIGMASK 1
| #define HAVE_DECL_BSD_SIGNAL 1
| #define HAVE_FORK 1
| #define HAVE_VFORK 1
| #define HAVE_WORKING_VFORK 1
| #define HAVE_WORKING_FORK 1
| #define HAVE_STRCASECMP 1
| #define HAVE_STRNCASECMP 1
| /* end confdefs.h.  */
| /* Define strcmpi to an innocuous variant, in case <limits.h> declares strcmpi.
|    For example, HP-UX 11i <limits.h> declares gettimeofday.  */
| #define strcmpi innocuous_strcmpi
| 
| /* System header to define __stub macros and hopefully few prototypes,
|    which can conflict with char strcmpi (); below.  */
| 
| #include <limits.h>
| #undef strcmpi
| 
| /* Override any GCC internal prototype to avoid an error.
|    Use char because int might match the return type of a GCC
|    builtin and then its argument prototype would still apply.  */
| #ifdef __cplusplus
| extern "C"
| #endif
| char strcmpi ();
| /* The GNU C library defines this for functions which it implements
|     to always fail with ENOSYS.  Some functions are actually named
|     something starting with __ and the normal name is an alias.  */
| #if defined __stub_strcmpi || defined __stub___strcmpi
| choke me
| #endif
| 
| int
| main (void)
| {
| return strcmpi ();
|   ;
|   return 0;
| }
configure:13605: result: no
configure:13611: checking for strncmpi
configure:13611: x86_64-unknown-linux-musl-gcc -o conftest -g -O2 -D__GNU_LIBRARY__=1 -Dgetenv=getenv -I/home/samson/Projects/clojv3/./store/musl-1.2.6/include -B/home/samson/Projects/clojv3/./store/musl-1.2.6/lib -L/home/samson/Projects/clojv3/./store/musl-1.2.6/lib -Wl,-rpath,/home/samson/Projects/clojv3/./store/musl-1.2.6/lib -Wl,-dynamic-linker,/home/samson/Projects/clojv3/./store/musl-1.2.6/lib/libc.so conftest.c  >&5
/nix/store/60lv8wlcr99wv4ck3sk9fzcbb4jbk2n6-x86_64-unknown-linux-musl-binutils-2.46/bin/x86_64-unknown-linux-musl-ld.bfd: /tmp/ccTEIGaU.o: in function `main':
/home/samson/Projects/clojv3/store/tmp/make-4.4.1/make-4.4.1/conftest.c:149:(.text.startup+0x5): undefined reference to `strncmpi'
collect2: error: ld returned 1 exit status
configure:13611: $? = 1
configure: failed program was:
| /* confdefs.h */
| #define PACKAGE_NAME "GNU Make"
| #define PACKAGE_TARNAME "make"
| #define PACKAGE_VERSION "4.4.1"
| #define PACKAGE_STRING "GNU Make 4.4.1"
| #define PACKAGE_BUGREPORT "bug-make@gnu.org"
| #define PACKAGE_URL "https://www.gnu.org/software/make/"
| #define PACKAGE "make"
| #define VERSION "4.4.1"
| #define HAVE_STDIO_H 1
| #define HAVE_STDLIB_H 1
| #define HAVE_STRING_H 1
| #define HAVE_INTTYPES_H 1
| #define HAVE_STDINT_H 1
| #define HAVE_STRINGS_H 1
| #define HAVE_SYS_STAT_H 1
| #define HAVE_SYS_TYPES_H 1
| #define HAVE_UNISTD_H 1
| #define HAVE_WCHAR_H 1
| #define HAVE_SYS_PARAM_H 1
| #define HAVE_STDBOOL_H 1
| #define STDC_HEADERS 1
| #define _ALL_SOURCE 1
| #define _DARWIN_C_SOURCE 1
| #define _GNU_SOURCE 1
| #define _HPUX_ALT_XOPEN_SOCKET_API 1
| #define _NETBSD_SOURCE 1
| #define _OPENBSD_SOURCE 1
| #define _POSIX_PTHREAD_SEMANTICS 1
| #define __STDC_WANT_IEC_60559_ATTRIBS_EXT__ 1
| #define __STDC_WANT_IEC_60559_BFP_EXT__ 1
| #define __STDC_WANT_IEC_60559_DFP_EXT__ 1
| #define __STDC_WANT_IEC_60559_EXT__ 1
| #define __STDC_WANT_IEC_60559_FUNCS_EXT__ 1
| #define __STDC_WANT_IEC_60559_TYPES_EXT__ 1
| #define __STDC_WANT_LIB_EXT2__ 1
| #define __STDC_WANT_MATH_SPEC_FUNCS__ 1
| #define _TANDEM_SOURCE 1
| #define __EXTENSIONS__ 1
| #define MAKE_CXX "g++"
| #define HAVE_ALLOCA_H 1
| #define HAVE_ALLOCA 1
| #ifndef __x86_64__
| #define __x86_64__ 1
| #endif
| #ifndef __x86_64__
| #define __x86_64__ 1
| #endif
| #define HAVE_ALLOCA 1
| #define GNULIB_TEST_GETLOADAVG 1
| #define HAVE_C_BOOL 1
| #define HAVE_ICONV 1
| #define HAVE_DIRENT_H 1
| #define HAVE_STDLIB_H 1
| #define HAVE_STRING_H 1
| #define HAVE_STRINGS_H 1
| #define HAVE_LOCALE_H 1
| #define HAVE_UNISTD_H 1
| #define HAVE_LIMITS_H 1
| #define HAVE_MEMORY_H 1
| #define HAVE_SYS_PARAM_H 1
| #define HAVE_SYS_RESOURCE_H 1
| #define HAVE_SYS_TIMEB_H 1
| #define HAVE_SYS_TIME_H 1
| #define HAVE_SYS_SELECT_H 1
| #define HAVE_SYS_FILE_H 1
| #define HAVE_FCNTL_H 1
| #define HAVE_SPAWN_H 1
| #define HAVE_UNSIGNED_LONG_LONG_INT 1
| #define HAVE_LONG_LONG_INT 1
| #define HAVE_INTMAX_T 1
| #define HAVE_UINTMAX_T 1
| #define HAVE_SIG_ATOMIC_T 1
| #define ST_MTIM_NSEC st_mtim.tv_nsec
| #define FILE_TIMESTAMP_HI_RES 1
| #define HAVE_CLOCK_GETTIME 1
| #define HAVE_GETTIMEOFDAY 1
| #define HAVE_STRTOLL 1
| #define HAVE_STRDUP 1
| #define HAVE_STRNDUP 1
| #define HAVE_STPCPY 1
| #define HAVE_MEMRCHR 1
| #define HAVE_MEMPCPY 1
| #define HAVE_UMASK 1
| #define HAVE_MKSTEMP 1
| #define HAVE_MKTEMP 1
| #define HAVE_FDOPEN 1
| #define HAVE_DUP 1
| #define HAVE_DUP2 1
| #define HAVE_GETCWD 1
| #define HAVE_REALPATH 1
| #define HAVE_SIGACTION 1
| #define HAVE_GETGROUPS 1
| #define HAVE_SETEUID 1
| #define HAVE_SETEGID 1
| #define HAVE_SETLINEBUF 1
| #define HAVE_SETREUID 1
| #define HAVE_SETREGID 1
| #define HAVE_MKFIFO 1
| #define HAVE_GETRLIMIT 1
| #define HAVE_SETRLIMIT 1
| #define HAVE_SETVBUF 1
| #define HAVE_PIPE 1
| #define HAVE_STRERROR 1
| #define HAVE_STRSIGNAL 1
| #define HAVE_LSTAT 1
| #define HAVE_READLINK 1
| #define HAVE_ATEXIT 1
| #define HAVE_ISATTY 1
| #define HAVE_TTYNAME 1
| #define HAVE_PSELECT 1
| #define HAVE_POSIX_SPAWN 1
| #define HAVE_POSIX_SPAWNATTR_SETSIGMASK 1
| #define HAVE_DECL_BSD_SIGNAL 1
| #define HAVE_FORK 1
| #define HAVE_VFORK 1
| #define HAVE_WORKING_VFORK 1
| #define HAVE_WORKING_FORK 1
| #define HAVE_STRCASECMP 1
| #define HAVE_STRNCASECMP 1
| /* end confdefs.h.  */
| /* Define strncmpi to an innocuous variant, in case <limits.h> declares strncmpi.
|    For example, HP-UX 11i <limits.h> declares gettimeofday.  */
| #define strncmpi innocuous_strncmpi
| 
| /* System header to define __stub macros and hopefully few prototypes,
|    which can conflict with char strncmpi (); below.  */
| 
| #include <limits.h>
| #undef strncmpi
| 
| /* Override any GCC internal prototype to avoid an error.
|    Use char because int might match the return type of a GCC
|    builtin and then its argument prototype would still apply.  */
| #ifdef __cplusplus
| extern "C"
| #endif
| char strncmpi ();
| /* The GNU C library defines this for functions which it implements
|     to always fail with ENOSYS.  Some functions are actually named
|     something starting with __ and the normal name is an alias.  */
| #if defined __stub_strncmpi || defined __stub___strncmpi
| choke me
| #endif
| 
| int
| main (void)
| {
| return strncmpi ();
|   ;
|   return 0;
| }
configure:13611: result: no
configure:13617: checking for stricmp
configure:13617: x86_64-unknown-linux-musl-gcc -o conftest -g -O2 -D__GNU_LIBRARY__=1 -Dgetenv=getenv -I/home/samson/Projects/clojv3/./store/musl-1.2.6/include -B/home/samson/Projects/clojv3/./store/musl-1.2.6/lib -L/home/samson/Projects/clojv3/./store/musl-1.2.6/lib -Wl,-rpath,/home/samson/Projects/clojv3/./store/musl-1.2.6/lib -Wl,-dynamic-linker,/home/samson/Projects/clojv3/./store/musl-1.2.6/lib/libc.so conftest.c  >&5
/nix/store/60lv8wlcr99wv4ck3sk9fzcbb4jbk2n6-x86_64-unknown-linux-musl-binutils-2.46/bin/x86_64-unknown-linux-musl-ld.bfd: /tmp/cctLje8T.o: in function `main':
/home/samson/Projects/clojv3/store/tmp/make-4.4.1/make-4.4.1/conftest.c:149:(.text.startup+0x5): undefined reference to `stricmp'
collect2: error: ld returned 1 exit status
configure:13617: $? = 1
configure: failed program was:
| /* confdefs.h */
| #define PACKAGE_NAME "GNU Make"
| #define PACKAGE_TARNAME "make"
| #define PACKAGE_VERSION "4.4.1"
| #define PACKAGE_STRING "GNU Make 4.4.1"
| #define PACKAGE_BUGREPORT "bug-make@gnu.org"
| #define PACKAGE_URL "https://www.gnu.org/software/make/"
| #define PACKAGE "make"
| #define VERSION "4.4.1"
| #define HAVE_STDIO_H 1
| #define HAVE_STDLIB_H 1
| #define HAVE_STRING_H 1
| #define HAVE_INTTYPES_H 1
| #define HAVE_STDINT_H 1
| #define HAVE_STRINGS_H 1
| #define HAVE_SYS_STAT_H 1
| #define HAVE_SYS_TYPES_H 1
| #define HAVE_UNISTD_H 1
| #define HAVE_WCHAR_H 1
| #define HAVE_SYS_PARAM_H 1
| #define HAVE_STDBOOL_H 1
| #define STDC_HEADERS 1
| #define _ALL_SOURCE 1
| #define _DARWIN_C_SOURCE 1
| #define _GNU_SOURCE 1
| #define _HPUX_ALT_XOPEN_SOCKET_API 1
| #define _NETBSD_SOURCE 1
| #define _OPENBSD_SOURCE 1
| #define _POSIX_PTHREAD_SEMANTICS 1
| #define __STDC_WANT_IEC_60559_ATTRIBS_EXT__ 1
| #define __STDC_WANT_IEC_60559_BFP_EXT__ 1
| #define __STDC_WANT_IEC_60559_DFP_EXT__ 1
| #define __STDC_WANT_IEC_60559_EXT__ 1
| #define __STDC_WANT_IEC_60559_FUNCS_EXT__ 1
| #define __STDC_WANT_IEC_60559_TYPES_EXT__ 1
| #define __STDC_WANT_LIB_EXT2__ 1
| #define __STDC_WANT_MATH_SPEC_FUNCS__ 1
| #define _TANDEM_SOURCE 1
| #define __EXTENSIONS__ 1
| #define MAKE_CXX "g++"
| #define HAVE_ALLOCA_H 1
| #define HAVE_ALLOCA 1
| #ifndef __x86_64__
| #define __x86_64__ 1
| #endif
| #ifndef __x86_64__
| #define __x86_64__ 1
| #endif
| #define HAVE_ALLOCA 1
| #define GNULIB_TEST_GETLOADAVG 1
| #define HAVE_C_BOOL 1
| #define HAVE_ICONV 1
| #define HAVE_DIRENT_H 1
| #define HAVE_STDLIB_H 1
| #define HAVE_STRING_H 1
| #define HAVE_STRINGS_H 1
| #define HAVE_LOCALE_H 1
| #define HAVE_UNISTD_H 1
| #define HAVE_LIMITS_H 1
| #define HAVE_MEMORY_H 1
| #define HAVE_SYS_PARAM_H 1
| #define HAVE_SYS_RESOURCE_H 1
| #define HAVE_SYS_TIMEB_H 1
| #define HAVE_SYS_TIME_H 1
| #define HAVE_SYS_SELECT_H 1
| #define HAVE_SYS_FILE_H 1
| #define HAVE_FCNTL_H 1
| #define HAVE_SPAWN_H 1
| #define HAVE_UNSIGNED_LONG_LONG_INT 1
| #define HAVE_LONG_LONG_INT 1
| #define HAVE_INTMAX_T 1
| #define HAVE_UINTMAX_T 1
| #define HAVE_SIG_ATOMIC_T 1
| #define ST_MTIM_NSEC st_mtim.tv_nsec
| #define FILE_TIMESTAMP_HI_RES 1
| #define HAVE_CLOCK_GETTIME 1
| #define HAVE_GETTIMEOFDAY 1
| #define HAVE_STRTOLL 1
| #define HAVE_STRDUP 1
| #define HAVE_STRNDUP 1
| #define HAVE_STPCPY 1
| #define HAVE_MEMRCHR 1
| #define HAVE_MEMPCPY 1
| #define HAVE_UMASK 1
| #define HAVE_MKSTEMP 1
| #define HAVE_MKTEMP 1
| #define HAVE_FDOPEN 1
| #define HAVE_DUP 1
| #define HAVE_DUP2 1
| #define HAVE_GETCWD 1
| #define HAVE_REALPATH 1
| #define HAVE_SIGACTION 1
| #define HAVE_GETGROUPS 1
| #define HAVE_SETEUID 1
| #define HAVE_SETEGID 1
| #define HAVE_SETLINEBUF 1
| #define HAVE_SETREUID 1
| #define HAVE_SETREGID 1
| #define HAVE_MKFIFO 1
| #define HAVE_GETRLIMIT 1
| #define HAVE_SETRLIMIT 1
| #define HAVE_SETVBUF 1
| #define HAVE_PIPE 1
| #define HAVE_STRERROR 1
| #define HAVE_STRSIGNAL 1
| #define HAVE_LSTAT 1
| #define HAVE_READLINK 1
| #define HAVE_ATEXIT 1
| #define HAVE_ISATTY 1
| #define HAVE_TTYNAME 1
| #define HAVE_PSELECT 1
| #define HAVE_POSIX_SPAWN 1
| #define HAVE_POSIX_SPAWNATTR_SETSIGMASK 1
| #define HAVE_DECL_BSD_SIGNAL 1
| #define HAVE_FORK 1
| #define HAVE_VFORK 1
| #define HAVE_WORKING_VFORK 1
| #define HAVE_WORKING_FORK 1
| #define HAVE_STRCASECMP 1
| #define HAVE_STRNCASECMP 1
| /* end confdefs.h.  */
| /* Define stricmp to an innocuous variant, in case <limits.h> declares stricmp.
|    For example, HP-UX 11i <limits.h> declares gettimeofday.  */
| #define stricmp innocuous_stricmp
| 
| /* System header to define __stub macros and hopefully few prototypes,
|    which can conflict with char stricmp (); below.  */
| 
| #include <limits.h>
| #undef stricmp
| 
| /* Override any GCC internal prototype to avoid an error.
|    Use char because int might match the return type of a GCC
|    builtin and then its argument prototype would still apply.  */
| #ifdef __cplusplus
| extern "C"
| #endif
| char stricmp ();
| /* The GNU C library defines this for functions which it implements
|     to always fail with ENOSYS.  Some functions are actually named
|     something starting with __ and the normal name is an alias.  */
| #if defined __stub_stricmp || defined __stub___stricmp
| choke me
| #endif
| 
| int
| main (void)
| {
| return stricmp ();
|   ;
|   return 0;
| }
configure:13617: result: no
configure:13623: checking for strnicmp
configure:13623: x86_64-unknown-linux-musl-gcc -o conftest -g -O2 -D__GNU_LIBRARY__=1 -Dgetenv=getenv -I/home/samson/Projects/clojv3/./store/musl-1.2.6/include -B/home/samson/Projects/clojv3/./store/musl-1.2.6/lib -L/home/samson/Projects/clojv3/./store/musl-1.2.6/lib -Wl,-rpath,/home/samson/Projects/clojv3/./store/musl-1.2.6/lib -Wl,-dynamic-linker,/home/samson/Projects/clojv3/./store/musl-1.2.6/lib/libc.so conftest.c  >&5
/nix/store/60lv8wlcr99wv4ck3sk9fzcbb4jbk2n6-x86_64-unknown-linux-musl-binutils-2.46/bin/x86_64-unknown-linux-musl-ld.bfd: /tmp/cc2p6etc.o: in function `main':
/home/samson/Projects/clojv3/store/tmp/make-4.4.1/make-4.4.1/conftest.c:149:(.text.startup+0x5): undefined reference to `strnicmp'
collect2: error: ld returned 1 exit status
configure:13623: $? = 1
configure: failed program was:
| /* confdefs.h */
| #define PACKAGE_NAME "GNU Make"
| #define PACKAGE_TARNAME "make"
| #define PACKAGE_VERSION "4.4.1"
| #define PACKAGE_STRING "GNU Make 4.4.1"
| #define PACKAGE_BUGREPORT "bug-make@gnu.org"
| #define PACKAGE_URL "https://www.gnu.org/software/make/"
| #define PACKAGE "make"
| #define VERSION "4.4.1"
| #define HAVE_STDIO_H 1
| #define HAVE_STDLIB_H 1
| #define HAVE_STRING_H 1
| #define HAVE_INTTYPES_H 1
| #define HAVE_STDINT_H 1
| #define HAVE_STRINGS_H 1
| #define HAVE_SYS_STAT_H 1
| #define HAVE_SYS_TYPES_H 1
| #define HAVE_UNISTD_H 1
| #define HAVE_WCHAR_H 1
| #define HAVE_SYS_PARAM_H 1
| #define HAVE_STDBOOL_H 1
| #define STDC_HEADERS 1
| #define _ALL_SOURCE 1
| #define _DARWIN_C_SOURCE 1
| #define _GNU_SOURCE 1
| #define _HPUX_ALT_XOPEN_SOCKET_API 1
| #define _NETBSD_SOURCE 1
| #define _OPENBSD_SOURCE 1
| #define _POSIX_PTHREAD_SEMANTICS 1
| #define __STDC_WANT_IEC_60559_ATTRIBS_EXT__ 1
| #define __STDC_WANT_IEC_60559_BFP_EXT__ 1
| #define __STDC_WANT_IEC_60559_DFP_EXT__ 1
| #define __STDC_WANT_IEC_60559_EXT__ 1
| #define __STDC_WANT_IEC_60559_FUNCS_EXT__ 1
| #define __STDC_WANT_IEC_60559_TYPES_EXT__ 1
| #define __STDC_WANT_LIB_EXT2__ 1
| #define __STDC_WANT_MATH_SPEC_FUNCS__ 1
| #define _TANDEM_SOURCE 1
| #define __EXTENSIONS__ 1
| #define MAKE_CXX "g++"
| #define HAVE_ALLOCA_H 1
| #define HAVE_ALLOCA 1
| #ifndef __x86_64__
| #define __x86_64__ 1
| #endif
| #ifndef __x86_64__
| #define __x86_64__ 1
| #endif
| #define HAVE_ALLOCA 1
| #define GNULIB_TEST_GETLOADAVG 1
| #define HAVE_C_BOOL 1
| #define HAVE_ICONV 1
| #define HAVE_DIRENT_H 1
| #define HAVE_STDLIB_H 1
| #define HAVE_STRING_H 1
| #define HAVE_STRINGS_H 1
| #define HAVE_LOCALE_H 1
| #define HAVE_UNISTD_H 1
| #define HAVE_LIMITS_H 1
| #define HAVE_MEMORY_H 1
| #define HAVE_SYS_PARAM_H 1
| #define HAVE_SYS_RESOURCE_H 1
| #define HAVE_SYS_TIMEB_H 1
| #define HAVE_SYS_TIME_H 1
| #define HAVE_SYS_SELECT_H 1
| #define HAVE_SYS_FILE_H 1
| #define HAVE_FCNTL_H 1
| #define HAVE_SPAWN_H 1
| #define HAVE_UNSIGNED_LONG_LONG_INT 1
| #define HAVE_LONG_LONG_INT 1
| #define HAVE_INTMAX_T 1
| #define HAVE_UINTMAX_T 1
| #define HAVE_SIG_ATOMIC_T 1
| #define ST_MTIM_NSEC st_mtim.tv_nsec
| #define FILE_TIMESTAMP_HI_RES 1
| #define HAVE_CLOCK_GETTIME 1
| #define HAVE_GETTIMEOFDAY 1
| #define HAVE_STRTOLL 1
| #define HAVE_STRDUP 1
| #define HAVE_STRNDUP 1
| #define HAVE_STPCPY 1
| #define HAVE_MEMRCHR 1
| #define HAVE_MEMPCPY 1
| #define HAVE_UMASK 1
| #define HAVE_MKSTEMP 1
| #define HAVE_MKTEMP 1
| #define HAVE_FDOPEN 1
| #define HAVE_DUP 1
| #define HAVE_DUP2 1
| #define HAVE_GETCWD 1
| #define HAVE_REALPATH 1
| #define HAVE_SIGACTION 1
| #define HAVE_GETGROUPS 1
| #define HAVE_SETEUID 1
| #define HAVE_SETEGID 1
| #define HAVE_SETLINEBUF 1
| #define HAVE_SETREUID 1
| #define HAVE_SETREGID 1
| #define HAVE_MKFIFO 1
| #define HAVE_GETRLIMIT 1
| #define HAVE_SETRLIMIT 1
| #define HAVE_SETVBUF 1
| #define HAVE_PIPE 1
| #define HAVE_STRERROR 1
| #define HAVE_STRSIGNAL 1
| #define HAVE_LSTAT 1
| #define HAVE_READLINK 1
| #define HAVE_ATEXIT 1
| #define HAVE_ISATTY 1
| #define HAVE_TTYNAME 1
| #define HAVE_PSELECT 1
| #define HAVE_POSIX_SPAWN 1
| #define HAVE_POSIX_SPAWNATTR_SETSIGMASK 1
| #define HAVE_DECL_BSD_SIGNAL 1
| #define HAVE_FORK 1
| #define HAVE_VFORK 1
| #define HAVE_WORKING_VFORK 1
| #define HAVE_WORKING_FORK 1
| #define HAVE_STRCASECMP 1
| #define HAVE_STRNCASECMP 1
| /* end confdefs.h.  */
| /* Define strnicmp to an innocuous variant, in case <limits.h> declares strnicmp.
|    For example, HP-UX 11i <limits.h> declares gettimeofday.  */
| #define strnicmp innocuous_strnicmp
| 
| /* System header to define __stub macros and hopefully few prototypes,
|    which can conflict with char strnicmp (); below.  */
| 
| #include <limits.h>
| #undef strnicmp
| 
| /* Override any GCC internal prototype to avoid an error.
|    Use char because int might match the return type of a GCC
|    builtin and then its argument prototype would still apply.  */
| #ifdef __cplusplus
| extern "C"
| #endif
| char strnicmp ();
| /* The GNU C library defines this for functions which it implements
|     to always fail with ENOSYS.  Some functions are actually named
|     something starting with __ and the normal name is an alias.  */
| #if defined __stub_strnicmp || defined __stub___strnicmp
| choke me
| #endif
| 
| int
| main (void)
| {
| return strnicmp ();
|   ;
|   return 0;
| }
configure:13623: result: no
configure:13632: checking for working strcoll
configure:13660: x86_64-unknown-linux-musl-gcc -o conftest -g -O2 -D__GNU_LIBRARY__=1 -Dgetenv=getenv -I/home/samson/Projects/clojv3/./store/musl-1.2.6/include -B/home/samson/Projects/clojv3/./store/musl-1.2.6/lib -L/home/samson/Projects/clojv3/./store/musl-1.2.6/lib -Wl,-rpath,/home/samson/Projects/clojv3/./store/musl-1.2.6/lib -Wl,-dynamic-linker,/home/samson/Projects/clojv3/./store/musl-1.2.6/lib/libc.so conftest.c  >&5
configure:13660: $? = 0
configure:13660: ./conftest
configure:13660: $? = 0
configure:13671: result: yes
configure:13679: checking whether closedir returns void
configure:13700: x86_64-unknown-linux-musl-gcc -c -g -O2 -D__GNU_LIBRARY__=1 -Dgetenv=getenv -I/home/samson/Projects/clojv3/./store/musl-1.2.6/include conftest.c >&5
configure:13700: $? = 0
configure:13708: result: no
configure:13720: checking for struct dirent.d_type
configure:13720: x86_64-unknown-linux-musl-gcc -c -g -O2 -D__GNU_LIBRARY__=1 -Dgetenv=getenv -I/home/samson/Projects/clojv3/./store/musl-1.2.6/include conftest.c >&5
configure:13720: $? = 0
configure:13720: result: yes
configure:13818: checking for pkg-config
configure:13856: result: no
configure:13895: checking for GNU Guile
configure:13907: result: no
configure:14076: checking whether sys_siglist is declared
configure:14076: x86_64-unknown-linux-musl-gcc -c -g -O2  -D__GNU_LIBRARY__=1 -Dgetenv=getenv -I/home/samson/Projects/clojv3/./store/musl-1.2.6/include conftest.c >&5
conftest.c: In function 'main':
conftest.c:166:10: error: 'sys_siglist' undeclared (first use in this function)
  166 |   (void) sys_siglist;
      |          ^~~~~~~~~~~
conftest.c:166:10: note: each undeclared identifier is reported only once for each function it appears in
configure:14076: $? = 1
configure: failed program was:
| /* confdefs.h */
| #define PACKAGE_NAME "GNU Make"
| #define PACKAGE_TARNAME "make"
| #define PACKAGE_VERSION "4.4.1"
| #define PACKAGE_STRING "GNU Make 4.4.1"
| #define PACKAGE_BUGREPORT "bug-make@gnu.org"
| #define PACKAGE_URL "https://www.gnu.org/software/make/"
| #define PACKAGE "make"
| #define VERSION "4.4.1"
| #define HAVE_STDIO_H 1
| #define HAVE_STDLIB_H 1
| #define HAVE_STRING_H 1
| #define HAVE_INTTYPES_H 1
| #define HAVE_STDINT_H 1
| #define HAVE_STRINGS_H 1
| #define HAVE_SYS_STAT_H 1
| #define HAVE_SYS_TYPES_H 1
| #define HAVE_UNISTD_H 1
| #define HAVE_WCHAR_H 1
| #define HAVE_SYS_PARAM_H 1
| #define HAVE_STDBOOL_H 1
| #define STDC_HEADERS 1
| #define _ALL_SOURCE 1
| #define _DARWIN_C_SOURCE 1
| #define _GNU_SOURCE 1
| #define _HPUX_ALT_XOPEN_SOCKET_API 1
| #define _NETBSD_SOURCE 1
| #define _OPENBSD_SOURCE 1
| #define _POSIX_PTHREAD_SEMANTICS 1
| #define __STDC_WANT_IEC_60559_ATTRIBS_EXT__ 1
| #define __STDC_WANT_IEC_60559_BFP_EXT__ 1
| #define __STDC_WANT_IEC_60559_DFP_EXT__ 1
| #define __STDC_WANT_IEC_60559_EXT__ 1
| #define __STDC_WANT_IEC_60559_FUNCS_EXT__ 1
| #define __STDC_WANT_IEC_60559_TYPES_EXT__ 1
| #define __STDC_WANT_LIB_EXT2__ 1
| #define __STDC_WANT_MATH_SPEC_FUNCS__ 1
| #define _TANDEM_SOURCE 1
| #define __EXTENSIONS__ 1
| #define MAKE_CXX "g++"
| #define HAVE_ALLOCA_H 1
| #define HAVE_ALLOCA 1
| #ifndef __x86_64__
| #define __x86_64__ 1
| #endif
| #ifndef __x86_64__
| #define __x86_64__ 1
| #endif
| #define HAVE_ALLOCA 1
| #define GNULIB_TEST_GETLOADAVG 1
| #define HAVE_C_BOOL 1
| #define HAVE_ICONV 1
| #define HAVE_DIRENT_H 1
| #define HAVE_STDLIB_H 1
| #define HAVE_STRING_H 1
| #define HAVE_STRINGS_H 1
| #define HAVE_LOCALE_H 1
| #define HAVE_UNISTD_H 1
| #define HAVE_LIMITS_H 1
| #define HAVE_MEMORY_H 1
| #define HAVE_SYS_PARAM_H 1
| #define HAVE_SYS_RESOURCE_H 1
| #define HAVE_SYS_TIMEB_H 1
| #define HAVE_SYS_TIME_H 1
| #define HAVE_SYS_SELECT_H 1
| #define HAVE_SYS_FILE_H 1
| #define HAVE_FCNTL_H 1
| #define HAVE_SPAWN_H 1
| #define HAVE_UNSIGNED_LONG_LONG_INT 1
| #define HAVE_LONG_LONG_INT 1
| #define HAVE_INTMAX_T 1
| #define HAVE_UINTMAX_T 1
| #define HAVE_SIG_ATOMIC_T 1
| #define ST_MTIM_NSEC st_mtim.tv_nsec
| #define FILE_TIMESTAMP_HI_RES 1
| #define HAVE_CLOCK_GETTIME 1
| #define HAVE_GETTIMEOFDAY 1
| #define HAVE_STRTOLL 1
| #define HAVE_STRDUP 1
| #define HAVE_STRNDUP 1
| #define HAVE_STPCPY 1
| #define HAVE_MEMRCHR 1
| #define HAVE_MEMPCPY 1
| #define HAVE_UMASK 1
| #define HAVE_MKSTEMP 1
| #define HAVE_MKTEMP 1
| #define HAVE_FDOPEN 1
| #define HAVE_DUP 1
| #define HAVE_DUP2 1
| #define HAVE_GETCWD 1
| #define HAVE_REALPATH 1
| #define HAVE_SIGACTION 1
| #define HAVE_GETGROUPS 1
| #define HAVE_SETEUID 1
| #define HAVE_SETEGID 1
| #define HAVE_SETLINEBUF 1
| #define HAVE_SETREUID 1
| #define HAVE_SETREGID 1
| #define HAVE_MKFIFO 1
| #define HAVE_GETRLIMIT 1
| #define HAVE_SETRLIMIT 1
| #define HAVE_SETVBUF 1
| #define HAVE_PIPE 1
| #define HAVE_STRERROR 1
| #define HAVE_STRSIGNAL 1
| #define HAVE_LSTAT 1
| #define HAVE_READLINK 1
| #define HAVE_ATEXIT 1
| #define HAVE_ISATTY 1
| #define HAVE_TTYNAME 1
| #define HAVE_PSELECT 1
| #define HAVE_POSIX_SPAWN 1
| #define HAVE_POSIX_SPAWNATTR_SETSIGMASK 1
| #define HAVE_DECL_BSD_SIGNAL 1
| #define HAVE_FORK 1
| #define HAVE_VFORK 1
| #define HAVE_WORKING_VFORK 1
| #define HAVE_WORKING_FORK 1
| #define HAVE_STRCASECMP 1
| #define HAVE_STRNCASECMP 1
| #define HAVE_STRCOLL 1
| #define HAVE_STRUCT_DIRENT_D_TYPE 1
| /* end confdefs.h.  */
| #include <stddef.h>
| #ifdef HAVE_STDIO_H
| # include <stdio.h>
| #endif
| #ifdef HAVE_STDLIB_H
| # include <stdlib.h>
| #endif
| #ifdef HAVE_STRING_H
| # include <string.h>
| #endif
| #ifdef HAVE_INTTYPES_H
| # include <inttypes.h>
| #endif
| #ifdef HAVE_STDINT_H
| # include <stdint.h>
| #endif
| #ifdef HAVE_STRINGS_H
| # include <strings.h>
| #endif
| #ifdef HAVE_SYS_TYPES_H
| # include <sys/types.h>
| #endif
| #ifdef HAVE_SYS_STAT_H
| # include <sys/stat.h>
| #endif
| #ifdef HAVE_UNISTD_H
| # include <unistd.h>
| #endif
| #include <signal.h>
| /* NetBSD declares sys_siglist in unistd.h.  */
| #if HAVE_UNISTD_H
| # include <unistd.h>
| #endif
| 
| 
| int
| main (void)
| {
| #ifndef sys_siglist
| #ifdef __cplusplus
|   (void) sys_siglist;
| #else
|   (void) sys_siglist;
| #endif
| #endif
| 
|   ;
|   return 0;
| }
configure:14076: result: no
configure:14091: checking whether _sys_siglist is declared
configure:14091: x86_64-unknown-linux-musl-gcc -c -g -O2  -D__GNU_LIBRARY__=1 -Dgetenv=getenv -I/home/samson/Projects/clojv3/./store/musl-1.2.6/include conftest.c >&5
conftest.c: In function 'main':
conftest.c:167:10: error: '_sys_siglist' undeclared (first use in this function)
  167 |   (void) _sys_siglist;
      |          ^~~~~~~~~~~~
conftest.c:167:10: note: each undeclared identifier is reported only once for each function it appears in
configure:14091: $? = 1
configure: failed program was:
| /* confdefs.h */
| #define PACKAGE_NAME "GNU Make"
| #define PACKAGE_TARNAME "make"
| #define PACKAGE_VERSION "4.4.1"
| #define PACKAGE_STRING "GNU Make 4.4.1"
| #define PACKAGE_BUGREPORT "bug-make@gnu.org"
| #define PACKAGE_URL "https://www.gnu.org/software/make/"
| #define PACKAGE "make"
| #define VERSION "4.4.1"
| #define HAVE_STDIO_H 1
| #define HAVE_STDLIB_H 1
| #define HAVE_STRING_H 1
| #define HAVE_INTTYPES_H 1
| #define HAVE_STDINT_H 1
| #define HAVE_STRINGS_H 1
| #define HAVE_SYS_STAT_H 1
| #define HAVE_SYS_TYPES_H 1
| #define HAVE_UNISTD_H 1
| #define HAVE_WCHAR_H 1
| #define HAVE_SYS_PARAM_H 1
| #define HAVE_STDBOOL_H 1
| #define STDC_HEADERS 1
| #define _ALL_SOURCE 1
| #define _DARWIN_C_SOURCE 1
| #define _GNU_SOURCE 1
| #define _HPUX_ALT_XOPEN_SOCKET_API 1
| #define _NETBSD_SOURCE 1
| #define _OPENBSD_SOURCE 1
| #define _POSIX_PTHREAD_SEMANTICS 1
| #define __STDC_WANT_IEC_60559_ATTRIBS_EXT__ 1
| #define __STDC_WANT_IEC_60559_BFP_EXT__ 1
| #define __STDC_WANT_IEC_60559_DFP_EXT__ 1
| #define __STDC_WANT_IEC_60559_EXT__ 1
| #define __STDC_WANT_IEC_60559_FUNCS_EXT__ 1
| #define __STDC_WANT_IEC_60559_TYPES_EXT__ 1
| #define __STDC_WANT_LIB_EXT2__ 1
| #define __STDC_WANT_MATH_SPEC_FUNCS__ 1
| #define _TANDEM_SOURCE 1
| #define __EXTENSIONS__ 1
| #define MAKE_CXX "g++"
| #define HAVE_ALLOCA_H 1
| #define HAVE_ALLOCA 1
| #ifndef __x86_64__
| #define __x86_64__ 1
| #endif
| #ifndef __x86_64__
| #define __x86_64__ 1
| #endif
| #define HAVE_ALLOCA 1
| #define GNULIB_TEST_GETLOADAVG 1
| #define HAVE_C_BOOL 1
| #define HAVE_ICONV 1
| #define HAVE_DIRENT_H 1
| #define HAVE_STDLIB_H 1
| #define HAVE_STRING_H 1
| #define HAVE_STRINGS_H 1
| #define HAVE_LOCALE_H 1
| #define HAVE_UNISTD_H 1
| #define HAVE_LIMITS_H 1
| #define HAVE_MEMORY_H 1
| #define HAVE_SYS_PARAM_H 1
| #define HAVE_SYS_RESOURCE_H 1
| #define HAVE_SYS_TIMEB_H 1
| #define HAVE_SYS_TIME_H 1
| #define HAVE_SYS_SELECT_H 1
| #define HAVE_SYS_FILE_H 1
| #define HAVE_FCNTL_H 1
| #define HAVE_SPAWN_H 1
| #define HAVE_UNSIGNED_LONG_LONG_INT 1
| #define HAVE_LONG_LONG_INT 1
| #define HAVE_INTMAX_T 1
| #define HAVE_UINTMAX_T 1
| #define HAVE_SIG_ATOMIC_T 1
| #define ST_MTIM_NSEC st_mtim.tv_nsec
| #define FILE_TIMESTAMP_HI_RES 1
| #define HAVE_CLOCK_GETTIME 1
| #define HAVE_GETTIMEOFDAY 1
| #define HAVE_STRTOLL 1
| #define HAVE_STRDUP 1
| #define HAVE_STRNDUP 1
| #define HAVE_STPCPY 1
| #define HAVE_MEMRCHR 1
| #define HAVE_MEMPCPY 1
| #define HAVE_UMASK 1
| #define HAVE_MKSTEMP 1
| #define HAVE_MKTEMP 1
| #define HAVE_FDOPEN 1
| #define HAVE_DUP 1
| #define HAVE_DUP2 1
| #define HAVE_GETCWD 1
| #define HAVE_REALPATH 1
| #define HAVE_SIGACTION 1
| #define HAVE_GETGROUPS 1
| #define HAVE_SETEUID 1
| #define HAVE_SETEGID 1
| #define HAVE_SETLINEBUF 1
| #define HAVE_SETREUID 1
| #define HAVE_SETREGID 1
| #define HAVE_MKFIFO 1
| #define HAVE_GETRLIMIT 1
| #define HAVE_SETRLIMIT 1
| #define HAVE_SETVBUF 1
| #define HAVE_PIPE 1
| #define HAVE_STRERROR 1
| #define HAVE_STRSIGNAL 1
| #define HAVE_LSTAT 1
| #define HAVE_READLINK 1
| #define HAVE_ATEXIT 1
| #define HAVE_ISATTY 1
| #define HAVE_TTYNAME 1
| #define HAVE_PSELECT 1
| #define HAVE_POSIX_SPAWN 1
| #define HAVE_POSIX_SPAWNATTR_SETSIGMASK 1
| #define HAVE_DECL_BSD_SIGNAL 1
| #define HAVE_FORK 1
| #define HAVE_VFORK 1
| #define HAVE_WORKING_VFORK 1
| #define HAVE_WORKING_FORK 1
| #define HAVE_STRCASECMP 1
| #define HAVE_STRNCASECMP 1
| #define HAVE_STRCOLL 1
| #define HAVE_STRUCT_DIRENT_D_TYPE 1
| #define HAVE_DECL_SYS_SIGLIST 0
| /* end confdefs.h.  */
| #include <stddef.h>
| #ifdef HAVE_STDIO_H
| # include <stdio.h>
| #endif
| #ifdef HAVE_STDLIB_H
| # include <stdlib.h>
| #endif
| #ifdef HAVE_STRING_H
| # include <string.h>
| #endif
| #ifdef HAVE_INTTYPES_H
| # include <inttypes.h>
| #endif
| #ifdef HAVE_STDINT_H
| # include <stdint.h>
| #endif
| #ifdef HAVE_STRINGS_H
| # include <strings.h>
| #endif
| #ifdef HAVE_SYS_TYPES_H
| # include <sys/types.h>
| #endif
| #ifdef HAVE_SYS_STAT_H
| # include <sys/stat.h>
| #endif
| #ifdef HAVE_UNISTD_H
| # include <unistd.h>
| #endif
| #include <signal.h>
| /* NetBSD declares sys_siglist in unistd.h.  */
| #if HAVE_UNISTD_H
| # include <unistd.h>
| #endif
| 
| 
| int
| main (void)
| {
| #ifndef _sys_siglist
| #ifdef __cplusplus
|   (void) _sys_siglist;
| #else
|   (void) _sys_siglist;
| #endif
| #endif
| 
|   ;
|   return 0;
| }
configure:14091: result: no
configure:14106: checking whether __sys_siglist is declared
configure:14106: x86_64-unknown-linux-musl-gcc -c -g -O2  -D__GNU_LIBRARY__=1 -Dgetenv=getenv -I/home/samson/Projects/clojv3/./store/musl-1.2.6/include conftest.c >&5
conftest.c: In function 'main':
conftest.c:168:10: error: '__sys_siglist' undeclared (first use in this function)
  168 |   (void) __sys_siglist;
      |          ^~~~~~~~~~~~~
conftest.c:168:10: note: each undeclared identifier is reported only once for each function it appears in
configure:14106: $? = 1
configure: failed program was:
| /* confdefs.h */
| #define PACKAGE_NAME "GNU Make"
| #define PACKAGE_TARNAME "make"
| #define PACKAGE_VERSION "4.4.1"
| #define PACKAGE_STRING "GNU Make 4.4.1"
| #define PACKAGE_BUGREPORT "bug-make@gnu.org"
| #define PACKAGE_URL "https://www.gnu.org/software/make/"
| #define PACKAGE "make"
| #define VERSION "4.4.1"
| #define HAVE_STDIO_H 1
| #define HAVE_STDLIB_H 1
| #define HAVE_STRING_H 1
| #define HAVE_INTTYPES_H 1
| #define HAVE_STDINT_H 1
| #define HAVE_STRINGS_H 1
| #define HAVE_SYS_STAT_H 1
| #define HAVE_SYS_TYPES_H 1
| #define HAVE_UNISTD_H 1
| #define HAVE_WCHAR_H 1
| #define HAVE_SYS_PARAM_H 1
| #define HAVE_STDBOOL_H 1
| #define STDC_HEADERS 1
| #define _ALL_SOURCE 1
| #define _DARWIN_C_SOURCE 1
| #define _GNU_SOURCE 1
| #define _HPUX_ALT_XOPEN_SOCKET_API 1
| #define _NETBSD_SOURCE 1
| #define _OPENBSD_SOURCE 1
| #define _POSIX_PTHREAD_SEMANTICS 1
| #define __STDC_WANT_IEC_60559_ATTRIBS_EXT__ 1
| #define __STDC_WANT_IEC_60559_BFP_EXT__ 1
| #define __STDC_WANT_IEC_60559_DFP_EXT__ 1
| #define __STDC_WANT_IEC_60559_EXT__ 1
| #define __STDC_WANT_IEC_60559_FUNCS_EXT__ 1
| #define __STDC_WANT_IEC_60559_TYPES_EXT__ 1
| #define __STDC_WANT_LIB_EXT2__ 1
| #define __STDC_WANT_MATH_SPEC_FUNCS__ 1
| #define _TANDEM_SOURCE 1
| #define __EXTENSIONS__ 1
| #define MAKE_CXX "g++"
| #define HAVE_ALLOCA_H 1
| #define HAVE_ALLOCA 1
| #ifndef __x86_64__
| #define __x86_64__ 1
| #endif
| #ifndef __x86_64__
| #define __x86_64__ 1
| #endif
| #define HAVE_ALLOCA 1
| #define GNULIB_TEST_GETLOADAVG 1
| #define HAVE_C_BOOL 1
| #define HAVE_ICONV 1
| #define HAVE_DIRENT_H 1
| #define HAVE_STDLIB_H 1
| #define HAVE_STRING_H 1
| #define HAVE_STRINGS_H 1
| #define HAVE_LOCALE_H 1
| #define HAVE_UNISTD_H 1
| #define HAVE_LIMITS_H 1
| #define HAVE_MEMORY_H 1
| #define HAVE_SYS_PARAM_H 1
| #define HAVE_SYS_RESOURCE_H 1
| #define HAVE_SYS_TIMEB_H 1
| #define HAVE_SYS_TIME_H 1
| #define HAVE_SYS_SELECT_H 1
| #define HAVE_SYS_FILE_H 1
| #define HAVE_FCNTL_H 1
| #define HAVE_SPAWN_H 1
| #define HAVE_UNSIGNED_LONG_LONG_INT 1
| #define HAVE_LONG_LONG_INT 1
| #define HAVE_INTMAX_T 1
| #define HAVE_UINTMAX_T 1
| #define HAVE_SIG_ATOMIC_T 1
| #define ST_MTIM_NSEC st_mtim.tv_nsec
| #define FILE_TIMESTAMP_HI_RES 1
| #define HAVE_CLOCK_GETTIME 1
| #define HAVE_GETTIMEOFDAY 1
| #define HAVE_STRTOLL 1
| #define HAVE_STRDUP 1
| #define HAVE_STRNDUP 1
| #define HAVE_STPCPY 1
| #define HAVE_MEMRCHR 1
| #define HAVE_MEMPCPY 1
| #define HAVE_UMASK 1
| #define HAVE_MKSTEMP 1
| #define HAVE_MKTEMP 1
| #define HAVE_FDOPEN 1
| #define HAVE_DUP 1
| #define HAVE_DUP2 1
| #define HAVE_GETCWD 1
| #define HAVE_REALPATH 1
| #define HAVE_SIGACTION 1
| #define HAVE_GETGROUPS 1
| #define HAVE_SETEUID 1
| #define HAVE_SETEGID 1
| #define HAVE_SETLINEBUF 1
| #define HAVE_SETREUID 1
| #define HAVE_SETREGID 1
| #define HAVE_MKFIFO 1
| #define HAVE_GETRLIMIT 1
| #define HAVE_SETRLIMIT 1
| #define HAVE_SETVBUF 1
| #define HAVE_PIPE 1
| #define HAVE_STRERROR 1
| #define HAVE_STRSIGNAL 1
| #define HAVE_LSTAT 1
| #define HAVE_READLINK 1
| #define HAVE_ATEXIT 1
| #define HAVE_ISATTY 1
| #define HAVE_TTYNAME 1
| #define HAVE_PSELECT 1
| #define HAVE_POSIX_SPAWN 1
| #define HAVE_POSIX_SPAWNATTR_SETSIGMASK 1
| #define HAVE_DECL_BSD_SIGNAL 1
| #define HAVE_FORK 1
| #define HAVE_VFORK 1
| #define HAVE_WORKING_VFORK 1
| #define HAVE_WORKING_FORK 1
| #define HAVE_STRCASECMP 1
| #define HAVE_STRNCASECMP 1
| #define HAVE_STRCOLL 1
| #define HAVE_STRUCT_DIRENT_D_TYPE 1
| #define HAVE_DECL_SYS_SIGLIST 0
| #define HAVE_DECL__SYS_SIGLIST 0
| /* end confdefs.h.  */
| #include <stddef.h>
| #ifdef HAVE_STDIO_H
| # include <stdio.h>
| #endif
| #ifdef HAVE_STDLIB_H
| # include <stdlib.h>
| #endif
| #ifdef HAVE_STRING_H
| # include <string.h>
| #endif
| #ifdef HAVE_INTTYPES_H
| # include <inttypes.h>
| #endif
| #ifdef HAVE_STDINT_H
| # include <stdint.h>
| #endif
| #ifdef HAVE_STRINGS_H
| # include <strings.h>
| #endif
| #ifdef HAVE_SYS_TYPES_H
| # include <sys/types.h>
| #endif
| #ifdef HAVE_SYS_STAT_H
| # include <sys/stat.h>
| #endif
| #ifdef HAVE_UNISTD_H
| # include <unistd.h>
| #endif
| #include <signal.h>
| /* NetBSD declares sys_siglist in unistd.h.  */
| #if HAVE_UNISTD_H
| # include <unistd.h>
| #endif
| 
| 
| int
| main (void)
| {
| #ifndef __sys_siglist
| #ifdef __cplusplus
|   (void) __sys_siglist;
| #else
|   (void) __sys_siglist;
| #endif
| #endif
| 
|   ;
|   return 0;
| }
configure:14106: result: no
configure:14125: checking for sys/wait.h
configure:14125: x86_64-unknown-linux-musl-gcc -c -g -O2 -D__GNU_LIBRARY__=1 -Dgetenv=getenv -I/home/samson/Projects/clojv3/./store/musl-1.2.6/include conftest.c >&5
configure:14125: $? = 0
configure:14125: result: yes
configure:14133: checking for waitpid
configure:14133: x86_64-unknown-linux-musl-gcc -o conftest -g -O2 -D__GNU_LIBRARY__=1 -Dgetenv=getenv -I/home/samson/Projects/clojv3/./store/musl-1.2.6/include -B/home/samson/Projects/clojv3/./store/musl-1.2.6/lib -L/home/samson/Projects/clojv3/./store/musl-1.2.6/lib -Wl,-rpath,/home/samson/Projects/clojv3/./store/musl-1.2.6/lib -Wl,-dynamic-linker,/home/samson/Projects/clojv3/./store/musl-1.2.6/lib/libc.so conftest.c  >&5
configure:14133: $? = 0
configure:14133: result: yes
configure:14139: checking for wait3
configure:14139: x86_64-unknown-linux-musl-gcc -o conftest -g -O2 -D__GNU_LIBRARY__=1 -Dgetenv=getenv -I/home/samson/Projects/clojv3/./store/musl-1.2.6/include -B/home/samson/Projects/clojv3/./store/musl-1.2.6/lib -L/home/samson/Projects/clojv3/./store/musl-1.2.6/lib -Wl,-rpath,/home/samson/Projects/clojv3/./store/musl-1.2.6/lib -Wl,-dynamic-linker,/home/samson/Projects/clojv3/./store/musl-1.2.6/lib/libc.so conftest.c  >&5
configure:14139: $? = 0
configure:14139: result: yes
configure:14146: checking for union wait
configure:14179: x86_64-unknown-linux-musl-gcc -o conftest -g -O2 -D__GNU_LIBRARY__=1 -Dgetenv=getenv -I/home/samson/Projects/clojv3/./store/musl-1.2.6/include -B/home/samson/Projects/clojv3/./store/musl-1.2.6/lib -L/home/samson/Projects/clojv3/./store/musl-1.2.6/lib -Wl,-rpath,/home/samson/Projects/clojv3/./store/musl-1.2.6/lib -Wl,-dynamic-linker,/home/samson/Projects/clojv3/./store/musl-1.2.6/lib/libc.so conftest.c  >&5
conftest.c: In function 'main':
conftest.c:135:12: error: storage size of 'status' isn't known
  135 | union wait status; int pid; pid = wait (&status);
      |            ^~~~~~
conftest.c:143:12: error: 'blow' undeclared (first use in this function)
  143 |         -- blow chunks here --
      |            ^~~~
conftest.c:143:12: note: each undeclared identifier is reported only once for each function it appears in
conftest.c:143:16: error: expected ';' before 'chunks'
  143 |         -- blow chunks here --
      |                ^~~~~~~
      |                ;
configure:14179: $? = 1
configure: failed program was:
| /* confdefs.h */
| #define PACKAGE_NAME "GNU Make"
| #define PACKAGE_TARNAME "make"
| #define PACKAGE_VERSION "4.4.1"
| #define PACKAGE_STRING "GNU Make 4.4.1"
| #define PACKAGE_BUGREPORT "bug-make@gnu.org"
| #define PACKAGE_URL "https://www.gnu.org/software/make/"
| #define PACKAGE "make"
| #define VERSION "4.4.1"
| #define HAVE_STDIO_H 1
| #define HAVE_STDLIB_H 1
| #define HAVE_STRING_H 1
| #define HAVE_INTTYPES_H 1
| #define HAVE_STDINT_H 1
| #define HAVE_STRINGS_H 1
| #define HAVE_SYS_STAT_H 1
| #define HAVE_SYS_TYPES_H 1
| #define HAVE_UNISTD_H 1
| #define HAVE_WCHAR_H 1
| #define HAVE_SYS_PARAM_H 1
| #define HAVE_STDBOOL_H 1
| #define STDC_HEADERS 1
| #define _ALL_SOURCE 1
| #define _DARWIN_C_SOURCE 1
| #define _GNU_SOURCE 1
| #define _HPUX_ALT_XOPEN_SOCKET_API 1
| #define _NETBSD_SOURCE 1
| #define _OPENBSD_SOURCE 1
| #define _POSIX_PTHREAD_SEMANTICS 1
| #define __STDC_WANT_IEC_60559_ATTRIBS_EXT__ 1
| #define __STDC_WANT_IEC_60559_BFP_EXT__ 1
| #define __STDC_WANT_IEC_60559_DFP_EXT__ 1
| #define __STDC_WANT_IEC_60559_EXT__ 1
| #define __STDC_WANT_IEC_60559_FUNCS_EXT__ 1
| #define __STDC_WANT_IEC_60559_TYPES_EXT__ 1
| #define __STDC_WANT_LIB_EXT2__ 1
| #define __STDC_WANT_MATH_SPEC_FUNCS__ 1
| #define _TANDEM_SOURCE 1
| #define __EXTENSIONS__ 1
| #define MAKE_CXX "g++"
| #define HAVE_ALLOCA_H 1
| #define HAVE_ALLOCA 1
| #ifndef __x86_64__
| #define __x86_64__ 1
| #endif
| #ifndef __x86_64__
| #define __x86_64__ 1
| #endif
| #define HAVE_ALLOCA 1
| #define GNULIB_TEST_GETLOADAVG 1
| #define HAVE_C_BOOL 1
| #define HAVE_ICONV 1
| #define HAVE_DIRENT_H 1
| #define HAVE_STDLIB_H 1
| #define HAVE_STRING_H 1
| #define HAVE_STRINGS_H 1
| #define HAVE_LOCALE_H 1
| #define HAVE_UNISTD_H 1
| #define HAVE_LIMITS_H 1
| #define HAVE_MEMORY_H 1
| #define HAVE_SYS_PARAM_H 1
| #define HAVE_SYS_RESOURCE_H 1
| #define HAVE_SYS_TIMEB_H 1
| #define HAVE_SYS_TIME_H 1
| #define HAVE_SYS_SELECT_H 1
| #define HAVE_SYS_FILE_H 1
| #define HAVE_FCNTL_H 1
| #define HAVE_SPAWN_H 1
| #define HAVE_UNSIGNED_LONG_LONG_INT 1
| #define HAVE_LONG_LONG_INT 1
| #define HAVE_INTMAX_T 1
| #define HAVE_UINTMAX_T 1
| #define HAVE_SIG_ATOMIC_T 1
| #define ST_MTIM_NSEC st_mtim.tv_nsec
| #define FILE_TIMESTAMP_HI_RES 1
| #define HAVE_CLOCK_GETTIME 1
| #define HAVE_GETTIMEOFDAY 1
| #define HAVE_STRTOLL 1
| #define HAVE_STRDUP 1
| #define HAVE_STRNDUP 1
| #define HAVE_STPCPY 1
| #define HAVE_MEMRCHR 1
| #define HAVE_MEMPCPY 1
| #define HAVE_UMASK 1
| #define HAVE_MKSTEMP 1
| #define HAVE_MKTEMP 1
| #define HAVE_FDOPEN 1
| #define HAVE_DUP 1
| #define HAVE_DUP2 1
| #define HAVE_GETCWD 1
| #define HAVE_REALPATH 1
| #define HAVE_SIGACTION 1
| #define HAVE_GETGROUPS 1
| #define HAVE_SETEUID 1
| #define HAVE_SETEGID 1
| #define HAVE_SETLINEBUF 1
| #define HAVE_SETREUID 1
| #define HAVE_SETREGID 1
| #define HAVE_MKFIFO 1
| #define HAVE_GETRLIMIT 1
| #define HAVE_SETRLIMIT 1
| #define HAVE_SETVBUF 1
| #define HAVE_PIPE 1
| #define HAVE_STRERROR 1
| #define HAVE_STRSIGNAL 1
| #define HAVE_LSTAT 1
| #define HAVE_READLINK 1
| #define HAVE_ATEXIT 1
| #define HAVE_ISATTY 1
| #define HAVE_TTYNAME 1
| #define HAVE_PSELECT 1
| #define HAVE_POSIX_SPAWN 1
| #define HAVE_POSIX_SPAWNATTR_SETSIGMASK 1
| #define HAVE_DECL_BSD_SIGNAL 1
| #define HAVE_FORK 1
| #define HAVE_VFORK 1
| #define HAVE_WORKING_VFORK 1
| #define HAVE_WORKING_FORK 1
| #define HAVE_STRCASECMP 1
| #define HAVE_STRNCASECMP 1
| #define HAVE_STRCOLL 1
| #define HAVE_STRUCT_DIRENT_D_TYPE 1
| #define HAVE_DECL_SYS_SIGLIST 0
| #define HAVE_DECL__SYS_SIGLIST 0
| #define HAVE_DECL___SYS_SIGLIST 0
| #define HAVE_SYS_WAIT_H 1
| #define HAVE_WAITPID 1
| #define HAVE_WAIT3 1
| /* end confdefs.h.  */
| #include <sys/types.h>
| #include <sys/wait.h>
| int
| main (void)
| {
| union wait status; int pid; pid = wait (&status);
| #ifdef WEXITSTATUS
| /* Some POSIXoid systems have both the new-style macros and the old
|    union wait type, and they do not work together.  If union wait
|    conflicts with WEXITSTATUS et al, we don't want to use it at all.  */
|         if (WEXITSTATUS (status) != 0) pid = -1;
| #ifdef WTERMSIG
|         /* If we have WEXITSTATUS and WTERMSIG, just use them on ints.  */
|         -- blow chunks here --
| #endif
| #endif
| #ifdef HAVE_WAITPID
|         /* Make sure union wait works with waitpid.  */
|         pid = waitpid (-1, &status, 0);
| #endif
| 
|   ;
|   return 0;
| }
configure:14189: result: no
configure:14662: checking for SA_RESTART
configure:14680: x86_64-unknown-linux-musl-gcc -c -g -O2 -D__GNU_LIBRARY__=1 -Dgetenv=getenv -I/home/samson/Projects/clojv3/./store/musl-1.2.6/include conftest.c >&5
configure:14680: $? = 0
configure:14688: result: yes
configure:14727: checking whether dlopen is declared
configure:14727: x86_64-unknown-linux-musl-gcc -c -g -O2  -D__GNU_LIBRARY__=1 -Dgetenv=getenv -I/home/samson/Projects/clojv3/./store/musl-1.2.6/include conftest.c >&5
configure:14727: $? = 0
configure:14727: result: yes
configure:14736: checking whether dlsym is declared
configure:14736: x86_64-unknown-linux-musl-gcc -c -g -O2  -D__GNU_LIBRARY__=1 -Dgetenv=getenv -I/home/samson/Projects/clojv3/./store/musl-1.2.6/include conftest.c >&5
configure:14736: $? = 0
configure:14736: result: yes
configure:14745: checking whether dlerror is declared
configure:14745: x86_64-unknown-linux-musl-gcc -c -g -O2  -D__GNU_LIBRARY__=1 -Dgetenv=getenv -I/home/samson/Projects/clojv3/./store/musl-1.2.6/include conftest.c >&5
configure:14745: $? = 0
configure:14745: result: yes
configure:14776: checking for library containing dlopen
configure:14806: x86_64-unknown-linux-musl-gcc -o conftest -g -O2 -D__GNU_LIBRARY__=1 -Dgetenv=getenv -I/home/samson/Projects/clojv3/./store/musl-1.2.6/include -B/home/samson/Projects/clojv3/./store/musl-1.2.6/lib -L/home/samson/Projects/clojv3/./store/musl-1.2.6/lib -Wl,-rpath,/home/samson/Projects/clojv3/./store/musl-1.2.6/lib -Wl,-dynamic-linker,/home/samson/Projects/clojv3/./store/musl-1.2.6/lib/libc.so conftest.c  >&5
configure:14806: $? = 0
configure:14826: result: none required
configure:14857: checking if the linker accepts -Wl,--export-dynamic
configure:14865: x86_64-unknown-linux-musl-gcc -o conftest -g -O2 -D__GNU_LIBRARY__=1 -Dgetenv=getenv -I/home/samson/Projects/clojv3/./store/musl-1.2.6/include -B/home/samson/Projects/clojv3/./store/musl-1.2.6/lib -L/home/samson/Projects/clojv3/./store/musl-1.2.6/lib -Wl,-rpath,/home/samson/Projects/clojv3/./store/musl-1.2.6/lib -Wl,-dynamic-linker,/home/samson/Projects/clojv3/./store/musl-1.2.6/lib/libc.so -Wl,--export-dynamic conftest.c  >&5
configure:14865: $? = 0
configure:14867: result: yes
configure:14931: checking for posix_spawn that fails synchronously
configure:14954: x86_64-unknown-linux-musl-gcc -o conftest -g -O2 -D__GNU_LIBRARY__=1 -Dgetenv=getenv -I/home/samson/Projects/clojv3/./store/musl-1.2.6/include -B/home/samson/Projects/clojv3/./store/musl-1.2.6/lib -L/home/samson/Projects/clojv3/./store/musl-1.2.6/lib -Wl,-rpath,/home/samson/Projects/clojv3/./store/musl-1.2.6/lib -Wl,-dynamic-linker,/home/samson/Projects/clojv3/./store/musl-1.2.6/lib/libc.so conftest.c  >&5
configure:14954: $? = 0
configure:14954: ./conftest
configure:14954: $? = 0
configure:14965: result: yes
configure:14981: checking for location of SCCS get command
configure:14996: result: get
configure:15100: checking if malloc debugging is wanted
configure:15119: result: no
configure:15335: checking that generated files are newer than configure
configure:15341: result: done
configure:15467: creating ./config.status

## ---------------------- ##
## Running config.status. ##
## ---------------------- ##

This file was extended by GNU Make config.status 4.4.1, which was
generated by GNU Autoconf 2.71.  Invocation command line was

  CONFIG_FILES    = 
  CONFIG_HEADERS  = 
  CONFIG_LINKS    = 
  CONFIG_COMMANDS = 
  $ ./config.status 

on aurelius

config.status:1096: creating build.cfg
config.status:1096: creating tests/config-flags.pm
config.status:1096: creating Makefile
config.status:1096: creating lib/Makefile
config.status:1096: creating doc/Makefile
config.status:1096: creating po/Makefile.in
config.status:1096: creating src/config.h
config.status:1361: executing depfiles commands
config.status:1436: cd .       && sed -e '/# am--include-marker/d' Makefile         | make -f - am--depfiles
config.status:1443: $? = 0
config.status:1436: cd lib       && sed -e '/# am--include-marker/d' Makefile         | make -f - am--depfiles
config.status:1443: $? = 0
config.status:1361: executing po-directories commands

## ---------------- ##
## Cache variables. ##
## ---------------- ##

ac_cv_build=x86_64-pc-linux-musl
ac_cv_c_bigendian=no
ac_cv_c_compiler_gnu=yes
ac_cv_c_const=yes
ac_cv_c_undeclared_builtin_options='none needed'
ac_cv_cxx_compiler_gnu=yes
ac_cv_dos_paths=no
ac_cv_env_CCC_set=
ac_cv_env_CCC_value=
ac_cv_env_CC_set=set
ac_cv_env_CC_value=x86_64-unknown-linux-musl-gcc
ac_cv_env_CFLAGS_set=
ac_cv_env_CFLAGS_value=
ac_cv_env_CPPFLAGS_set=set
ac_cv_env_CPPFLAGS_value='-D__GNU_LIBRARY__=1 -Dgetenv=getenv -I/home/samson/Projects/clojv3/./store/musl-1.2.6/include'
ac_cv_env_CPP_set=
ac_cv_env_CPP_value=
ac_cv_env_CXXFLAGS_set=
ac_cv_env_CXXFLAGS_value=
ac_cv_env_CXX_set=set
ac_cv_env_CXX_value=g++
ac_cv_env_GUILE_CFLAGS_set=
ac_cv_env_GUILE_CFLAGS_value=
ac_cv_env_GUILE_LIBS_set=
ac_cv_env_GUILE_LIBS_value=
ac_cv_env_LDFLAGS_set=set
ac_cv_env_LDFLAGS_value='-B/home/samson/Projects/clojv3/./store/musl-1.2.6/lib -L/home/samson/Projects/clojv3/./store/musl-1.2.6/lib -Wl,-rpath,/home/samson/Projects/clojv3/./store/musl-1.2.6/lib -Wl,-dynamic-linker,/home/samson/Projects/clojv3/./store/musl-1.2.6/lib/libc.so'
ac_cv_env_LIBS_set=
ac_cv_env_LIBS_value=
ac_cv_env_PKG_CONFIG_LIBDIR_set=
ac_cv_env_PKG_CONFIG_LIBDIR_value=
ac_cv_env_PKG_CONFIG_PATH_set=
ac_cv_env_PKG_CONFIG_PATH_value=
ac_cv_env_PKG_CONFIG_set=
ac_cv_env_PKG_CONFIG_value=
ac_cv_env_build_alias_set=
ac_cv_env_build_alias_value=
ac_cv_env_host_alias_set=
ac_cv_env_host_alias_value=
ac_cv_env_target_alias_set=
ac_cv_env_target_alias_value=
ac_cv_func_alloca_works=yes
ac_cv_func_atexit=yes
ac_cv_func_closedir_void=no
ac_cv_func_dup2=yes
ac_cv_func_dup=yes
ac_cv_func_eaccess=yes
ac_cv_func_fdopen=yes
ac_cv_func_fork=yes
ac_cv_func_fork_works=yes
ac_cv_func_getcwd=yes
ac_cv_func_getgroups=yes
ac_cv_func_getloadavg=yes
ac_cv_func_getrlimit=yes
ac_cv_func_gettimeofday=yes
ac_cv_func_isatty=yes
ac_cv_func_lstat=yes
ac_cv_func_mempcpy=yes
ac_cv_func_memrchr=yes
ac_cv_func_mkfifo=yes
ac_cv_func_mkstemp=yes
ac_cv_func_mktemp=yes
ac_cv_func_pipe=yes
ac_cv_func_posix_spawn=yes
ac_cv_func_posix_spawnattr_setsigmask=yes
ac_cv_func_pselect=yes
ac_cv_func_readlink=yes
ac_cv_func_realpath=yes
ac_cv_func_setegid=yes
ac_cv_func_seteuid=yes
ac_cv_func_setlinebuf=yes
ac_cv_func_setregid=yes
ac_cv_func_setreuid=yes
ac_cv_func_setrlimit=yes
ac_cv_func_setvbuf=yes
ac_cv_func_sigaction=yes
ac_cv_func_sigsetmask=no
ac_cv_func_stpcpy=yes
ac_cv_func_strcasecmp=yes
ac_cv_func_strcmpi=no
ac_cv_func_strcoll_works=yes
ac_cv_func_strdup=yes
ac_cv_func_strerror=yes
ac_cv_func_stricmp=no
ac_cv_func_strncasecmp=yes
ac_cv_func_strncmpi=no
ac_cv_func_strndup=yes
ac_cv_func_strnicmp=no
ac_cv_func_strsignal=yes
ac_cv_func_strtoll=yes
ac_cv_func_ttyname=yes
ac_cv_func_umask=yes
ac_cv_func_vfork=yes
ac_cv_func_vfork_works=yes
ac_cv_func_wait3=yes
ac_cv_func_waitpid=yes
ac_cv_have_decl___sys_siglist=no
ac_cv_have_decl__sys_siglist=no
ac_cv_have_decl_bsd_signal=yes
ac_cv_have_decl_dlerror=yes
ac_cv_have_decl_dlopen=yes
ac_cv_have_decl_dlsym=yes
ac_cv_have_decl_getloadavg=yes
ac_cv_have_decl_sys_siglist=no
ac_cv_header_dirent_dirent_h=yes
ac_cv_header_fcntl_h=yes
ac_cv_header_inttypes_h=yes
ac_cv_header_limits_h=yes
ac_cv_header_locale_h=yes
ac_cv_header_memory_h=yes
ac_cv_header_minix_config_h=no
ac_cv_header_spawn_h=yes
ac_cv_header_stat_broken=no
ac_cv_header_stdbool_h=yes
ac_cv_header_stdint_h=yes
ac_cv_header_stdio_h=yes
ac_cv_header_stdlib_h=yes
ac_cv_header_string_h=yes
ac_cv_header_strings_h=yes
ac_cv_header_sys_file_h=yes
ac_cv_header_sys_loadavg_h=no
ac_cv_header_sys_param_h=yes
ac_cv_header_sys_resource_h=yes
ac_cv_header_sys_select_h=yes
ac_cv_header_sys_stat_h=yes
ac_cv_header_sys_time_h=yes
ac_cv_header_sys_timeb_h=yes
ac_cv_header_sys_types_h=yes
ac_cv_header_sys_wait_h=yes
ac_cv_header_unistd_h=yes
ac_cv_header_vfork_h=no
ac_cv_header_wchar_h=yes
ac_cv_host=x86_64-pc-linux-musl
ac_cv_member_struct_dirent_d_type=yes
ac_cv_objext=o
ac_cv_path_EGREP='/nix/store/xmvbzzxm5snla5a2cyfhm7hjy9bifx7n-gnugrep-3.12/bin/grep -E'
ac_cv_path_GMSGFMT=:
ac_cv_path_GREP=/nix/store/xmvbzzxm5snla5a2cyfhm7hjy9bifx7n-gnugrep-3.12/bin/grep
ac_cv_path_MSGFMT=:
ac_cv_path_MSGMERGE=:
ac_cv_path_SED=/nix/store/qf2wzyq4irhgyhnq3s2hz0ldjq3w8a3x-gnused-4.10/bin/sed
ac_cv_path_XGETTEXT=:
ac_cv_path_install='/nix/store/xjl7p8dvyk2j53kqf7f43kdj4ypbxz7g-coreutils-9.11/bin/install -c'
ac_cv_path_mkdir=/nix/store/xjl7p8dvyk2j53kqf7f43kdj4ypbxz7g-coreutils-9.11/bin/mkdir
ac_cv_prog_AR=ar
ac_cv_prog_AWK=gawk
ac_cv_prog_CPP='x86_64-unknown-linux-musl-gcc -E'
ac_cv_prog_PERL=perl
ac_cv_prog_ac_ct_AR=ar
ac_cv_prog_ac_ct_CC=x86_64-unknown-linux-musl-gcc
ac_cv_prog_ac_ct_RANLIB=ranlib
ac_cv_prog_cc_c11=
ac_cv_prog_cc_g=yes
ac_cv_prog_cc_stdc=
ac_cv_prog_cxx_11=no
ac_cv_prog_cxx_g=yes
ac_cv_prog_cxx_stdcxx=
ac_cv_prog_make_make_set=yes
ac_cv_safe_to_define___extensions__=yes
ac_cv_search_clock_gettime='none required'
ac_cv_search_dlopen='none required'
ac_cv_search_getpwnam='none required'
ac_cv_search_opendir='none required'
ac_cv_search_strerror='none required'
ac_cv_should_define__xopen_source=no
ac_cv_struct_st_mtim_nsec=st_mtim.tv_nsec
ac_cv_sys_largefile_opts='none needed'
ac_cv_type_intmax_t=yes
ac_cv_type_long_long_int=yes
ac_cv_type_off_t=yes
ac_cv_type_pid_t=yes
ac_cv_type_sig_atomic_t=yes
ac_cv_type_size_t=yes
ac_cv_type_ssize_t=yes
ac_cv_type_uid_t=yes
ac_cv_type_uintmax_t=yes
ac_cv_type_unsigned_long_long_int=yes
ac_cv_working_alloca_h=yes
acl_cv_hardcode_direct=no
acl_cv_hardcode_libdir_flag_spec='${wl}-rpath ${wl}$libdir'
acl_cv_hardcode_libdir_separator=
acl_cv_hardcode_minus_L=no
acl_cv_libext=a
acl_cv_libname_spec='lib$name'
acl_cv_library_names_spec='$libname$shrext'
acl_cv_path_LD=ld
acl_cv_prog_gnu_ld=yes
acl_cv_rpath=done
acl_cv_shlibext=so
acl_cv_wl=-Wl,
am_cv_CC_dependencies_compiler_type=gcc3
am_cv_CXX_dependencies_compiler_type=gcc3
am_cv_func_iconv=yes
am_cv_func_iconv_works=yes
am_cv_lib_iconv=no
am_cv_make_support_nested_variables=yes
am_cv_prog_cc_c_o=yes
gl_cv_c_amsterdam_compiler=no
gl_cv_c_bool=yes
gl_cv_cc_wallow=-Wno-error
gl_cv_compiler_check_decl_option=none
gl_cv_compiler_clang=no
gl_cv_host_cpu_c_abi=x86_64
gl_cv_rpl_alloca=yes
gt_cv_func_CFLocaleCopyCurrent=no
gt_cv_func_CFPreferencesCopyAppValue=no
gt_cv_func_gnugettext1_libc=no
gt_cv_func_gnugettext1_libintl=no
make_cv_file_timestamp_hi_res=yes
make_cv_job_server=yes
make_cv_load=yes
make_cv_path_sccs_get=get
make_cv_posix_spawn=yes
make_cv_sa_restart=yes
make_cv_synchronous_posix_spawn=yes
make_cv_sys_gnu_glob=no
make_cv_union_wait=no

## ----------------- ##
## Output variables. ##
## ----------------- ##

ACLOCAL='${SHELL} '\''/home/samson/Projects/clojv3/store/tmp/make-4.4.1/make-4.4.1/build-aux/missing'\'' aclocal-1.16'
ALLOCA=''
ALLOCA_H='alloca.h'
AMDEPBACKSLASH='\'
AMDEP_FALSE='#'
AMDEP_TRUE=''
AMTAR='$${TAR-tar}'
AM_BACKSLASH='\'
AM_DEFAULT_V='$(AM_DEFAULT_VERBOSITY)'
AM_DEFAULT_VERBOSITY='1'
AM_LDFLAGS='-Wl,--export-dynamic'
AM_V='$(V)'
AR='ar'
ARFLAGS='cr'
AUTOCONF='${SHELL} '\''/home/samson/Projects/clojv3/store/tmp/make-4.4.1/make-4.4.1/build-aux/missing'\'' autoconf'
AUTOHEADER='${SHELL} '\''/home/samson/Projects/clojv3/store/tmp/make-4.4.1/make-4.4.1/build-aux/missing'\'' autoheader'
AUTOMAKE='${SHELL} '\''/home/samson/Projects/clojv3/store/tmp/make-4.4.1/make-4.4.1/build-aux/missing'\'' automake-1.16'
AWK='gawk'
CC='x86_64-unknown-linux-musl-gcc'
CCDEPMODE='depmode=gcc3'
CFLAGS='-g -O2'
CPP='x86_64-unknown-linux-musl-gcc -E'
CPPFLAGS='-D__GNU_LIBRARY__=1 -Dgetenv=getenv -I/home/samson/Projects/clojv3/./store/musl-1.2.6/include'
CSCOPE='cscope'
CTAGS='ctags'
CXX='g++'
CXXDEPMODE='depmode=gcc3'
CXXFLAGS='-g -O2'
CYGPATH_W='echo'
DEFS='-DHAVE_CONFIG_H'
DEPDIR='.deps'
ECHO_C=''
ECHO_N='-n'
ECHO_T=''
EGREP='/nix/store/xmvbzzxm5snla5a2cyfhm7hjy9bifx7n-gnugrep-3.12/bin/grep -E'
ETAGS='etags'
EXEEXT=''
GETLOADAVG_LIBS=''
GETTEXT_MACRO_VERSION='0.19'
GL_CFLAG_ALLOW_WARNINGS='-Wno-error'
GL_CFLAG_GNULIB_WARNINGS=' -Wno-cast-qual -Wno-conversion -Wno-float-equal -Wno-sign-compare -Wno-undef -Wno-unused-function -Wno-unused-parameter -Wno-float-conversion -Wimplicit-fallthrough -Wno-pedantic -Wno-sign-conversion -Wno-type-limits -Wno-unsuffixed-float-constants'
GL_COND_LIBTOOL_FALSE=''
GL_COND_LIBTOOL_TRUE='#'
GL_COND_OBJ_GETLOADAVG_FALSE=''
GL_COND_OBJ_GETLOADAVG_TRUE='#'
GL_GENERATE_ALLOCA_H_FALSE='#'
GL_GENERATE_ALLOCA_H_TRUE=''
GL_GNULIB_GETLOADAVG='1'
GMSGFMT=':'
GMSGFMT_015=':'
GREP='/nix/store/xmvbzzxm5snla5a2cyfhm7hjy9bifx7n-gnugrep-3.12/bin/grep'
GUILE_CFLAGS=''
GUILE_LIBS=''
HAVE_ALLOCA_H='1'
HAVE_DECL_GETLOADAVG='1'
HAVE_GUILE_FALSE=''
HAVE_GUILE_TRUE='#'
HOST_CPU='x86_64'
HOST_CPU_C_ABI='x86_64'
INSTALL_DATA='${INSTALL} -m 644'
INSTALL_PROGRAM='${INSTALL}'
INSTALL_SCRIPT='${INSTALL}'
INSTALL_STRIP_PROGRAM='$(install_sh) -c -s'
INTLLIBS=''
INTL_MACOSX_LIBS=''
KNOWN_PREFIX_FALSE=''
KNOWN_PREFIX_TRUE='#'
LDFLAGS='-B/home/samson/Projects/clojv3/./store/musl-1.2.6/lib -L/home/samson/Projects/clojv3/./store/musl-1.2.6/lib -Wl,-rpath,/home/samson/Projects/clojv3/./store/musl-1.2.6/lib -Wl,-dynamic-linker,/home/samson/Projects/clojv3/./store/musl-1.2.6/lib/libc.so'
LIBGNU_LIBDEPS=''
LIBGNU_LTLIBDEPS=''
LIBICONV=''
LIBINTL=''
LIBOBJS=''
LIBS=''
LTLIBICONV=''
LTLIBINTL=''
LTLIBOBJS=''
MAKEINFO='${SHELL} '\''/home/samson/Projects/clojv3/store/tmp/make-4.4.1/make-4.4.1/build-aux/missing'\'' makeinfo'
MAKE_HOST='x86_64-pc-linux-musl'
MKDIR_P='/nix/store/xjl7p8dvyk2j53kqf7f43kdj4ypbxz7g-coreutils-9.11/bin/mkdir -p'
MSGFMT=':'
MSGFMT_015=':'
MSGMERGE=':'
OBJEXT='o'
PACKAGE='make'
PACKAGE_BUGREPORT='bug-make@gnu.org'
PACKAGE_NAME='GNU Make'
PACKAGE_STRING='GNU Make 4.4.1'
PACKAGE_TARNAME='make'
PACKAGE_URL='https://www.gnu.org/software/make/'
PACKAGE_VERSION='4.4.1'
PATH_SEPARATOR=':'
PERL='perl'
PKG_CONFIG=''
PKG_CONFIG_LIBDIR=''
PKG_CONFIG_PATH=''
POSUB=''
RANLIB='ranlib'
REMOTE='stub'
SED='/nix/store/qf2wzyq4irhgyhnq3s2hz0ldjq3w8a3x-gnused-4.10/bin/sed'
SET_MAKE=''
SHELL='/nix/store/svx59425zxp552p2b8gm11qj5r09b56i-bash-5.3p15/bin/bash'
STRIP='strip'
USE_CUSTOMS_FALSE=''
USE_CUSTOMS_TRUE='#'
USE_NLS='no'
USE_SYSTEM_GLOB='no'
USE_SYSTEM_GLOB_FALSE=''
USE_SYSTEM_GLOB_TRUE='#'
VERSION='4.4.1'
WINDOWSENV_FALSE=''
WINDOWSENV_TRUE='#'
XGETTEXT=':'
XGETTEXT_015=':'
XGETTEXT_EXTRA_OPTIONS=''
ac_ct_CC='x86_64-unknown-linux-musl-gcc'
ac_ct_CXX=''
am__EXEEXT_FALSE=''
am__EXEEXT_TRUE='#'
am__fastdepCC_FALSE='#'
am__fastdepCC_TRUE=''
am__fastdepCXX_FALSE='#'
am__fastdepCXX_TRUE=''
am__include='include'
am__isrc=''
am__leading_dot='.'
am__nodep='_no'
am__quote=''
am__tar='$${TAR-tar} chof - "$$tardir"'
am__untar='$${TAR-tar} xf -'
bindir='${exec_prefix}/bin'
build='x86_64-pc-linux-musl'
build_alias=''
build_cpu='x86_64'
build_os='linux-musl'
build_vendor='pc'
datadir='${datarootdir}'
datarootdir='${prefix}/share'
docdir='${datarootdir}/doc/${PACKAGE_TARNAME}'
dvidir='${docdir}'
exec_prefix='${prefix}'
gl_LIBOBJDEPS=''
gl_LIBOBJS=''
gl_LTLIBOBJS=''
gltests_LIBOBJDEPS=''
gltests_LIBOBJS=''
gltests_LTLIBOBJS=''
gltests_WITNESS='IN_MAKE_GNULIB_TESTS'
host='x86_64-pc-linux-musl'
host_alias=''
host_cpu='x86_64'
host_os='linux-musl'
host_vendor='pc'
htmldir='${docdir}'
includedir='${prefix}/include'
infodir='${datarootdir}/info'
install_sh='${SHELL} /home/samson/Projects/clojv3/store/tmp/make-4.4.1/make-4.4.1/build-aux/install-sh'
libdir='${exec_prefix}/lib'
libexecdir='${exec_prefix}/libexec'
localedir='${datarootdir}/locale'
localstatedir='${prefix}/var'
mandir='${datarootdir}/man'
mkdir_p='$(MKDIR_P)'
oldincludedir='/usr/include'
pdfdir='${docdir}'
prefix='/home/samson/Projects/clojv3/./store/make-4.4.1'
program_transform_name='s,x,x,'
psdir='${docdir}'
runstatedir='${localstatedir}/run'
sbindir='${exec_prefix}/sbin'
sharedstatedir='${prefix}/com'
sysconfdir='${prefix}/etc'
target_alias=''

## ------------------- ##
## File substitutions. ##
## ------------------- ##

MAINT_MAKEFILE='/dev/null'

## ----------- ##
## confdefs.h. ##
## ----------- ##

/* confdefs.h */
#define PACKAGE_NAME "GNU Make"
#define PACKAGE_TARNAME "make"
#define PACKAGE_VERSION "4.4.1"
#define PACKAGE_STRING "GNU Make 4.4.1"
#define PACKAGE_BUGREPORT "bug-make@gnu.org"
#define PACKAGE_URL "https://www.gnu.org/software/make/"
#define PACKAGE "make"
#define VERSION "4.4.1"
#define HAVE_STDIO_H 1
#define HAVE_STDLIB_H 1
#define HAVE_STRING_H 1
#define HAVE_INTTYPES_H 1
#define HAVE_STDINT_H 1
#define HAVE_STRINGS_H 1
#define HAVE_SYS_STAT_H 1
#define HAVE_SYS_TYPES_H 1
#define HAVE_UNISTD_H 1
#define HAVE_WCHAR_H 1
#define HAVE_SYS_PARAM_H 1
#define HAVE_STDBOOL_H 1
#define STDC_HEADERS 1
#define _ALL_SOURCE 1
#define _DARWIN_C_SOURCE 1
#define _GNU_SOURCE 1
#define _HPUX_ALT_XOPEN_SOCKET_API 1
#define _NETBSD_SOURCE 1
#define _OPENBSD_SOURCE 1
#define _POSIX_PTHREAD_SEMANTICS 1
#define __STDC_WANT_IEC_60559_ATTRIBS_EXT__ 1
#define __STDC_WANT_IEC_60559_BFP_EXT__ 1
#define __STDC_WANT_IEC_60559_DFP_EXT__ 1
#define __STDC_WANT_IEC_60559_EXT__ 1
#define __STDC_WANT_IEC_60559_FUNCS_EXT__ 1
#define __STDC_WANT_IEC_60559_TYPES_EXT__ 1
#define __STDC_WANT_LIB_EXT2__ 1
#define __STDC_WANT_MATH_SPEC_FUNCS__ 1
#define _TANDEM_SOURCE 1
#define __EXTENSIONS__ 1
#define MAKE_CXX "g++"
#define HAVE_ALLOCA_H 1
#define HAVE_ALLOCA 1
#ifndef __x86_64__
#define __x86_64__ 1
#endif
#ifndef __x86_64__
#define __x86_64__ 1
#endif
#define HAVE_ALLOCA 1
#define GNULIB_TEST_GETLOADAVG 1
#define HAVE_C_BOOL 1
#define HAVE_ICONV 1
#define HAVE_DIRENT_H 1
#define HAVE_STDLIB_H 1
#define HAVE_STRING_H 1
#define HAVE_STRINGS_H 1
#define HAVE_LOCALE_H 1
#define HAVE_UNISTD_H 1
#define HAVE_LIMITS_H 1
#define HAVE_MEMORY_H 1
#define HAVE_SYS_PARAM_H 1
#define HAVE_SYS_RESOURCE_H 1
#define HAVE_SYS_TIMEB_H 1
#define HAVE_SYS_TIME_H 1
#define HAVE_SYS_SELECT_H 1
#define HAVE_SYS_FILE_H 1
#define HAVE_FCNTL_H 1
#define HAVE_SPAWN_H 1
#define HAVE_UNSIGNED_LONG_LONG_INT 1
#define HAVE_LONG_LONG_INT 1
#define HAVE_INTMAX_T 1
#define HAVE_UINTMAX_T 1
#define HAVE_SIG_ATOMIC_T 1
#define ST_MTIM_NSEC st_mtim.tv_nsec
#define FILE_TIMESTAMP_HI_RES 1
#define HAVE_CLOCK_GETTIME 1
#define HAVE_GETTIMEOFDAY 1
#define HAVE_STRTOLL 1
#define HAVE_STRDUP 1
#define HAVE_STRNDUP 1
#define HAVE_STPCPY 1
#define HAVE_MEMRCHR 1
#define HAVE_MEMPCPY 1
#define HAVE_UMASK 1
#define HAVE_MKSTEMP 1
#define HAVE_MKTEMP 1
#define HAVE_FDOPEN 1
#define HAVE_DUP 1
#define HAVE_DUP2 1
#define HAVE_GETCWD 1
#define HAVE_REALPATH 1
#define HAVE_SIGACTION 1
#define HAVE_GETGROUPS 1
#define HAVE_SETEUID 1
#define HAVE_SETEGID 1
#define HAVE_SETLINEBUF 1
#define HAVE_SETREUID 1
#define HAVE_SETREGID 1
#define HAVE_MKFIFO 1
#define HAVE_GETRLIMIT 1
#define HAVE_SETRLIMIT 1
#define HAVE_SETVBUF 1
#define HAVE_PIPE 1
#define HAVE_STRERROR 1
#define HAVE_STRSIGNAL 1
#define HAVE_LSTAT 1
#define HAVE_READLINK 1
#define HAVE_ATEXIT 1
#define HAVE_ISATTY 1
#define HAVE_TTYNAME 1
#define HAVE_PSELECT 1
#define HAVE_POSIX_SPAWN 1
#define HAVE_POSIX_SPAWNATTR_SETSIGMASK 1
#define HAVE_DECL_BSD_SIGNAL 1
#define HAVE_FORK 1
#define HAVE_VFORK 1
#define HAVE_WORKING_VFORK 1
#define HAVE_WORKING_FORK 1
#define HAVE_STRCASECMP 1
#define HAVE_STRNCASECMP 1
#define HAVE_STRCOLL 1
#define HAVE_STRUCT_DIRENT_D_TYPE 1
#define HAVE_DECL_SYS_SIGLIST 0
#define HAVE_DECL__SYS_SIGLIST 0
#define HAVE_DECL___SYS_SIGLIST 0
#define HAVE_SYS_WAIT_H 1
#define HAVE_WAITPID 1
#define HAVE_WAIT3 1
#define HAVE_SA_RESTART 1
#define MAKE_JOBSERVER 1
#define HAVE_DECL_DLOPEN 1
#define HAVE_DECL_DLSYM 1
#define HAVE_DECL_DLERROR 1
#define MAKE_LOAD 1
#define MAKE_SYMLINKS 1
#define USE_POSIX_SPAWN 1
#define SCCS_GET "get"
#define MAKE_HOST "x86_64-pc-linux-musl"
#define PATH_SEPARATOR_CHAR ':'
#define HAVE_DECL_GETLOADAVG 1
#define MK_CONFIGURE 1

configure: exit 0
