This file contains any messages produced by compilers while
running configure, to aid debugging if configure makes a mistake.

It was created by bash configure 5.3-release, which was
generated by GNU Autoconf 2.72.  Invocation command line was

  $ ./configure --prefix=/home/samson/Projects/clojv3/./store/sh-5.3 --without-bash-malloc --without-curses

## --------- ##
## Platform. ##
## --------- ##

hostname = aurelius
uname -m = x86_64
uname -r = 6.18.53
uname -s = Linux
uname -v = #1-NixOS SMP PREEMPT_DYNAMIC Mon Sep 21 13:06:06 UTC 2026

/usr/bin/uname -p = unknown
/bin/uname -X     = unknown

/bin/arch              = unknown
/usr/bin/arch -k       = unknown
/usr/convex/getsysinfo = unknown
/usr/bin/hostinfo      = unknown
/bin/machine           = unknown
/usr/bin/oslevel       = unknown
/bin/universe          = unknown

PATH: /home/samson/Projects/clojv3/./store/musl-1.2.6/bin/
PATH: /nix/store/9jlvk5hrm19m6lzj6lqly32ljqh64bch-clojure-1.12.6.1673/bin/
PATH: /nix/store/i6m9ji4ambv12kkdc4d5qxz7ssgzkjvk-rlwrap-0.48/bin/
PATH: /nix/store/p3ckxs1gmqir4m2b6yknbbka33da1y4m-openjdk-21.0.12.1+1/bin/
PATH: /nix/store/hkclq7d0j10l7gk1v2hpif398dvnq6lz-ripgrep-15.2.0/bin/
PATH: /nix/store/vv1zlsmpvilz6c4s74f00qljqka2dw6y-cljfmt-0.16.5/bin/
PATH: /nix/store/mc9jzfwhfqs678d8f2vv48gqcavqrvx2-clj-kondo-2026.08.04/bin/
PATH: /nix/store/0hsh47ifi1iy4nxh7mwsn46fnkmi78ni-clojure-lsp-2026.07.06-14.34.19/bin/
PATH: /nix/store/z34aznannz7g6fw5whipak7nnf4ijk9k-x86_64-unknown-linux-musl-gcc-wrapper-15.3.0/bin/
PATH: /nix/store/yzx98qlav3kgw6a9pkjpz13p1v280vyk-x86_64-unknown-linux-musl-gcc-15.3.0/bin/
PATH: /nix/store/61ihdvp149x32cxjs3g2ya88x37bplzi-musl-x86_64-unknown-linux-musl-1.2.6-bin/bin/
PATH: /nix/store/xjl7p8dvyk2j53kqf7f43kdj4ypbxz7g-coreutils-9.11/bin/
PATH: /nix/store/6hnxkf68w3154sv7qc7lxv1m9c4bsb0g-x86_64-unknown-linux-musl-binutils-wrapper-2.46/bin/
PATH: /nix/store/60lv8wlcr99wv4ck3sk9fzcbb4jbk2n6-x86_64-unknown-linux-musl-binutils-2.46/bin/
PATH: /nix/store/jbxxgdf6jq69k1cq3aj4mdqb151qi44j-jolt-a6e881b/bin/
PATH: /nix/store/h9wq5kdv1jc9hxmwgn9vh9bwsigmnsj6-patchelf-0.15.2/bin/
PATH: /nix/store/z4c6k0mrlkwl3s4w9ysxc8vq1wylm3ms-gcc-wrapper-15.3.0/bin/
PATH: /nix/store/8sjgd7q3mdks1rb7rbcv0sallhvrhai5-gcc-15.3.0/bin/
PATH: /nix/store/fdpy1l72q9gvq8d9snrdq67gm0j5s1dg-glibc-2.42-84-bin/bin/
PATH: /nix/store/0fdc105g1896ganr8916rsjxhvr9qv5b-binutils-wrapper-2.46/bin/
PATH: /nix/store/31gnwsgag5qa14hfblqi5hyn71pyx7py-binutils-2.46/bin/
PATH: /nix/store/xjl7p8dvyk2j53kqf7f43kdj4ypbxz7g-coreutils-9.11/bin/
PATH: /nix/store/i9wgqa0l88aprvpwfaq5hkfa6pklhlv0-findutils-4.11.0/bin/
PATH: /nix/store/b8xvzgd52jby5dfpi0pf46nisy6wma5d-diffutils-3.12/bin/
PATH: /nix/store/qf2wzyq4irhgyhnq3s2hz0ldjq3w8a3x-gnused-4.10/bin/
PATH: /nix/store/xmvbzzxm5snla5a2cyfhm7hjy9bifx7n-gnugrep-3.12/bin/
PATH: /nix/store/9zib1q94gka8i5q530364cvy25504qz5-gawk-5.4.1/bin/
PATH: /nix/store/41l3h8s1lr518n03bsrzv5vsf37bhnb9-gnutar-1.35/bin/
PATH: /nix/store/l5sll8nxk70p73l5yqbsjy4mh0c3g0v5-gzip-1.14/bin/
PATH: /nix/store/j3yz0ag9j442229n8harpmp9aa5qyvhn-bzip2-1.0.8-bin/bin/
PATH: /nix/store/c011mk580m964s1zxjccvdax3fcmppnl-gnumake-4.4.1/bin/
PATH: /nix/store/svx59425zxp552p2b8gm11qj5r09b56i-bash-5.3p15/bin/
PATH: /nix/store/81zqbas7qc02yfdj7142fdcqhxgd3cgz-patch-2.8/bin/
PATH: /nix/store/518dig8gpvqyac6pkksyjjfzvi9zn8vq-xz-5.8.3-bin/bin/
PATH: /nix/store/fv9yl55hkskpc2cj9c0sdyq91car9kgl-file-5.48/bin/
PATH: /home/samson/Projects/clojv3/.direnv/bin/
PATH: /home/samson/.config/carapace/bin/
PATH: /run/wrappers/bin/
PATH: /home/samson/.nix-profile/bin/
PATH: /nix/profile/bin/
PATH: /home/samson/.local/state/nix/profile/bin/
PATH: /etc/profiles/per-user/samson/bin/
PATH: /nix/var/nix/profiles/default/bin/
PATH: /run/current-system/sw/bin/
PATH: /nix/store/0fdc105g1896ganr8916rsjxhvr9qv5b-binutils-wrapper-2.46/bin/
PATH: /nix/store/x2qk5vrrkpsh96ays6cyiird1x4ry4g7-hyprland-qtutils-0.1.5/bin/
PATH: /nix/store/xr3xacpw1l5ddkqywvva8nr6ja9qd74f-pciutils-3.15.0/bin/
PATH: /nix/store/06qf76vpnf4ylyv47r7jy9lqclw3drmh-pkgconf-wrapper-2.5.1/bin/


## ----------- ##
## Core tests. ##
## ----------- ##

configure:3059: looking for aux files: config.rpath install-sh config.guess config.sub
configure:3072:  trying ././support/
configure:3101:   ././support/config.rpath found
configure:3083:   ././support/install-sh found
configure:3101:   ././support/config.guess found
configure:3101:   ././support/config.sub found
configure:3236: checking build system type
configure:3252: result: x86_64-pc-linux-musl
configure:3272: checking host system type
configure:3287: result: x86_64-pc-linux-musl
configure:4021: checking for gcc
configure:4054: result: x86_64-unknown-linux-musl-gcc
configure:4413: checking for C compiler version
configure:4422: x86_64-unknown-linux-musl-gcc --version >&5
x86_64-unknown-linux-musl-gcc (GCC) 15.3.0
Copyright (C) 2025 Free Software Foundation, Inc.
This is free software; see the source for copying conditions.  There is NO
warranty; not even for MERCHANTABILITY or FITNESS FOR A PARTICULAR PURPOSE.

configure:4433: $? = 0
configure:4422: x86_64-unknown-linux-musl-gcc -v >&5
Using built-in specs.
COLLECT_GCC=/nix/store/yzx98qlav3kgw6a9pkjpz13p1v280vyk-x86_64-unknown-linux-musl-gcc-15.3.0/bin/x86_64-unknown-linux-musl-gcc
COLLECT_LTO_WRAPPER=/nix/store/yzx98qlav3kgw6a9pkjpz13p1v280vyk-x86_64-unknown-linux-musl-gcc-15.3.0/libexec/gcc/x86_64-unknown-linux-musl/15.3.0/lto-wrapper
Target: x86_64-unknown-linux-musl
Configured with: ../gcc-15.3.0/configure --prefix=/nix/store/eeeeeeeeeeeeeeeeeeeeeeeeeeeeeeee-x86_64-unknown-linux-musl-gcc-15.3.0 --with-gmp-include=/nix/store/eeeeeeeeeeeeeeeeeeeeeeeeeeeeeeee-gmp-with-cxx-6.3.0-dev/include --with-gmp-lib=/nix/store/eeeeeeeeeeeeeeeeeeeeeeeeeeeeeeee-gmp-with-cxx-6.3.0/lib --with-mpfr-include=/nix/store/eeeeeeeeeeeeeeeeeeeeeeeeeeeeeeee-mpfr-4.2.2-dev/include --with-mpfr-lib=/nix/store/eeeeeeeeeeeeeeeeeeeeeeeeeeeeeeee-mpfr-4.2.2/lib --with-mpc=/nix/store/eeeeeeeeeeeeeeeeeeeeeeeeeeeeeeee-libmpc-1.4.1 --with-native-system-header-dir=/nix/store/eeeeeeeeeeeeeeeeeeeeeeeeeeeeeeee-musl-x86_64-unknown-linux-musl-1.2.6-dev/include --with-build-sysroot=/ --with-gxx-include-dir=/nix/store/eeeeeeeeeeeeeeeeeeeeeeeeeeeeeeee-x86_64-unknown-linux-musl-gcc-15.3.0/include/c++/15.3.0/ --program-prefix=x86_64-unknown-linux-musl- --enable-lto --disable-libstdcxx-pch --without-included-gettext --with-system-zlib --enable-static --enable-languages=c,c++ --disable-multilib --enable-plugin --with-isl=/nix/store/eeeeeeeeeeeeeeeeeeeeeeeeeeeeeeee-isl-0.20 --with-as=/nix/store/eeeeeeeeeeeeeeeeeeeeeeeeeeeeeeee-x86_64-unknown-linux-musl-binutils-wrapper-2.46/bin/x86_64-unknown-linux-musl-as --with-headers=/nix/store/eeeeeeeeeeeeeeeeeeeeeeeeeeeeeeee-musl-x86_64-unknown-linux-musl-1.2.6-dev/include --enable-__cxa_atexit --enable-long-long --enable-threads=posix --enable-nls --disable-libsanitizer --disable-bootstrap --disable-libmpx --enable-default-pie --build=x86_64-unknown-linux-gnu --host=x86_64-unknown-linux-gnu --target=x86_64-unknown-linux-musl
Thread model: posix
Supported LTO compression algorithms: zlib
gcc version 15.3.0 (GCC) 
configure:4433: $? = 0
configure:4422: x86_64-unknown-linux-musl-gcc -V >&5
x86_64-unknown-linux-musl-gcc: error: unrecognized command-line option '-V'
x86_64-unknown-linux-musl-gcc: fatal error: no input files
compilation terminated.
configure:4433: $? = 1
configure:4422: x86_64-unknown-linux-musl-gcc -qversion >&5
x86_64-unknown-linux-musl-gcc: error: unrecognized command-line option '-qversion'; did you mean '--version'?
x86_64-unknown-linux-musl-gcc: fatal error: no input files
compilation terminated.
configure:4433: $? = 1
configure:4422: x86_64-unknown-linux-musl-gcc -version >&5
x86_64-unknown-linux-musl-gcc: error: unrecognized command-line option '-version'
x86_64-unknown-linux-musl-gcc: fatal error: no input files
compilation terminated.
configure:4433: $? = 1
configure:4453: checking whether the C compiler works
configure:4475: x86_64-unknown-linux-musl-gcc  -I/home/samson/Projects/clojv3/./store/musl-1.2.6/include -B/home/samson/Projects/clojv3/./store/musl-1.2.6/lib -L/home/samson/Projects/clojv3/./store/musl-1.2.6/lib -Wl,-rpath,/home/samson/Projects/clojv3/./store/musl-1.2.6/lib -Wl,-dynamic-linker,/home/samson/Projects/clojv3/./store/musl-1.2.6/lib/libc.so conftest.c  >&5
configure:4479: $? = 0
configure:4530: result: yes
configure:4534: checking for C compiler default output file name
configure:4536: result: a.out
configure:4542: checking for suffix of executables
configure:4549: x86_64-unknown-linux-musl-gcc -o conftest  -I/home/samson/Projects/clojv3/./store/musl-1.2.6/include -B/home/samson/Projects/clojv3/./store/musl-1.2.6/lib -L/home/samson/Projects/clojv3/./store/musl-1.2.6/lib -Wl,-rpath,/home/samson/Projects/clojv3/./store/musl-1.2.6/lib -Wl,-dynamic-linker,/home/samson/Projects/clojv3/./store/musl-1.2.6/lib/libc.so conftest.c  >&5
configure:4553: $? = 0
configure:4577: result: 
configure:4601: checking whether we are cross compiling
configure:4609: x86_64-unknown-linux-musl-gcc -o conftest  -I/home/samson/Projects/clojv3/./store/musl-1.2.6/include -B/home/samson/Projects/clojv3/./store/musl-1.2.6/lib -L/home/samson/Projects/clojv3/./store/musl-1.2.6/lib -Wl,-rpath,/home/samson/Projects/clojv3/./store/musl-1.2.6/lib -Wl,-dynamic-linker,/home/samson/Projects/clojv3/./store/musl-1.2.6/lib/libc.so conftest.c  >&5
configure:4613: $? = 0
configure:4620: ./conftest
configure:4624: $? = 0
configure:4639: result: no
configure:4645: checking for suffix of object files
configure:4668: x86_64-unknown-linux-musl-gcc -c  -I/home/samson/Projects/clojv3/./store/musl-1.2.6/include conftest.c >&5
configure:4672: $? = 0
configure:4696: result: o
configure:4700: checking whether the compiler supports GNU C
configure:4720: x86_64-unknown-linux-musl-gcc -c  -I/home/samson/Projects/clojv3/./store/musl-1.2.6/include conftest.c >&5
configure:4720: $? = 0
configure:4732: result: yes
configure:4743: checking whether x86_64-unknown-linux-musl-gcc accepts -g
configure:4764: x86_64-unknown-linux-musl-gcc -c -g -I/home/samson/Projects/clojv3/./store/musl-1.2.6/include conftest.c >&5
configure:4764: $? = 0
configure:4811: result: yes
configure:4831: checking for x86_64-unknown-linux-musl-gcc option to enable C11 features
configure:4846: x86_64-unknown-linux-musl-gcc  -c -g -O2 -I/home/samson/Projects/clojv3/./store/musl-1.2.6/include conftest.c >&5
configure:4846: $? = 0
configure:4865: result: none needed
configure:4998: checking for stdio.h
configure:4998: x86_64-unknown-linux-musl-gcc -c -g -O2 -I/home/samson/Projects/clojv3/./store/musl-1.2.6/include conftest.c >&5
configure:4998: $? = 0
configure:4998: result: yes
configure:4998: checking for stdlib.h
configure:4998: x86_64-unknown-linux-musl-gcc -c -g -O2 -I/home/samson/Projects/clojv3/./store/musl-1.2.6/include conftest.c >&5
configure:4998: $? = 0
configure:4998: result: yes
configure:4998: checking for string.h
configure:4998: x86_64-unknown-linux-musl-gcc -c -g -O2 -I/home/samson/Projects/clojv3/./store/musl-1.2.6/include conftest.c >&5
configure:4998: $? = 0
configure:4998: result: yes
configure:4998: checking for inttypes.h
configure:4998: x86_64-unknown-linux-musl-gcc -c -g -O2 -I/home/samson/Projects/clojv3/./store/musl-1.2.6/include conftest.c >&5
configure:4998: $? = 0
configure:4998: result: yes
configure:4998: checking for stdint.h
configure:4998: x86_64-unknown-linux-musl-gcc -c -g -O2 -I/home/samson/Projects/clojv3/./store/musl-1.2.6/include conftest.c >&5
configure:4998: $? = 0
configure:4998: result: yes
configure:4998: checking for strings.h
configure:4998: x86_64-unknown-linux-musl-gcc -c -g -O2 -I/home/samson/Projects/clojv3/./store/musl-1.2.6/include conftest.c >&5
configure:4998: $? = 0
configure:4998: result: yes
configure:4998: checking for sys/stat.h
configure:4998: x86_64-unknown-linux-musl-gcc -c -g -O2 -I/home/samson/Projects/clojv3/./store/musl-1.2.6/include conftest.c >&5
configure:4998: $? = 0
configure:4998: result: yes
configure:4998: checking for sys/types.h
configure:4998: x86_64-unknown-linux-musl-gcc -c -g -O2 -I/home/samson/Projects/clojv3/./store/musl-1.2.6/include conftest.c >&5
configure:4998: $? = 0
configure:4998: result: yes
configure:4998: checking for unistd.h
configure:4998: x86_64-unknown-linux-musl-gcc -c -g -O2 -I/home/samson/Projects/clojv3/./store/musl-1.2.6/include conftest.c >&5
configure:4998: $? = 0
configure:4998: result: yes
configure:4998: checking for wchar.h
configure:4998: x86_64-unknown-linux-musl-gcc -c -g -O2 -I/home/samson/Projects/clojv3/./store/musl-1.2.6/include conftest.c >&5
configure:4998: $? = 0
configure:4998: result: yes
configure:4998: checking for minix/config.h
configure:4998: x86_64-unknown-linux-musl-gcc -c -g -O2 -I/home/samson/Projects/clojv3/./store/musl-1.2.6/include conftest.c >&5
conftest.c:74:10: fatal error: minix/config.h: No such file or directory
   74 | #include <minix/config.h>
      |          ^~~~~~~~~~~~~~~~
compilation terminated.
configure:4998: $? = 1
configure: failed program was:
| /* confdefs.h */
| #define PACKAGE_NAME "bash"
| #define PACKAGE_TARNAME "bash"
| #define PACKAGE_VERSION "5.3-release"
| #define PACKAGE_STRING "bash 5.3-release"
| #define PACKAGE_BUGREPORT "bug-bash@gnu.org"
| #define PACKAGE_URL ""
| #define ALIAS 1
| #define PUSHD_AND_POPD 1
| #define RESTRICTED_SHELL 1
| #define PROCESS_SUBSTITUTION 1
| #define PROMPT_STRING_DECODE 1
| #define SELECT_COMMAND 1
| #define HELP_BUILTIN 1
| #define ARRAY_VARS 1
| #define DPAREN_ARITHMETIC 1
| #define BRACE_EXPANSION 1
| #define COMMAND_TIMING 1
| #define EXTENDED_GLOB 1
| #define EXTGLOB_DEFAULT 0
| #define COND_COMMAND 1
| #define COND_REGEXP 1
| #define COPROCESS_SUPPORT 1
| #define ARITH_FOR_COMMAND 1
| #define NETWORK_REDIRECTIONS 1
| #define PROGRAMMABLE_COMPLETION 1
| #define DEBUGGER 1
| #define CASEMOD_ATTRS 1
| #define CASEMOD_EXPANSIONS 1
| #define GLOBASCII_DEFAULT 1
| #define FUNCTION_IMPORT 1
| #define TRANSLATABLE_STRINGS 1
| #define BASH_SOURCE_FULLPATH_DEFAULT 0
| #define MEMSCRAMBLE 1
| #define HAVE_STDIO_H 1
| #define HAVE_STDLIB_H 1
| #define HAVE_STRING_H 1
| #define HAVE_INTTYPES_H 1
| #define HAVE_STDINT_H 1
| #define HAVE_STRINGS_H 1
| #define HAVE_SYS_STAT_H 1
| #define HAVE_SYS_TYPES_H 1
| #define HAVE_UNISTD_H 1
| #define HAVE_WCHAR_H 1
| /* end confdefs.h.  */
| #include <stddef.h>
| #ifdef HAVE_STDIO_H
| # include <stdio.h>
| #endif
| #ifdef HAVE_STDLIB_H
| # include <stdlib.h>
| #endif
| #ifdef HAVE_STRING_H
| # include <string.h>
| #endif
| #ifdef HAVE_INTTYPES_H
| # include <inttypes.h>
| #endif
| #ifdef HAVE_STDINT_H
| # include <stdint.h>
| #endif
| #ifdef HAVE_STRINGS_H
| # include <strings.h>
| #endif
| #ifdef HAVE_SYS_TYPES_H
| # include <sys/types.h>
| #endif
| #ifdef HAVE_SYS_STAT_H
| # include <sys/stat.h>
| #endif
| #ifdef HAVE_UNISTD_H
| # include <unistd.h>
| #endif
| #include <minix/config.h>
configure:4998: result: no
configure:4998: checking for stdbool.h
configure:4998: x86_64-unknown-linux-musl-gcc -c -g -O2 -I/home/samson/Projects/clojv3/./store/musl-1.2.6/include conftest.c >&5
configure:4998: $? = 0
configure:4998: result: yes
configure:4998: checking for sys/param.h
configure:4998: x86_64-unknown-linux-musl-gcc -c -g -O2 -I/home/samson/Projects/clojv3/./store/musl-1.2.6/include conftest.c >&5
configure:4998: $? = 0
configure:4998: result: yes
configure:4998: checking for threads.h
configure:4998: x86_64-unknown-linux-musl-gcc -c -g -O2 -I/home/samson/Projects/clojv3/./store/musl-1.2.6/include conftest.c >&5
configure:4998: $? = 0
configure:4998: result: yes
configure:4998: checking for xlocale.h
configure:4998: x86_64-unknown-linux-musl-gcc -c -g -O2 -I/home/samson/Projects/clojv3/./store/musl-1.2.6/include conftest.c >&5
conftest.c:77:10: fatal error: xlocale.h: No such file or directory
   77 | #include <xlocale.h>
      |          ^~~~~~~~~~~
compilation terminated.
configure:4998: $? = 1
configure: failed program was:
| /* confdefs.h */
| #define PACKAGE_NAME "bash"
| #define PACKAGE_TARNAME "bash"
| #define PACKAGE_VERSION "5.3-release"
| #define PACKAGE_STRING "bash 5.3-release"
| #define PACKAGE_BUGREPORT "bug-bash@gnu.org"
| #define PACKAGE_URL ""
| #define ALIAS 1
| #define PUSHD_AND_POPD 1
| #define RESTRICTED_SHELL 1
| #define PROCESS_SUBSTITUTION 1
| #define PROMPT_STRING_DECODE 1
| #define SELECT_COMMAND 1
| #define HELP_BUILTIN 1
| #define ARRAY_VARS 1
| #define DPAREN_ARITHMETIC 1
| #define BRACE_EXPANSION 1
| #define COMMAND_TIMING 1
| #define EXTENDED_GLOB 1
| #define EXTGLOB_DEFAULT 0
| #define COND_COMMAND 1
| #define COND_REGEXP 1
| #define COPROCESS_SUPPORT 1
| #define ARITH_FOR_COMMAND 1
| #define NETWORK_REDIRECTIONS 1
| #define PROGRAMMABLE_COMPLETION 1
| #define DEBUGGER 1
| #define CASEMOD_ATTRS 1
| #define CASEMOD_EXPANSIONS 1
| #define GLOBASCII_DEFAULT 1
| #define FUNCTION_IMPORT 1
| #define TRANSLATABLE_STRINGS 1
| #define BASH_SOURCE_FULLPATH_DEFAULT 0
| #define MEMSCRAMBLE 1
| #define HAVE_STDIO_H 1
| #define HAVE_STDLIB_H 1
| #define HAVE_STRING_H 1
| #define HAVE_INTTYPES_H 1
| #define HAVE_STDINT_H 1
| #define HAVE_STRINGS_H 1
| #define HAVE_SYS_STAT_H 1
| #define HAVE_SYS_TYPES_H 1
| #define HAVE_UNISTD_H 1
| #define HAVE_WCHAR_H 1
| #define HAVE_STDBOOL_H 1
| #define HAVE_SYS_PARAM_H 1
| #define HAVE_THREADS_H 1
| /* end confdefs.h.  */
| #include <stddef.h>
| #ifdef HAVE_STDIO_H
| # include <stdio.h>
| #endif
| #ifdef HAVE_STDLIB_H
| # include <stdlib.h>
| #endif
| #ifdef HAVE_STRING_H
| # include <string.h>
| #endif
| #ifdef HAVE_INTTYPES_H
| # include <inttypes.h>
| #endif
| #ifdef HAVE_STDINT_H
| # include <stdint.h>
| #endif
| #ifdef HAVE_STRINGS_H
| # include <strings.h>
| #endif
| #ifdef HAVE_SYS_TYPES_H
| # include <sys/types.h>
| #endif
| #ifdef HAVE_SYS_STAT_H
| # include <sys/stat.h>
| #endif
| #ifdef HAVE_UNISTD_H
| # include <unistd.h>
| #endif
| #include <xlocale.h>
configure:4998: result: no
configure:4998: checking for sys/time.h
configure:4998: x86_64-unknown-linux-musl-gcc -c -g -O2 -I/home/samson/Projects/clojv3/./store/musl-1.2.6/include conftest.c >&5
configure:4998: $? = 0
configure:4998: result: yes
configure:5029: checking whether it is safe to define __EXTENSIONS__
configure:5048: x86_64-unknown-linux-musl-gcc -c -g -O2 -I/home/samson/Projects/clojv3/./store/musl-1.2.6/include conftest.c >&5
configure:5048: $? = 0
configure:5058: result: yes
configure:5061: checking whether _XOPEN_SOURCE should be defined
configure:5083: x86_64-unknown-linux-musl-gcc -c -g -O2 -I/home/samson/Projects/clojv3/./store/musl-1.2.6/include conftest.c >&5
configure:5083: $? = 0
configure:5112: result: no
configure:5178: checking for x86_64-unknown-linux-musl-gcc option to enable large file support
configure:5213: x86_64-unknown-linux-musl-gcc -c -g -O2 -I/home/samson/Projects/clojv3/./store/musl-1.2.6/include conftest.c >&5
configure:5213: $? = 0
configure:5219: x86_64-unknown-linux-musl-gcc -DFTYPE=ino_t -c -g -O2 -I/home/samson/Projects/clojv3/./store/musl-1.2.6/include conftest.c >&5
configure:5219: $? = 0
configure:5244: result: none needed
configure:6036: checking for a BSD-compatible install
configure:6110: result: /nix/store/xjl7p8dvyk2j53kqf7f43kdj4ypbxz7g-coreutils-9.11/bin/install -c
configure:6170: checking for ar
configure:6203: result: ar
configure:6275: checking for ranlib
configure:6308: result: ranlib
configure:6334: checking for bison
configure:6370: result: no
configure:6334: checking for byacc
configure:6370: result: no
configure:6379: checking whether make sets $(MAKE)
configure:6403: result: yes
configure:6480: checking for strip
configure:6513: result: strip
configure:6541: WARNING: bison not available; needed to process parse.y
configure:7061: checking for an ANSI C-conforming const
configure:7128: x86_64-unknown-linux-musl-gcc -c -g -O2 -I/home/samson/Projects/clojv3/./store/musl-1.2.6/include conftest.c >&5
configure:7128: $? = 0
configure:7138: result: yes
configure:7146: checking for inline
configure:7163: x86_64-unknown-linux-musl-gcc -c -g -O2 -I/home/samson/Projects/clojv3/./store/musl-1.2.6/include conftest.c >&5
configure:7163: $? = 0
configure:7173: result: inline
configure:7191: checking whether byte ordering is bigendian
configure:7207: x86_64-unknown-linux-musl-gcc -c -g -O2 -I/home/samson/Projects/clojv3/./store/musl-1.2.6/include conftest.c >&5
conftest.c:72:16: error: unknown type name 'not'
   72 |                not a universal capable compiler
      |                ^~~
conftest.c:72:22: error: expected '=', ',', ';', 'asm' or '__attribute__' before 'universal'
   72 |                not a universal capable compiler
      |                      ^~~~~~~~~
conftest.c:72:22: error: unknown type name 'universal'
configure:7207: $? = 1
configure: failed program was:
| /* confdefs.h */
| #define PACKAGE_NAME "bash"
| #define PACKAGE_TARNAME "bash"
| #define PACKAGE_VERSION "5.3-release"
| #define PACKAGE_STRING "bash 5.3-release"
| #define PACKAGE_BUGREPORT "bug-bash@gnu.org"
| #define PACKAGE_URL ""
| #define ALIAS 1
| #define PUSHD_AND_POPD 1
| #define RESTRICTED_SHELL 1
| #define PROCESS_SUBSTITUTION 1
| #define PROMPT_STRING_DECODE 1
| #define SELECT_COMMAND 1
| #define HELP_BUILTIN 1
| #define ARRAY_VARS 1
| #define DPAREN_ARITHMETIC 1
| #define BRACE_EXPANSION 1
| #define COMMAND_TIMING 1
| #define EXTENDED_GLOB 1
| #define EXTGLOB_DEFAULT 0
| #define COND_COMMAND 1
| #define COND_REGEXP 1
| #define COPROCESS_SUPPORT 1
| #define ARITH_FOR_COMMAND 1
| #define NETWORK_REDIRECTIONS 1
| #define PROGRAMMABLE_COMPLETION 1
| #define DEBUGGER 1
| #define CASEMOD_ATTRS 1
| #define CASEMOD_EXPANSIONS 1
| #define GLOBASCII_DEFAULT 1
| #define FUNCTION_IMPORT 1
| #define TRANSLATABLE_STRINGS 1
| #define BASH_SOURCE_FULLPATH_DEFAULT 0
| #define MEMSCRAMBLE 1
| #define HAVE_STDIO_H 1
| #define HAVE_STDLIB_H 1
| #define HAVE_STRING_H 1
| #define HAVE_INTTYPES_H 1
| #define HAVE_STDINT_H 1
| #define HAVE_STRINGS_H 1
| #define HAVE_SYS_STAT_H 1
| #define HAVE_SYS_TYPES_H 1
| #define HAVE_UNISTD_H 1
| #define HAVE_WCHAR_H 1
| #define HAVE_STDBOOL_H 1
| #define HAVE_SYS_PARAM_H 1
| #define HAVE_THREADS_H 1
| #define HAVE_SYS_TIME_H 1
| #define STDC_HEADERS 1
| #define _ALL_SOURCE 1
| #define _DARWIN_C_SOURCE 1
| #define _GNU_SOURCE 1
| #define _HPUX_ALT_XOPEN_SOCKET_API 1
| #define _NETBSD_SOURCE 1
| #define _OPENBSD_SOURCE 1
| #define _POSIX_PTHREAD_SEMANTICS 1
| #define __STDC_WANT_IEC_60559_ATTRIBS_EXT__ 1
| #define __STDC_WANT_IEC_60559_BFP_EXT__ 1
| #define __STDC_WANT_IEC_60559_DFP_EXT__ 1
| #define __STDC_WANT_IEC_60559_EXT__ 1
| #define __STDC_WANT_IEC_60559_FUNCS_EXT__ 1
| #define __STDC_WANT_IEC_60559_TYPES_EXT__ 1
| #define __STDC_WANT_LIB_EXT2__ 1
| #define __STDC_WANT_MATH_SPEC_FUNCS__ 1
| #define _TANDEM_SOURCE 1
| #define __EXTENSIONS__ 1
| #define READLINE 1
| #define HISTORY 1
| #define BANG_HISTORY 1
| /* end confdefs.h.  */
| #ifndef __APPLE_CC__
| 	       not a universal capable compiler
| 	     #endif
| 	     typedef int dummy;
| 
configure:7253: x86_64-unknown-linux-musl-gcc -c -g -O2 -I/home/samson/Projects/clojv3/./store/musl-1.2.6/include conftest.c >&5
configure:7253: $? = 0
configure:7272: x86_64-unknown-linux-musl-gcc -c -g -O2 -I/home/samson/Projects/clojv3/./store/musl-1.2.6/include conftest.c >&5
conftest.c: In function 'main':
conftest.c:78:18: error: unknown type name 'not'; did you mean 'ino_t'?
   78 |                  not big endian
      |                  ^~~
      |                  ino_t
conftest.c:78:26: error: expected '=', ',', ';', 'asm' or '__attribute__' before 'endian'
   78 |                  not big endian
      |                          ^~~~~~
configure:7272: $? = 1
configure: failed program was:
| /* confdefs.h */
| #define PACKAGE_NAME "bash"
| #define PACKAGE_TARNAME "bash"
| #define PACKAGE_VERSION "5.3-release"
| #define PACKAGE_STRING "bash 5.3-release"
| #define PACKAGE_BUGREPORT "bug-bash@gnu.org"
| #define PACKAGE_URL ""
| #define ALIAS 1
| #define PUSHD_AND_POPD 1
| #define RESTRICTED_SHELL 1
| #define PROCESS_SUBSTITUTION 1
| #define PROMPT_STRING_DECODE 1
| #define SELECT_COMMAND 1
| #define HELP_BUILTIN 1
| #define ARRAY_VARS 1
| #define DPAREN_ARITHMETIC 1
| #define BRACE_EXPANSION 1
| #define COMMAND_TIMING 1
| #define EXTENDED_GLOB 1
| #define EXTGLOB_DEFAULT 0
| #define COND_COMMAND 1
| #define COND_REGEXP 1
| #define COPROCESS_SUPPORT 1
| #define ARITH_FOR_COMMAND 1
| #define NETWORK_REDIRECTIONS 1
| #define PROGRAMMABLE_COMPLETION 1
| #define DEBUGGER 1
| #define CASEMOD_ATTRS 1
| #define CASEMOD_EXPANSIONS 1
| #define GLOBASCII_DEFAULT 1
| #define FUNCTION_IMPORT 1
| #define TRANSLATABLE_STRINGS 1
| #define BASH_SOURCE_FULLPATH_DEFAULT 0
| #define MEMSCRAMBLE 1
| #define HAVE_STDIO_H 1
| #define HAVE_STDLIB_H 1
| #define HAVE_STRING_H 1
| #define HAVE_INTTYPES_H 1
| #define HAVE_STDINT_H 1
| #define HAVE_STRINGS_H 1
| #define HAVE_SYS_STAT_H 1
| #define HAVE_SYS_TYPES_H 1
| #define HAVE_UNISTD_H 1
| #define HAVE_WCHAR_H 1
| #define HAVE_STDBOOL_H 1
| #define HAVE_SYS_PARAM_H 1
| #define HAVE_THREADS_H 1
| #define HAVE_SYS_TIME_H 1
| #define STDC_HEADERS 1
| #define _ALL_SOURCE 1
| #define _DARWIN_C_SOURCE 1
| #define _GNU_SOURCE 1
| #define _HPUX_ALT_XOPEN_SOCKET_API 1
| #define _NETBSD_SOURCE 1
| #define _OPENBSD_SOURCE 1
| #define _POSIX_PTHREAD_SEMANTICS 1
| #define __STDC_WANT_IEC_60559_ATTRIBS_EXT__ 1
| #define __STDC_WANT_IEC_60559_BFP_EXT__ 1
| #define __STDC_WANT_IEC_60559_DFP_EXT__ 1
| #define __STDC_WANT_IEC_60559_EXT__ 1
| #define __STDC_WANT_IEC_60559_FUNCS_EXT__ 1
| #define __STDC_WANT_IEC_60559_TYPES_EXT__ 1
| #define __STDC_WANT_LIB_EXT2__ 1
| #define __STDC_WANT_MATH_SPEC_FUNCS__ 1
| #define _TANDEM_SOURCE 1
| #define __EXTENSIONS__ 1
| #define READLINE 1
| #define HISTORY 1
| #define BANG_HISTORY 1
| /* end confdefs.h.  */
| #include <sys/types.h>
| 		#include <sys/param.h>
| 
| int
| main (void)
| {
| #if BYTE_ORDER != BIG_ENDIAN
| 		 not big endian
| 		#endif
| 
|   ;
|   return 0;
| }
configure:7413: result: no
configure:7439: checking for long double
configure:7476: result: yes
configure:7484: checking whether char is unsigned
configure:7504: x86_64-unknown-linux-musl-gcc -c -g -O2 -I/home/samson/Projects/clojv3/./store/musl-1.2.6/include conftest.c >&5
configure:7504: $? = 0
configure:7514: result: no
configure:7521: checking for working volatile
configure:7541: x86_64-unknown-linux-musl-gcc -c -g -O2 -I/home/samson/Projects/clojv3/./store/musl-1.2.6/include conftest.c >&5
configure:7541: $? = 0
configure:7551: result: yes
configure:7559: checking for C/C++ restrict keyword
configure:7589: x86_64-unknown-linux-musl-gcc -c -g -O2 -I/home/samson/Projects/clojv3/./store/musl-1.2.6/include conftest.c >&5
configure:7589: $? = 0
configure:7599: result: __restrict__
configure:7613: checking for bool, true, false
configure:7628: x86_64-unknown-linux-musl-gcc -c -g -O2 -I/home/samson/Projects/clojv3/./store/musl-1.2.6/include conftest.c >&5
configure:7628: $? = 0
configure:7638: result: yes
configure:7651: checking for a race-free mkdir -p
configure:7694: result: /nix/store/xjl7p8dvyk2j53kqf7f43kdj4ypbxz7g-coreutils-9.11/bin/mkdir -p
configure:7697: checking for a sed that does not truncate output
configure:7769: result: /nix/store/qf2wzyq4irhgyhnq3s2hz0ldjq3w8a3x-gnused-4.10/bin/sed
configure:7775: checking whether NLS is requested
configure:7786: result: yes
configure:7826: checking for msgfmt
configure:7863: result: no
configure:7869: checking for gmsgfmt
configure:7906: result: :
configure:7951: checking for xgettext
configure:7988: result: no
configure:8030: checking for msgmerge
configure:8066: result: no
configure:8093: checking how to run the C preprocessor
configure:8119: x86_64-unknown-linux-musl-gcc -E -I/home/samson/Projects/clojv3/./store/musl-1.2.6/include conftest.c
configure:8119: $? = 0
configure:8135: x86_64-unknown-linux-musl-gcc -E -I/home/samson/Projects/clojv3/./store/musl-1.2.6/include conftest.c
conftest.c:75:10: fatal error: ac_nonexistent.h: No such file or directory
   75 | #include <ac_nonexistent.h>
      |          ^~~~~~~~~~~~~~~~~~
compilation terminated.
configure:8135: $? = 1
configure: failed program was:
| /* confdefs.h */
| #define PACKAGE_NAME "bash"
| #define PACKAGE_TARNAME "bash"
| #define PACKAGE_VERSION "5.3-release"
| #define PACKAGE_STRING "bash 5.3-release"
| #define PACKAGE_BUGREPORT "bug-bash@gnu.org"
| #define PACKAGE_URL ""
| #define ALIAS 1
| #define PUSHD_AND_POPD 1
| #define RESTRICTED_SHELL 1
| #define PROCESS_SUBSTITUTION 1
| #define PROMPT_STRING_DECODE 1
| #define SELECT_COMMAND 1
| #define HELP_BUILTIN 1
| #define ARRAY_VARS 1
| #define DPAREN_ARITHMETIC 1
| #define BRACE_EXPANSION 1
| #define COMMAND_TIMING 1
| #define EXTENDED_GLOB 1
| #define EXTGLOB_DEFAULT 0
| #define COND_COMMAND 1
| #define COND_REGEXP 1
| #define COPROCESS_SUPPORT 1
| #define ARITH_FOR_COMMAND 1
| #define NETWORK_REDIRECTIONS 1
| #define PROGRAMMABLE_COMPLETION 1
| #define DEBUGGER 1
| #define CASEMOD_ATTRS 1
| #define CASEMOD_EXPANSIONS 1
| #define GLOBASCII_DEFAULT 1
| #define FUNCTION_IMPORT 1
| #define TRANSLATABLE_STRINGS 1
| #define BASH_SOURCE_FULLPATH_DEFAULT 0
| #define MEMSCRAMBLE 1
| #define HAVE_STDIO_H 1
| #define HAVE_STDLIB_H 1
| #define HAVE_STRING_H 1
| #define HAVE_INTTYPES_H 1
| #define HAVE_STDINT_H 1
| #define HAVE_STRINGS_H 1
| #define HAVE_SYS_STAT_H 1
| #define HAVE_SYS_TYPES_H 1
| #define HAVE_UNISTD_H 1
| #define HAVE_WCHAR_H 1
| #define HAVE_STDBOOL_H 1
| #define HAVE_SYS_PARAM_H 1
| #define HAVE_THREADS_H 1
| #define HAVE_SYS_TIME_H 1
| #define STDC_HEADERS 1
| #define _ALL_SOURCE 1
| #define _DARWIN_C_SOURCE 1
| #define _GNU_SOURCE 1
| #define _HPUX_ALT_XOPEN_SOCKET_API 1
| #define _NETBSD_SOURCE 1
| #define _OPENBSD_SOURCE 1
| #define _POSIX_PTHREAD_SEMANTICS 1
| #define __STDC_WANT_IEC_60559_ATTRIBS_EXT__ 1
| #define __STDC_WANT_IEC_60559_BFP_EXT__ 1
| #define __STDC_WANT_IEC_60559_DFP_EXT__ 1
| #define __STDC_WANT_IEC_60559_EXT__ 1
| #define __STDC_WANT_IEC_60559_FUNCS_EXT__ 1
| #define __STDC_WANT_IEC_60559_TYPES_EXT__ 1
| #define __STDC_WANT_LIB_EXT2__ 1
| #define __STDC_WANT_MATH_SPEC_FUNCS__ 1
| #define _TANDEM_SOURCE 1
| #define __EXTENSIONS__ 1
| #define READLINE 1
| #define HISTORY 1
| #define BANG_HISTORY 1
| #define HAVE_STRINGIZE 1
| #define HAVE_LONG_DOUBLE 1
| #define restrict __restrict__
| #define HAVE_C_BOOL 1
| /* end confdefs.h.  */
| #include <ac_nonexistent.h>
configure:8164: result: x86_64-unknown-linux-musl-gcc -E
configure:8178: x86_64-unknown-linux-musl-gcc -E -I/home/samson/Projects/clojv3/./store/musl-1.2.6/include conftest.c
configure:8178: $? = 0
configure:8194: x86_64-unknown-linux-musl-gcc -E -I/home/samson/Projects/clojv3/./store/musl-1.2.6/include conftest.c
conftest.c:75:10: fatal error: ac_nonexistent.h: No such file or directory
   75 | #include <ac_nonexistent.h>
      |          ^~~~~~~~~~~~~~~~~~
compilation terminated.
configure:8194: $? = 1
configure: failed program was:
| /* confdefs.h */
| #define PACKAGE_NAME "bash"
| #define PACKAGE_TARNAME "bash"
| #define PACKAGE_VERSION "5.3-release"
| #define PACKAGE_STRING "bash 5.3-release"
| #define PACKAGE_BUGREPORT "bug-bash@gnu.org"
| #define PACKAGE_URL ""
| #define ALIAS 1
| #define PUSHD_AND_POPD 1
| #define RESTRICTED_SHELL 1
| #define PROCESS_SUBSTITUTION 1
| #define PROMPT_STRING_DECODE 1
| #define SELECT_COMMAND 1
| #define HELP_BUILTIN 1
| #define ARRAY_VARS 1
| #define DPAREN_ARITHMETIC 1
| #define BRACE_EXPANSION 1
| #define COMMAND_TIMING 1
| #define EXTENDED_GLOB 1
| #define EXTGLOB_DEFAULT 0
| #define COND_COMMAND 1
| #define COND_REGEXP 1
| #define COPROCESS_SUPPORT 1
| #define ARITH_FOR_COMMAND 1
| #define NETWORK_REDIRECTIONS 1
| #define PROGRAMMABLE_COMPLETION 1
| #define DEBUGGER 1
| #define CASEMOD_ATTRS 1
| #define CASEMOD_EXPANSIONS 1
| #define GLOBASCII_DEFAULT 1
| #define FUNCTION_IMPORT 1
| #define TRANSLATABLE_STRINGS 1
| #define BASH_SOURCE_FULLPATH_DEFAULT 0
| #define MEMSCRAMBLE 1
| #define HAVE_STDIO_H 1
| #define HAVE_STDLIB_H 1
| #define HAVE_STRING_H 1
| #define HAVE_INTTYPES_H 1
| #define HAVE_STDINT_H 1
| #define HAVE_STRINGS_H 1
| #define HAVE_SYS_STAT_H 1
| #define HAVE_SYS_TYPES_H 1
| #define HAVE_UNISTD_H 1
| #define HAVE_WCHAR_H 1
| #define HAVE_STDBOOL_H 1
| #define HAVE_SYS_PARAM_H 1
| #define HAVE_THREADS_H 1
| #define HAVE_SYS_TIME_H 1
| #define STDC_HEADERS 1
| #define _ALL_SOURCE 1
| #define _DARWIN_C_SOURCE 1
| #define _GNU_SOURCE 1
| #define _HPUX_ALT_XOPEN_SOCKET_API 1
| #define _NETBSD_SOURCE 1
| #define _OPENBSD_SOURCE 1
| #define _POSIX_PTHREAD_SEMANTICS 1
| #define __STDC_WANT_IEC_60559_ATTRIBS_EXT__ 1
| #define __STDC_WANT_IEC_60559_BFP_EXT__ 1
| #define __STDC_WANT_IEC_60559_DFP_EXT__ 1
| #define __STDC_WANT_IEC_60559_EXT__ 1
| #define __STDC_WANT_IEC_60559_FUNCS_EXT__ 1
| #define __STDC_WANT_IEC_60559_TYPES_EXT__ 1
| #define __STDC_WANT_LIB_EXT2__ 1
| #define __STDC_WANT_MATH_SPEC_FUNCS__ 1
| #define _TANDEM_SOURCE 1
| #define __EXTENSIONS__ 1
| #define READLINE 1
| #define HISTORY 1
| #define BANG_HISTORY 1
| #define HAVE_STRINGIZE 1
| #define HAVE_LONG_DOUBLE 1
| #define restrict __restrict__
| #define HAVE_C_BOOL 1
| /* end confdefs.h.  */
| #include <ac_nonexistent.h>
configure:8227: checking for egrep -e
configure:8357: result: /nix/store/xmvbzzxm5snla5a2cyfhm7hjy9bifx7n-gnugrep-3.12/bin/grep -E
configure:8362: checking whether we are using the GNU C Library 2 or newer
configure:8393: result: no
configure:8404: checking whether the -Werror option is usable
configure:8423: x86_64-unknown-linux-musl-gcc -c -g -O2 -Werror -I/home/samson/Projects/clojv3/./store/musl-1.2.6/include conftest.c >&5
configure:8423: $? = 0
configure:8435: result: yes
configure:8437: checking for simple visibility declarations
configure:8464: x86_64-unknown-linux-musl-gcc -c -g -O2 -fvisibility=hidden -Werror -I/home/samson/Projects/clojv3/./store/musl-1.2.6/include conftest.c >&5
configure:8464: $? = 0
configure:8476: result: yes
configure:8489: checking for size_t
configure:8489: x86_64-unknown-linux-musl-gcc -c -g -O2 -I/home/samson/Projects/clojv3/./store/musl-1.2.6/include conftest.c >&5
configure:8489: $? = 0
configure:8489: x86_64-unknown-linux-musl-gcc -c -g -O2 -I/home/samson/Projects/clojv3/./store/musl-1.2.6/include conftest.c >&5
conftest.c: In function 'main':
conftest.c:107:21: error: expected expression before ')' token
  107 | if (sizeof ((size_t)))
      |                     ^
configure:8489: $? = 1
configure: failed program was:
| /* confdefs.h */
| #define PACKAGE_NAME "bash"
| #define PACKAGE_TARNAME "bash"
| #define PACKAGE_VERSION "5.3-release"
| #define PACKAGE_STRING "bash 5.3-release"
| #define PACKAGE_BUGREPORT "bug-bash@gnu.org"
| #define PACKAGE_URL ""
| #define ALIAS 1
| #define PUSHD_AND_POPD 1
| #define RESTRICTED_SHELL 1
| #define PROCESS_SUBSTITUTION 1
| #define PROMPT_STRING_DECODE 1
| #define SELECT_COMMAND 1
| #define HELP_BUILTIN 1
| #define ARRAY_VARS 1
| #define DPAREN_ARITHMETIC 1
| #define BRACE_EXPANSION 1
| #define COMMAND_TIMING 1
| #define EXTENDED_GLOB 1
| #define EXTGLOB_DEFAULT 0
| #define COND_COMMAND 1
| #define COND_REGEXP 1
| #define COPROCESS_SUPPORT 1
| #define ARITH_FOR_COMMAND 1
| #define NETWORK_REDIRECTIONS 1
| #define PROGRAMMABLE_COMPLETION 1
| #define DEBUGGER 1
| #define CASEMOD_ATTRS 1
| #define CASEMOD_EXPANSIONS 1
| #define GLOBASCII_DEFAULT 1
| #define FUNCTION_IMPORT 1
| #define TRANSLATABLE_STRINGS 1
| #define BASH_SOURCE_FULLPATH_DEFAULT 0
| #define MEMSCRAMBLE 1
| #define HAVE_STDIO_H 1
| #define HAVE_STDLIB_H 1
| #define HAVE_STRING_H 1
| #define HAVE_INTTYPES_H 1
| #define HAVE_STDINT_H 1
| #define HAVE_STRINGS_H 1
| #define HAVE_SYS_STAT_H 1
| #define HAVE_SYS_TYPES_H 1
| #define HAVE_UNISTD_H 1
| #define HAVE_WCHAR_H 1
| #define HAVE_STDBOOL_H 1
| #define HAVE_SYS_PARAM_H 1
| #define HAVE_THREADS_H 1
| #define HAVE_SYS_TIME_H 1
| #define STDC_HEADERS 1
| #define _ALL_SOURCE 1
| #define _DARWIN_C_SOURCE 1
| #define _GNU_SOURCE 1
| #define _HPUX_ALT_XOPEN_SOCKET_API 1
| #define _NETBSD_SOURCE 1
| #define _OPENBSD_SOURCE 1
| #define _POSIX_PTHREAD_SEMANTICS 1
| #define __STDC_WANT_IEC_60559_ATTRIBS_EXT__ 1
| #define __STDC_WANT_IEC_60559_BFP_EXT__ 1
| #define __STDC_WANT_IEC_60559_DFP_EXT__ 1
| #define __STDC_WANT_IEC_60559_EXT__ 1
| #define __STDC_WANT_IEC_60559_FUNCS_EXT__ 1
| #define __STDC_WANT_IEC_60559_TYPES_EXT__ 1
| #define __STDC_WANT_LIB_EXT2__ 1
| #define __STDC_WANT_MATH_SPEC_FUNCS__ 1
| #define _TANDEM_SOURCE 1
| #define __EXTENSIONS__ 1
| #define READLINE 1
| #define HISTORY 1
| #define BANG_HISTORY 1
| #define HAVE_STRINGIZE 1
| #define HAVE_LONG_DOUBLE 1
| #define restrict __restrict__
| #define HAVE_C_BOOL 1
| #define HAVE_VISIBILITY 1
| /* end confdefs.h.  */
| #include <stddef.h>
| #ifdef HAVE_STDIO_H
| # include <stdio.h>
| #endif
| #ifdef HAVE_STDLIB_H
| # include <stdlib.h>
| #endif
| #ifdef HAVE_STRING_H
| # include <string.h>
| #endif
| #ifdef HAVE_INTTYPES_H
| # include <inttypes.h>
| #endif
| #ifdef HAVE_STDINT_H
| # include <stdint.h>
| #endif
| #ifdef HAVE_STRINGS_H
| # include <strings.h>
| #endif
| #ifdef HAVE_SYS_TYPES_H
| # include <sys/types.h>
| #endif
| #ifdef HAVE_SYS_STAT_H
| # include <sys/stat.h>
| #endif
| #ifdef HAVE_UNISTD_H
| # include <unistd.h>
| #endif
| int
| main (void)
| {
| if (sizeof ((size_t)))
| 	    return 0;
|   ;
|   return 0;
| }
configure:8489: result: yes
configure:8501: checking for stdint.h
configure:8519: x86_64-unknown-linux-musl-gcc -c -g -O2 -I/home/samson/Projects/clojv3/./store/musl-1.2.6/include conftest.c >&5
configure:8519: $? = 0
configure:8529: result: yes
configure:8539: checking for working alloca.h
configure:8557: x86_64-unknown-linux-musl-gcc -o conftest -g -O2 -I/home/samson/Projects/clojv3/./store/musl-1.2.6/include -B/home/samson/Projects/clojv3/./store/musl-1.2.6/lib -L/home/samson/Projects/clojv3/./store/musl-1.2.6/lib -Wl,-rpath,/home/samson/Projects/clojv3/./store/musl-1.2.6/lib -Wl,-dynamic-linker,/home/samson/Projects/clojv3/./store/musl-1.2.6/lib/libc.so conftest.c  >&5
configure:8557: $? = 0
configure:8568: result: yes
configure:8576: checking for alloca
configure:8621: result: yes
configure:8695: checking for getpagesize
configure:8695: x86_64-unknown-linux-musl-gcc -o conftest -g -O2 -I/home/samson/Projects/clojv3/./store/musl-1.2.6/include -B/home/samson/Projects/clojv3/./store/musl-1.2.6/lib -L/home/samson/Projects/clojv3/./store/musl-1.2.6/lib -Wl,-rpath,/home/samson/Projects/clojv3/./store/musl-1.2.6/lib -Wl,-dynamic-linker,/home/samson/Projects/clojv3/./store/musl-1.2.6/lib/libc.so conftest.c  >&5
configure:8695: $? = 0
configure:8695: result: yes
configure:8695: checking for symlink
configure:8695: x86_64-unknown-linux-musl-gcc -o conftest -g -O2 -I/home/samson/Projects/clojv3/./store/musl-1.2.6/include -B/home/samson/Projects/clojv3/./store/musl-1.2.6/lib -L/home/samson/Projects/clojv3/./store/musl-1.2.6/lib -Wl,-rpath,/home/samson/Projects/clojv3/./store/musl-1.2.6/lib -Wl,-dynamic-linker,/home/samson/Projects/clojv3/./store/musl-1.2.6/lib/libc.so conftest.c  >&5
configure:8695: $? = 0
configure:8695: result: yes
configure:8695: checking for uselocale
configure:8695: x86_64-unknown-linux-musl-gcc -o conftest -g -O2 -I/home/samson/Projects/clojv3/./store/musl-1.2.6/include -B/home/samson/Projects/clojv3/./store/musl-1.2.6/lib -L/home/samson/Projects/clojv3/./store/musl-1.2.6/lib -Wl,-rpath,/home/samson/Projects/clojv3/./store/musl-1.2.6/lib -Wl,-dynamic-linker,/home/samson/Projects/clojv3/./store/musl-1.2.6/lib/libc.so conftest.c  >&5
configure:8695: $? = 0
configure:8695: result: yes
configure:8695: checking for vprintf
configure:8695: x86_64-unknown-linux-musl-gcc -o conftest -g -O2 -I/home/samson/Projects/clojv3/./store/musl-1.2.6/include -B/home/samson/Projects/clojv3/./store/musl-1.2.6/lib -L/home/samson/Projects/clojv3/./store/musl-1.2.6/lib -Wl,-rpath,/home/samson/Projects/clojv3/./store/musl-1.2.6/lib -Wl,-dynamic-linker,/home/samson/Projects/clojv3/./store/musl-1.2.6/lib/libc.so conftest.c  >&5
conftest.c:98:6: warning: conflicting types for built-in function 'vprintf'; expected 'int(const char *, __va_list_tag *)' [-Wbuiltin-declaration-mismatch]
   98 | char vprintf (void);
      |      ^~~~~~~
conftest.c:90:1: note: 'vprintf' is declared in header '<stdio.h>'
   89 | #include <limits.h>
   90 | #undef vprintf
configure:8695: $? = 0
configure:8695: result: yes
configure:8695: checking for alarm
configure:8695: x86_64-unknown-linux-musl-gcc -o conftest -g -O2 -I/home/samson/Projects/clojv3/./store/musl-1.2.6/include -B/home/samson/Projects/clojv3/./store/musl-1.2.6/lib -L/home/samson/Projects/clojv3/./store/musl-1.2.6/lib -Wl,-rpath,/home/samson/Projects/clojv3/./store/musl-1.2.6/lib -Wl,-dynamic-linker,/home/samson/Projects/clojv3/./store/musl-1.2.6/lib/libc.so conftest.c  >&5
configure:8695: $? = 0
configure:8695: result: yes
configure:8695: checking for fpurge
configure:8695: x86_64-unknown-linux-musl-gcc -o conftest -g -O2 -I/home/samson/Projects/clojv3/./store/musl-1.2.6/include -B/home/samson/Projects/clojv3/./store/musl-1.2.6/lib -L/home/samson/Projects/clojv3/./store/musl-1.2.6/lib -Wl,-rpath,/home/samson/Projects/clojv3/./store/musl-1.2.6/lib -Wl,-dynamic-linker,/home/samson/Projects/clojv3/./store/musl-1.2.6/lib/libc.so conftest.c  >&5
configure:8695: $? = 0
configure:8695: result: yes
configure:8695: checking for __fpurge
configure:8695: x86_64-unknown-linux-musl-gcc -o conftest -g -O2 -I/home/samson/Projects/clojv3/./store/musl-1.2.6/include -B/home/samson/Projects/clojv3/./store/musl-1.2.6/lib -L/home/samson/Projects/clojv3/./store/musl-1.2.6/lib -Wl,-rpath,/home/samson/Projects/clojv3/./store/musl-1.2.6/lib -Wl,-dynamic-linker,/home/samson/Projects/clojv3/./store/musl-1.2.6/lib/libc.so conftest.c  >&5
configure:8695: $? = 0
configure:8695: result: yes
configure:8695: checking for snprintf
configure:8695: x86_64-unknown-linux-musl-gcc -o conftest -g -O2 -I/home/samson/Projects/clojv3/./store/musl-1.2.6/include -B/home/samson/Projects/clojv3/./store/musl-1.2.6/lib -L/home/samson/Projects/clojv3/./store/musl-1.2.6/lib -Wl,-rpath,/home/samson/Projects/clojv3/./store/musl-1.2.6/lib -Wl,-dynamic-linker,/home/samson/Projects/clojv3/./store/musl-1.2.6/lib/libc.so conftest.c  >&5
conftest.c:102:6: warning: conflicting types for built-in function 'snprintf'; expected 'int(char *, long unsigned int,  const char *, ...)' [-Wbuiltin-declaration-mismatch]
  102 | char snprintf (void);
      |      ^~~~~~~~
conftest.c:94:1: note: 'snprintf' is declared in header '<stdio.h>'
   93 | #include <limits.h>
   94 | #undef snprintf
configure:8695: $? = 0
configure:8695: result: yes
configure:8695: checking for vsnprintf
configure:8695: x86_64-unknown-linux-musl-gcc -o conftest -g -O2 -I/home/samson/Projects/clojv3/./store/musl-1.2.6/include -B/home/samson/Projects/clojv3/./store/musl-1.2.6/lib -L/home/samson/Projects/clojv3/./store/musl-1.2.6/lib -Wl,-rpath,/home/samson/Projects/clojv3/./store/musl-1.2.6/lib -Wl,-dynamic-linker,/home/samson/Projects/clojv3/./store/musl-1.2.6/lib/libc.so conftest.c  >&5
conftest.c:103:6: warning: conflicting types for built-in function 'vsnprintf'; expected 'int(char *, long unsigned int,  const char *, __va_list_tag *)' [-Wbuiltin-declaration-mismatch]
  103 | char vsnprintf (void);
      |      ^~~~~~~~~
conftest.c:95:1: note: 'vsnprintf' is declared in header '<stdio.h>'
   94 | #include <limits.h>
   95 | #undef vsnprintf
configure:8695: $? = 0
configure:8695: result: yes
configure:8706: checking for working mmap
configure:8856: x86_64-unknown-linux-musl-gcc -o conftest -g -O2 -I/home/samson/Projects/clojv3/./store/musl-1.2.6/include -B/home/samson/Projects/clojv3/./store/musl-1.2.6/lib -L/home/samson/Projects/clojv3/./store/musl-1.2.6/lib -Wl,-rpath,/home/samson/Projects/clojv3/./store/musl-1.2.6/lib -Wl,-dynamic-linker,/home/samson/Projects/clojv3/./store/musl-1.2.6/lib/libc.so conftest.c  >&5
configure:8856: $? = 0
configure:8856: ./conftest
configure:8856: $? = 0
configure:8870: result: yes
configure:8881: checking whether integer division by zero raises SIGFPE
configure:8952: x86_64-unknown-linux-musl-gcc -o conftest -g -O2 -I/home/samson/Projects/clojv3/./store/musl-1.2.6/include -B/home/samson/Projects/clojv3/./store/musl-1.2.6/lib -L/home/samson/Projects/clojv3/./store/musl-1.2.6/lib -Wl,-rpath,/home/samson/Projects/clojv3/./store/musl-1.2.6/lib -Wl,-dynamic-linker,/home/samson/Projects/clojv3/./store/musl-1.2.6/lib/libc.so conftest.c  >&5
configure:8952: $? = 0
configure:8952: ./conftest
configure:8952: $? = 0
configure:8968: result: yes
configure:8979: checking for inttypes.h
configure:8999: x86_64-unknown-linux-musl-gcc -c -g -O2 -I/home/samson/Projects/clojv3/./store/musl-1.2.6/include conftest.c >&5
configure:8999: $? = 0
configure:9009: result: yes
configure:9018: checking for unsigned long long int
configure:9060: x86_64-unknown-linux-musl-gcc -o conftest -g -O2 -I/home/samson/Projects/clojv3/./store/musl-1.2.6/include -B/home/samson/Projects/clojv3/./store/musl-1.2.6/lib -L/home/samson/Projects/clojv3/./store/musl-1.2.6/lib -Wl,-rpath,/home/samson/Projects/clojv3/./store/musl-1.2.6/lib -Wl,-dynamic-linker,/home/samson/Projects/clojv3/./store/musl-1.2.6/lib/libc.so conftest.c  >&5
configure:9060: $? = 0
configure:9072: result: yes
configure:9178: checking whether imported symbols can be declared weak
configure:9202: x86_64-unknown-linux-musl-gcc -o conftest -g -O2 -I/home/samson/Projects/clojv3/./store/musl-1.2.6/include -B/home/samson/Projects/clojv3/./store/musl-1.2.6/lib -L/home/samson/Projects/clojv3/./store/musl-1.2.6/lib -Wl,-rpath,/home/samson/Projects/clojv3/./store/musl-1.2.6/lib -Wl,-dynamic-linker,/home/samson/Projects/clojv3/./store/musl-1.2.6/lib/libc.so conftest.c  >&5
configure:9202: $? = 0
configure:9240: x86_64-unknown-linux-musl-gcc -o conftest -g -O2 -I/home/samson/Projects/clojv3/./store/musl-1.2.6/include -B/home/samson/Projects/clojv3/./store/musl-1.2.6/lib -L/home/samson/Projects/clojv3/./store/musl-1.2.6/lib -Wl,-rpath,/home/samson/Projects/clojv3/./store/musl-1.2.6/lib -Wl,-dynamic-linker,/home/samson/Projects/clojv3/./store/musl-1.2.6/lib/libc.so conftest.c  >&5
configure:9240: $? = 0
configure:9240: ./conftest
configure:9240: $? = 0
configure:9282: result: yes
configure:9311: checking for pthread.h
configure:9311: x86_64-unknown-linux-musl-gcc -c -g -O2 -I/home/samson/Projects/clojv3/./store/musl-1.2.6/include conftest.c >&5
configure:9311: $? = 0
configure:9311: result: yes
configure:9349: x86_64-unknown-linux-musl-gcc -o conftest -g -O2 -I/home/samson/Projects/clojv3/./store/musl-1.2.6/include -B/home/samson/Projects/clojv3/./store/musl-1.2.6/lib -L/home/samson/Projects/clojv3/./store/musl-1.2.6/lib -Wl,-rpath,/home/samson/Projects/clojv3/./store/musl-1.2.6/lib -Wl,-dynamic-linker,/home/samson/Projects/clojv3/./store/musl-1.2.6/lib/libc.so conftest.c   >&5
configure:9349: $? = 0
configure:9360: gl_pthread_api=yes
configure:9361: LIBPTHREAD=
configure:9387: gl_pthread_in_glibc=no
configure:9394: checking for pthread_kill in -lpthread
configure:9423: x86_64-unknown-linux-musl-gcc -o conftest -g -O2 -I/home/samson/Projects/clojv3/./store/musl-1.2.6/include -B/home/samson/Projects/clojv3/./store/musl-1.2.6/lib -L/home/samson/Projects/clojv3/./store/musl-1.2.6/lib -Wl,-rpath,/home/samson/Projects/clojv3/./store/musl-1.2.6/lib -Wl,-dynamic-linker,/home/samson/Projects/clojv3/./store/musl-1.2.6/lib/libc.so conftest.c -lpthread   >&5
configure:9423: $? = 0
configure:9435: result: yes
configure:9565: LIBPMULTITHREAD=-lpthread
configure:9567: checking whether POSIX threads API is available
configure:9569: result: yes
configure:9590: x86_64-unknown-linux-musl-gcc -o conftest -g -O2 -I/home/samson/Projects/clojv3/./store/musl-1.2.6/include -B/home/samson/Projects/clojv3/./store/musl-1.2.6/lib -L/home/samson/Projects/clojv3/./store/musl-1.2.6/lib -Wl,-rpath,/home/samson/Projects/clojv3/./store/musl-1.2.6/lib -Wl,-dynamic-linker,/home/samson/Projects/clojv3/./store/musl-1.2.6/lib/libc.so conftest.c  >&5
configure:9590: $? = 0
configure:10261: checking for multithread API to use
configure:10263: result: posix
configure:10280: checking for pthread_rwlock_t
configure:10280: x86_64-unknown-linux-musl-gcc -c -g -O2 -I/home/samson/Projects/clojv3/./store/musl-1.2.6/include conftest.c >&5
configure:10280: $? = 0
configure:10280: x86_64-unknown-linux-musl-gcc -c -g -O2 -I/home/samson/Projects/clojv3/./store/musl-1.2.6/include conftest.c >&5
conftest.c: In function 'main':
conftest.c:102:31: error: expected expression before ')' token
  102 | if (sizeof ((pthread_rwlock_t)))
      |                               ^
configure:10280: $? = 1
configure: failed program was:
| /* confdefs.h */
| #define PACKAGE_NAME "bash"
| #define PACKAGE_TARNAME "bash"
| #define PACKAGE_VERSION "5.3-release"
| #define PACKAGE_STRING "bash 5.3-release"
| #define PACKAGE_BUGREPORT "bug-bash@gnu.org"
| #define PACKAGE_URL ""
| #define ALIAS 1
| #define PUSHD_AND_POPD 1
| #define RESTRICTED_SHELL 1
| #define PROCESS_SUBSTITUTION 1
| #define PROMPT_STRING_DECODE 1
| #define SELECT_COMMAND 1
| #define HELP_BUILTIN 1
| #define ARRAY_VARS 1
| #define DPAREN_ARITHMETIC 1
| #define BRACE_EXPANSION 1
| #define COMMAND_TIMING 1
| #define EXTENDED_GLOB 1
| #define EXTGLOB_DEFAULT 0
| #define COND_COMMAND 1
| #define COND_REGEXP 1
| #define COPROCESS_SUPPORT 1
| #define ARITH_FOR_COMMAND 1
| #define NETWORK_REDIRECTIONS 1
| #define PROGRAMMABLE_COMPLETION 1
| #define DEBUGGER 1
| #define CASEMOD_ATTRS 1
| #define CASEMOD_EXPANSIONS 1
| #define GLOBASCII_DEFAULT 1
| #define FUNCTION_IMPORT 1
| #define TRANSLATABLE_STRINGS 1
| #define BASH_SOURCE_FULLPATH_DEFAULT 0
| #define MEMSCRAMBLE 1
| #define HAVE_STDIO_H 1
| #define HAVE_STDLIB_H 1
| #define HAVE_STRING_H 1
| #define HAVE_INTTYPES_H 1
| #define HAVE_STDINT_H 1
| #define HAVE_STRINGS_H 1
| #define HAVE_SYS_STAT_H 1
| #define HAVE_SYS_TYPES_H 1
| #define HAVE_UNISTD_H 1
| #define HAVE_WCHAR_H 1
| #define HAVE_STDBOOL_H 1
| #define HAVE_SYS_PARAM_H 1
| #define HAVE_THREADS_H 1
| #define HAVE_SYS_TIME_H 1
| #define STDC_HEADERS 1
| #define _ALL_SOURCE 1
| #define _DARWIN_C_SOURCE 1
| #define _GNU_SOURCE 1
| #define _HPUX_ALT_XOPEN_SOCKET_API 1
| #define _NETBSD_SOURCE 1
| #define _OPENBSD_SOURCE 1
| #define _POSIX_PTHREAD_SEMANTICS 1
| #define __STDC_WANT_IEC_60559_ATTRIBS_EXT__ 1
| #define __STDC_WANT_IEC_60559_BFP_EXT__ 1
| #define __STDC_WANT_IEC_60559_DFP_EXT__ 1
| #define __STDC_WANT_IEC_60559_EXT__ 1
| #define __STDC_WANT_IEC_60559_FUNCS_EXT__ 1
| #define __STDC_WANT_IEC_60559_TYPES_EXT__ 1
| #define __STDC_WANT_LIB_EXT2__ 1
| #define __STDC_WANT_MATH_SPEC_FUNCS__ 1
| #define _TANDEM_SOURCE 1
| #define __EXTENSIONS__ 1
| #define READLINE 1
| #define HISTORY 1
| #define BANG_HISTORY 1
| #define HAVE_STRINGIZE 1
| #define HAVE_LONG_DOUBLE 1
| #define restrict __restrict__
| #define HAVE_C_BOOL 1
| #define HAVE_VISIBILITY 1
| #define HAVE_STDINT_H_WITH_UINTMAX 1
| #define HAVE_ALLOCA_H 1
| #define HAVE_ALLOCA 1
| #define HAVE_GETPAGESIZE 1
| #define HAVE_SYMLINK 1
| #define HAVE_USELOCALE 1
| #define HAVE_VPRINTF 1
| #define HAVE_ALARM 1
| #define HAVE_FPURGE 1
| #define HAVE___FPURGE 1
| #define HAVE_SNPRINTF 1
| #define HAVE_VSNPRINTF 1
| #define HAVE_MMAP 1
| #define INTDIV0_RAISES_SIGFPE 1
| #define HAVE_INTTYPES_H_WITH_UINTMAX 1
| #define HAVE_UNSIGNED_LONG_LONG_INT 1
| #define HAVE_UINTMAX_T 1
| #define HAVE_WEAK_SYMBOLS 1
| #define HAVE_PTHREAD_API 1
| #define USE_POSIX_THREADS 1
| #define USE_POSIX_THREADS_WEAK 1
| /* end confdefs.h.  */
| #include <pthread.h>
| 
| int
| main (void)
| {
| if (sizeof ((pthread_rwlock_t)))
| 	    return 0;
|   ;
|   return 0;
| }
configure:10280: result: yes
configure:10293: checking whether pthread_rwlock_rdlock prefers a writer to a reader
configure:10438: x86_64-unknown-linux-musl-gcc -o conftest -g -O2 -I/home/samson/Projects/clojv3/./store/musl-1.2.6/include -B/home/samson/Projects/clojv3/./store/musl-1.2.6/lib -L/home/samson/Projects/clojv3/./store/musl-1.2.6/lib -Wl,-rpath,/home/samson/Projects/clojv3/./store/musl-1.2.6/lib -Wl,-dynamic-linker,/home/samson/Projects/clojv3/./store/musl-1.2.6/lib/libc.so conftest.c  -lpthread >&5
configure:10438: $? = 0
configure:10438: ./conftest
configure:10438: $? = 1
configure: program exited with status 1
configure: failed program was:
| /* confdefs.h */
| #define PACKAGE_NAME "bash"
| #define PACKAGE_TARNAME "bash"
| #define PACKAGE_VERSION "5.3-release"
| #define PACKAGE_STRING "bash 5.3-release"
| #define PACKAGE_BUGREPORT "bug-bash@gnu.org"
| #define PACKAGE_URL ""
| #define ALIAS 1
| #define PUSHD_AND_POPD 1
| #define RESTRICTED_SHELL 1
| #define PROCESS_SUBSTITUTION 1
| #define PROMPT_STRING_DECODE 1
| #define SELECT_COMMAND 1
| #define HELP_BUILTIN 1
| #define ARRAY_VARS 1
| #define DPAREN_ARITHMETIC 1
| #define BRACE_EXPANSION 1
| #define COMMAND_TIMING 1
| #define EXTENDED_GLOB 1
| #define EXTGLOB_DEFAULT 0
| #define COND_COMMAND 1
| #define COND_REGEXP 1
| #define COPROCESS_SUPPORT 1
| #define ARITH_FOR_COMMAND 1
| #define NETWORK_REDIRECTIONS 1
| #define PROGRAMMABLE_COMPLETION 1
| #define DEBUGGER 1
| #define CASEMOD_ATTRS 1
| #define CASEMOD_EXPANSIONS 1
| #define GLOBASCII_DEFAULT 1
| #define FUNCTION_IMPORT 1
| #define TRANSLATABLE_STRINGS 1
| #define BASH_SOURCE_FULLPATH_DEFAULT 0
| #define MEMSCRAMBLE 1
| #define HAVE_STDIO_H 1
| #define HAVE_STDLIB_H 1
| #define HAVE_STRING_H 1
| #define HAVE_INTTYPES_H 1
| #define HAVE_STDINT_H 1
| #define HAVE_STRINGS_H 1
| #define HAVE_SYS_STAT_H 1
| #define HAVE_SYS_TYPES_H 1
| #define HAVE_UNISTD_H 1
| #define HAVE_WCHAR_H 1
| #define HAVE_STDBOOL_H 1
| #define HAVE_SYS_PARAM_H 1
| #define HAVE_THREADS_H 1
| #define HAVE_SYS_TIME_H 1
| #define STDC_HEADERS 1
| #define _ALL_SOURCE 1
| #define _DARWIN_C_SOURCE 1
| #define _GNU_SOURCE 1
| #define _HPUX_ALT_XOPEN_SOCKET_API 1
| #define _NETBSD_SOURCE 1
| #define _OPENBSD_SOURCE 1
| #define _POSIX_PTHREAD_SEMANTICS 1
| #define __STDC_WANT_IEC_60559_ATTRIBS_EXT__ 1
| #define __STDC_WANT_IEC_60559_BFP_EXT__ 1
| #define __STDC_WANT_IEC_60559_DFP_EXT__ 1
| #define __STDC_WANT_IEC_60559_EXT__ 1
| #define __STDC_WANT_IEC_60559_FUNCS_EXT__ 1
| #define __STDC_WANT_IEC_60559_TYPES_EXT__ 1
| #define __STDC_WANT_LIB_EXT2__ 1
| #define __STDC_WANT_MATH_SPEC_FUNCS__ 1
| #define _TANDEM_SOURCE 1
| #define __EXTENSIONS__ 1
| #define READLINE 1
| #define HISTORY 1
| #define BANG_HISTORY 1
| #define HAVE_STRINGIZE 1
| #define HAVE_LONG_DOUBLE 1
| #define restrict __restrict__
| #define HAVE_C_BOOL 1
| #define HAVE_VISIBILITY 1
| #define HAVE_STDINT_H_WITH_UINTMAX 1
| #define HAVE_ALLOCA_H 1
| #define HAVE_ALLOCA 1
| #define HAVE_GETPAGESIZE 1
| #define HAVE_SYMLINK 1
| #define HAVE_USELOCALE 1
| #define HAVE_VPRINTF 1
| #define HAVE_ALARM 1
| #define HAVE_FPURGE 1
| #define HAVE___FPURGE 1
| #define HAVE_SNPRINTF 1
| #define HAVE_VSNPRINTF 1
| #define HAVE_MMAP 1
| #define INTDIV0_RAISES_SIGFPE 1
| #define HAVE_INTTYPES_H_WITH_UINTMAX 1
| #define HAVE_UNSIGNED_LONG_LONG_INT 1
| #define HAVE_UINTMAX_T 1
| #define HAVE_WEAK_SYMBOLS 1
| #define HAVE_PTHREAD_API 1
| #define USE_POSIX_THREADS 1
| #define USE_POSIX_THREADS_WEAK 1
| #define HAVE_PTHREAD_RWLOCK 1
| /* end confdefs.h.  */
| 
| #include <errno.h>
| #include <pthread.h>
| #include <stdlib.h>
| #include <unistd.h>
| 
| #define SUCCEED() exit (0)
| #define FAILURE() exit (1)
| #define UNEXPECTED(n) (exit (10 + (n)))
| 
| /* The main thread creates the waiting writer and the requesting reader threads
|    in the default way; this guarantees that they have the same priority.
|    We can reuse the main thread as first reader thread.  */
| 
| static pthread_rwlock_t lock;
| static pthread_t reader1;
| static pthread_t writer;
| static pthread_t reader2;
| static pthread_t timer;
| /* Used to pass control from writer to reader2 and from reader2 to timer,
|    as in a relay race.
|    Passing control from one running thread to another running thread
|    is most likely faster than to create the second thread.  */
| static pthread_mutex_t baton;
| 
| static void *
| timer_func (void *ignored)
| {
|   /* Step 13 (can be before or after step 12):
|      The timer thread takes the baton, then waits a moment to make sure
|      it can tell whether the second reader thread is blocked at step 12.  */
|   if (pthread_mutex_lock (&baton))
|     UNEXPECTED (13);
|   usleep (100000);
|   /* By the time we get here, it's clear that the second reader thread is
|      blocked at step 12.  This is the desired behaviour.  */
|   SUCCEED ();
| }
| 
| static void *
| reader2_func (void *ignored)
| {
|   int err;
| 
|   /* Step 8 (can be before or after step 7):
|      The second reader thread takes the baton, then waits a moment to make sure
|      the writer thread has reached step 7.  */
|   if (pthread_mutex_lock (&baton))
|     UNEXPECTED (8);
|   usleep (100000);
|   /* Step 9: The second reader thread requests the lock.  */
|   err = pthread_rwlock_tryrdlock (&lock);
|   if (err == 0)
|     FAILURE ();
|   else if (err != EBUSY)
|     UNEXPECTED (9);
|   /* Step 10: Launch a timer, to test whether the next call blocks.  */
|   if (pthread_create (&timer, NULL, timer_func, NULL))
|     UNEXPECTED (10);
|   /* Step 11: Release the baton.  */
|   if (pthread_mutex_unlock (&baton))
|     UNEXPECTED (11);
|   /* Step 12: The second reader thread requests the lock.  */
|   err = pthread_rwlock_rdlock (&lock);
|   if (err == 0)
|     FAILURE ();
|   else
|     UNEXPECTED (12);
| }
| 
| static void *
| writer_func (void *ignored)
| {
|   /* Step 4: Take the baton, so that the second reader thread does not go ahead
|      too early.  */
|   if (pthread_mutex_lock (&baton))
|     UNEXPECTED (4);
|   /* Step 5: Create the second reader thread.  */
|   if (pthread_create (&reader2, NULL, reader2_func, NULL))
|     UNEXPECTED (5);
|   /* Step 6: Release the baton.  */
|   if (pthread_mutex_unlock (&baton))
|     UNEXPECTED (6);
|   /* Step 7: The writer thread requests the lock.  */
|   if (pthread_rwlock_wrlock (&lock))
|     UNEXPECTED (7);
|   return NULL;
| }
| 
| int
| main ()
| {
|   reader1 = pthread_self ();
| 
|   /* Step 1: The main thread initializes the lock and the baton.  */
|   if (pthread_rwlock_init (&lock, NULL))
|     UNEXPECTED (1);
|   if (pthread_mutex_init (&baton, NULL))
|     UNEXPECTED (1);
|   /* Step 2: The main thread acquires the lock as a reader.  */
|   if (pthread_rwlock_rdlock (&lock))
|     UNEXPECTED (2);
|   /* Step 3: Create the writer thread.  */
|   if (pthread_create (&writer, NULL, writer_func, NULL))
|     UNEXPECTED (3);
|   /* Job done.  Go to sleep.  */
|   for (;;)
|     {
|       sleep (1);
|     }
| }
| 
configure:10454: result: no
configure:10488: x86_64-unknown-linux-musl-gcc -c -g -O2 -I/home/samson/Projects/clojv3/./store/musl-1.2.6/include conftest.c >&5
configure:10488: $? = 0
configure:10498: checking for x86_64-unknown-linux-musl-gcc options needed to detect all undeclared functions
configure:10520: x86_64-unknown-linux-musl-gcc -c -g -O2  -I/home/samson/Projects/clojv3/./store/musl-1.2.6/include conftest.c >&5
conftest.c: In function 'main':
conftest.c:103:8: error: 'strchr' undeclared (first use in this function)
  103 | (void) strchr;
      |        ^~~~~~
conftest.c:1:1: note: 'strchr' is defined in header '<string.h>'; this is probably fixable by adding '#include <string.h>'
    1 | /* confdefs.h */
conftest.c:103:8: note: each undeclared identifier is reported only once for each function it appears in
  103 | (void) strchr;
      |        ^~~~~~
configure:10520: $? = 1
configure: failed program was:
| /* confdefs.h */
| #define PACKAGE_NAME "bash"
| #define PACKAGE_TARNAME "bash"
| #define PACKAGE_VERSION "5.3-release"
| #define PACKAGE_STRING "bash 5.3-release"
| #define PACKAGE_BUGREPORT "bug-bash@gnu.org"
| #define PACKAGE_URL ""
| #define ALIAS 1
| #define PUSHD_AND_POPD 1
| #define RESTRICTED_SHELL 1
| #define PROCESS_SUBSTITUTION 1
| #define PROMPT_STRING_DECODE 1
| #define SELECT_COMMAND 1
| #define HELP_BUILTIN 1
| #define ARRAY_VARS 1
| #define DPAREN_ARITHMETIC 1
| #define BRACE_EXPANSION 1
| #define COMMAND_TIMING 1
| #define EXTENDED_GLOB 1
| #define EXTGLOB_DEFAULT 0
| #define COND_COMMAND 1
| #define COND_REGEXP 1
| #define COPROCESS_SUPPORT 1
| #define ARITH_FOR_COMMAND 1
| #define NETWORK_REDIRECTIONS 1
| #define PROGRAMMABLE_COMPLETION 1
| #define DEBUGGER 1
| #define CASEMOD_ATTRS 1
| #define CASEMOD_EXPANSIONS 1
| #define GLOBASCII_DEFAULT 1
| #define FUNCTION_IMPORT 1
| #define TRANSLATABLE_STRINGS 1
| #define BASH_SOURCE_FULLPATH_DEFAULT 0
| #define MEMSCRAMBLE 1
| #define HAVE_STDIO_H 1
| #define HAVE_STDLIB_H 1
| #define HAVE_STRING_H 1
| #define HAVE_INTTYPES_H 1
| #define HAVE_STDINT_H 1
| #define HAVE_STRINGS_H 1
| #define HAVE_SYS_STAT_H 1
| #define HAVE_SYS_TYPES_H 1
| #define HAVE_UNISTD_H 1
| #define HAVE_WCHAR_H 1
| #define HAVE_STDBOOL_H 1
| #define HAVE_SYS_PARAM_H 1
| #define HAVE_THREADS_H 1
| #define HAVE_SYS_TIME_H 1
| #define STDC_HEADERS 1
| #define _ALL_SOURCE 1
| #define _DARWIN_C_SOURCE 1
| #define _GNU_SOURCE 1
| #define _HPUX_ALT_XOPEN_SOCKET_API 1
| #define _NETBSD_SOURCE 1
| #define _OPENBSD_SOURCE 1
| #define _POSIX_PTHREAD_SEMANTICS 1
| #define __STDC_WANT_IEC_60559_ATTRIBS_EXT__ 1
| #define __STDC_WANT_IEC_60559_BFP_EXT__ 1
| #define __STDC_WANT_IEC_60559_DFP_EXT__ 1
| #define __STDC_WANT_IEC_60559_EXT__ 1
| #define __STDC_WANT_IEC_60559_FUNCS_EXT__ 1
| #define __STDC_WANT_IEC_60559_TYPES_EXT__ 1
| #define __STDC_WANT_LIB_EXT2__ 1
| #define __STDC_WANT_MATH_SPEC_FUNCS__ 1
| #define _TANDEM_SOURCE 1
| #define __EXTENSIONS__ 1
| #define READLINE 1
| #define HISTORY 1
| #define BANG_HISTORY 1
| #define HAVE_STRINGIZE 1
| #define HAVE_LONG_DOUBLE 1
| #define restrict __restrict__
| #define HAVE_C_BOOL 1
| #define HAVE_VISIBILITY 1
| #define HAVE_STDINT_H_WITH_UINTMAX 1
| #define HAVE_ALLOCA_H 1
| #define HAVE_ALLOCA 1
| #define HAVE_GETPAGESIZE 1
| #define HAVE_SYMLINK 1
| #define HAVE_USELOCALE 1
| #define HAVE_VPRINTF 1
| #define HAVE_ALARM 1
| #define HAVE_FPURGE 1
| #define HAVE___FPURGE 1
| #define HAVE_SNPRINTF 1
| #define HAVE_VSNPRINTF 1
| #define HAVE_MMAP 1
| #define INTDIV0_RAISES_SIGFPE 1
| #define HAVE_INTTYPES_H_WITH_UINTMAX 1
| #define HAVE_UNSIGNED_LONG_LONG_INT 1
| #define HAVE_UINTMAX_T 1
| #define HAVE_WEAK_SYMBOLS 1
| #define HAVE_PTHREAD_API 1
| #define USE_POSIX_THREADS 1
| #define USE_POSIX_THREADS_WEAK 1
| #define HAVE_PTHREAD_RWLOCK 1
| #define HAVE_PTHREAD_MUTEX_RECURSIVE 1
| /* end confdefs.h.  */
| 
| int
| main (void)
| {
| (void) strchr;
|   ;
|   return 0;
| }
configure:10547: x86_64-unknown-linux-musl-gcc -c -g -O2  -I/home/samson/Projects/clojv3/./store/musl-1.2.6/include conftest.c >&5
configure:10547: $? = 0
configure:10567: result: none needed
configure:10622: checking for ld
configure:10755: result: ld
configure:10762: checking if the linker (ld) is GNU ld
configure:10779: result: yes
configure:10787: checking for shared library run path origin
configure:10802: result: done
configure:10825: checking 32-bit host C ABI
configure:10892: x86_64-unknown-linux-musl-gcc -c -g -O2 -I/home/samson/Projects/clojv3/./store/musl-1.2.6/include conftest.c >&5
configure:10892: $? = 0
configure:11098: result: no
configure:11107: checking for ELF binary format
configure:11133: result: yes
configure:11185: checking for the common suffixes of directories in the library search path
configure:11255: result: lib,lib,lib
configure:11787: checking for iconv
configure:11812: x86_64-unknown-linux-musl-gcc -o conftest -g -O2 -I/home/samson/Projects/clojv3/./store/musl-1.2.6/include -B/home/samson/Projects/clojv3/./store/musl-1.2.6/lib -L/home/samson/Projects/clojv3/./store/musl-1.2.6/lib -Wl,-rpath,/home/samson/Projects/clojv3/./store/musl-1.2.6/lib -Wl,-dynamic-linker,/home/samson/Projects/clojv3/./store/musl-1.2.6/lib/libc.so conftest.c  >&5
configure:11812: $? = 0
configure:11849: result: yes
configure:11852: checking for working iconv
configure:11996: x86_64-unknown-linux-musl-gcc -o conftest -g -O2 -I/home/samson/Projects/clojv3/./store/musl-1.2.6/include -B/home/samson/Projects/clojv3/./store/musl-1.2.6/lib -L/home/samson/Projects/clojv3/./store/musl-1.2.6/lib -Wl,-rpath,/home/samson/Projects/clojv3/./store/musl-1.2.6/lib -Wl,-dynamic-linker,/home/samson/Projects/clojv3/./store/musl-1.2.6/lib/libc.so conftest.c  >&5
configure:11996: $? = 0
configure:11996: ./conftest
configure:11996: $? = 0
configure:12011: result: yes
configure:12039: checking whether iconv is compatible with its POSIX signature
configure:12064: x86_64-unknown-linux-musl-gcc -c -g -O2 -I/home/samson/Projects/clojv3/./store/musl-1.2.6/include conftest.c >&5
configure:12064: $? = 0
configure:12075: result: yes
configure:12104: x86_64-unknown-linux-musl-gcc -o conftest -g -O2 -I/home/samson/Projects/clojv3/./store/musl-1.2.6/include -B/home/samson/Projects/clojv3/./store/musl-1.2.6/lib -L/home/samson/Projects/clojv3/./store/musl-1.2.6/lib -Wl,-rpath,/home/samson/Projects/clojv3/./store/musl-1.2.6/lib -Wl,-dynamic-linker,/home/samson/Projects/clojv3/./store/musl-1.2.6/lib/libc.so conftest.c  >&5
configure:12104: $? = 0
configure:12113: checking for inttypes.h
configure:12113: result: yes
configure:12119: checking for unistd.h
configure:12119: result: yes
configure:12125: checking for sys/param.h
configure:12125: result: yes
configure:12132: checking for getcwd
configure:12132: x86_64-unknown-linux-musl-gcc -o conftest -g -O2 -I/home/samson/Projects/clojv3/./store/musl-1.2.6/include -B/home/samson/Projects/clojv3/./store/musl-1.2.6/lib -L/home/samson/Projects/clojv3/./store/musl-1.2.6/lib -Wl,-rpath,/home/samson/Projects/clojv3/./store/musl-1.2.6/lib -Wl,-dynamic-linker,/home/samson/Projects/clojv3/./store/musl-1.2.6/lib/libc.so conftest.c  >&5
configure:12132: $? = 0
configure:12132: result: yes
configure:12138: checking for getegid
configure:12138: x86_64-unknown-linux-musl-gcc -o conftest -g -O2 -I/home/samson/Projects/clojv3/./store/musl-1.2.6/include -B/home/samson/Projects/clojv3/./store/musl-1.2.6/lib -L/home/samson/Projects/clojv3/./store/musl-1.2.6/lib -Wl,-rpath,/home/samson/Projects/clojv3/./store/musl-1.2.6/lib -Wl,-dynamic-linker,/home/samson/Projects/clojv3/./store/musl-1.2.6/lib/libc.so conftest.c  >&5
configure:12138: $? = 0
configure:12138: result: yes
configure:12144: checking for geteuid
configure:12144: x86_64-unknown-linux-musl-gcc -o conftest -g -O2 -I/home/samson/Projects/clojv3/./store/musl-1.2.6/include -B/home/samson/Projects/clojv3/./store/musl-1.2.6/lib -L/home/samson/Projects/clojv3/./store/musl-1.2.6/lib -Wl,-rpath,/home/samson/Projects/clojv3/./store/musl-1.2.6/lib -Wl,-dynamic-linker,/home/samson/Projects/clojv3/./store/musl-1.2.6/lib/libc.so conftest.c  >&5
configure:12144: $? = 0
configure:12144: result: yes
configure:12150: checking for getgid
configure:12150: x86_64-unknown-linux-musl-gcc -o conftest -g -O2 -I/home/samson/Projects/clojv3/./store/musl-1.2.6/include -B/home/samson/Projects/clojv3/./store/musl-1.2.6/lib -L/home/samson/Projects/clojv3/./store/musl-1.2.6/lib -Wl,-rpath,/home/samson/Projects/clojv3/./store/musl-1.2.6/lib -Wl,-dynamic-linker,/home/samson/Projects/clojv3/./store/musl-1.2.6/lib/libc.so conftest.c  >&5
configure:12150: $? = 0
configure:12150: result: yes
configure:12156: checking for getuid
configure:12156: x86_64-unknown-linux-musl-gcc -o conftest -g -O2 -I/home/samson/Projects/clojv3/./store/musl-1.2.6/include -B/home/samson/Projects/clojv3/./store/musl-1.2.6/lib -L/home/samson/Projects/clojv3/./store/musl-1.2.6/lib -Wl,-rpath,/home/samson/Projects/clojv3/./store/musl-1.2.6/lib -Wl,-dynamic-linker,/home/samson/Projects/clojv3/./store/musl-1.2.6/lib/libc.so conftest.c  >&5
configure:12156: $? = 0
configure:12156: result: yes
configure:12162: checking for mempcpy
configure:12162: x86_64-unknown-linux-musl-gcc -o conftest -g -O2 -I/home/samson/Projects/clojv3/./store/musl-1.2.6/include -B/home/samson/Projects/clojv3/./store/musl-1.2.6/lib -L/home/samson/Projects/clojv3/./store/musl-1.2.6/lib -Wl,-rpath,/home/samson/Projects/clojv3/./store/musl-1.2.6/lib -Wl,-dynamic-linker,/home/samson/Projects/clojv3/./store/musl-1.2.6/lib/libc.so conftest.c  >&5
conftest.c:126:6: warning: conflicting types for built-in function 'mempcpy'; expected 'void *(void *, const void *, long unsigned int)' [-Wbuiltin-declaration-mismatch]
  126 | char mempcpy (void);
      |      ^~~~~~~
configure:12162: $? = 0
configure:12162: result: yes
configure:12168: checking for munmap
configure:12168: x86_64-unknown-linux-musl-gcc -o conftest -g -O2 -I/home/samson/Projects/clojv3/./store/musl-1.2.6/include -B/home/samson/Projects/clojv3/./store/musl-1.2.6/lib -L/home/samson/Projects/clojv3/./store/musl-1.2.6/lib -Wl,-rpath,/home/samson/Projects/clojv3/./store/musl-1.2.6/lib -Wl,-dynamic-linker,/home/samson/Projects/clojv3/./store/musl-1.2.6/lib/libc.so conftest.c  >&5
configure:12168: $? = 0
configure:12168: result: yes
configure:12174: checking for stpcpy
configure:12174: x86_64-unknown-linux-musl-gcc -o conftest -g -O2 -I/home/samson/Projects/clojv3/./store/musl-1.2.6/include -B/home/samson/Projects/clojv3/./store/musl-1.2.6/lib -L/home/samson/Projects/clojv3/./store/musl-1.2.6/lib -Wl,-rpath,/home/samson/Projects/clojv3/./store/musl-1.2.6/lib -Wl,-dynamic-linker,/home/samson/Projects/clojv3/./store/musl-1.2.6/lib/libc.so conftest.c  >&5
conftest.c:128:6: warning: conflicting types for built-in function 'stpcpy'; expected 'char *(char *, const char *)' [-Wbuiltin-declaration-mismatch]
  128 | char stpcpy (void);
      |      ^~~~~~
configure:12174: $? = 0
configure:12174: result: yes
configure:12180: checking for strcasecmp
configure:12180: x86_64-unknown-linux-musl-gcc -o conftest -g -O2 -I/home/samson/Projects/clojv3/./store/musl-1.2.6/include -B/home/samson/Projects/clojv3/./store/musl-1.2.6/lib -L/home/samson/Projects/clojv3/./store/musl-1.2.6/lib -Wl,-rpath,/home/samson/Projects/clojv3/./store/musl-1.2.6/lib -Wl,-dynamic-linker,/home/samson/Projects/clojv3/./store/musl-1.2.6/lib/libc.so conftest.c  >&5
conftest.c:129:6: warning: conflicting types for built-in function 'strcasecmp'; expected 'int(const char *, const char *)' [-Wbuiltin-declaration-mismatch]
  129 | char strcasecmp (void);
      |      ^~~~~~~~~~
configure:12180: $? = 0
configure:12180: result: yes
configure:12186: checking for tsearch
configure:12186: x86_64-unknown-linux-musl-gcc -o conftest -g -O2 -I/home/samson/Projects/clojv3/./store/musl-1.2.6/include -B/home/samson/Projects/clojv3/./store/musl-1.2.6/lib -L/home/samson/Projects/clojv3/./store/musl-1.2.6/lib -Wl,-rpath,/home/samson/Projects/clojv3/./store/musl-1.2.6/lib -Wl,-dynamic-linker,/home/samson/Projects/clojv3/./store/musl-1.2.6/lib/libc.so conftest.c  >&5
configure:12186: $? = 0
configure:12186: result: yes
configure:12192: checking for __fsetlocking
configure:12192: x86_64-unknown-linux-musl-gcc -o conftest -g -O2 -I/home/samson/Projects/clojv3/./store/musl-1.2.6/include -B/home/samson/Projects/clojv3/./store/musl-1.2.6/lib -L/home/samson/Projects/clojv3/./store/musl-1.2.6/lib -Wl,-rpath,/home/samson/Projects/clojv3/./store/musl-1.2.6/lib -Wl,-dynamic-linker,/home/samson/Projects/clojv3/./store/musl-1.2.6/lib/libc.so conftest.c  >&5
configure:12192: $? = 0
configure:12192: result: yes
configure:12200: checking whether feof_unlocked is declared
configure:12200: x86_64-unknown-linux-musl-gcc -c -g -O2  -I/home/samson/Projects/clojv3/./store/musl-1.2.6/include conftest.c >&5
configure:12200: $? = 0
configure:12200: result: yes
configure:12210: checking whether fgets_unlocked is declared
configure:12210: x86_64-unknown-linux-musl-gcc -c -g -O2  -I/home/samson/Projects/clojv3/./store/musl-1.2.6/include conftest.c >&5
configure:12210: $? = 0
configure:12210: result: yes
configure:12224: checking for localeconv
configure:12224: x86_64-unknown-linux-musl-gcc -o conftest -g -O2 -I/home/samson/Projects/clojv3/./store/musl-1.2.6/include -B/home/samson/Projects/clojv3/./store/musl-1.2.6/lib -L/home/samson/Projects/clojv3/./store/musl-1.2.6/lib -Wl,-rpath,/home/samson/Projects/clojv3/./store/musl-1.2.6/lib -Wl,-dynamic-linker,/home/samson/Projects/clojv3/./store/musl-1.2.6/lib/libc.so conftest.c  >&5
configure:12224: $? = 0
configure:12224: result: yes
configure:12237: checking for bison
configure:12273: result: no
configure:12313: checking for long long int
configure:12355: x86_64-unknown-linux-musl-gcc -o conftest -g -O2 -I/home/samson/Projects/clojv3/./store/musl-1.2.6/include -B/home/samson/Projects/clojv3/./store/musl-1.2.6/lib -L/home/samson/Projects/clojv3/./store/musl-1.2.6/lib -Wl,-rpath,/home/samson/Projects/clojv3/./store/musl-1.2.6/lib -Wl,-dynamic-linker,/home/samson/Projects/clojv3/./store/musl-1.2.6/lib/libc.so conftest.c  >&5
configure:12355: $? = 0
configure:12355: ./conftest
configure:12355: $? = 0
configure:12371: result: yes
configure:12380: checking for wchar_t
configure:12398: x86_64-unknown-linux-musl-gcc -c -g -O2 -I/home/samson/Projects/clojv3/./store/musl-1.2.6/include conftest.c >&5
configure:12398: $? = 0
configure:12408: result: yes
configure:12417: checking for wint_t
configure:12435: x86_64-unknown-linux-musl-gcc -c -g -O2 -I/home/samson/Projects/clojv3/./store/musl-1.2.6/include conftest.c >&5
configure:12435: $? = 0
configure:12445: result: yes
configure:12452: checking whether wint_t is large enough
configure:12471: x86_64-unknown-linux-musl-gcc -c -g -O2 -I/home/samson/Projects/clojv3/./store/musl-1.2.6/include conftest.c >&5
configure:12471: $? = 0
configure:12481: result: yes
configure:12496: checking for intmax_t
configure:12523: x86_64-unknown-linux-musl-gcc -c -g -O2 -I/home/samson/Projects/clojv3/./store/musl-1.2.6/include conftest.c >&5
configure:12523: $? = 0
configure:12533: result: yes
configure:12543: checking whether printf() supports POSIX/XSI format strings
configure:12588: x86_64-unknown-linux-musl-gcc -o conftest -g -O2 -I/home/samson/Projects/clojv3/./store/musl-1.2.6/include -B/home/samson/Projects/clojv3/./store/musl-1.2.6/lib -L/home/samson/Projects/clojv3/./store/musl-1.2.6/lib -Wl,-rpath,/home/samson/Projects/clojv3/./store/musl-1.2.6/lib -Wl,-dynamic-linker,/home/samson/Projects/clojv3/./store/musl-1.2.6/lib/libc.so conftest.c  >&5
configure:12588: $? = 0
configure:12588: ./conftest
configure:12588: $? = 0
configure:12603: result: yes
configure:12614: checking for stdint.h
configure:12614: result: yes
configure:12621: checking for SIZE_MAX
configure:12700: result: yes
configure:12711: checking for stdint.h
configure:12711: result: yes
configure:12725: checking for working fcntl.h
configure:12836: x86_64-unknown-linux-musl-gcc -o conftest -g -O2 -I/home/samson/Projects/clojv3/./store/musl-1.2.6/include -B/home/samson/Projects/clojv3/./store/musl-1.2.6/lib -L/home/samson/Projects/clojv3/./store/musl-1.2.6/lib -Wl,-rpath,/home/samson/Projects/clojv3/./store/musl-1.2.6/lib -Wl,-dynamic-linker,/home/samson/Projects/clojv3/./store/musl-1.2.6/lib/libc.so conftest.c  >&5
conftest.c:136:26: error: expected ';' before 'static'
  136 |            GL_MDA_DEFINES
      |                          ^
      |                          ;
......
  143 |            static int const constants[] =
      |            ~~~~~~         
configure:12836: $? = 1
configure: program exited with status 1
configure: failed program was:
| /* confdefs.h */
| #define PACKAGE_NAME "bash"
| #define PACKAGE_TARNAME "bash"
| #define PACKAGE_VERSION "5.3-release"
| #define PACKAGE_STRING "bash 5.3-release"
| #define PACKAGE_BUGREPORT "bug-bash@gnu.org"
| #define PACKAGE_URL ""
| #define ALIAS 1
| #define PUSHD_AND_POPD 1
| #define RESTRICTED_SHELL 1
| #define PROCESS_SUBSTITUTION 1
| #define PROMPT_STRING_DECODE 1
| #define SELECT_COMMAND 1
| #define HELP_BUILTIN 1
| #define ARRAY_VARS 1
| #define DPAREN_ARITHMETIC 1
| #define BRACE_EXPANSION 1
| #define COMMAND_TIMING 1
| #define EXTENDED_GLOB 1
| #define EXTGLOB_DEFAULT 0
| #define COND_COMMAND 1
| #define COND_REGEXP 1
| #define COPROCESS_SUPPORT 1
| #define ARITH_FOR_COMMAND 1
| #define NETWORK_REDIRECTIONS 1
| #define PROGRAMMABLE_COMPLETION 1
| #define DEBUGGER 1
| #define CASEMOD_ATTRS 1
| #define CASEMOD_EXPANSIONS 1
| #define GLOBASCII_DEFAULT 1
| #define FUNCTION_IMPORT 1
| #define TRANSLATABLE_STRINGS 1
| #define BASH_SOURCE_FULLPATH_DEFAULT 0
| #define MEMSCRAMBLE 1
| #define HAVE_STDIO_H 1
| #define HAVE_STDLIB_H 1
| #define HAVE_STRING_H 1
| #define HAVE_INTTYPES_H 1
| #define HAVE_STDINT_H 1
| #define HAVE_STRINGS_H 1
| #define HAVE_SYS_STAT_H 1
| #define HAVE_SYS_TYPES_H 1
| #define HAVE_UNISTD_H 1
| #define HAVE_WCHAR_H 1
| #define HAVE_STDBOOL_H 1
| #define HAVE_SYS_PARAM_H 1
| #define HAVE_THREADS_H 1
| #define HAVE_SYS_TIME_H 1
| #define STDC_HEADERS 1
| #define _ALL_SOURCE 1
| #define _DARWIN_C_SOURCE 1
| #define _GNU_SOURCE 1
| #define _HPUX_ALT_XOPEN_SOCKET_API 1
| #define _NETBSD_SOURCE 1
| #define _OPENBSD_SOURCE 1
| #define _POSIX_PTHREAD_SEMANTICS 1
| #define __STDC_WANT_IEC_60559_ATTRIBS_EXT__ 1
| #define __STDC_WANT_IEC_60559_BFP_EXT__ 1
| #define __STDC_WANT_IEC_60559_DFP_EXT__ 1
| #define __STDC_WANT_IEC_60559_EXT__ 1
| #define __STDC_WANT_IEC_60559_FUNCS_EXT__ 1
| #define __STDC_WANT_IEC_60559_TYPES_EXT__ 1
| #define __STDC_WANT_LIB_EXT2__ 1
| #define __STDC_WANT_MATH_SPEC_FUNCS__ 1
| #define _TANDEM_SOURCE 1
| #define __EXTENSIONS__ 1
| #define READLINE 1
| #define HISTORY 1
| #define BANG_HISTORY 1
| #define HAVE_STRINGIZE 1
| #define HAVE_LONG_DOUBLE 1
| #define restrict __restrict__
| #define HAVE_C_BOOL 1
| #define HAVE_VISIBILITY 1
| #define HAVE_STDINT_H_WITH_UINTMAX 1
| #define HAVE_ALLOCA_H 1
| #define HAVE_ALLOCA 1
| #define HAVE_GETPAGESIZE 1
| #define HAVE_SYMLINK 1
| #define HAVE_USELOCALE 1
| #define HAVE_VPRINTF 1
| #define HAVE_ALARM 1
| #define HAVE_FPURGE 1
| #define HAVE___FPURGE 1
| #define HAVE_SNPRINTF 1
| #define HAVE_VSNPRINTF 1
| #define HAVE_MMAP 1
| #define INTDIV0_RAISES_SIGFPE 1
| #define HAVE_INTTYPES_H_WITH_UINTMAX 1
| #define HAVE_UNSIGNED_LONG_LONG_INT 1
| #define HAVE_UINTMAX_T 1
| #define HAVE_WEAK_SYMBOLS 1
| #define HAVE_PTHREAD_API 1
| #define USE_POSIX_THREADS 1
| #define USE_POSIX_THREADS_WEAK 1
| #define HAVE_PTHREAD_RWLOCK 1
| #define HAVE_PTHREAD_MUTEX_RECURSIVE 1
| #define HAVE_ICONV 1
| #define ICONV_CONST 
| #define HAVE_BUILTIN_EXPECT 1
| #define HAVE_INTTYPES_H 1
| #define HAVE_UNISTD_H 1
| #define HAVE_SYS_PARAM_H 1
| #define HAVE_GETCWD 1
| #define HAVE_GETEGID 1
| #define HAVE_GETEUID 1
| #define HAVE_GETGID 1
| #define HAVE_GETUID 1
| #define HAVE_MEMPCPY 1
| #define HAVE_MUNMAP 1
| #define HAVE_STPCPY 1
| #define HAVE_STRCASECMP 1
| #define HAVE_TSEARCH 1
| #define HAVE___FSETLOCKING 1
| #define HAVE_DECL_FEOF_UNLOCKED 1
| #define HAVE_DECL_FGETS_UNLOCKED 1
| #define HAVE_LOCALECONV 1
| #define HAVE_LONG_LONG_INT 1
| #define HAVE_WCHAR_T 1
| #define HAVE_WINT_T 1
| #define HAVE_INTMAX_T 1
| #define HAVE_POSIX_PRINTF 1
| #define HAVE_STDINT_H 1
| #define HAVE_STDINT_H 1
| /* end confdefs.h.  */
| #include <sys/types.h>
|            #include <sys/stat.h>
|            #if HAVE_UNISTD_H
|            # include <unistd.h>
|            #else /* on Windows with MSVC */
|            # include <io.h>
|            # include <stdlib.h>
|            # defined sleep(n) _sleep ((n) * 1000)
|            #endif
|            #include <fcntl.h>
|            GL_MDA_DEFINES
|            #ifndef O_NOATIME
|             #define O_NOATIME 0
|            #endif
|            #ifndef O_NOFOLLOW
|             #define O_NOFOLLOW 0
|            #endif
|            static int const constants[] =
|             {
|               O_CREAT, O_EXCL, O_NOCTTY, O_TRUNC, O_APPEND,
|               O_NONBLOCK, O_SYNC, O_ACCMODE, O_RDONLY, O_RDWR, O_WRONLY
|             };
| 
| int
| main (void)
| {
| 
|             int result = !constants;
|             #if HAVE_SYMLINK
|             {
|               static char const sym[] = "conftest.sym";
|               if (symlink ("/dev/null", sym) != 0)
|                 result |= 2;
|               else
|                 {
|                   int fd = open (sym, O_WRONLY | O_NOFOLLOW | O_CREAT, 0);
|                   if (fd >= 0)
|                     {
|                       close (fd);
|                       result |= 4;
|                     }
|                 }
|               if (unlink (sym) != 0 || symlink (".", sym) != 0)
|                 result |= 2;
|               else
|                 {
|                   int fd = open (sym, O_RDONLY | O_NOFOLLOW);
|                   if (fd >= 0)
|                     {
|                       close (fd);
|                       result |= 4;
|                     }
|                 }
|               unlink (sym);
|             }
|             #endif
|             {
|               static char const file[] = "confdefs.h";
|               int fd = open (file, O_RDONLY | O_NOATIME);
|               if (fd < 0)
|                 result |= 8;
|               else
|                 {
|                   struct stat st0;
|                   if (fstat (fd, &st0) != 0)
|                     result |= 16;
|                   else
|                     {
|                       char c;
|                       sleep (1);
|                       if (read (fd, &c, 1) != 1)
|                         result |= 24;
|                       else
|                         {
|                           if (close (fd) != 0)
|                             result |= 32;
|                           else
|                             {
|                               struct stat st1;
|                               if (stat (file, &st1) != 0)
|                                 result |= 40;
|                               else
|                                 if (st0.st_atime != st1.st_atime)
|                                   result |= 64;
|                             }
|                         }
|                     }
|                 }
|             }
|             return result;
|   ;
|   return 0;
| }
configure:12856: result: no
configure:12902: checking whether uselocale works
configure:12932: x86_64-unknown-linux-musl-gcc -o conftest -g -O2 -I/home/samson/Projects/clojv3/./store/musl-1.2.6/include -B/home/samson/Projects/clojv3/./store/musl-1.2.6/lib -L/home/samson/Projects/clojv3/./store/musl-1.2.6/lib -Wl,-rpath,/home/samson/Projects/clojv3/./store/musl-1.2.6/lib -Wl,-dynamic-linker,/home/samson/Projects/clojv3/./store/musl-1.2.6/lib/libc.so conftest.c  >&5
configure:12932: $? = 0
configure:12932: ./conftest
configure:12932: $? = 0
configure:12947: result: yes
configure:12968: checking for fake locale system (OpenBSD)
configure:12999: x86_64-unknown-linux-musl-gcc -o conftest -g -O2 -I/home/samson/Projects/clojv3/./store/musl-1.2.6/include -B/home/samson/Projects/clojv3/./store/musl-1.2.6/lib -L/home/samson/Projects/clojv3/./store/musl-1.2.6/lib -Wl,-rpath,/home/samson/Projects/clojv3/./store/musl-1.2.6/lib -Wl,-dynamic-linker,/home/samson/Projects/clojv3/./store/musl-1.2.6/lib/libc.so conftest.c  >&5
configure:12999: $? = 0
configure:12999: ./conftest
configure:12999: $? = 1
configure: program exited with status 1
configure: failed program was:
| /* confdefs.h */
| #define PACKAGE_NAME "bash"
| #define PACKAGE_TARNAME "bash"
| #define PACKAGE_VERSION "5.3-release"
| #define PACKAGE_STRING "bash 5.3-release"
| #define PACKAGE_BUGREPORT "bug-bash@gnu.org"
| #define PACKAGE_URL ""
| #define ALIAS 1
| #define PUSHD_AND_POPD 1
| #define RESTRICTED_SHELL 1
| #define PROCESS_SUBSTITUTION 1
| #define PROMPT_STRING_DECODE 1
| #define SELECT_COMMAND 1
| #define HELP_BUILTIN 1
| #define ARRAY_VARS 1
| #define DPAREN_ARITHMETIC 1
| #define BRACE_EXPANSION 1
| #define COMMAND_TIMING 1
| #define EXTENDED_GLOB 1
| #define EXTGLOB_DEFAULT 0
| #define COND_COMMAND 1
| #define COND_REGEXP 1
| #define COPROCESS_SUPPORT 1
| #define ARITH_FOR_COMMAND 1
| #define NETWORK_REDIRECTIONS 1
| #define PROGRAMMABLE_COMPLETION 1
| #define DEBUGGER 1
| #define CASEMOD_ATTRS 1
| #define CASEMOD_EXPANSIONS 1
| #define GLOBASCII_DEFAULT 1
| #define FUNCTION_IMPORT 1
| #define TRANSLATABLE_STRINGS 1
| #define BASH_SOURCE_FULLPATH_DEFAULT 0
| #define MEMSCRAMBLE 1
| #define HAVE_STDIO_H 1
| #define HAVE_STDLIB_H 1
| #define HAVE_STRING_H 1
| #define HAVE_INTTYPES_H 1
| #define HAVE_STDINT_H 1
| #define HAVE_STRINGS_H 1
| #define HAVE_SYS_STAT_H 1
| #define HAVE_SYS_TYPES_H 1
| #define HAVE_UNISTD_H 1
| #define HAVE_WCHAR_H 1
| #define HAVE_STDBOOL_H 1
| #define HAVE_SYS_PARAM_H 1
| #define HAVE_THREADS_H 1
| #define HAVE_SYS_TIME_H 1
| #define STDC_HEADERS 1
| #define _ALL_SOURCE 1
| #define _DARWIN_C_SOURCE 1
| #define _GNU_SOURCE 1
| #define _HPUX_ALT_XOPEN_SOCKET_API 1
| #define _NETBSD_SOURCE 1
| #define _OPENBSD_SOURCE 1
| #define _POSIX_PTHREAD_SEMANTICS 1
| #define __STDC_WANT_IEC_60559_ATTRIBS_EXT__ 1
| #define __STDC_WANT_IEC_60559_BFP_EXT__ 1
| #define __STDC_WANT_IEC_60559_DFP_EXT__ 1
| #define __STDC_WANT_IEC_60559_EXT__ 1
| #define __STDC_WANT_IEC_60559_FUNCS_EXT__ 1
| #define __STDC_WANT_IEC_60559_TYPES_EXT__ 1
| #define __STDC_WANT_LIB_EXT2__ 1
| #define __STDC_WANT_MATH_SPEC_FUNCS__ 1
| #define _TANDEM_SOURCE 1
| #define __EXTENSIONS__ 1
| #define READLINE 1
| #define HISTORY 1
| #define BANG_HISTORY 1
| #define HAVE_STRINGIZE 1
| #define HAVE_LONG_DOUBLE 1
| #define restrict __restrict__
| #define HAVE_C_BOOL 1
| #define HAVE_VISIBILITY 1
| #define HAVE_STDINT_H_WITH_UINTMAX 1
| #define HAVE_ALLOCA_H 1
| #define HAVE_ALLOCA 1
| #define HAVE_GETPAGESIZE 1
| #define HAVE_SYMLINK 1
| #define HAVE_USELOCALE 1
| #define HAVE_VPRINTF 1
| #define HAVE_ALARM 1
| #define HAVE_FPURGE 1
| #define HAVE___FPURGE 1
| #define HAVE_SNPRINTF 1
| #define HAVE_VSNPRINTF 1
| #define HAVE_MMAP 1
| #define INTDIV0_RAISES_SIGFPE 1
| #define HAVE_INTTYPES_H_WITH_UINTMAX 1
| #define HAVE_UNSIGNED_LONG_LONG_INT 1
| #define HAVE_UINTMAX_T 1
| #define HAVE_WEAK_SYMBOLS 1
| #define HAVE_PTHREAD_API 1
| #define USE_POSIX_THREADS 1
| #define USE_POSIX_THREADS_WEAK 1
| #define HAVE_PTHREAD_RWLOCK 1
| #define HAVE_PTHREAD_MUTEX_RECURSIVE 1
| #define HAVE_ICONV 1
| #define ICONV_CONST 
| #define HAVE_BUILTIN_EXPECT 1
| #define HAVE_INTTYPES_H 1
| #define HAVE_UNISTD_H 1
| #define HAVE_SYS_PARAM_H 1
| #define HAVE_GETCWD 1
| #define HAVE_GETEGID 1
| #define HAVE_GETEUID 1
| #define HAVE_GETGID 1
| #define HAVE_GETUID 1
| #define HAVE_MEMPCPY 1
| #define HAVE_MUNMAP 1
| #define HAVE_STPCPY 1
| #define HAVE_STRCASECMP 1
| #define HAVE_TSEARCH 1
| #define HAVE___FSETLOCKING 1
| #define HAVE_DECL_FEOF_UNLOCKED 1
| #define HAVE_DECL_FGETS_UNLOCKED 1
| #define HAVE_LOCALECONV 1
| #define HAVE_LONG_LONG_INT 1
| #define HAVE_WCHAR_T 1
| #define HAVE_WINT_T 1
| #define HAVE_INTMAX_T 1
| #define HAVE_POSIX_PRINTF 1
| #define HAVE_STDINT_H 1
| #define HAVE_STDINT_H 1
| #define HAVE_WORKING_O_NOATIME 0
| #define HAVE_WORKING_O_NOFOLLOW 0
| #define HAVE_WORKING_USELOCALE 1
| /* end confdefs.h.  */
| 
| #include <locale.h>
| #if HAVE_XLOCALE_H
| # include <xlocale.h>
| #endif
| int main ()
| {
|   locale_t loc1, loc2;
|   if (setlocale (LC_ALL, "de_DE.UTF-8") == NULL) return 1;
|   if (setlocale (LC_ALL, "fr_FR.UTF-8") == NULL) return 1;
|   loc1 = newlocale (LC_ALL_MASK, "de_DE.UTF-8", (locale_t)0);
|   loc2 = newlocale (LC_ALL_MASK, "fr_FR.UTF-8", (locale_t)0);
|   return !(loc1 == loc2);
| }
configure:13014: result: no
configure:13033: checking for Solaris 11.4 locale system
configure:13070: result: no
configure:13083: checking for getlocalename_l
configure:13083: x86_64-unknown-linux-musl-gcc -o conftest -g -O2 -I/home/samson/Projects/clojv3/./store/musl-1.2.6/include -B/home/samson/Projects/clojv3/./store/musl-1.2.6/lib -L/home/samson/Projects/clojv3/./store/musl-1.2.6/lib -Wl,-rpath,/home/samson/Projects/clojv3/./store/musl-1.2.6/lib -Wl,-dynamic-linker,/home/samson/Projects/clojv3/./store/musl-1.2.6/lib/libc.so conftest.c  >&5
/nix/store/60lv8wlcr99wv4ck3sk9fzcbb4jbk2n6-x86_64-unknown-linux-musl-binutils-2.46/bin/x86_64-unknown-linux-musl-ld.bfd: /tmp/ccryQ06q.o: in function `main':
/home/samson/Projects/clojv3/store/tmp/sh-5.3/bash-5.3/conftest.c:156:(.text.startup+0x5): undefined reference to `getlocalename_l'
collect2: error: ld returned 1 exit status
configure:13083: $? = 1
configure: failed program was:
| /* confdefs.h */
| #define PACKAGE_NAME "bash"
| #define PACKAGE_TARNAME "bash"
| #define PACKAGE_VERSION "5.3-release"
| #define PACKAGE_STRING "bash 5.3-release"
| #define PACKAGE_BUGREPORT "bug-bash@gnu.org"
| #define PACKAGE_URL ""
| #define ALIAS 1
| #define PUSHD_AND_POPD 1
| #define RESTRICTED_SHELL 1
| #define PROCESS_SUBSTITUTION 1
| #define PROMPT_STRING_DECODE 1
| #define SELECT_COMMAND 1
| #define HELP_BUILTIN 1
| #define ARRAY_VARS 1
| #define DPAREN_ARITHMETIC 1
| #define BRACE_EXPANSION 1
| #define COMMAND_TIMING 1
| #define EXTENDED_GLOB 1
| #define EXTGLOB_DEFAULT 0
| #define COND_COMMAND 1
| #define COND_REGEXP 1
| #define COPROCESS_SUPPORT 1
| #define ARITH_FOR_COMMAND 1
| #define NETWORK_REDIRECTIONS 1
| #define PROGRAMMABLE_COMPLETION 1
| #define DEBUGGER 1
| #define CASEMOD_ATTRS 1
| #define CASEMOD_EXPANSIONS 1
| #define GLOBASCII_DEFAULT 1
| #define FUNCTION_IMPORT 1
| #define TRANSLATABLE_STRINGS 1
| #define BASH_SOURCE_FULLPATH_DEFAULT 0
| #define MEMSCRAMBLE 1
| #define HAVE_STDIO_H 1
| #define HAVE_STDLIB_H 1
| #define HAVE_STRING_H 1
| #define HAVE_INTTYPES_H 1
| #define HAVE_STDINT_H 1
| #define HAVE_STRINGS_H 1
| #define HAVE_SYS_STAT_H 1
| #define HAVE_SYS_TYPES_H 1
| #define HAVE_UNISTD_H 1
| #define HAVE_WCHAR_H 1
| #define HAVE_STDBOOL_H 1
| #define HAVE_SYS_PARAM_H 1
| #define HAVE_THREADS_H 1
| #define HAVE_SYS_TIME_H 1
| #define STDC_HEADERS 1
| #define _ALL_SOURCE 1
| #define _DARWIN_C_SOURCE 1
| #define _GNU_SOURCE 1
| #define _HPUX_ALT_XOPEN_SOCKET_API 1
| #define _NETBSD_SOURCE 1
| #define _OPENBSD_SOURCE 1
| #define _POSIX_PTHREAD_SEMANTICS 1
| #define __STDC_WANT_IEC_60559_ATTRIBS_EXT__ 1
| #define __STDC_WANT_IEC_60559_BFP_EXT__ 1
| #define __STDC_WANT_IEC_60559_DFP_EXT__ 1
| #define __STDC_WANT_IEC_60559_EXT__ 1
| #define __STDC_WANT_IEC_60559_FUNCS_EXT__ 1
| #define __STDC_WANT_IEC_60559_TYPES_EXT__ 1
| #define __STDC_WANT_LIB_EXT2__ 1
| #define __STDC_WANT_MATH_SPEC_FUNCS__ 1
| #define _TANDEM_SOURCE 1
| #define __EXTENSIONS__ 1
| #define READLINE 1
| #define HISTORY 1
| #define BANG_HISTORY 1
| #define HAVE_STRINGIZE 1
| #define HAVE_LONG_DOUBLE 1
| #define restrict __restrict__
| #define HAVE_C_BOOL 1
| #define HAVE_VISIBILITY 1
| #define HAVE_STDINT_H_WITH_UINTMAX 1
| #define HAVE_ALLOCA_H 1
| #define HAVE_ALLOCA 1
| #define HAVE_GETPAGESIZE 1
| #define HAVE_SYMLINK 1
| #define HAVE_USELOCALE 1
| #define HAVE_VPRINTF 1
| #define HAVE_ALARM 1
| #define HAVE_FPURGE 1
| #define HAVE___FPURGE 1
| #define HAVE_SNPRINTF 1
| #define HAVE_VSNPRINTF 1
| #define HAVE_MMAP 1
| #define INTDIV0_RAISES_SIGFPE 1
| #define HAVE_INTTYPES_H_WITH_UINTMAX 1
| #define HAVE_UNSIGNED_LONG_LONG_INT 1
| #define HAVE_UINTMAX_T 1
| #define HAVE_WEAK_SYMBOLS 1
| #define HAVE_PTHREAD_API 1
| #define USE_POSIX_THREADS 1
| #define USE_POSIX_THREADS_WEAK 1
| #define HAVE_PTHREAD_RWLOCK 1
| #define HAVE_PTHREAD_MUTEX_RECURSIVE 1
| #define HAVE_ICONV 1
| #define ICONV_CONST 
| #define HAVE_BUILTIN_EXPECT 1
| #define HAVE_INTTYPES_H 1
| #define HAVE_UNISTD_H 1
| #define HAVE_SYS_PARAM_H 1
| #define HAVE_GETCWD 1
| #define HAVE_GETEGID 1
| #define HAVE_GETEUID 1
| #define HAVE_GETGID 1
| #define HAVE_GETUID 1
| #define HAVE_MEMPCPY 1
| #define HAVE_MUNMAP 1
| #define HAVE_STPCPY 1
| #define HAVE_STRCASECMP 1
| #define HAVE_TSEARCH 1
| #define HAVE___FSETLOCKING 1
| #define HAVE_DECL_FEOF_UNLOCKED 1
| #define HAVE_DECL_FGETS_UNLOCKED 1
| #define HAVE_LOCALECONV 1
| #define HAVE_LONG_LONG_INT 1
| #define HAVE_WCHAR_T 1
| #define HAVE_WINT_T 1
| #define HAVE_INTMAX_T 1
| #define HAVE_POSIX_PRINTF 1
| #define HAVE_STDINT_H 1
| #define HAVE_STDINT_H 1
| #define HAVE_WORKING_O_NOATIME 0
| #define HAVE_WORKING_O_NOFOLLOW 0
| #define HAVE_WORKING_USELOCALE 1
| /* end confdefs.h.  */
| /* Define getlocalename_l to an innocuous variant, in case <limits.h> declares getlocalename_l.
|    For example, HP-UX 11i <limits.h> declares gettimeofday.  */
| #define getlocalename_l innocuous_getlocalename_l
| 
| /* System header to define __stub macros and hopefully few prototypes,
|    which can conflict with char getlocalename_l (void); below.  */
| 
| #include <limits.h>
| #undef getlocalename_l
| 
| /* Override any GCC internal prototype to avoid an error.
|    Use char because int might match the return type of a GCC
|    builtin and then its argument prototype would still apply.  */
| #ifdef __cplusplus
| extern "C"
| #endif
| char getlocalename_l (void);
| /* The GNU C library defines this for functions which it implements
|     to always fail with ENOSYS.  Some functions are actually named
|     something starting with __ and the normal name is an alias.  */
| #if defined __stub_getlocalename_l || defined __stub___getlocalename_l
| choke me
| #endif
| 
| int
| main (void)
| {
| return getlocalename_l ();
|   ;
|   return 0;
| }
configure:13083: result: no
configure:13123: checking for CFPreferencesCopyAppValue
configure:13142: x86_64-unknown-linux-musl-gcc -o conftest -g -O2 -I/home/samson/Projects/clojv3/./store/musl-1.2.6/include -B/home/samson/Projects/clojv3/./store/musl-1.2.6/lib -L/home/samson/Projects/clojv3/./store/musl-1.2.6/lib -Wl,-rpath,/home/samson/Projects/clojv3/./store/musl-1.2.6/lib -Wl,-dynamic-linker,/home/samson/Projects/clojv3/./store/musl-1.2.6/lib/libc.so conftest.c  -Wl,-framework -Wl,CoreFoundation >&5
conftest.c:130:10: fatal error: CoreFoundation/CFPreferences.h: No such file or directory
  130 | #include <CoreFoundation/CFPreferences.h>
      |          ^~~~~~~~~~~~~~~~~~~~~~~~~~~~~~~~
compilation terminated.
configure:13142: $? = 1
configure: failed program was:
| /* confdefs.h */
| #define PACKAGE_NAME "bash"
| #define PACKAGE_TARNAME "bash"
| #define PACKAGE_VERSION "5.3-release"
| #define PACKAGE_STRING "bash 5.3-release"
| #define PACKAGE_BUGREPORT "bug-bash@gnu.org"
| #define PACKAGE_URL ""
| #define ALIAS 1
| #define PUSHD_AND_POPD 1
| #define RESTRICTED_SHELL 1
| #define PROCESS_SUBSTITUTION 1
| #define PROMPT_STRING_DECODE 1
| #define SELECT_COMMAND 1
| #define HELP_BUILTIN 1
| #define ARRAY_VARS 1
| #define DPAREN_ARITHMETIC 1
| #define BRACE_EXPANSION 1
| #define COMMAND_TIMING 1
| #define EXTENDED_GLOB 1
| #define EXTGLOB_DEFAULT 0
| #define COND_COMMAND 1
| #define COND_REGEXP 1
| #define COPROCESS_SUPPORT 1
| #define ARITH_FOR_COMMAND 1
| #define NETWORK_REDIRECTIONS 1
| #define PROGRAMMABLE_COMPLETION 1
| #define DEBUGGER 1
| #define CASEMOD_ATTRS 1
| #define CASEMOD_EXPANSIONS 1
| #define GLOBASCII_DEFAULT 1
| #define FUNCTION_IMPORT 1
| #define TRANSLATABLE_STRINGS 1
| #define BASH_SOURCE_FULLPATH_DEFAULT 0
| #define MEMSCRAMBLE 1
| #define HAVE_STDIO_H 1
| #define HAVE_STDLIB_H 1
| #define HAVE_STRING_H 1
| #define HAVE_INTTYPES_H 1
| #define HAVE_STDINT_H 1
| #define HAVE_STRINGS_H 1
| #define HAVE_SYS_STAT_H 1
| #define HAVE_SYS_TYPES_H 1
| #define HAVE_UNISTD_H 1
| #define HAVE_WCHAR_H 1
| #define HAVE_STDBOOL_H 1
| #define HAVE_SYS_PARAM_H 1
| #define HAVE_THREADS_H 1
| #define HAVE_SYS_TIME_H 1
| #define STDC_HEADERS 1
| #define _ALL_SOURCE 1
| #define _DARWIN_C_SOURCE 1
| #define _GNU_SOURCE 1
| #define _HPUX_ALT_XOPEN_SOCKET_API 1
| #define _NETBSD_SOURCE 1
| #define _OPENBSD_SOURCE 1
| #define _POSIX_PTHREAD_SEMANTICS 1
| #define __STDC_WANT_IEC_60559_ATTRIBS_EXT__ 1
| #define __STDC_WANT_IEC_60559_BFP_EXT__ 1
| #define __STDC_WANT_IEC_60559_DFP_EXT__ 1
| #define __STDC_WANT_IEC_60559_EXT__ 1
| #define __STDC_WANT_IEC_60559_FUNCS_EXT__ 1
| #define __STDC_WANT_IEC_60559_TYPES_EXT__ 1
| #define __STDC_WANT_LIB_EXT2__ 1
| #define __STDC_WANT_MATH_SPEC_FUNCS__ 1
| #define _TANDEM_SOURCE 1
| #define __EXTENSIONS__ 1
| #define READLINE 1
| #define HISTORY 1
| #define BANG_HISTORY 1
| #define HAVE_STRINGIZE 1
| #define HAVE_LONG_DOUBLE 1
| #define restrict __restrict__
| #define HAVE_C_BOOL 1
| #define HAVE_VISIBILITY 1
| #define HAVE_STDINT_H_WITH_UINTMAX 1
| #define HAVE_ALLOCA_H 1
| #define HAVE_ALLOCA 1
| #define HAVE_GETPAGESIZE 1
| #define HAVE_SYMLINK 1
| #define HAVE_USELOCALE 1
| #define HAVE_VPRINTF 1
| #define HAVE_ALARM 1
| #define HAVE_FPURGE 1
| #define HAVE___FPURGE 1
| #define HAVE_SNPRINTF 1
| #define HAVE_VSNPRINTF 1
| #define HAVE_MMAP 1
| #define INTDIV0_RAISES_SIGFPE 1
| #define HAVE_INTTYPES_H_WITH_UINTMAX 1
| #define HAVE_UNSIGNED_LONG_LONG_INT 1
| #define HAVE_UINTMAX_T 1
| #define HAVE_WEAK_SYMBOLS 1
| #define HAVE_PTHREAD_API 1
| #define USE_POSIX_THREADS 1
| #define USE_POSIX_THREADS_WEAK 1
| #define HAVE_PTHREAD_RWLOCK 1
| #define HAVE_PTHREAD_MUTEX_RECURSIVE 1
| #define HAVE_ICONV 1
| #define ICONV_CONST 
| #define HAVE_BUILTIN_EXPECT 1
| #define HAVE_INTTYPES_H 1
| #define HAVE_UNISTD_H 1
| #define HAVE_SYS_PARAM_H 1
| #define HAVE_GETCWD 1
| #define HAVE_GETEGID 1
| #define HAVE_GETEUID 1
| #define HAVE_GETGID 1
| #define HAVE_GETUID 1
| #define HAVE_MEMPCPY 1
| #define HAVE_MUNMAP 1
| #define HAVE_STPCPY 1
| #define HAVE_STRCASECMP 1
| #define HAVE_TSEARCH 1
| #define HAVE___FSETLOCKING 1
| #define HAVE_DECL_FEOF_UNLOCKED 1
| #define HAVE_DECL_FGETS_UNLOCKED 1
| #define HAVE_LOCALECONV 1
| #define HAVE_LONG_LONG_INT 1
| #define HAVE_WCHAR_T 1
| #define HAVE_WINT_T 1
| #define HAVE_INTMAX_T 1
| #define HAVE_POSIX_PRINTF 1
| #define HAVE_STDINT_H 1
| #define HAVE_STDINT_H 1
| #define HAVE_WORKING_O_NOATIME 0
| #define HAVE_WORKING_O_NOFOLLOW 0
| #define HAVE_WORKING_USELOCALE 1
| #define HAVE_GOOD_USELOCALE 1
| /* end confdefs.h.  */
| #include <CoreFoundation/CFPreferences.h>
| int
| main (void)
| {
| CFPreferencesCopyAppValue(NULL, NULL)
|   ;
|   return 0;
| }
configure:13154: result: no
configure:13161: checking for CFLocaleCopyPreferredLanguages
configure:13180: x86_64-unknown-linux-musl-gcc -o conftest -g -O2 -I/home/samson/Projects/clojv3/./store/musl-1.2.6/include -B/home/samson/Projects/clojv3/./store/musl-1.2.6/lib -L/home/samson/Projects/clojv3/./store/musl-1.2.6/lib -Wl,-rpath,/home/samson/Projects/clojv3/./store/musl-1.2.6/lib -Wl,-dynamic-linker,/home/samson/Projects/clojv3/./store/musl-1.2.6/lib/libc.so conftest.c  -Wl,-framework -Wl,CoreFoundation >&5
conftest.c:130:10: fatal error: CoreFoundation/CFLocale.h: No such file or directory
  130 | #include <CoreFoundation/CFLocale.h>
      |          ^~~~~~~~~~~~~~~~~~~~~~~~~~~
compilation terminated.
configure:13180: $? = 1
configure: failed program was:
| /* confdefs.h */
| #define PACKAGE_NAME "bash"
| #define PACKAGE_TARNAME "bash"
| #define PACKAGE_VERSION "5.3-release"
| #define PACKAGE_STRING "bash 5.3-release"
| #define PACKAGE_BUGREPORT "bug-bash@gnu.org"
| #define PACKAGE_URL ""
| #define ALIAS 1
| #define PUSHD_AND_POPD 1
| #define RESTRICTED_SHELL 1
| #define PROCESS_SUBSTITUTION 1
| #define PROMPT_STRING_DECODE 1
| #define SELECT_COMMAND 1
| #define HELP_BUILTIN 1
| #define ARRAY_VARS 1
| #define DPAREN_ARITHMETIC 1
| #define BRACE_EXPANSION 1
| #define COMMAND_TIMING 1
| #define EXTENDED_GLOB 1
| #define EXTGLOB_DEFAULT 0
| #define COND_COMMAND 1
| #define COND_REGEXP 1
| #define COPROCESS_SUPPORT 1
| #define ARITH_FOR_COMMAND 1
| #define NETWORK_REDIRECTIONS 1
| #define PROGRAMMABLE_COMPLETION 1
| #define DEBUGGER 1
| #define CASEMOD_ATTRS 1
| #define CASEMOD_EXPANSIONS 1
| #define GLOBASCII_DEFAULT 1
| #define FUNCTION_IMPORT 1
| #define TRANSLATABLE_STRINGS 1
| #define BASH_SOURCE_FULLPATH_DEFAULT 0
| #define MEMSCRAMBLE 1
| #define HAVE_STDIO_H 1
| #define HAVE_STDLIB_H 1
| #define HAVE_STRING_H 1
| #define HAVE_INTTYPES_H 1
| #define HAVE_STDINT_H 1
| #define HAVE_STRINGS_H 1
| #define HAVE_SYS_STAT_H 1
| #define HAVE_SYS_TYPES_H 1
| #define HAVE_UNISTD_H 1
| #define HAVE_WCHAR_H 1
| #define HAVE_STDBOOL_H 1
| #define HAVE_SYS_PARAM_H 1
| #define HAVE_THREADS_H 1
| #define HAVE_SYS_TIME_H 1
| #define STDC_HEADERS 1
| #define _ALL_SOURCE 1
| #define _DARWIN_C_SOURCE 1
| #define _GNU_SOURCE 1
| #define _HPUX_ALT_XOPEN_SOCKET_API 1
| #define _NETBSD_SOURCE 1
| #define _OPENBSD_SOURCE 1
| #define _POSIX_PTHREAD_SEMANTICS 1
| #define __STDC_WANT_IEC_60559_ATTRIBS_EXT__ 1
| #define __STDC_WANT_IEC_60559_BFP_EXT__ 1
| #define __STDC_WANT_IEC_60559_DFP_EXT__ 1
| #define __STDC_WANT_IEC_60559_EXT__ 1
| #define __STDC_WANT_IEC_60559_FUNCS_EXT__ 1
| #define __STDC_WANT_IEC_60559_TYPES_EXT__ 1
| #define __STDC_WANT_LIB_EXT2__ 1
| #define __STDC_WANT_MATH_SPEC_FUNCS__ 1
| #define _TANDEM_SOURCE 1
| #define __EXTENSIONS__ 1
| #define READLINE 1
| #define HISTORY 1
| #define BANG_HISTORY 1
| #define HAVE_STRINGIZE 1
| #define HAVE_LONG_DOUBLE 1
| #define restrict __restrict__
| #define HAVE_C_BOOL 1
| #define HAVE_VISIBILITY 1
| #define HAVE_STDINT_H_WITH_UINTMAX 1
| #define HAVE_ALLOCA_H 1
| #define HAVE_ALLOCA 1
| #define HAVE_GETPAGESIZE 1
| #define HAVE_SYMLINK 1
| #define HAVE_USELOCALE 1
| #define HAVE_VPRINTF 1
| #define HAVE_ALARM 1
| #define HAVE_FPURGE 1
| #define HAVE___FPURGE 1
| #define HAVE_SNPRINTF 1
| #define HAVE_VSNPRINTF 1
| #define HAVE_MMAP 1
| #define INTDIV0_RAISES_SIGFPE 1
| #define HAVE_INTTYPES_H_WITH_UINTMAX 1
| #define HAVE_UNSIGNED_LONG_LONG_INT 1
| #define HAVE_UINTMAX_T 1
| #define HAVE_WEAK_SYMBOLS 1
| #define HAVE_PTHREAD_API 1
| #define USE_POSIX_THREADS 1
| #define USE_POSIX_THREADS_WEAK 1
| #define HAVE_PTHREAD_RWLOCK 1
| #define HAVE_PTHREAD_MUTEX_RECURSIVE 1
| #define HAVE_ICONV 1
| #define ICONV_CONST 
| #define HAVE_BUILTIN_EXPECT 1
| #define HAVE_INTTYPES_H 1
| #define HAVE_UNISTD_H 1
| #define HAVE_SYS_PARAM_H 1
| #define HAVE_GETCWD 1
| #define HAVE_GETEGID 1
| #define HAVE_GETEUID 1
| #define HAVE_GETGID 1
| #define HAVE_GETUID 1
| #define HAVE_MEMPCPY 1
| #define HAVE_MUNMAP 1
| #define HAVE_STPCPY 1
| #define HAVE_STRCASECMP 1
| #define HAVE_TSEARCH 1
| #define HAVE___FSETLOCKING 1
| #define HAVE_DECL_FEOF_UNLOCKED 1
| #define HAVE_DECL_FGETS_UNLOCKED 1
| #define HAVE_LOCALECONV 1
| #define HAVE_LONG_LONG_INT 1
| #define HAVE_WCHAR_T 1
| #define HAVE_WINT_T 1
| #define HAVE_INTMAX_T 1
| #define HAVE_POSIX_PRINTF 1
| #define HAVE_STDINT_H 1
| #define HAVE_STDINT_H 1
| #define HAVE_WORKING_O_NOATIME 0
| #define HAVE_WORKING_O_NOFOLLOW 0
| #define HAVE_WORKING_USELOCALE 1
| #define HAVE_GOOD_USELOCALE 1
| /* end confdefs.h.  */
| #include <CoreFoundation/CFLocale.h>
| int
| main (void)
| {
| CFLocaleCopyPreferredLanguages();
|   ;
|   return 0;
| }
configure:13192: result: no
configure:13212: checking for flexible array member
configure:13241: x86_64-unknown-linux-musl-gcc -c -g -O2 -I/home/samson/Projects/clojv3/./store/musl-1.2.6/include conftest.c >&5
configure:13241: $? = 0
configure:13251: result: yes
configure:13321: checking for ar
configure:13354: result: ar
configure:13390: checking for ptrdiff_t
configure:13390: x86_64-unknown-linux-musl-gcc -c -g -O2 -I/home/samson/Projects/clojv3/./store/musl-1.2.6/include conftest.c >&5
configure:13390: $? = 0
configure:13390: x86_64-unknown-linux-musl-gcc -c -g -O2 -I/home/samson/Projects/clojv3/./store/musl-1.2.6/include conftest.c >&5
conftest.c: In function 'main':
conftest.c:162:24: error: expected expression before ')' token
  162 | if (sizeof ((ptrdiff_t)))
      |                        ^
configure:13390: $? = 1
configure: failed program was:
| /* confdefs.h */
| #define PACKAGE_NAME "bash"
| #define PACKAGE_TARNAME "bash"
| #define PACKAGE_VERSION "5.3-release"
| #define PACKAGE_STRING "bash 5.3-release"
| #define PACKAGE_BUGREPORT "bug-bash@gnu.org"
| #define PACKAGE_URL ""
| #define ALIAS 1
| #define PUSHD_AND_POPD 1
| #define RESTRICTED_SHELL 1
| #define PROCESS_SUBSTITUTION 1
| #define PROMPT_STRING_DECODE 1
| #define SELECT_COMMAND 1
| #define HELP_BUILTIN 1
| #define ARRAY_VARS 1
| #define DPAREN_ARITHMETIC 1
| #define BRACE_EXPANSION 1
| #define COMMAND_TIMING 1
| #define EXTENDED_GLOB 1
| #define EXTGLOB_DEFAULT 0
| #define COND_COMMAND 1
| #define COND_REGEXP 1
| #define COPROCESS_SUPPORT 1
| #define ARITH_FOR_COMMAND 1
| #define NETWORK_REDIRECTIONS 1
| #define PROGRAMMABLE_COMPLETION 1
| #define DEBUGGER 1
| #define CASEMOD_ATTRS 1
| #define CASEMOD_EXPANSIONS 1
| #define GLOBASCII_DEFAULT 1
| #define FUNCTION_IMPORT 1
| #define TRANSLATABLE_STRINGS 1
| #define BASH_SOURCE_FULLPATH_DEFAULT 0
| #define MEMSCRAMBLE 1
| #define HAVE_STDIO_H 1
| #define HAVE_STDLIB_H 1
| #define HAVE_STRING_H 1
| #define HAVE_INTTYPES_H 1
| #define HAVE_STDINT_H 1
| #define HAVE_STRINGS_H 1
| #define HAVE_SYS_STAT_H 1
| #define HAVE_SYS_TYPES_H 1
| #define HAVE_UNISTD_H 1
| #define HAVE_WCHAR_H 1
| #define HAVE_STDBOOL_H 1
| #define HAVE_SYS_PARAM_H 1
| #define HAVE_THREADS_H 1
| #define HAVE_SYS_TIME_H 1
| #define STDC_HEADERS 1
| #define _ALL_SOURCE 1
| #define _DARWIN_C_SOURCE 1
| #define _GNU_SOURCE 1
| #define _HPUX_ALT_XOPEN_SOCKET_API 1
| #define _NETBSD_SOURCE 1
| #define _OPENBSD_SOURCE 1
| #define _POSIX_PTHREAD_SEMANTICS 1
| #define __STDC_WANT_IEC_60559_ATTRIBS_EXT__ 1
| #define __STDC_WANT_IEC_60559_BFP_EXT__ 1
| #define __STDC_WANT_IEC_60559_DFP_EXT__ 1
| #define __STDC_WANT_IEC_60559_EXT__ 1
| #define __STDC_WANT_IEC_60559_FUNCS_EXT__ 1
| #define __STDC_WANT_IEC_60559_TYPES_EXT__ 1
| #define __STDC_WANT_LIB_EXT2__ 1
| #define __STDC_WANT_MATH_SPEC_FUNCS__ 1
| #define _TANDEM_SOURCE 1
| #define __EXTENSIONS__ 1
| #define READLINE 1
| #define HISTORY 1
| #define BANG_HISTORY 1
| #define HAVE_STRINGIZE 1
| #define HAVE_LONG_DOUBLE 1
| #define restrict __restrict__
| #define HAVE_C_BOOL 1
| #define HAVE_VISIBILITY 1
| #define HAVE_STDINT_H_WITH_UINTMAX 1
| #define HAVE_ALLOCA_H 1
| #define HAVE_ALLOCA 1
| #define HAVE_GETPAGESIZE 1
| #define HAVE_SYMLINK 1
| #define HAVE_USELOCALE 1
| #define HAVE_VPRINTF 1
| #define HAVE_ALARM 1
| #define HAVE_FPURGE 1
| #define HAVE___FPURGE 1
| #define HAVE_SNPRINTF 1
| #define HAVE_VSNPRINTF 1
| #define HAVE_MMAP 1
| #define INTDIV0_RAISES_SIGFPE 1
| #define HAVE_INTTYPES_H_WITH_UINTMAX 1
| #define HAVE_UNSIGNED_LONG_LONG_INT 1
| #define HAVE_UINTMAX_T 1
| #define HAVE_WEAK_SYMBOLS 1
| #define HAVE_PTHREAD_API 1
| #define USE_POSIX_THREADS 1
| #define USE_POSIX_THREADS_WEAK 1
| #define HAVE_PTHREAD_RWLOCK 1
| #define HAVE_PTHREAD_MUTEX_RECURSIVE 1
| #define HAVE_ICONV 1
| #define ICONV_CONST 
| #define HAVE_BUILTIN_EXPECT 1
| #define HAVE_INTTYPES_H 1
| #define HAVE_UNISTD_H 1
| #define HAVE_SYS_PARAM_H 1
| #define HAVE_GETCWD 1
| #define HAVE_GETEGID 1
| #define HAVE_GETEUID 1
| #define HAVE_GETGID 1
| #define HAVE_GETUID 1
| #define HAVE_MEMPCPY 1
| #define HAVE_MUNMAP 1
| #define HAVE_STPCPY 1
| #define HAVE_STRCASECMP 1
| #define HAVE_TSEARCH 1
| #define HAVE___FSETLOCKING 1
| #define HAVE_DECL_FEOF_UNLOCKED 1
| #define HAVE_DECL_FGETS_UNLOCKED 1
| #define HAVE_LOCALECONV 1
| #define HAVE_LONG_LONG_INT 1
| #define HAVE_WCHAR_T 1
| #define HAVE_WINT_T 1
| #define HAVE_INTMAX_T 1
| #define HAVE_POSIX_PRINTF 1
| #define HAVE_STDINT_H 1
| #define HAVE_STDINT_H 1
| #define HAVE_WORKING_O_NOATIME 0
| #define HAVE_WORKING_O_NOFOLLOW 0
| #define HAVE_WORKING_USELOCALE 1
| #define HAVE_GOOD_USELOCALE 1
| #define FLEXIBLE_ARRAY_MEMBER /**/
| /* end confdefs.h.  */
| #include <stddef.h>
| #ifdef HAVE_STDIO_H
| # include <stdio.h>
| #endif
| #ifdef HAVE_STDLIB_H
| # include <stdlib.h>
| #endif
| #ifdef HAVE_STRING_H
| # include <string.h>
| #endif
| #ifdef HAVE_INTTYPES_H
| # include <inttypes.h>
| #endif
| #ifdef HAVE_STDINT_H
| # include <stdint.h>
| #endif
| #ifdef HAVE_STRINGS_H
| # include <strings.h>
| #endif
| #ifdef HAVE_SYS_TYPES_H
| # include <sys/types.h>
| #endif
| #ifdef HAVE_SYS_STAT_H
| # include <sys/stat.h>
| #endif
| #ifdef HAVE_UNISTD_H
| # include <unistd.h>
| #endif
| int
| main (void)
| {
| if (sizeof ((ptrdiff_t)))
| 	    return 0;
|   ;
|   return 0;
| }
configure:13390: result: yes
configure:13402: checking for features.h
configure:13402: x86_64-unknown-linux-musl-gcc -c -g -O2 -I/home/samson/Projects/clojv3/./store/musl-1.2.6/include conftest.c >&5
configure:13402: $? = 0
configure:13402: result: yes
configure:13408: checking for stddef.h
configure:13408: x86_64-unknown-linux-musl-gcc -c -g -O2 -I/home/samson/Projects/clojv3/./store/musl-1.2.6/include conftest.c >&5
configure:13408: $? = 0
configure:13408: result: yes
configure:13414: checking for stdlib.h
configure:13414: result: yes
configure:13420: checking for string.h
configure:13420: result: yes
configure:13427: checking for asprintf
configure:13427: x86_64-unknown-linux-musl-gcc -o conftest -g -O2 -I/home/samson/Projects/clojv3/./store/musl-1.2.6/include -B/home/samson/Projects/clojv3/./store/musl-1.2.6/lib -L/home/samson/Projects/clojv3/./store/musl-1.2.6/lib -Wl,-rpath,/home/samson/Projects/clojv3/./store/musl-1.2.6/lib -Wl,-dynamic-linker,/home/samson/Projects/clojv3/./store/musl-1.2.6/lib/libc.so conftest.c  >&5
configure:13427: $? = 0
configure:13427: result: yes
configure:13433: checking for wprintf
configure:13433: x86_64-unknown-linux-musl-gcc -o conftest -g -O2 -I/home/samson/Projects/clojv3/./store/musl-1.2.6/include -B/home/samson/Projects/clojv3/./store/musl-1.2.6/lib -L/home/samson/Projects/clojv3/./store/musl-1.2.6/lib -Wl,-rpath,/home/samson/Projects/clojv3/./store/musl-1.2.6/lib -Wl,-dynamic-linker,/home/samson/Projects/clojv3/./store/musl-1.2.6/lib/libc.so conftest.c  >&5
configure:13433: $? = 0
configure:13433: result: yes
configure:13439: checking for newlocale
configure:13439: x86_64-unknown-linux-musl-gcc -o conftest -g -O2 -I/home/samson/Projects/clojv3/./store/musl-1.2.6/include -B/home/samson/Projects/clojv3/./store/musl-1.2.6/lib -L/home/samson/Projects/clojv3/./store/musl-1.2.6/lib -Wl,-rpath,/home/samson/Projects/clojv3/./store/musl-1.2.6/lib -Wl,-dynamic-linker,/home/samson/Projects/clojv3/./store/musl-1.2.6/lib/libc.so conftest.c  >&5
configure:13439: $? = 0
configure:13439: result: yes
configure:13445: checking for putenv
configure:13445: x86_64-unknown-linux-musl-gcc -o conftest -g -O2 -I/home/samson/Projects/clojv3/./store/musl-1.2.6/include -B/home/samson/Projects/clojv3/./store/musl-1.2.6/lib -L/home/samson/Projects/clojv3/./store/musl-1.2.6/lib -Wl,-rpath,/home/samson/Projects/clojv3/./store/musl-1.2.6/lib -Wl,-dynamic-linker,/home/samson/Projects/clojv3/./store/musl-1.2.6/lib/libc.so conftest.c  >&5
configure:13445: $? = 0
configure:13445: result: yes
configure:13451: checking for setenv
configure:13451: x86_64-unknown-linux-musl-gcc -o conftest -g -O2 -I/home/samson/Projects/clojv3/./store/musl-1.2.6/include -B/home/samson/Projects/clojv3/./store/musl-1.2.6/lib -L/home/samson/Projects/clojv3/./store/musl-1.2.6/lib -Wl,-rpath,/home/samson/Projects/clojv3/./store/musl-1.2.6/lib -Wl,-dynamic-linker,/home/samson/Projects/clojv3/./store/musl-1.2.6/lib/libc.so conftest.c  >&5
configure:13451: $? = 0
configure:13451: result: yes
configure:13457: checking for snprintf
configure:13457: result: yes
configure:13463: checking for strnlen
configure:13463: x86_64-unknown-linux-musl-gcc -o conftest -g -O2 -I/home/samson/Projects/clojv3/./store/musl-1.2.6/include -B/home/samson/Projects/clojv3/./store/musl-1.2.6/lib -L/home/samson/Projects/clojv3/./store/musl-1.2.6/lib -Wl,-rpath,/home/samson/Projects/clojv3/./store/musl-1.2.6/lib -Wl,-dynamic-linker,/home/samson/Projects/clojv3/./store/musl-1.2.6/lib/libc.so conftest.c  >&5
conftest.c:157:6: warning: conflicting types for built-in function 'strnlen'; expected 'long unsigned int(const char *, long unsigned int)' [-Wbuiltin-declaration-mismatch]
  157 | char strnlen (void);
      |      ^~~~~~~
configure:13463: $? = 0
configure:13463: result: yes
configure:13469: checking for uselocale
configure:13469: result: yes
configure:13475: checking for wcslen
configure:13475: x86_64-unknown-linux-musl-gcc -o conftest -g -O2 -I/home/samson/Projects/clojv3/./store/musl-1.2.6/include -B/home/samson/Projects/clojv3/./store/musl-1.2.6/lib -L/home/samson/Projects/clojv3/./store/musl-1.2.6/lib -Wl,-rpath,/home/samson/Projects/clojv3/./store/musl-1.2.6/lib -Wl,-dynamic-linker,/home/samson/Projects/clojv3/./store/musl-1.2.6/lib/libc.so conftest.c  >&5
configure:13475: $? = 0
configure:13475: result: yes
configure:13481: checking for wcsnlen
configure:13481: x86_64-unknown-linux-musl-gcc -o conftest -g -O2 -I/home/samson/Projects/clojv3/./store/musl-1.2.6/include -B/home/samson/Projects/clojv3/./store/musl-1.2.6/lib -L/home/samson/Projects/clojv3/./store/musl-1.2.6/lib -Wl,-rpath,/home/samson/Projects/clojv3/./store/musl-1.2.6/lib -Wl,-dynamic-linker,/home/samson/Projects/clojv3/./store/musl-1.2.6/lib/libc.so conftest.c  >&5
configure:13481: $? = 0
configure:13481: result: yes
configure:13487: checking for mbrtowc
configure:13487: x86_64-unknown-linux-musl-gcc -o conftest -g -O2 -I/home/samson/Projects/clojv3/./store/musl-1.2.6/include -B/home/samson/Projects/clojv3/./store/musl-1.2.6/lib -L/home/samson/Projects/clojv3/./store/musl-1.2.6/lib -Wl,-rpath,/home/samson/Projects/clojv3/./store/musl-1.2.6/lib -Wl,-dynamic-linker,/home/samson/Projects/clojv3/./store/musl-1.2.6/lib/libc.so conftest.c  >&5
configure:13487: $? = 0
configure:13487: result: yes
configure:13493: checking for wcrtomb
configure:13493: x86_64-unknown-linux-musl-gcc -o conftest -g -O2 -I/home/samson/Projects/clojv3/./store/musl-1.2.6/include -B/home/samson/Projects/clojv3/./store/musl-1.2.6/lib -L/home/samson/Projects/clojv3/./store/musl-1.2.6/lib -Wl,-rpath,/home/samson/Projects/clojv3/./store/musl-1.2.6/lib -Wl,-dynamic-linker,/home/samson/Projects/clojv3/./store/musl-1.2.6/lib/libc.so conftest.c  >&5
configure:13493: $? = 0
configure:13493: result: yes
configure:13501: checking whether _snprintf is declared
configure:13501: x86_64-unknown-linux-musl-gcc -c -g -O2  -I/home/samson/Projects/clojv3/./store/musl-1.2.6/include conftest.c >&5
conftest.c: In function 'main':
conftest.c:156:10: error: '_snprintf' undeclared (first use in this function); did you mean 'vsnprintf'?
  156 |   (void) _snprintf;
      |          ^~~~~~~~~
      |          vsnprintf
conftest.c:156:10: note: each undeclared identifier is reported only once for each function it appears in
configure:13501: $? = 1
configure: failed program was:
| /* confdefs.h */
| #define PACKAGE_NAME "bash"
| #define PACKAGE_TARNAME "bash"
| #define PACKAGE_VERSION "5.3-release"
| #define PACKAGE_STRING "bash 5.3-release"
| #define PACKAGE_BUGREPORT "bug-bash@gnu.org"
| #define PACKAGE_URL ""
| #define ALIAS 1
| #define PUSHD_AND_POPD 1
| #define RESTRICTED_SHELL 1
| #define PROCESS_SUBSTITUTION 1
| #define PROMPT_STRING_DECODE 1
| #define SELECT_COMMAND 1
| #define HELP_BUILTIN 1
| #define ARRAY_VARS 1
| #define DPAREN_ARITHMETIC 1
| #define BRACE_EXPANSION 1
| #define COMMAND_TIMING 1
| #define EXTENDED_GLOB 1
| #define EXTGLOB_DEFAULT 0
| #define COND_COMMAND 1
| #define COND_REGEXP 1
| #define COPROCESS_SUPPORT 1
| #define ARITH_FOR_COMMAND 1
| #define NETWORK_REDIRECTIONS 1
| #define PROGRAMMABLE_COMPLETION 1
| #define DEBUGGER 1
| #define CASEMOD_ATTRS 1
| #define CASEMOD_EXPANSIONS 1
| #define GLOBASCII_DEFAULT 1
| #define FUNCTION_IMPORT 1
| #define TRANSLATABLE_STRINGS 1
| #define BASH_SOURCE_FULLPATH_DEFAULT 0
| #define MEMSCRAMBLE 1
| #define HAVE_STDIO_H 1
| #define HAVE_STDLIB_H 1
| #define HAVE_STRING_H 1
| #define HAVE_INTTYPES_H 1
| #define HAVE_STDINT_H 1
| #define HAVE_STRINGS_H 1
| #define HAVE_SYS_STAT_H 1
| #define HAVE_SYS_TYPES_H 1
| #define HAVE_UNISTD_H 1
| #define HAVE_WCHAR_H 1
| #define HAVE_STDBOOL_H 1
| #define HAVE_SYS_PARAM_H 1
| #define HAVE_THREADS_H 1
| #define HAVE_SYS_TIME_H 1
| #define STDC_HEADERS 1
| #define _ALL_SOURCE 1
| #define _DARWIN_C_SOURCE 1
| #define _GNU_SOURCE 1
| #define _HPUX_ALT_XOPEN_SOCKET_API 1
| #define _NETBSD_SOURCE 1
| #define _OPENBSD_SOURCE 1
| #define _POSIX_PTHREAD_SEMANTICS 1
| #define __STDC_WANT_IEC_60559_ATTRIBS_EXT__ 1
| #define __STDC_WANT_IEC_60559_BFP_EXT__ 1
| #define __STDC_WANT_IEC_60559_DFP_EXT__ 1
| #define __STDC_WANT_IEC_60559_EXT__ 1
| #define __STDC_WANT_IEC_60559_FUNCS_EXT__ 1
| #define __STDC_WANT_IEC_60559_TYPES_EXT__ 1
| #define __STDC_WANT_LIB_EXT2__ 1
| #define __STDC_WANT_MATH_SPEC_FUNCS__ 1
| #define _TANDEM_SOURCE 1
| #define __EXTENSIONS__ 1
| #define READLINE 1
| #define HISTORY 1
| #define BANG_HISTORY 1
| #define HAVE_STRINGIZE 1
| #define HAVE_LONG_DOUBLE 1
| #define restrict __restrict__
| #define HAVE_C_BOOL 1
| #define HAVE_VISIBILITY 1
| #define HAVE_STDINT_H_WITH_UINTMAX 1
| #define HAVE_ALLOCA_H 1
| #define HAVE_ALLOCA 1
| #define HAVE_GETPAGESIZE 1
| #define HAVE_SYMLINK 1
| #define HAVE_USELOCALE 1
| #define HAVE_VPRINTF 1
| #define HAVE_ALARM 1
| #define HAVE_FPURGE 1
| #define HAVE___FPURGE 1
| #define HAVE_SNPRINTF 1
| #define HAVE_VSNPRINTF 1
| #define HAVE_MMAP 1
| #define INTDIV0_RAISES_SIGFPE 1
| #define HAVE_INTTYPES_H_WITH_UINTMAX 1
| #define HAVE_UNSIGNED_LONG_LONG_INT 1
| #define HAVE_UINTMAX_T 1
| #define HAVE_WEAK_SYMBOLS 1
| #define HAVE_PTHREAD_API 1
| #define USE_POSIX_THREADS 1
| #define USE_POSIX_THREADS_WEAK 1
| #define HAVE_PTHREAD_RWLOCK 1
| #define HAVE_PTHREAD_MUTEX_RECURSIVE 1
| #define HAVE_ICONV 1
| #define ICONV_CONST 
| #define HAVE_BUILTIN_EXPECT 1
| #define HAVE_INTTYPES_H 1
| #define HAVE_UNISTD_H 1
| #define HAVE_SYS_PARAM_H 1
| #define HAVE_GETCWD 1
| #define HAVE_GETEGID 1
| #define HAVE_GETEUID 1
| #define HAVE_GETGID 1
| #define HAVE_GETUID 1
| #define HAVE_MEMPCPY 1
| #define HAVE_MUNMAP 1
| #define HAVE_STPCPY 1
| #define HAVE_STRCASECMP 1
| #define HAVE_TSEARCH 1
| #define HAVE___FSETLOCKING 1
| #define HAVE_DECL_FEOF_UNLOCKED 1
| #define HAVE_DECL_FGETS_UNLOCKED 1
| #define HAVE_LOCALECONV 1
| #define HAVE_LONG_LONG_INT 1
| #define HAVE_WCHAR_T 1
| #define HAVE_WINT_T 1
| #define HAVE_INTMAX_T 1
| #define HAVE_POSIX_PRINTF 1
| #define HAVE_STDINT_H 1
| #define HAVE_STDINT_H 1
| #define HAVE_WORKING_O_NOATIME 0
| #define HAVE_WORKING_O_NOFOLLOW 0
| #define HAVE_WORKING_USELOCALE 1
| #define HAVE_GOOD_USELOCALE 1
| #define FLEXIBLE_ARRAY_MEMBER /**/
| #define HAVE_FEATURES_H 1
| #define HAVE_STDDEF_H 1
| #define HAVE_STDLIB_H 1
| #define HAVE_STRING_H 1
| #define HAVE_ASPRINTF 1
| #define HAVE_WPRINTF 1
| #define HAVE_NEWLOCALE 1
| #define HAVE_PUTENV 1
| #define HAVE_SETENV 1
| #define HAVE_SNPRINTF 1
| #define HAVE_STRNLEN 1
| #define HAVE_USELOCALE 1
| #define HAVE_WCSLEN 1
| #define HAVE_WCSNLEN 1
| #define HAVE_MBRTOWC 1
| #define HAVE_WCRTOMB 1
| /* end confdefs.h.  */
| #include <stdio.h>
| 
| int
| main (void)
| {
| #ifndef _snprintf
| #ifdef __cplusplus
|   (void) _snprintf;
| #else
|   (void) _snprintf;
| #endif
| #endif
| 
|   ;
|   return 0;
| }
configure:13501: result: no
configure:13511: checking whether _snwprintf is declared
configure:13511: x86_64-unknown-linux-musl-gcc -c -g -O2  -I/home/samson/Projects/clojv3/./store/musl-1.2.6/include conftest.c >&5
conftest.c: In function 'main':
conftest.c:157:10: error: '_snwprintf' undeclared (first use in this function); did you mean 'vsnprintf'?
  157 |   (void) _snwprintf;
      |          ^~~~~~~~~~
      |          vsnprintf
conftest.c:157:10: note: each undeclared identifier is reported only once for each function it appears in
configure:13511: $? = 1
configure: failed program was:
| /* confdefs.h */
| #define PACKAGE_NAME "bash"
| #define PACKAGE_TARNAME "bash"
| #define PACKAGE_VERSION "5.3-release"
| #define PACKAGE_STRING "bash 5.3-release"
| #define PACKAGE_BUGREPORT "bug-bash@gnu.org"
| #define PACKAGE_URL ""
| #define ALIAS 1
| #define PUSHD_AND_POPD 1
| #define RESTRICTED_SHELL 1
| #define PROCESS_SUBSTITUTION 1
| #define PROMPT_STRING_DECODE 1
| #define SELECT_COMMAND 1
| #define HELP_BUILTIN 1
| #define ARRAY_VARS 1
| #define DPAREN_ARITHMETIC 1
| #define BRACE_EXPANSION 1
| #define COMMAND_TIMING 1
| #define EXTENDED_GLOB 1
| #define EXTGLOB_DEFAULT 0
| #define COND_COMMAND 1
| #define COND_REGEXP 1
| #define COPROCESS_SUPPORT 1
| #define ARITH_FOR_COMMAND 1
| #define NETWORK_REDIRECTIONS 1
| #define PROGRAMMABLE_COMPLETION 1
| #define DEBUGGER 1
| #define CASEMOD_ATTRS 1
| #define CASEMOD_EXPANSIONS 1
| #define GLOBASCII_DEFAULT 1
| #define FUNCTION_IMPORT 1
| #define TRANSLATABLE_STRINGS 1
| #define BASH_SOURCE_FULLPATH_DEFAULT 0
| #define MEMSCRAMBLE 1
| #define HAVE_STDIO_H 1
| #define HAVE_STDLIB_H 1
| #define HAVE_STRING_H 1
| #define HAVE_INTTYPES_H 1
| #define HAVE_STDINT_H 1
| #define HAVE_STRINGS_H 1
| #define HAVE_SYS_STAT_H 1
| #define HAVE_SYS_TYPES_H 1
| #define HAVE_UNISTD_H 1
| #define HAVE_WCHAR_H 1
| #define HAVE_STDBOOL_H 1
| #define HAVE_SYS_PARAM_H 1
| #define HAVE_THREADS_H 1
| #define HAVE_SYS_TIME_H 1
| #define STDC_HEADERS 1
| #define _ALL_SOURCE 1
| #define _DARWIN_C_SOURCE 1
| #define _GNU_SOURCE 1
| #define _HPUX_ALT_XOPEN_SOCKET_API 1
| #define _NETBSD_SOURCE 1
| #define _OPENBSD_SOURCE 1
| #define _POSIX_PTHREAD_SEMANTICS 1
| #define __STDC_WANT_IEC_60559_ATTRIBS_EXT__ 1
| #define __STDC_WANT_IEC_60559_BFP_EXT__ 1
| #define __STDC_WANT_IEC_60559_DFP_EXT__ 1
| #define __STDC_WANT_IEC_60559_EXT__ 1
| #define __STDC_WANT_IEC_60559_FUNCS_EXT__ 1
| #define __STDC_WANT_IEC_60559_TYPES_EXT__ 1
| #define __STDC_WANT_LIB_EXT2__ 1
| #define __STDC_WANT_MATH_SPEC_FUNCS__ 1
| #define _TANDEM_SOURCE 1
| #define __EXTENSIONS__ 1
| #define READLINE 1
| #define HISTORY 1
| #define BANG_HISTORY 1
| #define HAVE_STRINGIZE 1
| #define HAVE_LONG_DOUBLE 1
| #define restrict __restrict__
| #define HAVE_C_BOOL 1
| #define HAVE_VISIBILITY 1
| #define HAVE_STDINT_H_WITH_UINTMAX 1
| #define HAVE_ALLOCA_H 1
| #define HAVE_ALLOCA 1
| #define HAVE_GETPAGESIZE 1
| #define HAVE_SYMLINK 1
| #define HAVE_USELOCALE 1
| #define HAVE_VPRINTF 1
| #define HAVE_ALARM 1
| #define HAVE_FPURGE 1
| #define HAVE___FPURGE 1
| #define HAVE_SNPRINTF 1
| #define HAVE_VSNPRINTF 1
| #define HAVE_MMAP 1
| #define INTDIV0_RAISES_SIGFPE 1
| #define HAVE_INTTYPES_H_WITH_UINTMAX 1
| #define HAVE_UNSIGNED_LONG_LONG_INT 1
| #define HAVE_UINTMAX_T 1
| #define HAVE_WEAK_SYMBOLS 1
| #define HAVE_PTHREAD_API 1
| #define USE_POSIX_THREADS 1
| #define USE_POSIX_THREADS_WEAK 1
| #define HAVE_PTHREAD_RWLOCK 1
| #define HAVE_PTHREAD_MUTEX_RECURSIVE 1
| #define HAVE_ICONV 1
| #define ICONV_CONST 
| #define HAVE_BUILTIN_EXPECT 1
| #define HAVE_INTTYPES_H 1
| #define HAVE_UNISTD_H 1
| #define HAVE_SYS_PARAM_H 1
| #define HAVE_GETCWD 1
| #define HAVE_GETEGID 1
| #define HAVE_GETEUID 1
| #define HAVE_GETGID 1
| #define HAVE_GETUID 1
| #define HAVE_MEMPCPY 1
| #define HAVE_MUNMAP 1
| #define HAVE_STPCPY 1
| #define HAVE_STRCASECMP 1
| #define HAVE_TSEARCH 1
| #define HAVE___FSETLOCKING 1
| #define HAVE_DECL_FEOF_UNLOCKED 1
| #define HAVE_DECL_FGETS_UNLOCKED 1
| #define HAVE_LOCALECONV 1
| #define HAVE_LONG_LONG_INT 1
| #define HAVE_WCHAR_T 1
| #define HAVE_WINT_T 1
| #define HAVE_INTMAX_T 1
| #define HAVE_POSIX_PRINTF 1
| #define HAVE_STDINT_H 1
| #define HAVE_STDINT_H 1
| #define HAVE_WORKING_O_NOATIME 0
| #define HAVE_WORKING_O_NOFOLLOW 0
| #define HAVE_WORKING_USELOCALE 1
| #define HAVE_GOOD_USELOCALE 1
| #define FLEXIBLE_ARRAY_MEMBER /**/
| #define HAVE_FEATURES_H 1
| #define HAVE_STDDEF_H 1
| #define HAVE_STDLIB_H 1
| #define HAVE_STRING_H 1
| #define HAVE_ASPRINTF 1
| #define HAVE_WPRINTF 1
| #define HAVE_NEWLOCALE 1
| #define HAVE_PUTENV 1
| #define HAVE_SETENV 1
| #define HAVE_SNPRINTF 1
| #define HAVE_STRNLEN 1
| #define HAVE_USELOCALE 1
| #define HAVE_WCSLEN 1
| #define HAVE_WCSNLEN 1
| #define HAVE_MBRTOWC 1
| #define HAVE_WCRTOMB 1
| #define HAVE_DECL__SNPRINTF 0
| /* end confdefs.h.  */
| #include <stdio.h>
| 
| int
| main (void)
| {
| #ifndef _snwprintf
| #ifdef __cplusplus
|   (void) _snwprintf;
| #else
|   (void) _snwprintf;
| #endif
| #endif
| 
|   ;
|   return 0;
| }
configure:13511: result: no
configure:13523: checking whether getc_unlocked is declared
configure:13523: x86_64-unknown-linux-musl-gcc -c -g -O2  -I/home/samson/Projects/clojv3/./store/musl-1.2.6/include conftest.c >&5
configure:13523: $? = 0
configure:13523: result: yes
configure:13566: checking for nl_langinfo and CODESET
configure:13583: x86_64-unknown-linux-musl-gcc -o conftest -g -O2 -I/home/samson/Projects/clojv3/./store/musl-1.2.6/include -B/home/samson/Projects/clojv3/./store/musl-1.2.6/lib -L/home/samson/Projects/clojv3/./store/musl-1.2.6/lib -Wl,-rpath,/home/samson/Projects/clojv3/./store/musl-1.2.6/lib -Wl,-dynamic-linker,/home/samson/Projects/clojv3/./store/musl-1.2.6/lib/libc.so conftest.c  >&5
configure:13583: $? = 0
configure:13595: result: yes
configure:13606: checking for LC_MESSAGES
configure:13623: x86_64-unknown-linux-musl-gcc -o conftest -g -O2 -I/home/samson/Projects/clojv3/./store/musl-1.2.6/include -B/home/samson/Projects/clojv3/./store/musl-1.2.6/lib -L/home/samson/Projects/clojv3/./store/musl-1.2.6/lib -Wl,-rpath,/home/samson/Projects/clojv3/./store/musl-1.2.6/lib -Wl,-dynamic-linker,/home/samson/Projects/clojv3/./store/musl-1.2.6/lib/libc.so conftest.c  >&5
configure:13623: $? = 0
configure:13634: result: yes
configure:13798: checking for CFPreferencesCopyAppValue
configure:13829: result: no
configure:13836: checking for CFLocaleCopyPreferredLanguages
configure:13867: result: no
configure:13903: checking whether included gettext is requested
configure:13915: result: no
configure:13938: checking for GNU gettext in libc
configure:13968: x86_64-unknown-linux-musl-gcc -o conftest -g -O2 -I/home/samson/Projects/clojv3/./store/musl-1.2.6/include -B/home/samson/Projects/clojv3/./store/musl-1.2.6/lib -L/home/samson/Projects/clojv3/./store/musl-1.2.6/lib -Wl,-rpath,/home/samson/Projects/clojv3/./store/musl-1.2.6/lib -Wl,-dynamic-linker,/home/samson/Projects/clojv3/./store/musl-1.2.6/lib/libc.so conftest.c  >&5
configure:13968: $? = 0
configure:13980: result: yes
configure:14624: checking whether to use NLS
configure:14626: result: yes
configure:14629: checking where the gettext function comes from
configure:14640: result: libc
configure:14707: checking for dirent.h that defines DIR
configure:14727: x86_64-unknown-linux-musl-gcc -c -g -O2 -I/home/samson/Projects/clojv3/./store/musl-1.2.6/include conftest.c >&5
configure:14727: $? = 0
configure:14738: result: yes
configure:14752: checking for library containing opendir
configure:14788: x86_64-unknown-linux-musl-gcc -o conftest -g -O2 -I/home/samson/Projects/clojv3/./store/musl-1.2.6/include -B/home/samson/Projects/clojv3/./store/musl-1.2.6/lib -L/home/samson/Projects/clojv3/./store/musl-1.2.6/lib -Wl,-rpath,/home/samson/Projects/clojv3/./store/musl-1.2.6/lib -Wl,-dynamic-linker,/home/samson/Projects/clojv3/./store/musl-1.2.6/lib/libc.so conftest.c  >&5
configure:14788: $? = 0
configure:14810: result: none required
configure:14890: checking for sys/mkdev.h
configure:14890: x86_64-unknown-linux-musl-gcc -c -g -O2 -I/home/samson/Projects/clojv3/./store/musl-1.2.6/include conftest.c >&5
conftest.c:185:10: fatal error: sys/mkdev.h: No such file or directory
  185 | #include <sys/mkdev.h>
      |          ^~~~~~~~~~~~~
compilation terminated.
configure:14890: $? = 1
configure: failed program was:
| /* confdefs.h */
| #define PACKAGE_NAME "bash"
| #define PACKAGE_TARNAME "bash"
| #define PACKAGE_VERSION "5.3-release"
| #define PACKAGE_STRING "bash 5.3-release"
| #define PACKAGE_BUGREPORT "bug-bash@gnu.org"
| #define PACKAGE_URL ""
| #define ALIAS 1
| #define PUSHD_AND_POPD 1
| #define RESTRICTED_SHELL 1
| #define PROCESS_SUBSTITUTION 1
| #define PROMPT_STRING_DECODE 1
| #define SELECT_COMMAND 1
| #define HELP_BUILTIN 1
| #define ARRAY_VARS 1
| #define DPAREN_ARITHMETIC 1
| #define BRACE_EXPANSION 1
| #define COMMAND_TIMING 1
| #define EXTENDED_GLOB 1
| #define EXTGLOB_DEFAULT 0
| #define COND_COMMAND 1
| #define COND_REGEXP 1
| #define COPROCESS_SUPPORT 1
| #define ARITH_FOR_COMMAND 1
| #define NETWORK_REDIRECTIONS 1
| #define PROGRAMMABLE_COMPLETION 1
| #define DEBUGGER 1
| #define CASEMOD_ATTRS 1
| #define CASEMOD_EXPANSIONS 1
| #define GLOBASCII_DEFAULT 1
| #define FUNCTION_IMPORT 1
| #define TRANSLATABLE_STRINGS 1
| #define BASH_SOURCE_FULLPATH_DEFAULT 0
| #define MEMSCRAMBLE 1
| #define HAVE_STDIO_H 1
| #define HAVE_STDLIB_H 1
| #define HAVE_STRING_H 1
| #define HAVE_INTTYPES_H 1
| #define HAVE_STDINT_H 1
| #define HAVE_STRINGS_H 1
| #define HAVE_SYS_STAT_H 1
| #define HAVE_SYS_TYPES_H 1
| #define HAVE_UNISTD_H 1
| #define HAVE_WCHAR_H 1
| #define HAVE_STDBOOL_H 1
| #define HAVE_SYS_PARAM_H 1
| #define HAVE_THREADS_H 1
| #define HAVE_SYS_TIME_H 1
| #define STDC_HEADERS 1
| #define _ALL_SOURCE 1
| #define _DARWIN_C_SOURCE 1
| #define _GNU_SOURCE 1
| #define _HPUX_ALT_XOPEN_SOCKET_API 1
| #define _NETBSD_SOURCE 1
| #define _OPENBSD_SOURCE 1
| #define _POSIX_PTHREAD_SEMANTICS 1
| #define __STDC_WANT_IEC_60559_ATTRIBS_EXT__ 1
| #define __STDC_WANT_IEC_60559_BFP_EXT__ 1
| #define __STDC_WANT_IEC_60559_DFP_EXT__ 1
| #define __STDC_WANT_IEC_60559_EXT__ 1
| #define __STDC_WANT_IEC_60559_FUNCS_EXT__ 1
| #define __STDC_WANT_IEC_60559_TYPES_EXT__ 1
| #define __STDC_WANT_LIB_EXT2__ 1
| #define __STDC_WANT_MATH_SPEC_FUNCS__ 1
| #define _TANDEM_SOURCE 1
| #define __EXTENSIONS__ 1
| #define READLINE 1
| #define HISTORY 1
| #define BANG_HISTORY 1
| #define HAVE_STRINGIZE 1
| #define HAVE_LONG_DOUBLE 1
| #define restrict __restrict__
| #define HAVE_C_BOOL 1
| #define HAVE_VISIBILITY 1
| #define HAVE_STDINT_H_WITH_UINTMAX 1
| #define HAVE_ALLOCA_H 1
| #define HAVE_ALLOCA 1
| #define HAVE_GETPAGESIZE 1
| #define HAVE_SYMLINK 1
| #define HAVE_USELOCALE 1
| #define HAVE_VPRINTF 1
| #define HAVE_ALARM 1
| #define HAVE_FPURGE 1
| #define HAVE___FPURGE 1
| #define HAVE_SNPRINTF 1
| #define HAVE_VSNPRINTF 1
| #define HAVE_MMAP 1
| #define INTDIV0_RAISES_SIGFPE 1
| #define HAVE_INTTYPES_H_WITH_UINTMAX 1
| #define HAVE_UNSIGNED_LONG_LONG_INT 1
| #define HAVE_UINTMAX_T 1
| #define HAVE_WEAK_SYMBOLS 1
| #define HAVE_PTHREAD_API 1
| #define USE_POSIX_THREADS 1
| #define USE_POSIX_THREADS_WEAK 1
| #define HAVE_PTHREAD_RWLOCK 1
| #define HAVE_PTHREAD_MUTEX_RECURSIVE 1
| #define HAVE_ICONV 1
| #define ICONV_CONST 
| #define HAVE_BUILTIN_EXPECT 1
| #define HAVE_INTTYPES_H 1
| #define HAVE_UNISTD_H 1
| #define HAVE_SYS_PARAM_H 1
| #define HAVE_GETCWD 1
| #define HAVE_GETEGID 1
| #define HAVE_GETEUID 1
| #define HAVE_GETGID 1
| #define HAVE_GETUID 1
| #define HAVE_MEMPCPY 1
| #define HAVE_MUNMAP 1
| #define HAVE_STPCPY 1
| #define HAVE_STRCASECMP 1
| #define HAVE_TSEARCH 1
| #define HAVE___FSETLOCKING 1
| #define HAVE_DECL_FEOF_UNLOCKED 1
| #define HAVE_DECL_FGETS_UNLOCKED 1
| #define HAVE_LOCALECONV 1
| #define HAVE_LONG_LONG_INT 1
| #define HAVE_WCHAR_T 1
| #define HAVE_WINT_T 1
| #define HAVE_INTMAX_T 1
| #define HAVE_POSIX_PRINTF 1
| #define HAVE_STDINT_H 1
| #define HAVE_STDINT_H 1
| #define HAVE_WORKING_O_NOATIME 0
| #define HAVE_WORKING_O_NOFOLLOW 0
| #define HAVE_WORKING_USELOCALE 1
| #define HAVE_GOOD_USELOCALE 1
| #define FLEXIBLE_ARRAY_MEMBER /**/
| #define HAVE_FEATURES_H 1
| #define HAVE_STDDEF_H 1
| #define HAVE_STDLIB_H 1
| #define HAVE_STRING_H 1
| #define HAVE_ASPRINTF 1
| #define HAVE_WPRINTF 1
| #define HAVE_NEWLOCALE 1
| #define HAVE_PUTENV 1
| #define HAVE_SETENV 1
| #define HAVE_SNPRINTF 1
| #define HAVE_STRNLEN 1
| #define HAVE_USELOCALE 1
| #define HAVE_WCSLEN 1
| #define HAVE_WCSNLEN 1
| #define HAVE_MBRTOWC 1
| #define HAVE_WCRTOMB 1
| #define HAVE_DECL__SNPRINTF 0
| #define HAVE_DECL__SNWPRINTF 0
| #define HAVE_DECL_GETC_UNLOCKED 1
| #define HAVE_NL_LANGINFO 1
| #define HAVE_LANGINFO_CODESET 1
| #define HAVE_LC_MESSAGES 1
| #define ENABLE_NLS 1
| #define HAVE_GETTEXT 1
| #define HAVE_DCGETTEXT 1
| #define HAVE_DIRENT_H 1
| /* end confdefs.h.  */
| #include <stddef.h>
| #ifdef HAVE_STDIO_H
| # include <stdio.h>
| #endif
| #ifdef HAVE_STDLIB_H
| # include <stdlib.h>
| #endif
| #ifdef HAVE_STRING_H
| # include <string.h>
| #endif
| #ifdef HAVE_INTTYPES_H
| # include <inttypes.h>
| #endif
| #ifdef HAVE_STDINT_H
| # include <stdint.h>
| #endif
| #ifdef HAVE_STRINGS_H
| # include <strings.h>
| #endif
| #ifdef HAVE_SYS_TYPES_H
| # include <sys/types.h>
| #endif
| #ifdef HAVE_SYS_STAT_H
| # include <sys/stat.h>
| #endif
| #ifdef HAVE_UNISTD_H
| # include <unistd.h>
| #endif
| #include <sys/mkdev.h>
configure:14890: result: no
configure:14899: checking for sys/sysmacros.h
configure:14899: x86_64-unknown-linux-musl-gcc -c -g -O2 -I/home/samson/Projects/clojv3/./store/musl-1.2.6/include conftest.c >&5
configure:14899: $? = 0
configure:14899: result: yes
configure:14911: checking for inttypes.h
configure:14911: result: yes
configure:14920: checking for unistd.h
configure:14920: result: yes
configure:14926: checking for stdlib.h
configure:14926: result: yes
configure:14932: checking for varargs.h
configure:14932: x86_64-unknown-linux-musl-gcc -c -g -O2 -I/home/samson/Projects/clojv3/./store/musl-1.2.6/include conftest.c >&5
In file included from conftest.c:189:
/nix/store/yzx98qlav3kgw6a9pkjpz13p1v280vyk-x86_64-unknown-linux-musl-gcc-15.3.0/lib/gcc/x86_64-unknown-linux-musl/15.3.0/include/varargs.h:4:2: error: #error "GCC no longer implements <varargs.h>."
    4 | #error "GCC no longer implements <varargs.h>."
      |  ^~~~~
/nix/store/yzx98qlav3kgw6a9pkjpz13p1v280vyk-x86_64-unknown-linux-musl-gcc-15.3.0/lib/gcc/x86_64-unknown-linux-musl/15.3.0/include/varargs.h:5:2: error: #error "Revise your code to use <stdarg.h>."
    5 | #error "Revise your code to use <stdarg.h>."
      |  ^~~~~
configure:14932: $? = 1
configure: failed program was:
| /* confdefs.h */
| #define PACKAGE_NAME "bash"
| #define PACKAGE_TARNAME "bash"
| #define PACKAGE_VERSION "5.3-release"
| #define PACKAGE_STRING "bash 5.3-release"
| #define PACKAGE_BUGREPORT "bug-bash@gnu.org"
| #define PACKAGE_URL ""
| #define ALIAS 1
| #define PUSHD_AND_POPD 1
| #define RESTRICTED_SHELL 1
| #define PROCESS_SUBSTITUTION 1
| #define PROMPT_STRING_DECODE 1
| #define SELECT_COMMAND 1
| #define HELP_BUILTIN 1
| #define ARRAY_VARS 1
| #define DPAREN_ARITHMETIC 1
| #define BRACE_EXPANSION 1
| #define COMMAND_TIMING 1
| #define EXTENDED_GLOB 1
| #define EXTGLOB_DEFAULT 0
| #define COND_COMMAND 1
| #define COND_REGEXP 1
| #define COPROCESS_SUPPORT 1
| #define ARITH_FOR_COMMAND 1
| #define NETWORK_REDIRECTIONS 1
| #define PROGRAMMABLE_COMPLETION 1
| #define DEBUGGER 1
| #define CASEMOD_ATTRS 1
| #define CASEMOD_EXPANSIONS 1
| #define GLOBASCII_DEFAULT 1
| #define FUNCTION_IMPORT 1
| #define TRANSLATABLE_STRINGS 1
| #define BASH_SOURCE_FULLPATH_DEFAULT 0
| #define MEMSCRAMBLE 1
| #define HAVE_STDIO_H 1
| #define HAVE_STDLIB_H 1
| #define HAVE_STRING_H 1
| #define HAVE_INTTYPES_H 1
| #define HAVE_STDINT_H 1
| #define HAVE_STRINGS_H 1
| #define HAVE_SYS_STAT_H 1
| #define HAVE_SYS_TYPES_H 1
| #define HAVE_UNISTD_H 1
| #define HAVE_WCHAR_H 1
| #define HAVE_STDBOOL_H 1
| #define HAVE_SYS_PARAM_H 1
| #define HAVE_THREADS_H 1
| #define HAVE_SYS_TIME_H 1
| #define STDC_HEADERS 1
| #define _ALL_SOURCE 1
| #define _DARWIN_C_SOURCE 1
| #define _GNU_SOURCE 1
| #define _HPUX_ALT_XOPEN_SOCKET_API 1
| #define _NETBSD_SOURCE 1
| #define _OPENBSD_SOURCE 1
| #define _POSIX_PTHREAD_SEMANTICS 1
| #define __STDC_WANT_IEC_60559_ATTRIBS_EXT__ 1
| #define __STDC_WANT_IEC_60559_BFP_EXT__ 1
| #define __STDC_WANT_IEC_60559_DFP_EXT__ 1
| #define __STDC_WANT_IEC_60559_EXT__ 1
| #define __STDC_WANT_IEC_60559_FUNCS_EXT__ 1
| #define __STDC_WANT_IEC_60559_TYPES_EXT__ 1
| #define __STDC_WANT_LIB_EXT2__ 1
| #define __STDC_WANT_MATH_SPEC_FUNCS__ 1
| #define _TANDEM_SOURCE 1
| #define __EXTENSIONS__ 1
| #define READLINE 1
| #define HISTORY 1
| #define BANG_HISTORY 1
| #define HAVE_STRINGIZE 1
| #define HAVE_LONG_DOUBLE 1
| #define restrict __restrict__
| #define HAVE_C_BOOL 1
| #define HAVE_VISIBILITY 1
| #define HAVE_STDINT_H_WITH_UINTMAX 1
| #define HAVE_ALLOCA_H 1
| #define HAVE_ALLOCA 1
| #define HAVE_GETPAGESIZE 1
| #define HAVE_SYMLINK 1
| #define HAVE_USELOCALE 1
| #define HAVE_VPRINTF 1
| #define HAVE_ALARM 1
| #define HAVE_FPURGE 1
| #define HAVE___FPURGE 1
| #define HAVE_SNPRINTF 1
| #define HAVE_VSNPRINTF 1
| #define HAVE_MMAP 1
| #define INTDIV0_RAISES_SIGFPE 1
| #define HAVE_INTTYPES_H_WITH_UINTMAX 1
| #define HAVE_UNSIGNED_LONG_LONG_INT 1
| #define HAVE_UINTMAX_T 1
| #define HAVE_WEAK_SYMBOLS 1
| #define HAVE_PTHREAD_API 1
| #define USE_POSIX_THREADS 1
| #define USE_POSIX_THREADS_WEAK 1
| #define HAVE_PTHREAD_RWLOCK 1
| #define HAVE_PTHREAD_MUTEX_RECURSIVE 1
| #define HAVE_ICONV 1
| #define ICONV_CONST 
| #define HAVE_BUILTIN_EXPECT 1
| #define HAVE_INTTYPES_H 1
| #define HAVE_UNISTD_H 1
| #define HAVE_SYS_PARAM_H 1
| #define HAVE_GETCWD 1
| #define HAVE_GETEGID 1
| #define HAVE_GETEUID 1
| #define HAVE_GETGID 1
| #define HAVE_GETUID 1
| #define HAVE_MEMPCPY 1
| #define HAVE_MUNMAP 1
| #define HAVE_STPCPY 1
| #define HAVE_STRCASECMP 1
| #define HAVE_TSEARCH 1
| #define HAVE___FSETLOCKING 1
| #define HAVE_DECL_FEOF_UNLOCKED 1
| #define HAVE_DECL_FGETS_UNLOCKED 1
| #define HAVE_LOCALECONV 1
| #define HAVE_LONG_LONG_INT 1
| #define HAVE_WCHAR_T 1
| #define HAVE_WINT_T 1
| #define HAVE_INTMAX_T 1
| #define HAVE_POSIX_PRINTF 1
| #define HAVE_STDINT_H 1
| #define HAVE_STDINT_H 1
| #define HAVE_WORKING_O_NOATIME 0
| #define HAVE_WORKING_O_NOFOLLOW 0
| #define HAVE_WORKING_USELOCALE 1
| #define HAVE_GOOD_USELOCALE 1
| #define FLEXIBLE_ARRAY_MEMBER /**/
| #define HAVE_FEATURES_H 1
| #define HAVE_STDDEF_H 1
| #define HAVE_STDLIB_H 1
| #define HAVE_STRING_H 1
| #define HAVE_ASPRINTF 1
| #define HAVE_WPRINTF 1
| #define HAVE_NEWLOCALE 1
| #define HAVE_PUTENV 1
| #define HAVE_SETENV 1
| #define HAVE_SNPRINTF 1
| #define HAVE_STRNLEN 1
| #define HAVE_USELOCALE 1
| #define HAVE_WCSLEN 1
| #define HAVE_WCSNLEN 1
| #define HAVE_MBRTOWC 1
| #define HAVE_WCRTOMB 1
| #define HAVE_DECL__SNPRINTF 0
| #define HAVE_DECL__SNWPRINTF 0
| #define HAVE_DECL_GETC_UNLOCKED 1
| #define HAVE_NL_LANGINFO 1
| #define HAVE_LANGINFO_CODESET 1
| #define HAVE_LC_MESSAGES 1
| #define ENABLE_NLS 1
| #define HAVE_GETTEXT 1
| #define HAVE_DCGETTEXT 1
| #define HAVE_DIRENT_H 1
| #define MAJOR_IN_SYSMACROS 1
| #define HAVE_INTTYPES_H 1
| #define HAVE_UNISTD_H 1
| #define HAVE_STDLIB_H 1
| /* end confdefs.h.  */
| #include <stddef.h>
| #ifdef HAVE_STDIO_H
| # include <stdio.h>
| #endif
| #ifdef HAVE_STDLIB_H
| # include <stdlib.h>
| #endif
| #ifdef HAVE_STRING_H
| # include <string.h>
| #endif
| #ifdef HAVE_INTTYPES_H
| # include <inttypes.h>
| #endif
| #ifdef HAVE_STDINT_H
| # include <stdint.h>
| #endif
| #ifdef HAVE_STRINGS_H
| # include <strings.h>
| #endif
| #ifdef HAVE_SYS_TYPES_H
| # include <sys/types.h>
| #endif
| #ifdef HAVE_SYS_STAT_H
| # include <sys/stat.h>
| #endif
| #ifdef HAVE_UNISTD_H
| # include <unistd.h>
| #endif
| #include <varargs.h>
configure:14932: result: no
configure:14938: checking for limits.h
configure:14938: x86_64-unknown-linux-musl-gcc -c -g -O2 -I/home/samson/Projects/clojv3/./store/musl-1.2.6/include conftest.c >&5
configure:14938: $? = 0
configure:14938: result: yes
configure:14944: checking for string.h
configure:14944: result: yes
configure:14950: checking for memory.h
configure:14950: x86_64-unknown-linux-musl-gcc -c -g -O2 -I/home/samson/Projects/clojv3/./store/musl-1.2.6/include conftest.c >&5
configure:14950: $? = 0
configure:14950: result: yes
configure:14956: checking for locale.h
configure:14956: x86_64-unknown-linux-musl-gcc -c -g -O2 -I/home/samson/Projects/clojv3/./store/musl-1.2.6/include conftest.c >&5
configure:14956: $? = 0
configure:14956: result: yes
configure:14962: checking for termcap.h
configure:14962: x86_64-unknown-linux-musl-gcc -c -g -O2 -I/home/samson/Projects/clojv3/./store/musl-1.2.6/include conftest.c >&5
conftest.c:193:10: fatal error: termcap.h: No such file or directory
  193 | #include <termcap.h>
      |          ^~~~~~~~~~~
compilation terminated.
configure:14962: $? = 1
configure: failed program was:
| /* confdefs.h */
| #define PACKAGE_NAME "bash"
| #define PACKAGE_TARNAME "bash"
| #define PACKAGE_VERSION "5.3-release"
| #define PACKAGE_STRING "bash 5.3-release"
| #define PACKAGE_BUGREPORT "bug-bash@gnu.org"
| #define PACKAGE_URL ""
| #define ALIAS 1
| #define PUSHD_AND_POPD 1
| #define RESTRICTED_SHELL 1
| #define PROCESS_SUBSTITUTION 1
| #define PROMPT_STRING_DECODE 1
| #define SELECT_COMMAND 1
| #define HELP_BUILTIN 1
| #define ARRAY_VARS 1
| #define DPAREN_ARITHMETIC 1
| #define BRACE_EXPANSION 1
| #define COMMAND_TIMING 1
| #define EXTENDED_GLOB 1
| #define EXTGLOB_DEFAULT 0
| #define COND_COMMAND 1
| #define COND_REGEXP 1
| #define COPROCESS_SUPPORT 1
| #define ARITH_FOR_COMMAND 1
| #define NETWORK_REDIRECTIONS 1
| #define PROGRAMMABLE_COMPLETION 1
| #define DEBUGGER 1
| #define CASEMOD_ATTRS 1
| #define CASEMOD_EXPANSIONS 1
| #define GLOBASCII_DEFAULT 1
| #define FUNCTION_IMPORT 1
| #define TRANSLATABLE_STRINGS 1
| #define BASH_SOURCE_FULLPATH_DEFAULT 0
| #define MEMSCRAMBLE 1
| #define HAVE_STDIO_H 1
| #define HAVE_STDLIB_H 1
| #define HAVE_STRING_H 1
| #define HAVE_INTTYPES_H 1
| #define HAVE_STDINT_H 1
| #define HAVE_STRINGS_H 1
| #define HAVE_SYS_STAT_H 1
| #define HAVE_SYS_TYPES_H 1
| #define HAVE_UNISTD_H 1
| #define HAVE_WCHAR_H 1
| #define HAVE_STDBOOL_H 1
| #define HAVE_SYS_PARAM_H 1
| #define HAVE_THREADS_H 1
| #define HAVE_SYS_TIME_H 1
| #define STDC_HEADERS 1
| #define _ALL_SOURCE 1
| #define _DARWIN_C_SOURCE 1
| #define _GNU_SOURCE 1
| #define _HPUX_ALT_XOPEN_SOCKET_API 1
| #define _NETBSD_SOURCE 1
| #define _OPENBSD_SOURCE 1
| #define _POSIX_PTHREAD_SEMANTICS 1
| #define __STDC_WANT_IEC_60559_ATTRIBS_EXT__ 1
| #define __STDC_WANT_IEC_60559_BFP_EXT__ 1
| #define __STDC_WANT_IEC_60559_DFP_EXT__ 1
| #define __STDC_WANT_IEC_60559_EXT__ 1
| #define __STDC_WANT_IEC_60559_FUNCS_EXT__ 1
| #define __STDC_WANT_IEC_60559_TYPES_EXT__ 1
| #define __STDC_WANT_LIB_EXT2__ 1
| #define __STDC_WANT_MATH_SPEC_FUNCS__ 1
| #define _TANDEM_SOURCE 1
| #define __EXTENSIONS__ 1
| #define READLINE 1
| #define HISTORY 1
| #define BANG_HISTORY 1
| #define HAVE_STRINGIZE 1
| #define HAVE_LONG_DOUBLE 1
| #define restrict __restrict__
| #define HAVE_C_BOOL 1
| #define HAVE_VISIBILITY 1
| #define HAVE_STDINT_H_WITH_UINTMAX 1
| #define HAVE_ALLOCA_H 1
| #define HAVE_ALLOCA 1
| #define HAVE_GETPAGESIZE 1
| #define HAVE_SYMLINK 1
| #define HAVE_USELOCALE 1
| #define HAVE_VPRINTF 1
| #define HAVE_ALARM 1
| #define HAVE_FPURGE 1
| #define HAVE___FPURGE 1
| #define HAVE_SNPRINTF 1
| #define HAVE_VSNPRINTF 1
| #define HAVE_MMAP 1
| #define INTDIV0_RAISES_SIGFPE 1
| #define HAVE_INTTYPES_H_WITH_UINTMAX 1
| #define HAVE_UNSIGNED_LONG_LONG_INT 1
| #define HAVE_UINTMAX_T 1
| #define HAVE_WEAK_SYMBOLS 1
| #define HAVE_PTHREAD_API 1
| #define USE_POSIX_THREADS 1
| #define USE_POSIX_THREADS_WEAK 1
| #define HAVE_PTHREAD_RWLOCK 1
| #define HAVE_PTHREAD_MUTEX_RECURSIVE 1
| #define HAVE_ICONV 1
| #define ICONV_CONST 
| #define HAVE_BUILTIN_EXPECT 1
| #define HAVE_INTTYPES_H 1
| #define HAVE_UNISTD_H 1
| #define HAVE_SYS_PARAM_H 1
| #define HAVE_GETCWD 1
| #define HAVE_GETEGID 1
| #define HAVE_GETEUID 1
| #define HAVE_GETGID 1
| #define HAVE_GETUID 1
| #define HAVE_MEMPCPY 1
| #define HAVE_MUNMAP 1
| #define HAVE_STPCPY 1
| #define HAVE_STRCASECMP 1
| #define HAVE_TSEARCH 1
| #define HAVE___FSETLOCKING 1
| #define HAVE_DECL_FEOF_UNLOCKED 1
| #define HAVE_DECL_FGETS_UNLOCKED 1
| #define HAVE_LOCALECONV 1
| #define HAVE_LONG_LONG_INT 1
| #define HAVE_WCHAR_T 1
| #define HAVE_WINT_T 1
| #define HAVE_INTMAX_T 1
| #define HAVE_POSIX_PRINTF 1
| #define HAVE_STDINT_H 1
| #define HAVE_STDINT_H 1
| #define HAVE_WORKING_O_NOATIME 0
| #define HAVE_WORKING_O_NOFOLLOW 0
| #define HAVE_WORKING_USELOCALE 1
| #define HAVE_GOOD_USELOCALE 1
| #define FLEXIBLE_ARRAY_MEMBER /**/
| #define HAVE_FEATURES_H 1
| #define HAVE_STDDEF_H 1
| #define HAVE_STDLIB_H 1
| #define HAVE_STRING_H 1
| #define HAVE_ASPRINTF 1
| #define HAVE_WPRINTF 1
| #define HAVE_NEWLOCALE 1
| #define HAVE_PUTENV 1
| #define HAVE_SETENV 1
| #define HAVE_SNPRINTF 1
| #define HAVE_STRNLEN 1
| #define HAVE_USELOCALE 1
| #define HAVE_WCSLEN 1
| #define HAVE_WCSNLEN 1
| #define HAVE_MBRTOWC 1
| #define HAVE_WCRTOMB 1
| #define HAVE_DECL__SNPRINTF 0
| #define HAVE_DECL__SNWPRINTF 0
| #define HAVE_DECL_GETC_UNLOCKED 1
| #define HAVE_NL_LANGINFO 1
| #define HAVE_LANGINFO_CODESET 1
| #define HAVE_LC_MESSAGES 1
| #define ENABLE_NLS 1
| #define HAVE_GETTEXT 1
| #define HAVE_DCGETTEXT 1
| #define HAVE_DIRENT_H 1
| #define MAJOR_IN_SYSMACROS 1
| #define HAVE_INTTYPES_H 1
| #define HAVE_UNISTD_H 1
| #define HAVE_STDLIB_H 1
| #define HAVE_LIMITS_H 1
| #define HAVE_STRING_H 1
| #define HAVE_MEMORY_H 1
| #define HAVE_LOCALE_H 1
| /* end confdefs.h.  */
| #include <stddef.h>
| #ifdef HAVE_STDIO_H
| # include <stdio.h>
| #endif
| #ifdef HAVE_STDLIB_H
| # include <stdlib.h>
| #endif
| #ifdef HAVE_STRING_H
| # include <string.h>
| #endif
| #ifdef HAVE_INTTYPES_H
| # include <inttypes.h>
| #endif
| #ifdef HAVE_STDINT_H
| # include <stdint.h>
| #endif
| #ifdef HAVE_STRINGS_H
| # include <strings.h>
| #endif
| #ifdef HAVE_SYS_TYPES_H
| # include <sys/types.h>
| #endif
| #ifdef HAVE_SYS_STAT_H
| # include <sys/stat.h>
| #endif
| #ifdef HAVE_UNISTD_H
| # include <unistd.h>
| #endif
| #include <termcap.h>
configure:14962: result: no
configure:14968: checking for termio.h
configure:14968: x86_64-unknown-linux-musl-gcc -c -g -O2 -I/home/samson/Projects/clojv3/./store/musl-1.2.6/include conftest.c >&5
conftest.c:193:10: fatal error: termio.h: No such file or directory
  193 | #include <termio.h>
      |          ^~~~~~~~~~
compilation terminated.
configure:14968: $? = 1
configure: failed program was:
| /* confdefs.h */
| #define PACKAGE_NAME "bash"
| #define PACKAGE_TARNAME "bash"
| #define PACKAGE_VERSION "5.3-release"
| #define PACKAGE_STRING "bash 5.3-release"
| #define PACKAGE_BUGREPORT "bug-bash@gnu.org"
| #define PACKAGE_URL ""
| #define ALIAS 1
| #define PUSHD_AND_POPD 1
| #define RESTRICTED_SHELL 1
| #define PROCESS_SUBSTITUTION 1
| #define PROMPT_STRING_DECODE 1
| #define SELECT_COMMAND 1
| #define HELP_BUILTIN 1
| #define ARRAY_VARS 1
| #define DPAREN_ARITHMETIC 1
| #define BRACE_EXPANSION 1
| #define COMMAND_TIMING 1
| #define EXTENDED_GLOB 1
| #define EXTGLOB_DEFAULT 0
| #define COND_COMMAND 1
| #define COND_REGEXP 1
| #define COPROCESS_SUPPORT 1
| #define ARITH_FOR_COMMAND 1
| #define NETWORK_REDIRECTIONS 1
| #define PROGRAMMABLE_COMPLETION 1
| #define DEBUGGER 1
| #define CASEMOD_ATTRS 1
| #define CASEMOD_EXPANSIONS 1
| #define GLOBASCII_DEFAULT 1
| #define FUNCTION_IMPORT 1
| #define TRANSLATABLE_STRINGS 1
| #define BASH_SOURCE_FULLPATH_DEFAULT 0
| #define MEMSCRAMBLE 1
| #define HAVE_STDIO_H 1
| #define HAVE_STDLIB_H 1
| #define HAVE_STRING_H 1
| #define HAVE_INTTYPES_H 1
| #define HAVE_STDINT_H 1
| #define HAVE_STRINGS_H 1
| #define HAVE_SYS_STAT_H 1
| #define HAVE_SYS_TYPES_H 1
| #define HAVE_UNISTD_H 1
| #define HAVE_WCHAR_H 1
| #define HAVE_STDBOOL_H 1
| #define HAVE_SYS_PARAM_H 1
| #define HAVE_THREADS_H 1
| #define HAVE_SYS_TIME_H 1
| #define STDC_HEADERS 1
| #define _ALL_SOURCE 1
| #define _DARWIN_C_SOURCE 1
| #define _GNU_SOURCE 1
| #define _HPUX_ALT_XOPEN_SOCKET_API 1
| #define _NETBSD_SOURCE 1
| #define _OPENBSD_SOURCE 1
| #define _POSIX_PTHREAD_SEMANTICS 1
| #define __STDC_WANT_IEC_60559_ATTRIBS_EXT__ 1
| #define __STDC_WANT_IEC_60559_BFP_EXT__ 1
| #define __STDC_WANT_IEC_60559_DFP_EXT__ 1
| #define __STDC_WANT_IEC_60559_EXT__ 1
| #define __STDC_WANT_IEC_60559_FUNCS_EXT__ 1
| #define __STDC_WANT_IEC_60559_TYPES_EXT__ 1
| #define __STDC_WANT_LIB_EXT2__ 1
| #define __STDC_WANT_MATH_SPEC_FUNCS__ 1
| #define _TANDEM_SOURCE 1
| #define __EXTENSIONS__ 1
| #define READLINE 1
| #define HISTORY 1
| #define BANG_HISTORY 1
| #define HAVE_STRINGIZE 1
| #define HAVE_LONG_DOUBLE 1
| #define restrict __restrict__
| #define HAVE_C_BOOL 1
| #define HAVE_VISIBILITY 1
| #define HAVE_STDINT_H_WITH_UINTMAX 1
| #define HAVE_ALLOCA_H 1
| #define HAVE_ALLOCA 1
| #define HAVE_GETPAGESIZE 1
| #define HAVE_SYMLINK 1
| #define HAVE_USELOCALE 1
| #define HAVE_VPRINTF 1
| #define HAVE_ALARM 1
| #define HAVE_FPURGE 1
| #define HAVE___FPURGE 1
| #define HAVE_SNPRINTF 1
| #define HAVE_VSNPRINTF 1
| #define HAVE_MMAP 1
| #define INTDIV0_RAISES_SIGFPE 1
| #define HAVE_INTTYPES_H_WITH_UINTMAX 1
| #define HAVE_UNSIGNED_LONG_LONG_INT 1
| #define HAVE_UINTMAX_T 1
| #define HAVE_WEAK_SYMBOLS 1
| #define HAVE_PTHREAD_API 1
| #define USE_POSIX_THREADS 1
| #define USE_POSIX_THREADS_WEAK 1
| #define HAVE_PTHREAD_RWLOCK 1
| #define HAVE_PTHREAD_MUTEX_RECURSIVE 1
| #define HAVE_ICONV 1
| #define ICONV_CONST 
| #define HAVE_BUILTIN_EXPECT 1
| #define HAVE_INTTYPES_H 1
| #define HAVE_UNISTD_H 1
| #define HAVE_SYS_PARAM_H 1
| #define HAVE_GETCWD 1
| #define HAVE_GETEGID 1
| #define HAVE_GETEUID 1
| #define HAVE_GETGID 1
| #define HAVE_GETUID 1
| #define HAVE_MEMPCPY 1
| #define HAVE_MUNMAP 1
| #define HAVE_STPCPY 1
| #define HAVE_STRCASECMP 1
| #define HAVE_TSEARCH 1
| #define HAVE___FSETLOCKING 1
| #define HAVE_DECL_FEOF_UNLOCKED 1
| #define HAVE_DECL_FGETS_UNLOCKED 1
| #define HAVE_LOCALECONV 1
| #define HAVE_LONG_LONG_INT 1
| #define HAVE_WCHAR_T 1
| #define HAVE_WINT_T 1
| #define HAVE_INTMAX_T 1
| #define HAVE_POSIX_PRINTF 1
| #define HAVE_STDINT_H 1
| #define HAVE_STDINT_H 1
| #define HAVE_WORKING_O_NOATIME 0
| #define HAVE_WORKING_O_NOFOLLOW 0
| #define HAVE_WORKING_USELOCALE 1
| #define HAVE_GOOD_USELOCALE 1
| #define FLEXIBLE_ARRAY_MEMBER /**/
| #define HAVE_FEATURES_H 1
| #define HAVE_STDDEF_H 1
| #define HAVE_STDLIB_H 1
| #define HAVE_STRING_H 1
| #define HAVE_ASPRINTF 1
| #define HAVE_WPRINTF 1
| #define HAVE_NEWLOCALE 1
| #define HAVE_PUTENV 1
| #define HAVE_SETENV 1
| #define HAVE_SNPRINTF 1
| #define HAVE_STRNLEN 1
| #define HAVE_USELOCALE 1
| #define HAVE_WCSLEN 1
| #define HAVE_WCSNLEN 1
| #define HAVE_MBRTOWC 1
| #define HAVE_WCRTOMB 1
| #define HAVE_DECL__SNPRINTF 0
| #define HAVE_DECL__SNWPRINTF 0
| #define HAVE_DECL_GETC_UNLOCKED 1
| #define HAVE_NL_LANGINFO 1
| #define HAVE_LANGINFO_CODESET 1
| #define HAVE_LC_MESSAGES 1
| #define ENABLE_NLS 1
| #define HAVE_GETTEXT 1
| #define HAVE_DCGETTEXT 1
| #define HAVE_DIRENT_H 1
| #define MAJOR_IN_SYSMACROS 1
| #define HAVE_INTTYPES_H 1
| #define HAVE_UNISTD_H 1
| #define HAVE_STDLIB_H 1
| #define HAVE_LIMITS_H 1
| #define HAVE_STRING_H 1
| #define HAVE_MEMORY_H 1
| #define HAVE_LOCALE_H 1
| /* end confdefs.h.  */
| #include <stddef.h>
| #ifdef HAVE_STDIO_H
| # include <stdio.h>
| #endif
| #ifdef HAVE_STDLIB_H
| # include <stdlib.h>
| #endif
| #ifdef HAVE_STRING_H
| # include <string.h>
| #endif
| #ifdef HAVE_INTTYPES_H
| # include <inttypes.h>
| #endif
| #ifdef HAVE_STDINT_H
| # include <stdint.h>
| #endif
| #ifdef HAVE_STRINGS_H
| # include <strings.h>
| #endif
| #ifdef HAVE_SYS_TYPES_H
| # include <sys/types.h>
| #endif
| #ifdef HAVE_SYS_STAT_H
| # include <sys/stat.h>
| #endif
| #ifdef HAVE_UNISTD_H
| # include <unistd.h>
| #endif
| #include <termio.h>
configure:14968: result: no
configure:14974: checking for termios.h
configure:14974: x86_64-unknown-linux-musl-gcc -c -g -O2 -I/home/samson/Projects/clojv3/./store/musl-1.2.6/include conftest.c >&5
configure:14974: $? = 0
configure:14974: result: yes
configure:14980: checking for dlfcn.h
configure:14980: x86_64-unknown-linux-musl-gcc -c -g -O2 -I/home/samson/Projects/clojv3/./store/musl-1.2.6/include conftest.c >&5
configure:14980: $? = 0
configure:14980: result: yes
configure:14986: checking for stddef.h
configure:14986: result: yes
configure:14992: checking for stdint.h
configure:14992: result: yes
configure:14998: checking for netdb.h
configure:14998: x86_64-unknown-linux-musl-gcc -c -g -O2 -I/home/samson/Projects/clojv3/./store/musl-1.2.6/include conftest.c >&5
configure:14998: $? = 0
configure:14998: result: yes
configure:15004: checking for pwd.h
configure:15004: x86_64-unknown-linux-musl-gcc -c -g -O2 -I/home/samson/Projects/clojv3/./store/musl-1.2.6/include conftest.c >&5
configure:15004: $? = 0
configure:15004: result: yes
configure:15010: checking for grp.h
configure:15010: x86_64-unknown-linux-musl-gcc -c -g -O2 -I/home/samson/Projects/clojv3/./store/musl-1.2.6/include conftest.c >&5
configure:15010: $? = 0
configure:15010: result: yes
configure:15016: checking for strings.h
configure:15016: result: yes
configure:15022: checking for stdckdint.h
configure:15022: x86_64-unknown-linux-musl-gcc -c -g -O2 -I/home/samson/Projects/clojv3/./store/musl-1.2.6/include conftest.c >&5
configure:15022: $? = 0
configure:15022: result: yes
configure:15028: checking for regex.h
configure:15028: x86_64-unknown-linux-musl-gcc -c -g -O2 -I/home/samson/Projects/clojv3/./store/musl-1.2.6/include conftest.c >&5
configure:15028: $? = 0
configure:15028: result: yes
configure:15034: checking for syslog.h
configure:15034: x86_64-unknown-linux-musl-gcc -c -g -O2 -I/home/samson/Projects/clojv3/./store/musl-1.2.6/include conftest.c >&5
configure:15034: $? = 0
configure:15034: result: yes
configure:15040: checking for ulimit.h
configure:15040: x86_64-unknown-linux-musl-gcc -c -g -O2 -I/home/samson/Projects/clojv3/./store/musl-1.2.6/include conftest.c >&5
configure:15040: $? = 0
configure:15040: result: yes
configure:15047: checking for sys/pte.h
configure:15047: x86_64-unknown-linux-musl-gcc -c -g -O2 -I/home/samson/Projects/clojv3/./store/musl-1.2.6/include conftest.c >&5
conftest.c:205:10: fatal error: sys/pte.h: No such file or directory
  205 | #include <sys/pte.h>
      |          ^~~~~~~~~~~
compilation terminated.
configure:15047: $? = 1
configure: failed program was:
| /* confdefs.h */
| #define PACKAGE_NAME "bash"
| #define PACKAGE_TARNAME "bash"
| #define PACKAGE_VERSION "5.3-release"
| #define PACKAGE_STRING "bash 5.3-release"
| #define PACKAGE_BUGREPORT "bug-bash@gnu.org"
| #define PACKAGE_URL ""
| #define ALIAS 1
| #define PUSHD_AND_POPD 1
| #define RESTRICTED_SHELL 1
| #define PROCESS_SUBSTITUTION 1
| #define PROMPT_STRING_DECODE 1
| #define SELECT_COMMAND 1
| #define HELP_BUILTIN 1
| #define ARRAY_VARS 1
| #define DPAREN_ARITHMETIC 1
| #define BRACE_EXPANSION 1
| #define COMMAND_TIMING 1
| #define EXTENDED_GLOB 1
| #define EXTGLOB_DEFAULT 0
| #define COND_COMMAND 1
| #define COND_REGEXP 1
| #define COPROCESS_SUPPORT 1
| #define ARITH_FOR_COMMAND 1
| #define NETWORK_REDIRECTIONS 1
| #define PROGRAMMABLE_COMPLETION 1
| #define DEBUGGER 1
| #define CASEMOD_ATTRS 1
| #define CASEMOD_EXPANSIONS 1
| #define GLOBASCII_DEFAULT 1
| #define FUNCTION_IMPORT 1
| #define TRANSLATABLE_STRINGS 1
| #define BASH_SOURCE_FULLPATH_DEFAULT 0
| #define MEMSCRAMBLE 1
| #define HAVE_STDIO_H 1
| #define HAVE_STDLIB_H 1
| #define HAVE_STRING_H 1
| #define HAVE_INTTYPES_H 1
| #define HAVE_STDINT_H 1
| #define HAVE_STRINGS_H 1
| #define HAVE_SYS_STAT_H 1
| #define HAVE_SYS_TYPES_H 1
| #define HAVE_UNISTD_H 1
| #define HAVE_WCHAR_H 1
| #define HAVE_STDBOOL_H 1
| #define HAVE_SYS_PARAM_H 1
| #define HAVE_THREADS_H 1
| #define HAVE_SYS_TIME_H 1
| #define STDC_HEADERS 1
| #define _ALL_SOURCE 1
| #define _DARWIN_C_SOURCE 1
| #define _GNU_SOURCE 1
| #define _HPUX_ALT_XOPEN_SOCKET_API 1
| #define _NETBSD_SOURCE 1
| #define _OPENBSD_SOURCE 1
| #define _POSIX_PTHREAD_SEMANTICS 1
| #define __STDC_WANT_IEC_60559_ATTRIBS_EXT__ 1
| #define __STDC_WANT_IEC_60559_BFP_EXT__ 1
| #define __STDC_WANT_IEC_60559_DFP_EXT__ 1
| #define __STDC_WANT_IEC_60559_EXT__ 1
| #define __STDC_WANT_IEC_60559_FUNCS_EXT__ 1
| #define __STDC_WANT_IEC_60559_TYPES_EXT__ 1
| #define __STDC_WANT_LIB_EXT2__ 1
| #define __STDC_WANT_MATH_SPEC_FUNCS__ 1
| #define _TANDEM_SOURCE 1
| #define __EXTENSIONS__ 1
| #define READLINE 1
| #define HISTORY 1
| #define BANG_HISTORY 1
| #define HAVE_STRINGIZE 1
| #define HAVE_LONG_DOUBLE 1
| #define restrict __restrict__
| #define HAVE_C_BOOL 1
| #define HAVE_VISIBILITY 1
| #define HAVE_STDINT_H_WITH_UINTMAX 1
| #define HAVE_ALLOCA_H 1
| #define HAVE_ALLOCA 1
| #define HAVE_GETPAGESIZE 1
| #define HAVE_SYMLINK 1
| #define HAVE_USELOCALE 1
| #define HAVE_VPRINTF 1
| #define HAVE_ALARM 1
| #define HAVE_FPURGE 1
| #define HAVE___FPURGE 1
| #define HAVE_SNPRINTF 1
| #define HAVE_VSNPRINTF 1
| #define HAVE_MMAP 1
| #define INTDIV0_RAISES_SIGFPE 1
| #define HAVE_INTTYPES_H_WITH_UINTMAX 1
| #define HAVE_UNSIGNED_LONG_LONG_INT 1
| #define HAVE_UINTMAX_T 1
| #define HAVE_WEAK_SYMBOLS 1
| #define HAVE_PTHREAD_API 1
| #define USE_POSIX_THREADS 1
| #define USE_POSIX_THREADS_WEAK 1
| #define HAVE_PTHREAD_RWLOCK 1
| #define HAVE_PTHREAD_MUTEX_RECURSIVE 1
| #define HAVE_ICONV 1
| #define ICONV_CONST 
| #define HAVE_BUILTIN_EXPECT 1
| #define HAVE_INTTYPES_H 1
| #define HAVE_UNISTD_H 1
| #define HAVE_SYS_PARAM_H 1
| #define HAVE_GETCWD 1
| #define HAVE_GETEGID 1
| #define HAVE_GETEUID 1
| #define HAVE_GETGID 1
| #define HAVE_GETUID 1
| #define HAVE_MEMPCPY 1
| #define HAVE_MUNMAP 1
| #define HAVE_STPCPY 1
| #define HAVE_STRCASECMP 1
| #define HAVE_TSEARCH 1
| #define HAVE___FSETLOCKING 1
| #define HAVE_DECL_FEOF_UNLOCKED 1
| #define HAVE_DECL_FGETS_UNLOCKED 1
| #define HAVE_LOCALECONV 1
| #define HAVE_LONG_LONG_INT 1
| #define HAVE_WCHAR_T 1
| #define HAVE_WINT_T 1
| #define HAVE_INTMAX_T 1
| #define HAVE_POSIX_PRINTF 1
| #define HAVE_STDINT_H 1
| #define HAVE_STDINT_H 1
| #define HAVE_WORKING_O_NOATIME 0
| #define HAVE_WORKING_O_NOFOLLOW 0
| #define HAVE_WORKING_USELOCALE 1
| #define HAVE_GOOD_USELOCALE 1
| #define FLEXIBLE_ARRAY_MEMBER /**/
| #define HAVE_FEATURES_H 1
| #define HAVE_STDDEF_H 1
| #define HAVE_STDLIB_H 1
| #define HAVE_STRING_H 1
| #define HAVE_ASPRINTF 1
| #define HAVE_WPRINTF 1
| #define HAVE_NEWLOCALE 1
| #define HAVE_PUTENV 1
| #define HAVE_SETENV 1
| #define HAVE_SNPRINTF 1
| #define HAVE_STRNLEN 1
| #define HAVE_USELOCALE 1
| #define HAVE_WCSLEN 1
| #define HAVE_WCSNLEN 1
| #define HAVE_MBRTOWC 1
| #define HAVE_WCRTOMB 1
| #define HAVE_DECL__SNPRINTF 0
| #define HAVE_DECL__SNWPRINTF 0
| #define HAVE_DECL_GETC_UNLOCKED 1
| #define HAVE_NL_LANGINFO 1
| #define HAVE_LANGINFO_CODESET 1
| #define HAVE_LC_MESSAGES 1
| #define ENABLE_NLS 1
| #define HAVE_GETTEXT 1
| #define HAVE_DCGETTEXT 1
| #define HAVE_DIRENT_H 1
| #define MAJOR_IN_SYSMACROS 1
| #define HAVE_INTTYPES_H 1
| #define HAVE_UNISTD_H 1
| #define HAVE_STDLIB_H 1
| #define HAVE_LIMITS_H 1
| #define HAVE_STRING_H 1
| #define HAVE_MEMORY_H 1
| #define HAVE_LOCALE_H 1
| #define HAVE_TERMIOS_H 1
| #define HAVE_DLFCN_H 1
| #define HAVE_STDDEF_H 1
| #define HAVE_STDINT_H 1
| #define HAVE_NETDB_H 1
| #define HAVE_PWD_H 1
| #define HAVE_GRP_H 1
| #define HAVE_STRINGS_H 1
| #define HAVE_STDCKDINT_H 1
| #define HAVE_REGEX_H 1
| #define HAVE_SYSLOG_H 1
| #define HAVE_ULIMIT_H 1
| /* end confdefs.h.  */
| #include <stddef.h>
| #ifdef HAVE_STDIO_H
| # include <stdio.h>
| #endif
| #ifdef HAVE_STDLIB_H
| # include <stdlib.h>
| #endif
| #ifdef HAVE_STRING_H
| # include <string.h>
| #endif
| #ifdef HAVE_INTTYPES_H
| # include <inttypes.h>
| #endif
| #ifdef HAVE_STDINT_H
| # include <stdint.h>
| #endif
| #ifdef HAVE_STRINGS_H
| # include <strings.h>
| #endif
| #ifdef HAVE_SYS_TYPES_H
| # include <sys/types.h>
| #endif
| #ifdef HAVE_SYS_STAT_H
| # include <sys/stat.h>
| #endif
| #ifdef HAVE_UNISTD_H
| # include <unistd.h>
| #endif
| #include <sys/pte.h>
configure:15047: result: no
configure:15053: checking for sys/stream.h
configure:15053: x86_64-unknown-linux-musl-gcc -c -g -O2 -I/home/samson/Projects/clojv3/./store/musl-1.2.6/include conftest.c >&5
conftest.c:205:10: fatal error: sys/stream.h: No such file or directory
  205 | #include <sys/stream.h>
      |          ^~~~~~~~~~~~~~
compilation terminated.
configure:15053: $? = 1
configure: failed program was:
| /* confdefs.h */
| #define PACKAGE_NAME "bash"
| #define PACKAGE_TARNAME "bash"
| #define PACKAGE_VERSION "5.3-release"
| #define PACKAGE_STRING "bash 5.3-release"
| #define PACKAGE_BUGREPORT "bug-bash@gnu.org"
| #define PACKAGE_URL ""
| #define ALIAS 1
| #define PUSHD_AND_POPD 1
| #define RESTRICTED_SHELL 1
| #define PROCESS_SUBSTITUTION 1
| #define PROMPT_STRING_DECODE 1
| #define SELECT_COMMAND 1
| #define HELP_BUILTIN 1
| #define ARRAY_VARS 1
| #define DPAREN_ARITHMETIC 1
| #define BRACE_EXPANSION 1
| #define COMMAND_TIMING 1
| #define EXTENDED_GLOB 1
| #define EXTGLOB_DEFAULT 0
| #define COND_COMMAND 1
| #define COND_REGEXP 1
| #define COPROCESS_SUPPORT 1
| #define ARITH_FOR_COMMAND 1
| #define NETWORK_REDIRECTIONS 1
| #define PROGRAMMABLE_COMPLETION 1
| #define DEBUGGER 1
| #define CASEMOD_ATTRS 1
| #define CASEMOD_EXPANSIONS 1
| #define GLOBASCII_DEFAULT 1
| #define FUNCTION_IMPORT 1
| #define TRANSLATABLE_STRINGS 1
| #define BASH_SOURCE_FULLPATH_DEFAULT 0
| #define MEMSCRAMBLE 1
| #define HAVE_STDIO_H 1
| #define HAVE_STDLIB_H 1
| #define HAVE_STRING_H 1
| #define HAVE_INTTYPES_H 1
| #define HAVE_STDINT_H 1
| #define HAVE_STRINGS_H 1
| #define HAVE_SYS_STAT_H 1
| #define HAVE_SYS_TYPES_H 1
| #define HAVE_UNISTD_H 1
| #define HAVE_WCHAR_H 1
| #define HAVE_STDBOOL_H 1
| #define HAVE_SYS_PARAM_H 1
| #define HAVE_THREADS_H 1
| #define HAVE_SYS_TIME_H 1
| #define STDC_HEADERS 1
| #define _ALL_SOURCE 1
| #define _DARWIN_C_SOURCE 1
| #define _GNU_SOURCE 1
| #define _HPUX_ALT_XOPEN_SOCKET_API 1
| #define _NETBSD_SOURCE 1
| #define _OPENBSD_SOURCE 1
| #define _POSIX_PTHREAD_SEMANTICS 1
| #define __STDC_WANT_IEC_60559_ATTRIBS_EXT__ 1
| #define __STDC_WANT_IEC_60559_BFP_EXT__ 1
| #define __STDC_WANT_IEC_60559_DFP_EXT__ 1
| #define __STDC_WANT_IEC_60559_EXT__ 1
| #define __STDC_WANT_IEC_60559_FUNCS_EXT__ 1
| #define __STDC_WANT_IEC_60559_TYPES_EXT__ 1
| #define __STDC_WANT_LIB_EXT2__ 1
| #define __STDC_WANT_MATH_SPEC_FUNCS__ 1
| #define _TANDEM_SOURCE 1
| #define __EXTENSIONS__ 1
| #define READLINE 1
| #define HISTORY 1
| #define BANG_HISTORY 1
| #define HAVE_STRINGIZE 1
| #define HAVE_LONG_DOUBLE 1
| #define restrict __restrict__
| #define HAVE_C_BOOL 1
| #define HAVE_VISIBILITY 1
| #define HAVE_STDINT_H_WITH_UINTMAX 1
| #define HAVE_ALLOCA_H 1
| #define HAVE_ALLOCA 1
| #define HAVE_GETPAGESIZE 1
| #define HAVE_SYMLINK 1
| #define HAVE_USELOCALE 1
| #define HAVE_VPRINTF 1
| #define HAVE_ALARM 1
| #define HAVE_FPURGE 1
| #define HAVE___FPURGE 1
| #define HAVE_SNPRINTF 1
| #define HAVE_VSNPRINTF 1
| #define HAVE_MMAP 1
| #define INTDIV0_RAISES_SIGFPE 1
| #define HAVE_INTTYPES_H_WITH_UINTMAX 1
| #define HAVE_UNSIGNED_LONG_LONG_INT 1
| #define HAVE_UINTMAX_T 1
| #define HAVE_WEAK_SYMBOLS 1
| #define HAVE_PTHREAD_API 1
| #define USE_POSIX_THREADS 1
| #define USE_POSIX_THREADS_WEAK 1
| #define HAVE_PTHREAD_RWLOCK 1
| #define HAVE_PTHREAD_MUTEX_RECURSIVE 1
| #define HAVE_ICONV 1
| #define ICONV_CONST 
| #define HAVE_BUILTIN_EXPECT 1
| #define HAVE_INTTYPES_H 1
| #define HAVE_UNISTD_H 1
| #define HAVE_SYS_PARAM_H 1
| #define HAVE_GETCWD 1
| #define HAVE_GETEGID 1
| #define HAVE_GETEUID 1
| #define HAVE_GETGID 1
| #define HAVE_GETUID 1
| #define HAVE_MEMPCPY 1
| #define HAVE_MUNMAP 1
| #define HAVE_STPCPY 1
| #define HAVE_STRCASECMP 1
| #define HAVE_TSEARCH 1
| #define HAVE___FSETLOCKING 1
| #define HAVE_DECL_FEOF_UNLOCKED 1
| #define HAVE_DECL_FGETS_UNLOCKED 1
| #define HAVE_LOCALECONV 1
| #define HAVE_LONG_LONG_INT 1
| #define HAVE_WCHAR_T 1
| #define HAVE_WINT_T 1
| #define HAVE_INTMAX_T 1
| #define HAVE_POSIX_PRINTF 1
| #define HAVE_STDINT_H 1
| #define HAVE_STDINT_H 1
| #define HAVE_WORKING_O_NOATIME 0
| #define HAVE_WORKING_O_NOFOLLOW 0
| #define HAVE_WORKING_USELOCALE 1
| #define HAVE_GOOD_USELOCALE 1
| #define FLEXIBLE_ARRAY_MEMBER /**/
| #define HAVE_FEATURES_H 1
| #define HAVE_STDDEF_H 1
| #define HAVE_STDLIB_H 1
| #define HAVE_STRING_H 1
| #define HAVE_ASPRINTF 1
| #define HAVE_WPRINTF 1
| #define HAVE_NEWLOCALE 1
| #define HAVE_PUTENV 1
| #define HAVE_SETENV 1
| #define HAVE_SNPRINTF 1
| #define HAVE_STRNLEN 1
| #define HAVE_USELOCALE 1
| #define HAVE_WCSLEN 1
| #define HAVE_WCSNLEN 1
| #define HAVE_MBRTOWC 1
| #define HAVE_WCRTOMB 1
| #define HAVE_DECL__SNPRINTF 0
| #define HAVE_DECL__SNWPRINTF 0
| #define HAVE_DECL_GETC_UNLOCKED 1
| #define HAVE_NL_LANGINFO 1
| #define HAVE_LANGINFO_CODESET 1
| #define HAVE_LC_MESSAGES 1
| #define ENABLE_NLS 1
| #define HAVE_GETTEXT 1
| #define HAVE_DCGETTEXT 1
| #define HAVE_DIRENT_H 1
| #define MAJOR_IN_SYSMACROS 1
| #define HAVE_INTTYPES_H 1
| #define HAVE_UNISTD_H 1
| #define HAVE_STDLIB_H 1
| #define HAVE_LIMITS_H 1
| #define HAVE_STRING_H 1
| #define HAVE_MEMORY_H 1
| #define HAVE_LOCALE_H 1
| #define HAVE_TERMIOS_H 1
| #define HAVE_DLFCN_H 1
| #define HAVE_STDDEF_H 1
| #define HAVE_STDINT_H 1
| #define HAVE_NETDB_H 1
| #define HAVE_PWD_H 1
| #define HAVE_GRP_H 1
| #define HAVE_STRINGS_H 1
| #define HAVE_STDCKDINT_H 1
| #define HAVE_REGEX_H 1
| #define HAVE_SYSLOG_H 1
| #define HAVE_ULIMIT_H 1
| /* end confdefs.h.  */
| #include <stddef.h>
| #ifdef HAVE_STDIO_H
| # include <stdio.h>
| #endif
| #ifdef HAVE_STDLIB_H
| # include <stdlib.h>
| #endif
| #ifdef HAVE_STRING_H
| # include <string.h>
| #endif
| #ifdef HAVE_INTTYPES_H
| # include <inttypes.h>
| #endif
| #ifdef HAVE_STDINT_H
| # include <stdint.h>
| #endif
| #ifdef HAVE_STRINGS_H
| # include <strings.h>
| #endif
| #ifdef HAVE_SYS_TYPES_H
| # include <sys/types.h>
| #endif
| #ifdef HAVE_SYS_STAT_H
| # include <sys/stat.h>
| #endif
| #ifdef HAVE_UNISTD_H
| # include <unistd.h>
| #endif
| #include <sys/stream.h>
configure:15053: result: no
configure:15059: checking for sys/select.h
configure:15059: x86_64-unknown-linux-musl-gcc -c -g -O2 -I/home/samson/Projects/clojv3/./store/musl-1.2.6/include conftest.c >&5
configure:15059: $? = 0
configure:15059: result: yes
configure:15065: checking for sys/file.h
configure:15065: x86_64-unknown-linux-musl-gcc -c -g -O2 -I/home/samson/Projects/clojv3/./store/musl-1.2.6/include conftest.c >&5
configure:15065: $? = 0
configure:15065: result: yes
configure:15071: checking for sys/ioctl.h
configure:15071: x86_64-unknown-linux-musl-gcc -c -g -O2 -I/home/samson/Projects/clojv3/./store/musl-1.2.6/include conftest.c >&5
configure:15071: $? = 0
configure:15071: result: yes
configure:15077: checking for sys/mman.h
configure:15077: x86_64-unknown-linux-musl-gcc -c -g -O2 -I/home/samson/Projects/clojv3/./store/musl-1.2.6/include conftest.c >&5
configure:15077: $? = 0
configure:15077: result: yes
configure:15083: checking for sys/param.h
configure:15083: result: yes
configure:15089: checking for sys/random.h
configure:15089: x86_64-unknown-linux-musl-gcc -c -g -O2 -I/home/samson/Projects/clojv3/./store/musl-1.2.6/include conftest.c >&5
configure:15089: $? = 0
configure:15089: result: yes
configure:15095: checking for sys/socket.h
configure:15095: x86_64-unknown-linux-musl-gcc -c -g -O2 -I/home/samson/Projects/clojv3/./store/musl-1.2.6/include conftest.c >&5
configure:15095: $? = 0
configure:15095: result: yes
configure:15101: checking for sys/stat.h
configure:15101: result: yes
configure:15107: checking for sys/time.h
configure:15107: result: yes
configure:15113: checking for sys/times.h
configure:15113: x86_64-unknown-linux-musl-gcc -c -g -O2 -I/home/samson/Projects/clojv3/./store/musl-1.2.6/include conftest.c >&5
configure:15113: $? = 0
configure:15113: result: yes
configure:15119: checking for sys/types.h
configure:15119: result: yes
configure:15125: checking for sys/wait.h
configure:15125: x86_64-unknown-linux-musl-gcc -c -g -O2 -I/home/samson/Projects/clojv3/./store/musl-1.2.6/include conftest.c >&5
configure:15125: $? = 0
configure:15125: result: yes
configure:15132: checking for netinet/in.h
configure:15132: x86_64-unknown-linux-musl-gcc -c -g -O2 -I/home/samson/Projects/clojv3/./store/musl-1.2.6/include conftest.c >&5
configure:15132: $? = 0
configure:15132: result: yes
configure:15138: checking for arpa/inet.h
configure:15138: x86_64-unknown-linux-musl-gcc -c -g -O2 -I/home/samson/Projects/clojv3/./store/musl-1.2.6/include conftest.c >&5
configure:15138: $? = 0
configure:15138: result: yes
configure:15146: checking for sys/ptem.h
configure:15146: x86_64-unknown-linux-musl-gcc -c -g -O2 -I/home/samson/Projects/clojv3/./store/musl-1.2.6/include conftest.c >&5
conftest.c:197:10: fatal error: sys/ptem.h: No such file or directory
  197 | #include <sys/ptem.h>
      |          ^~~~~~~~~~~~
compilation terminated.
configure:15146: $? = 1
configure: failed program was:
| /* confdefs.h */
| #define PACKAGE_NAME "bash"
| #define PACKAGE_TARNAME "bash"
| #define PACKAGE_VERSION "5.3-release"
| #define PACKAGE_STRING "bash 5.3-release"
| #define PACKAGE_BUGREPORT "bug-bash@gnu.org"
| #define PACKAGE_URL ""
| #define ALIAS 1
| #define PUSHD_AND_POPD 1
| #define RESTRICTED_SHELL 1
| #define PROCESS_SUBSTITUTION 1
| #define PROMPT_STRING_DECODE 1
| #define SELECT_COMMAND 1
| #define HELP_BUILTIN 1
| #define ARRAY_VARS 1
| #define DPAREN_ARITHMETIC 1
| #define BRACE_EXPANSION 1
| #define COMMAND_TIMING 1
| #define EXTENDED_GLOB 1
| #define EXTGLOB_DEFAULT 0
| #define COND_COMMAND 1
| #define COND_REGEXP 1
| #define COPROCESS_SUPPORT 1
| #define ARITH_FOR_COMMAND 1
| #define NETWORK_REDIRECTIONS 1
| #define PROGRAMMABLE_COMPLETION 1
| #define DEBUGGER 1
| #define CASEMOD_ATTRS 1
| #define CASEMOD_EXPANSIONS 1
| #define GLOBASCII_DEFAULT 1
| #define FUNCTION_IMPORT 1
| #define TRANSLATABLE_STRINGS 1
| #define BASH_SOURCE_FULLPATH_DEFAULT 0
| #define MEMSCRAMBLE 1
| #define HAVE_STDIO_H 1
| #define HAVE_STDLIB_H 1
| #define HAVE_STRING_H 1
| #define HAVE_INTTYPES_H 1
| #define HAVE_STDINT_H 1
| #define HAVE_STRINGS_H 1
| #define HAVE_SYS_STAT_H 1
| #define HAVE_SYS_TYPES_H 1
| #define HAVE_UNISTD_H 1
| #define HAVE_WCHAR_H 1
| #define HAVE_STDBOOL_H 1
| #define HAVE_SYS_PARAM_H 1
| #define HAVE_THREADS_H 1
| #define HAVE_SYS_TIME_H 1
| #define STDC_HEADERS 1
| #define _ALL_SOURCE 1
| #define _DARWIN_C_SOURCE 1
| #define _GNU_SOURCE 1
| #define _HPUX_ALT_XOPEN_SOCKET_API 1
| #define _NETBSD_SOURCE 1
| #define _OPENBSD_SOURCE 1
| #define _POSIX_PTHREAD_SEMANTICS 1
| #define __STDC_WANT_IEC_60559_ATTRIBS_EXT__ 1
| #define __STDC_WANT_IEC_60559_BFP_EXT__ 1
| #define __STDC_WANT_IEC_60559_DFP_EXT__ 1
| #define __STDC_WANT_IEC_60559_EXT__ 1
| #define __STDC_WANT_IEC_60559_FUNCS_EXT__ 1
| #define __STDC_WANT_IEC_60559_TYPES_EXT__ 1
| #define __STDC_WANT_LIB_EXT2__ 1
| #define __STDC_WANT_MATH_SPEC_FUNCS__ 1
| #define _TANDEM_SOURCE 1
| #define __EXTENSIONS__ 1
| #define READLINE 1
| #define HISTORY 1
| #define BANG_HISTORY 1
| #define HAVE_STRINGIZE 1
| #define HAVE_LONG_DOUBLE 1
| #define restrict __restrict__
| #define HAVE_C_BOOL 1
| #define HAVE_VISIBILITY 1
| #define HAVE_STDINT_H_WITH_UINTMAX 1
| #define HAVE_ALLOCA_H 1
| #define HAVE_ALLOCA 1
| #define HAVE_GETPAGESIZE 1
| #define HAVE_SYMLINK 1
| #define HAVE_USELOCALE 1
| #define HAVE_VPRINTF 1
| #define HAVE_ALARM 1
| #define HAVE_FPURGE 1
| #define HAVE___FPURGE 1
| #define HAVE_SNPRINTF 1
| #define HAVE_VSNPRINTF 1
| #define HAVE_MMAP 1
| #define INTDIV0_RAISES_SIGFPE 1
| #define HAVE_INTTYPES_H_WITH_UINTMAX 1
| #define HAVE_UNSIGNED_LONG_LONG_INT 1
| #define HAVE_UINTMAX_T 1
| #define HAVE_WEAK_SYMBOLS 1
| #define HAVE_PTHREAD_API 1
| #define USE_POSIX_THREADS 1
| #define USE_POSIX_THREADS_WEAK 1
| #define HAVE_PTHREAD_RWLOCK 1
| #define HAVE_PTHREAD_MUTEX_RECURSIVE 1
| #define HAVE_ICONV 1
| #define ICONV_CONST 
| #define HAVE_BUILTIN_EXPECT 1
| #define HAVE_INTTYPES_H 1
| #define HAVE_UNISTD_H 1
| #define HAVE_SYS_PARAM_H 1
| #define HAVE_GETCWD 1
| #define HAVE_GETEGID 1
| #define HAVE_GETEUID 1
| #define HAVE_GETGID 1
| #define HAVE_GETUID 1
| #define HAVE_MEMPCPY 1
| #define HAVE_MUNMAP 1
| #define HAVE_STPCPY 1
| #define HAVE_STRCASECMP 1
| #define HAVE_TSEARCH 1
| #define HAVE___FSETLOCKING 1
| #define HAVE_DECL_FEOF_UNLOCKED 1
| #define HAVE_DECL_FGETS_UNLOCKED 1
| #define HAVE_LOCALECONV 1
| #define HAVE_LONG_LONG_INT 1
| #define HAVE_WCHAR_T 1
| #define HAVE_WINT_T 1
| #define HAVE_INTMAX_T 1
| #define HAVE_POSIX_PRINTF 1
| #define HAVE_STDINT_H 1
| #define HAVE_STDINT_H 1
| #define HAVE_WORKING_O_NOATIME 0
| #define HAVE_WORKING_O_NOFOLLOW 0
| #define HAVE_WORKING_USELOCALE 1
| #define HAVE_GOOD_USELOCALE 1
| #define FLEXIBLE_ARRAY_MEMBER /**/
| #define HAVE_FEATURES_H 1
| #define HAVE_STDDEF_H 1
| #define HAVE_STDLIB_H 1
| #define HAVE_STRING_H 1
| #define HAVE_ASPRINTF 1
| #define HAVE_WPRINTF 1
| #define HAVE_NEWLOCALE 1
| #define HAVE_PUTENV 1
| #define HAVE_SETENV 1
| #define HAVE_SNPRINTF 1
| #define HAVE_STRNLEN 1
| #define HAVE_USELOCALE 1
| #define HAVE_WCSLEN 1
| #define HAVE_WCSNLEN 1
| #define HAVE_MBRTOWC 1
| #define HAVE_WCRTOMB 1
| #define HAVE_DECL__SNPRINTF 0
| #define HAVE_DECL__SNWPRINTF 0
| #define HAVE_DECL_GETC_UNLOCKED 1
| #define HAVE_NL_LANGINFO 1
| #define HAVE_LANGINFO_CODESET 1
| #define HAVE_LC_MESSAGES 1
| #define ENABLE_NLS 1
| #define HAVE_GETTEXT 1
| #define HAVE_DCGETTEXT 1
| #define HAVE_DIRENT_H 1
| #define MAJOR_IN_SYSMACROS 1
| #define HAVE_INTTYPES_H 1
| #define HAVE_UNISTD_H 1
| #define HAVE_STDLIB_H 1
| #define HAVE_LIMITS_H 1
| #define HAVE_STRING_H 1
| #define HAVE_MEMORY_H 1
| #define HAVE_LOCALE_H 1
| #define HAVE_TERMIOS_H 1
| #define HAVE_DLFCN_H 1
| #define HAVE_STDDEF_H 1
| #define HAVE_STDINT_H 1
| #define HAVE_NETDB_H 1
| #define HAVE_PWD_H 1
| #define HAVE_GRP_H 1
| #define HAVE_STRINGS_H 1
| #define HAVE_STDCKDINT_H 1
| #define HAVE_REGEX_H 1
| #define HAVE_SYSLOG_H 1
| #define HAVE_ULIMIT_H 1
| #define HAVE_SYS_SELECT_H 1
| #define HAVE_SYS_FILE_H 1
| #define HAVE_SYS_IOCTL_H 1
| #define HAVE_SYS_MMAN_H 1
| #define HAVE_SYS_PARAM_H 1
| #define HAVE_SYS_RANDOM_H 1
| #define HAVE_SYS_SOCKET_H 1
| #define HAVE_SYS_STAT_H 1
| #define HAVE_SYS_TIME_H 1
| #define HAVE_SYS_TIMES_H 1
| #define HAVE_SYS_TYPES_H 1
| #define HAVE_SYS_WAIT_H 1
| #define HAVE_NETINET_IN_H 1
| #define HAVE_ARPA_INET_H 1
| /* end confdefs.h.  */
| 
| #if HAVE_SYS_STREAM_H
| #  include <sys/stream.h>
| #endif
| 
| 
| #include <sys/ptem.h>
configure:15146: result: no
configure:15158: checking for sys/resource.h
configure:15158: x86_64-unknown-linux-musl-gcc -c -g -O2 -I/home/samson/Projects/clojv3/./store/musl-1.2.6/include conftest.c >&5
configure:15158: $? = 0
configure:15158: result: yes
configure:15173: checking for working alloca.h
configure:15202: result: yes
configure:15210: checking for alloca
configure:15255: result: yes
configure:15324: checking for uid_t
configure:15324: x86_64-unknown-linux-musl-gcc -c -g -O2 -I/home/samson/Projects/clojv3/./store/musl-1.2.6/include conftest.c >&5
configure:15324: $? = 0
configure:15324: x86_64-unknown-linux-musl-gcc -c -g -O2 -I/home/samson/Projects/clojv3/./store/musl-1.2.6/include conftest.c >&5
conftest.c: In function 'main':
conftest.c:225:20: error: expected expression before ')' token
  225 | if (sizeof ((uid_t)))
      |                    ^
configure:15324: $? = 1
configure: failed program was:
| /* confdefs.h */
| #define PACKAGE_NAME "bash"
| #define PACKAGE_TARNAME "bash"
| #define PACKAGE_VERSION "5.3-release"
| #define PACKAGE_STRING "bash 5.3-release"
| #define PACKAGE_BUGREPORT "bug-bash@gnu.org"
| #define PACKAGE_URL ""
| #define ALIAS 1
| #define PUSHD_AND_POPD 1
| #define RESTRICTED_SHELL 1
| #define PROCESS_SUBSTITUTION 1
| #define PROMPT_STRING_DECODE 1
| #define SELECT_COMMAND 1
| #define HELP_BUILTIN 1
| #define ARRAY_VARS 1
| #define DPAREN_ARITHMETIC 1
| #define BRACE_EXPANSION 1
| #define COMMAND_TIMING 1
| #define EXTENDED_GLOB 1
| #define EXTGLOB_DEFAULT 0
| #define COND_COMMAND 1
| #define COND_REGEXP 1
| #define COPROCESS_SUPPORT 1
| #define ARITH_FOR_COMMAND 1
| #define NETWORK_REDIRECTIONS 1
| #define PROGRAMMABLE_COMPLETION 1
| #define DEBUGGER 1
| #define CASEMOD_ATTRS 1
| #define CASEMOD_EXPANSIONS 1
| #define GLOBASCII_DEFAULT 1
| #define FUNCTION_IMPORT 1
| #define TRANSLATABLE_STRINGS 1
| #define BASH_SOURCE_FULLPATH_DEFAULT 0
| #define MEMSCRAMBLE 1
| #define HAVE_STDIO_H 1
| #define HAVE_STDLIB_H 1
| #define HAVE_STRING_H 1
| #define HAVE_INTTYPES_H 1
| #define HAVE_STDINT_H 1
| #define HAVE_STRINGS_H 1
| #define HAVE_SYS_STAT_H 1
| #define HAVE_SYS_TYPES_H 1
| #define HAVE_UNISTD_H 1
| #define HAVE_WCHAR_H 1
| #define HAVE_STDBOOL_H 1
| #define HAVE_SYS_PARAM_H 1
| #define HAVE_THREADS_H 1
| #define HAVE_SYS_TIME_H 1
| #define STDC_HEADERS 1
| #define _ALL_SOURCE 1
| #define _DARWIN_C_SOURCE 1
| #define _GNU_SOURCE 1
| #define _HPUX_ALT_XOPEN_SOCKET_API 1
| #define _NETBSD_SOURCE 1
| #define _OPENBSD_SOURCE 1
| #define _POSIX_PTHREAD_SEMANTICS 1
| #define __STDC_WANT_IEC_60559_ATTRIBS_EXT__ 1
| #define __STDC_WANT_IEC_60559_BFP_EXT__ 1
| #define __STDC_WANT_IEC_60559_DFP_EXT__ 1
| #define __STDC_WANT_IEC_60559_EXT__ 1
| #define __STDC_WANT_IEC_60559_FUNCS_EXT__ 1
| #define __STDC_WANT_IEC_60559_TYPES_EXT__ 1
| #define __STDC_WANT_LIB_EXT2__ 1
| #define __STDC_WANT_MATH_SPEC_FUNCS__ 1
| #define _TANDEM_SOURCE 1
| #define __EXTENSIONS__ 1
| #define READLINE 1
| #define HISTORY 1
| #define BANG_HISTORY 1
| #define HAVE_STRINGIZE 1
| #define HAVE_LONG_DOUBLE 1
| #define restrict __restrict__
| #define HAVE_C_BOOL 1
| #define HAVE_VISIBILITY 1
| #define HAVE_STDINT_H_WITH_UINTMAX 1
| #define HAVE_ALLOCA_H 1
| #define HAVE_ALLOCA 1
| #define HAVE_GETPAGESIZE 1
| #define HAVE_SYMLINK 1
| #define HAVE_USELOCALE 1
| #define HAVE_VPRINTF 1
| #define HAVE_ALARM 1
| #define HAVE_FPURGE 1
| #define HAVE___FPURGE 1
| #define HAVE_SNPRINTF 1
| #define HAVE_VSNPRINTF 1
| #define HAVE_MMAP 1
| #define INTDIV0_RAISES_SIGFPE 1
| #define HAVE_INTTYPES_H_WITH_UINTMAX 1
| #define HAVE_UNSIGNED_LONG_LONG_INT 1
| #define HAVE_UINTMAX_T 1
| #define HAVE_WEAK_SYMBOLS 1
| #define HAVE_PTHREAD_API 1
| #define USE_POSIX_THREADS 1
| #define USE_POSIX_THREADS_WEAK 1
| #define HAVE_PTHREAD_RWLOCK 1
| #define HAVE_PTHREAD_MUTEX_RECURSIVE 1
| #define HAVE_ICONV 1
| #define ICONV_CONST 
| #define HAVE_BUILTIN_EXPECT 1
| #define HAVE_INTTYPES_H 1
| #define HAVE_UNISTD_H 1
| #define HAVE_SYS_PARAM_H 1
| #define HAVE_GETCWD 1
| #define HAVE_GETEGID 1
| #define HAVE_GETEUID 1
| #define HAVE_GETGID 1
| #define HAVE_GETUID 1
| #define HAVE_MEMPCPY 1
| #define HAVE_MUNMAP 1
| #define HAVE_STPCPY 1
| #define HAVE_STRCASECMP 1
| #define HAVE_TSEARCH 1
| #define HAVE___FSETLOCKING 1
| #define HAVE_DECL_FEOF_UNLOCKED 1
| #define HAVE_DECL_FGETS_UNLOCKED 1
| #define HAVE_LOCALECONV 1
| #define HAVE_LONG_LONG_INT 1
| #define HAVE_WCHAR_T 1
| #define HAVE_WINT_T 1
| #define HAVE_INTMAX_T 1
| #define HAVE_POSIX_PRINTF 1
| #define HAVE_STDINT_H 1
| #define HAVE_STDINT_H 1
| #define HAVE_WORKING_O_NOATIME 0
| #define HAVE_WORKING_O_NOFOLLOW 0
| #define HAVE_WORKING_USELOCALE 1
| #define HAVE_GOOD_USELOCALE 1
| #define FLEXIBLE_ARRAY_MEMBER /**/
| #define HAVE_FEATURES_H 1
| #define HAVE_STDDEF_H 1
| #define HAVE_STDLIB_H 1
| #define HAVE_STRING_H 1
| #define HAVE_ASPRINTF 1
| #define HAVE_WPRINTF 1
| #define HAVE_NEWLOCALE 1
| #define HAVE_PUTENV 1
| #define HAVE_SETENV 1
| #define HAVE_SNPRINTF 1
| #define HAVE_STRNLEN 1
| #define HAVE_USELOCALE 1
| #define HAVE_WCSLEN 1
| #define HAVE_WCSNLEN 1
| #define HAVE_MBRTOWC 1
| #define HAVE_WCRTOMB 1
| #define HAVE_DECL__SNPRINTF 0
| #define HAVE_DECL__SNWPRINTF 0
| #define HAVE_DECL_GETC_UNLOCKED 1
| #define HAVE_NL_LANGINFO 1
| #define HAVE_LANGINFO_CODESET 1
| #define HAVE_LC_MESSAGES 1
| #define ENABLE_NLS 1
| #define HAVE_GETTEXT 1
| #define HAVE_DCGETTEXT 1
| #define HAVE_DIRENT_H 1
| #define MAJOR_IN_SYSMACROS 1
| #define HAVE_INTTYPES_H 1
| #define HAVE_UNISTD_H 1
| #define HAVE_STDLIB_H 1
| #define HAVE_LIMITS_H 1
| #define HAVE_STRING_H 1
| #define HAVE_MEMORY_H 1
| #define HAVE_LOCALE_H 1
| #define HAVE_TERMIOS_H 1
| #define HAVE_DLFCN_H 1
| #define HAVE_STDDEF_H 1
| #define HAVE_STDINT_H 1
| #define HAVE_NETDB_H 1
| #define HAVE_PWD_H 1
| #define HAVE_GRP_H 1
| #define HAVE_STRINGS_H 1
| #define HAVE_STDCKDINT_H 1
| #define HAVE_REGEX_H 1
| #define HAVE_SYSLOG_H 1
| #define HAVE_ULIMIT_H 1
| #define HAVE_SYS_SELECT_H 1
| #define HAVE_SYS_FILE_H 1
| #define HAVE_SYS_IOCTL_H 1
| #define HAVE_SYS_MMAN_H 1
| #define HAVE_SYS_PARAM_H 1
| #define HAVE_SYS_RANDOM_H 1
| #define HAVE_SYS_SOCKET_H 1
| #define HAVE_SYS_STAT_H 1
| #define HAVE_SYS_TIME_H 1
| #define HAVE_SYS_TIMES_H 1
| #define HAVE_SYS_TYPES_H 1
| #define HAVE_SYS_WAIT_H 1
| #define HAVE_NETINET_IN_H 1
| #define HAVE_ARPA_INET_H 1
| #define HAVE_SYS_RESOURCE_H 1
| #define HAVE_ALLOCA_H 1
| #define HAVE_ALLOCA 1
| /* end confdefs.h.  */
| #include <stddef.h>
| #ifdef HAVE_STDIO_H
| # include <stdio.h>
| #endif
| #ifdef HAVE_STDLIB_H
| # include <stdlib.h>
| #endif
| #ifdef HAVE_STRING_H
| # include <string.h>
| #endif
| #ifdef HAVE_INTTYPES_H
| # include <inttypes.h>
| #endif
| #ifdef HAVE_STDINT_H
| # include <stdint.h>
| #endif
| #ifdef HAVE_STRINGS_H
| # include <strings.h>
| #endif
| #ifdef HAVE_SYS_TYPES_H
| # include <sys/types.h>
| #endif
| #ifdef HAVE_SYS_STAT_H
| # include <sys/stat.h>
| #endif
| #ifdef HAVE_UNISTD_H
| # include <unistd.h>
| #endif
| int
| main (void)
| {
| if (sizeof ((uid_t)))
| 	    return 0;
|   ;
|   return 0;
| }
configure:15324: result: yes
configure:15335: checking for gid_t
configure:15335: x86_64-unknown-linux-musl-gcc -c -g -O2 -I/home/samson/Projects/clojv3/./store/musl-1.2.6/include conftest.c >&5
configure:15335: $? = 0
configure:15335: x86_64-unknown-linux-musl-gcc -c -g -O2 -I/home/samson/Projects/clojv3/./store/musl-1.2.6/include conftest.c >&5
conftest.c: In function 'main':
conftest.c:225:20: error: expected expression before ')' token
  225 | if (sizeof ((gid_t)))
      |                    ^
configure:15335: $? = 1
configure: failed program was:
| /* confdefs.h */
| #define PACKAGE_NAME "bash"
| #define PACKAGE_TARNAME "bash"
| #define PACKAGE_VERSION "5.3-release"
| #define PACKAGE_STRING "bash 5.3-release"
| #define PACKAGE_BUGREPORT "bug-bash@gnu.org"
| #define PACKAGE_URL ""
| #define ALIAS 1
| #define PUSHD_AND_POPD 1
| #define RESTRICTED_SHELL 1
| #define PROCESS_SUBSTITUTION 1
| #define PROMPT_STRING_DECODE 1
| #define SELECT_COMMAND 1
| #define HELP_BUILTIN 1
| #define ARRAY_VARS 1
| #define DPAREN_ARITHMETIC 1
| #define BRACE_EXPANSION 1
| #define COMMAND_TIMING 1
| #define EXTENDED_GLOB 1
| #define EXTGLOB_DEFAULT 0
| #define COND_COMMAND 1
| #define COND_REGEXP 1
| #define COPROCESS_SUPPORT 1
| #define ARITH_FOR_COMMAND 1
| #define NETWORK_REDIRECTIONS 1
| #define PROGRAMMABLE_COMPLETION 1
| #define DEBUGGER 1
| #define CASEMOD_ATTRS 1
| #define CASEMOD_EXPANSIONS 1
| #define GLOBASCII_DEFAULT 1
| #define FUNCTION_IMPORT 1
| #define TRANSLATABLE_STRINGS 1
| #define BASH_SOURCE_FULLPATH_DEFAULT 0
| #define MEMSCRAMBLE 1
| #define HAVE_STDIO_H 1
| #define HAVE_STDLIB_H 1
| #define HAVE_STRING_H 1
| #define HAVE_INTTYPES_H 1
| #define HAVE_STDINT_H 1
| #define HAVE_STRINGS_H 1
| #define HAVE_SYS_STAT_H 1
| #define HAVE_SYS_TYPES_H 1
| #define HAVE_UNISTD_H 1
| #define HAVE_WCHAR_H 1
| #define HAVE_STDBOOL_H 1
| #define HAVE_SYS_PARAM_H 1
| #define HAVE_THREADS_H 1
| #define HAVE_SYS_TIME_H 1
| #define STDC_HEADERS 1
| #define _ALL_SOURCE 1
| #define _DARWIN_C_SOURCE 1
| #define _GNU_SOURCE 1
| #define _HPUX_ALT_XOPEN_SOCKET_API 1
| #define _NETBSD_SOURCE 1
| #define _OPENBSD_SOURCE 1
| #define _POSIX_PTHREAD_SEMANTICS 1
| #define __STDC_WANT_IEC_60559_ATTRIBS_EXT__ 1
| #define __STDC_WANT_IEC_60559_BFP_EXT__ 1
| #define __STDC_WANT_IEC_60559_DFP_EXT__ 1
| #define __STDC_WANT_IEC_60559_EXT__ 1
| #define __STDC_WANT_IEC_60559_FUNCS_EXT__ 1
| #define __STDC_WANT_IEC_60559_TYPES_EXT__ 1
| #define __STDC_WANT_LIB_EXT2__ 1
| #define __STDC_WANT_MATH_SPEC_FUNCS__ 1
| #define _TANDEM_SOURCE 1
| #define __EXTENSIONS__ 1
| #define READLINE 1
| #define HISTORY 1
| #define BANG_HISTORY 1
| #define HAVE_STRINGIZE 1
| #define HAVE_LONG_DOUBLE 1
| #define restrict __restrict__
| #define HAVE_C_BOOL 1
| #define HAVE_VISIBILITY 1
| #define HAVE_STDINT_H_WITH_UINTMAX 1
| #define HAVE_ALLOCA_H 1
| #define HAVE_ALLOCA 1
| #define HAVE_GETPAGESIZE 1
| #define HAVE_SYMLINK 1
| #define HAVE_USELOCALE 1
| #define HAVE_VPRINTF 1
| #define HAVE_ALARM 1
| #define HAVE_FPURGE 1
| #define HAVE___FPURGE 1
| #define HAVE_SNPRINTF 1
| #define HAVE_VSNPRINTF 1
| #define HAVE_MMAP 1
| #define INTDIV0_RAISES_SIGFPE 1
| #define HAVE_INTTYPES_H_WITH_UINTMAX 1
| #define HAVE_UNSIGNED_LONG_LONG_INT 1
| #define HAVE_UINTMAX_T 1
| #define HAVE_WEAK_SYMBOLS 1
| #define HAVE_PTHREAD_API 1
| #define USE_POSIX_THREADS 1
| #define USE_POSIX_THREADS_WEAK 1
| #define HAVE_PTHREAD_RWLOCK 1
| #define HAVE_PTHREAD_MUTEX_RECURSIVE 1
| #define HAVE_ICONV 1
| #define ICONV_CONST 
| #define HAVE_BUILTIN_EXPECT 1
| #define HAVE_INTTYPES_H 1
| #define HAVE_UNISTD_H 1
| #define HAVE_SYS_PARAM_H 1
| #define HAVE_GETCWD 1
| #define HAVE_GETEGID 1
| #define HAVE_GETEUID 1
| #define HAVE_GETGID 1
| #define HAVE_GETUID 1
| #define HAVE_MEMPCPY 1
| #define HAVE_MUNMAP 1
| #define HAVE_STPCPY 1
| #define HAVE_STRCASECMP 1
| #define HAVE_TSEARCH 1
| #define HAVE___FSETLOCKING 1
| #define HAVE_DECL_FEOF_UNLOCKED 1
| #define HAVE_DECL_FGETS_UNLOCKED 1
| #define HAVE_LOCALECONV 1
| #define HAVE_LONG_LONG_INT 1
| #define HAVE_WCHAR_T 1
| #define HAVE_WINT_T 1
| #define HAVE_INTMAX_T 1
| #define HAVE_POSIX_PRINTF 1
| #define HAVE_STDINT_H 1
| #define HAVE_STDINT_H 1
| #define HAVE_WORKING_O_NOATIME 0
| #define HAVE_WORKING_O_NOFOLLOW 0
| #define HAVE_WORKING_USELOCALE 1
| #define HAVE_GOOD_USELOCALE 1
| #define FLEXIBLE_ARRAY_MEMBER /**/
| #define HAVE_FEATURES_H 1
| #define HAVE_STDDEF_H 1
| #define HAVE_STDLIB_H 1
| #define HAVE_STRING_H 1
| #define HAVE_ASPRINTF 1
| #define HAVE_WPRINTF 1
| #define HAVE_NEWLOCALE 1
| #define HAVE_PUTENV 1
| #define HAVE_SETENV 1
| #define HAVE_SNPRINTF 1
| #define HAVE_STRNLEN 1
| #define HAVE_USELOCALE 1
| #define HAVE_WCSLEN 1
| #define HAVE_WCSNLEN 1
| #define HAVE_MBRTOWC 1
| #define HAVE_WCRTOMB 1
| #define HAVE_DECL__SNPRINTF 0
| #define HAVE_DECL__SNWPRINTF 0
| #define HAVE_DECL_GETC_UNLOCKED 1
| #define HAVE_NL_LANGINFO 1
| #define HAVE_LANGINFO_CODESET 1
| #define HAVE_LC_MESSAGES 1
| #define ENABLE_NLS 1
| #define HAVE_GETTEXT 1
| #define HAVE_DCGETTEXT 1
| #define HAVE_DIRENT_H 1
| #define MAJOR_IN_SYSMACROS 1
| #define HAVE_INTTYPES_H 1
| #define HAVE_UNISTD_H 1
| #define HAVE_STDLIB_H 1
| #define HAVE_LIMITS_H 1
| #define HAVE_STRING_H 1
| #define HAVE_MEMORY_H 1
| #define HAVE_LOCALE_H 1
| #define HAVE_TERMIOS_H 1
| #define HAVE_DLFCN_H 1
| #define HAVE_STDDEF_H 1
| #define HAVE_STDINT_H 1
| #define HAVE_NETDB_H 1
| #define HAVE_PWD_H 1
| #define HAVE_GRP_H 1
| #define HAVE_STRINGS_H 1
| #define HAVE_STDCKDINT_H 1
| #define HAVE_REGEX_H 1
| #define HAVE_SYSLOG_H 1
| #define HAVE_ULIMIT_H 1
| #define HAVE_SYS_SELECT_H 1
| #define HAVE_SYS_FILE_H 1
| #define HAVE_SYS_IOCTL_H 1
| #define HAVE_SYS_MMAN_H 1
| #define HAVE_SYS_PARAM_H 1
| #define HAVE_SYS_RANDOM_H 1
| #define HAVE_SYS_SOCKET_H 1
| #define HAVE_SYS_STAT_H 1
| #define HAVE_SYS_TIME_H 1
| #define HAVE_SYS_TIMES_H 1
| #define HAVE_SYS_TYPES_H 1
| #define HAVE_SYS_WAIT_H 1
| #define HAVE_NETINET_IN_H 1
| #define HAVE_ARPA_INET_H 1
| #define HAVE_SYS_RESOURCE_H 1
| #define HAVE_ALLOCA_H 1
| #define HAVE_ALLOCA 1
| /* end confdefs.h.  */
| #include <stddef.h>
| #ifdef HAVE_STDIO_H
| # include <stdio.h>
| #endif
| #ifdef HAVE_STDLIB_H
| # include <stdlib.h>
| #endif
| #ifdef HAVE_STRING_H
| # include <string.h>
| #endif
| #ifdef HAVE_INTTYPES_H
| # include <inttypes.h>
| #endif
| #ifdef HAVE_STDINT_H
| # include <stdint.h>
| #endif
| #ifdef HAVE_STRINGS_H
| # include <strings.h>
| #endif
| #ifdef HAVE_SYS_TYPES_H
| # include <sys/types.h>
| #endif
| #ifdef HAVE_SYS_STAT_H
| # include <sys/stat.h>
| #endif
| #ifdef HAVE_UNISTD_H
| # include <unistd.h>
| #endif
| int
| main (void)
| {
| if (sizeof ((gid_t)))
| 	    return 0;
|   ;
|   return 0;
| }
configure:15335: result: yes
configure:15346: checking for working chown
configure:15386: x86_64-unknown-linux-musl-gcc -o conftest -g -O2 -I/home/samson/Projects/clojv3/./store/musl-1.2.6/include -B/home/samson/Projects/clojv3/./store/musl-1.2.6/lib -L/home/samson/Projects/clojv3/./store/musl-1.2.6/lib -Wl,-rpath,/home/samson/Projects/clojv3/./store/musl-1.2.6/lib -Wl,-dynamic-linker,/home/samson/Projects/clojv3/./store/musl-1.2.6/lib/libc.so conftest.c  >&5
configure:15386: $? = 0
configure:15386: ./conftest
configure:15386: $? = 0
configure:15402: result: yes
configure:15410: checking whether getpgrp requires zero arguments
configure:15428: x86_64-unknown-linux-musl-gcc -c -g -O2 -I/home/samson/Projects/clojv3/./store/musl-1.2.6/include conftest.c >&5
conftest.c: In function 'main':
conftest.c:226:1: error: too many arguments to function 'getpgrp'; expected 0, have 1
  226 | getpgrp (0);
      | ^~~~~~~  ~
In file included from conftest.c:221:
/home/samson/Projects/clojv3/./store/musl-1.2.6/include/unistd.h:101:7: note: declared here
  101 | pid_t getpgrp(void);
      |       ^~~~~~~
configure:15428: $? = 1
configure: failed program was:
| /* confdefs.h */
| #define PACKAGE_NAME "bash"
| #define PACKAGE_TARNAME "bash"
| #define PACKAGE_VERSION "5.3-release"
| #define PACKAGE_STRING "bash 5.3-release"
| #define PACKAGE_BUGREPORT "bug-bash@gnu.org"
| #define PACKAGE_URL ""
| #define ALIAS 1
| #define PUSHD_AND_POPD 1
| #define RESTRICTED_SHELL 1
| #define PROCESS_SUBSTITUTION 1
| #define PROMPT_STRING_DECODE 1
| #define SELECT_COMMAND 1
| #define HELP_BUILTIN 1
| #define ARRAY_VARS 1
| #define DPAREN_ARITHMETIC 1
| #define BRACE_EXPANSION 1
| #define COMMAND_TIMING 1
| #define EXTENDED_GLOB 1
| #define EXTGLOB_DEFAULT 0
| #define COND_COMMAND 1
| #define COND_REGEXP 1
| #define COPROCESS_SUPPORT 1
| #define ARITH_FOR_COMMAND 1
| #define NETWORK_REDIRECTIONS 1
| #define PROGRAMMABLE_COMPLETION 1
| #define DEBUGGER 1
| #define CASEMOD_ATTRS 1
| #define CASEMOD_EXPANSIONS 1
| #define GLOBASCII_DEFAULT 1
| #define FUNCTION_IMPORT 1
| #define TRANSLATABLE_STRINGS 1
| #define BASH_SOURCE_FULLPATH_DEFAULT 0
| #define MEMSCRAMBLE 1
| #define HAVE_STDIO_H 1
| #define HAVE_STDLIB_H 1
| #define HAVE_STRING_H 1
| #define HAVE_INTTYPES_H 1
| #define HAVE_STDINT_H 1
| #define HAVE_STRINGS_H 1
| #define HAVE_SYS_STAT_H 1
| #define HAVE_SYS_TYPES_H 1
| #define HAVE_UNISTD_H 1
| #define HAVE_WCHAR_H 1
| #define HAVE_STDBOOL_H 1
| #define HAVE_SYS_PARAM_H 1
| #define HAVE_THREADS_H 1
| #define HAVE_SYS_TIME_H 1
| #define STDC_HEADERS 1
| #define _ALL_SOURCE 1
| #define _DARWIN_C_SOURCE 1
| #define _GNU_SOURCE 1
| #define _HPUX_ALT_XOPEN_SOCKET_API 1
| #define _NETBSD_SOURCE 1
| #define _OPENBSD_SOURCE 1
| #define _POSIX_PTHREAD_SEMANTICS 1
| #define __STDC_WANT_IEC_60559_ATTRIBS_EXT__ 1
| #define __STDC_WANT_IEC_60559_BFP_EXT__ 1
| #define __STDC_WANT_IEC_60559_DFP_EXT__ 1
| #define __STDC_WANT_IEC_60559_EXT__ 1
| #define __STDC_WANT_IEC_60559_FUNCS_EXT__ 1
| #define __STDC_WANT_IEC_60559_TYPES_EXT__ 1
| #define __STDC_WANT_LIB_EXT2__ 1
| #define __STDC_WANT_MATH_SPEC_FUNCS__ 1
| #define _TANDEM_SOURCE 1
| #define __EXTENSIONS__ 1
| #define READLINE 1
| #define HISTORY 1
| #define BANG_HISTORY 1
| #define HAVE_STRINGIZE 1
| #define HAVE_LONG_DOUBLE 1
| #define restrict __restrict__
| #define HAVE_C_BOOL 1
| #define HAVE_VISIBILITY 1
| #define HAVE_STDINT_H_WITH_UINTMAX 1
| #define HAVE_ALLOCA_H 1
| #define HAVE_ALLOCA 1
| #define HAVE_GETPAGESIZE 1
| #define HAVE_SYMLINK 1
| #define HAVE_USELOCALE 1
| #define HAVE_VPRINTF 1
| #define HAVE_ALARM 1
| #define HAVE_FPURGE 1
| #define HAVE___FPURGE 1
| #define HAVE_SNPRINTF 1
| #define HAVE_VSNPRINTF 1
| #define HAVE_MMAP 1
| #define INTDIV0_RAISES_SIGFPE 1
| #define HAVE_INTTYPES_H_WITH_UINTMAX 1
| #define HAVE_UNSIGNED_LONG_LONG_INT 1
| #define HAVE_UINTMAX_T 1
| #define HAVE_WEAK_SYMBOLS 1
| #define HAVE_PTHREAD_API 1
| #define USE_POSIX_THREADS 1
| #define USE_POSIX_THREADS_WEAK 1
| #define HAVE_PTHREAD_RWLOCK 1
| #define HAVE_PTHREAD_MUTEX_RECURSIVE 1
| #define HAVE_ICONV 1
| #define ICONV_CONST 
| #define HAVE_BUILTIN_EXPECT 1
| #define HAVE_INTTYPES_H 1
| #define HAVE_UNISTD_H 1
| #define HAVE_SYS_PARAM_H 1
| #define HAVE_GETCWD 1
| #define HAVE_GETEGID 1
| #define HAVE_GETEUID 1
| #define HAVE_GETGID 1
| #define HAVE_GETUID 1
| #define HAVE_MEMPCPY 1
| #define HAVE_MUNMAP 1
| #define HAVE_STPCPY 1
| #define HAVE_STRCASECMP 1
| #define HAVE_TSEARCH 1
| #define HAVE___FSETLOCKING 1
| #define HAVE_DECL_FEOF_UNLOCKED 1
| #define HAVE_DECL_FGETS_UNLOCKED 1
| #define HAVE_LOCALECONV 1
| #define HAVE_LONG_LONG_INT 1
| #define HAVE_WCHAR_T 1
| #define HAVE_WINT_T 1
| #define HAVE_INTMAX_T 1
| #define HAVE_POSIX_PRINTF 1
| #define HAVE_STDINT_H 1
| #define HAVE_STDINT_H 1
| #define HAVE_WORKING_O_NOATIME 0
| #define HAVE_WORKING_O_NOFOLLOW 0
| #define HAVE_WORKING_USELOCALE 1
| #define HAVE_GOOD_USELOCALE 1
| #define FLEXIBLE_ARRAY_MEMBER /**/
| #define HAVE_FEATURES_H 1
| #define HAVE_STDDEF_H 1
| #define HAVE_STDLIB_H 1
| #define HAVE_STRING_H 1
| #define HAVE_ASPRINTF 1
| #define HAVE_WPRINTF 1
| #define HAVE_NEWLOCALE 1
| #define HAVE_PUTENV 1
| #define HAVE_SETENV 1
| #define HAVE_SNPRINTF 1
| #define HAVE_STRNLEN 1
| #define HAVE_USELOCALE 1
| #define HAVE_WCSLEN 1
| #define HAVE_WCSNLEN 1
| #define HAVE_MBRTOWC 1
| #define HAVE_WCRTOMB 1
| #define HAVE_DECL__SNPRINTF 0
| #define HAVE_DECL__SNWPRINTF 0
| #define HAVE_DECL_GETC_UNLOCKED 1
| #define HAVE_NL_LANGINFO 1
| #define HAVE_LANGINFO_CODESET 1
| #define HAVE_LC_MESSAGES 1
| #define ENABLE_NLS 1
| #define HAVE_GETTEXT 1
| #define HAVE_DCGETTEXT 1
| #define HAVE_DIRENT_H 1
| #define MAJOR_IN_SYSMACROS 1
| #define HAVE_INTTYPES_H 1
| #define HAVE_UNISTD_H 1
| #define HAVE_STDLIB_H 1
| #define HAVE_LIMITS_H 1
| #define HAVE_STRING_H 1
| #define HAVE_MEMORY_H 1
| #define HAVE_LOCALE_H 1
| #define HAVE_TERMIOS_H 1
| #define HAVE_DLFCN_H 1
| #define HAVE_STDDEF_H 1
| #define HAVE_STDINT_H 1
| #define HAVE_NETDB_H 1
| #define HAVE_PWD_H 1
| #define HAVE_GRP_H 1
| #define HAVE_STRINGS_H 1
| #define HAVE_STDCKDINT_H 1
| #define HAVE_REGEX_H 1
| #define HAVE_SYSLOG_H 1
| #define HAVE_ULIMIT_H 1
| #define HAVE_SYS_SELECT_H 1
| #define HAVE_SYS_FILE_H 1
| #define HAVE_SYS_IOCTL_H 1
| #define HAVE_SYS_MMAN_H 1
| #define HAVE_SYS_PARAM_H 1
| #define HAVE_SYS_RANDOM_H 1
| #define HAVE_SYS_SOCKET_H 1
| #define HAVE_SYS_STAT_H 1
| #define HAVE_SYS_TIME_H 1
| #define HAVE_SYS_TIMES_H 1
| #define HAVE_SYS_TYPES_H 1
| #define HAVE_SYS_WAIT_H 1
| #define HAVE_NETINET_IN_H 1
| #define HAVE_ARPA_INET_H 1
| #define HAVE_SYS_RESOURCE_H 1
| #define HAVE_ALLOCA_H 1
| #define HAVE_ALLOCA 1
| #define HAVE_CHOWN 1
| /* end confdefs.h.  */
| #include <stddef.h>
| #ifdef HAVE_STDIO_H
| # include <stdio.h>
| #endif
| #ifdef HAVE_STDLIB_H
| # include <stdlib.h>
| #endif
| #ifdef HAVE_STRING_H
| # include <string.h>
| #endif
| #ifdef HAVE_INTTYPES_H
| # include <inttypes.h>
| #endif
| #ifdef HAVE_STDINT_H
| # include <stdint.h>
| #endif
| #ifdef HAVE_STRINGS_H
| # include <strings.h>
| #endif
| #ifdef HAVE_SYS_TYPES_H
| # include <sys/types.h>
| #endif
| #ifdef HAVE_SYS_STAT_H
| # include <sys/stat.h>
| #endif
| #ifdef HAVE_UNISTD_H
| # include <unistd.h>
| #endif
| int
| main (void)
| {
| getpgrp (0);
|   ;
|   return 0;
| }
configure:15439: result: yes
configure:15460: checking for working strcoll
configure:15488: x86_64-unknown-linux-musl-gcc -o conftest -g -O2 -I/home/samson/Projects/clojv3/./store/musl-1.2.6/include -B/home/samson/Projects/clojv3/./store/musl-1.2.6/lib -L/home/samson/Projects/clojv3/./store/musl-1.2.6/lib -Wl,-rpath,/home/samson/Projects/clojv3/./store/musl-1.2.6/lib -Wl,-dynamic-linker,/home/samson/Projects/clojv3/./store/musl-1.2.6/lib/libc.so conftest.c  >&5
configure:15488: $? = 0
configure:15488: ./conftest
configure:15488: $? = 0
configure:15502: result: yes
configure:15554: checking for __setostype
configure:15554: x86_64-unknown-linux-musl-gcc -o conftest -g -O2 -I/home/samson/Projects/clojv3/./store/musl-1.2.6/include -B/home/samson/Projects/clojv3/./store/musl-1.2.6/lib -L/home/samson/Projects/clojv3/./store/musl-1.2.6/lib -Wl,-rpath,/home/samson/Projects/clojv3/./store/musl-1.2.6/lib -Wl,-dynamic-linker,/home/samson/Projects/clojv3/./store/musl-1.2.6/lib/libc.so conftest.c  >&5
/nix/store/60lv8wlcr99wv4ck3sk9fzcbb4jbk2n6-x86_64-unknown-linux-musl-binutils-2.46/bin/x86_64-unknown-linux-musl-ld.bfd: /tmp/ccAZKlje.o: in function `main':
/home/samson/Projects/clojv3/store/tmp/sh-5.3/bash-5.3/conftest.c:224:(.text.startup+0x5): undefined reference to `__setostype'
collect2: error: ld returned 1 exit status
configure:15554: $? = 1
configure: failed program was:
| /* confdefs.h */
| #define PACKAGE_NAME "bash"
| #define PACKAGE_TARNAME "bash"
| #define PACKAGE_VERSION "5.3-release"
| #define PACKAGE_STRING "bash 5.3-release"
| #define PACKAGE_BUGREPORT "bug-bash@gnu.org"
| #define PACKAGE_URL ""
| #define ALIAS 1
| #define PUSHD_AND_POPD 1
| #define RESTRICTED_SHELL 1
| #define PROCESS_SUBSTITUTION 1
| #define PROMPT_STRING_DECODE 1
| #define SELECT_COMMAND 1
| #define HELP_BUILTIN 1
| #define ARRAY_VARS 1
| #define DPAREN_ARITHMETIC 1
| #define BRACE_EXPANSION 1
| #define COMMAND_TIMING 1
| #define EXTENDED_GLOB 1
| #define EXTGLOB_DEFAULT 0
| #define COND_COMMAND 1
| #define COND_REGEXP 1
| #define COPROCESS_SUPPORT 1
| #define ARITH_FOR_COMMAND 1
| #define NETWORK_REDIRECTIONS 1
| #define PROGRAMMABLE_COMPLETION 1
| #define DEBUGGER 1
| #define CASEMOD_ATTRS 1
| #define CASEMOD_EXPANSIONS 1
| #define GLOBASCII_DEFAULT 1
| #define FUNCTION_IMPORT 1
| #define TRANSLATABLE_STRINGS 1
| #define BASH_SOURCE_FULLPATH_DEFAULT 0
| #define MEMSCRAMBLE 1
| #define HAVE_STDIO_H 1
| #define HAVE_STDLIB_H 1
| #define HAVE_STRING_H 1
| #define HAVE_INTTYPES_H 1
| #define HAVE_STDINT_H 1
| #define HAVE_STRINGS_H 1
| #define HAVE_SYS_STAT_H 1
| #define HAVE_SYS_TYPES_H 1
| #define HAVE_UNISTD_H 1
| #define HAVE_WCHAR_H 1
| #define HAVE_STDBOOL_H 1
| #define HAVE_SYS_PARAM_H 1
| #define HAVE_THREADS_H 1
| #define HAVE_SYS_TIME_H 1
| #define STDC_HEADERS 1
| #define _ALL_SOURCE 1
| #define _DARWIN_C_SOURCE 1
| #define _GNU_SOURCE 1
| #define _HPUX_ALT_XOPEN_SOCKET_API 1
| #define _NETBSD_SOURCE 1
| #define _OPENBSD_SOURCE 1
| #define _POSIX_PTHREAD_SEMANTICS 1
| #define __STDC_WANT_IEC_60559_ATTRIBS_EXT__ 1
| #define __STDC_WANT_IEC_60559_BFP_EXT__ 1
| #define __STDC_WANT_IEC_60559_DFP_EXT__ 1
| #define __STDC_WANT_IEC_60559_EXT__ 1
| #define __STDC_WANT_IEC_60559_FUNCS_EXT__ 1
| #define __STDC_WANT_IEC_60559_TYPES_EXT__ 1
| #define __STDC_WANT_LIB_EXT2__ 1
| #define __STDC_WANT_MATH_SPEC_FUNCS__ 1
| #define _TANDEM_SOURCE 1
| #define __EXTENSIONS__ 1
| #define READLINE 1
| #define HISTORY 1
| #define BANG_HISTORY 1
| #define HAVE_STRINGIZE 1
| #define HAVE_LONG_DOUBLE 1
| #define restrict __restrict__
| #define HAVE_C_BOOL 1
| #define HAVE_VISIBILITY 1
| #define HAVE_STDINT_H_WITH_UINTMAX 1
| #define HAVE_ALLOCA_H 1
| #define HAVE_ALLOCA 1
| #define HAVE_GETPAGESIZE 1
| #define HAVE_SYMLINK 1
| #define HAVE_USELOCALE 1
| #define HAVE_VPRINTF 1
| #define HAVE_ALARM 1
| #define HAVE_FPURGE 1
| #define HAVE___FPURGE 1
| #define HAVE_SNPRINTF 1
| #define HAVE_VSNPRINTF 1
| #define HAVE_MMAP 1
| #define INTDIV0_RAISES_SIGFPE 1
| #define HAVE_INTTYPES_H_WITH_UINTMAX 1
| #define HAVE_UNSIGNED_LONG_LONG_INT 1
| #define HAVE_UINTMAX_T 1
| #define HAVE_WEAK_SYMBOLS 1
| #define HAVE_PTHREAD_API 1
| #define USE_POSIX_THREADS 1
| #define USE_POSIX_THREADS_WEAK 1
| #define HAVE_PTHREAD_RWLOCK 1
| #define HAVE_PTHREAD_MUTEX_RECURSIVE 1
| #define HAVE_ICONV 1
| #define ICONV_CONST 
| #define HAVE_BUILTIN_EXPECT 1
| #define HAVE_INTTYPES_H 1
| #define HAVE_UNISTD_H 1
| #define HAVE_SYS_PARAM_H 1
| #define HAVE_GETCWD 1
| #define HAVE_GETEGID 1
| #define HAVE_GETEUID 1
| #define HAVE_GETGID 1
| #define HAVE_GETUID 1
| #define HAVE_MEMPCPY 1
| #define HAVE_MUNMAP 1
| #define HAVE_STPCPY 1
| #define HAVE_STRCASECMP 1
| #define HAVE_TSEARCH 1
| #define HAVE___FSETLOCKING 1
| #define HAVE_DECL_FEOF_UNLOCKED 1
| #define HAVE_DECL_FGETS_UNLOCKED 1
| #define HAVE_LOCALECONV 1
| #define HAVE_LONG_LONG_INT 1
| #define HAVE_WCHAR_T 1
| #define HAVE_WINT_T 1
| #define HAVE_INTMAX_T 1
| #define HAVE_POSIX_PRINTF 1
| #define HAVE_STDINT_H 1
| #define HAVE_STDINT_H 1
| #define HAVE_WORKING_O_NOATIME 0
| #define HAVE_WORKING_O_NOFOLLOW 0
| #define HAVE_WORKING_USELOCALE 1
| #define HAVE_GOOD_USELOCALE 1
| #define FLEXIBLE_ARRAY_MEMBER /**/
| #define HAVE_FEATURES_H 1
| #define HAVE_STDDEF_H 1
| #define HAVE_STDLIB_H 1
| #define HAVE_STRING_H 1
| #define HAVE_ASPRINTF 1
| #define HAVE_WPRINTF 1
| #define HAVE_NEWLOCALE 1
| #define HAVE_PUTENV 1
| #define HAVE_SETENV 1
| #define HAVE_SNPRINTF 1
| #define HAVE_STRNLEN 1
| #define HAVE_USELOCALE 1
| #define HAVE_WCSLEN 1
| #define HAVE_WCSNLEN 1
| #define HAVE_MBRTOWC 1
| #define HAVE_WCRTOMB 1
| #define HAVE_DECL__SNPRINTF 0
| #define HAVE_DECL__SNWPRINTF 0
| #define HAVE_DECL_GETC_UNLOCKED 1
| #define HAVE_NL_LANGINFO 1
| #define HAVE_LANGINFO_CODESET 1
| #define HAVE_LC_MESSAGES 1
| #define ENABLE_NLS 1
| #define HAVE_GETTEXT 1
| #define HAVE_DCGETTEXT 1
| #define HAVE_DIRENT_H 1
| #define MAJOR_IN_SYSMACROS 1
| #define HAVE_INTTYPES_H 1
| #define HAVE_UNISTD_H 1
| #define HAVE_STDLIB_H 1
| #define HAVE_LIMITS_H 1
| #define HAVE_STRING_H 1
| #define HAVE_MEMORY_H 1
| #define HAVE_LOCALE_H 1
| #define HAVE_TERMIOS_H 1
| #define HAVE_DLFCN_H 1
| #define HAVE_STDDEF_H 1
| #define HAVE_STDINT_H 1
| #define HAVE_NETDB_H 1
| #define HAVE_PWD_H 1
| #define HAVE_GRP_H 1
| #define HAVE_STRINGS_H 1
| #define HAVE_STDCKDINT_H 1
| #define HAVE_REGEX_H 1
| #define HAVE_SYSLOG_H 1
| #define HAVE_ULIMIT_H 1
| #define HAVE_SYS_SELECT_H 1
| #define HAVE_SYS_FILE_H 1
| #define HAVE_SYS_IOCTL_H 1
| #define HAVE_SYS_MMAN_H 1
| #define HAVE_SYS_PARAM_H 1
| #define HAVE_SYS_RANDOM_H 1
| #define HAVE_SYS_SOCKET_H 1
| #define HAVE_SYS_STAT_H 1
| #define HAVE_SYS_TIME_H 1
| #define HAVE_SYS_TIMES_H 1
| #define HAVE_SYS_TYPES_H 1
| #define HAVE_SYS_WAIT_H 1
| #define HAVE_NETINET_IN_H 1
| #define HAVE_ARPA_INET_H 1
| #define HAVE_SYS_RESOURCE_H 1
| #define HAVE_ALLOCA_H 1
| #define HAVE_ALLOCA 1
| #define HAVE_CHOWN 1
| #define GETPGRP_VOID 1
| #define HAVE_STRCOLL 1
| /* end confdefs.h.  */
| /* Define __setostype to an innocuous variant, in case <limits.h> declares __setostype.
|    For example, HP-UX 11i <limits.h> declares gettimeofday.  */
| #define __setostype innocuous___setostype
| 
| /* System header to define __stub macros and hopefully few prototypes,
|    which can conflict with char __setostype (void); below.  */
| 
| #include <limits.h>
| #undef __setostype
| 
| /* Override any GCC internal prototype to avoid an error.
|    Use char because int might match the return type of a GCC
|    builtin and then its argument prototype would still apply.  */
| #ifdef __cplusplus
| extern "C"
| #endif
| char __setostype (void);
| /* The GNU C library defines this for functions which it implements
|     to always fail with ENOSYS.  Some functions are actually named
|     something starting with __ and the normal name is an alias.  */
| #if defined __stub___setostype || defined __stub_____setostype
| choke me
| #endif
| 
| int
| main (void)
| {
| return __setostype ();
|   ;
|   return 0;
| }
configure:15554: result: no
configure:15561: checking for wait3
configure:15561: x86_64-unknown-linux-musl-gcc -o conftest -g -O2 -I/home/samson/Projects/clojv3/./store/musl-1.2.6/include -B/home/samson/Projects/clojv3/./store/musl-1.2.6/lib -L/home/samson/Projects/clojv3/./store/musl-1.2.6/lib -Wl,-rpath,/home/samson/Projects/clojv3/./store/musl-1.2.6/lib -Wl,-dynamic-linker,/home/samson/Projects/clojv3/./store/musl-1.2.6/lib/libc.so conftest.c  >&5
configure:15561: $? = 0
configure:15561: result: yes
configure:15569: checking for mkfifo
configure:15569: x86_64-unknown-linux-musl-gcc -o conftest -g -O2 -I/home/samson/Projects/clojv3/./store/musl-1.2.6/include -B/home/samson/Projects/clojv3/./store/musl-1.2.6/lib -L/home/samson/Projects/clojv3/./store/musl-1.2.6/lib -Wl,-rpath,/home/samson/Projects/clojv3/./store/musl-1.2.6/lib -Wl,-dynamic-linker,/home/samson/Projects/clojv3/./store/musl-1.2.6/lib/libc.so conftest.c  >&5
configure:15569: $? = 0
configure:15569: result: yes
configure:15581: checking for dup2
configure:15581: x86_64-unknown-linux-musl-gcc -o conftest -g -O2 -I/home/samson/Projects/clojv3/./store/musl-1.2.6/include -B/home/samson/Projects/clojv3/./store/musl-1.2.6/lib -L/home/samson/Projects/clojv3/./store/musl-1.2.6/lib -Wl,-rpath,/home/samson/Projects/clojv3/./store/musl-1.2.6/lib -Wl,-dynamic-linker,/home/samson/Projects/clojv3/./store/musl-1.2.6/lib/libc.so conftest.c  >&5
configure:15581: $? = 0
configure:15581: result: yes
configure:15587: checking for eaccess
configure:15587: x86_64-unknown-linux-musl-gcc -o conftest -g -O2 -I/home/samson/Projects/clojv3/./store/musl-1.2.6/include -B/home/samson/Projects/clojv3/./store/musl-1.2.6/lib -L/home/samson/Projects/clojv3/./store/musl-1.2.6/lib -Wl,-rpath,/home/samson/Projects/clojv3/./store/musl-1.2.6/lib -Wl,-dynamic-linker,/home/samson/Projects/clojv3/./store/musl-1.2.6/lib/libc.so conftest.c  >&5
configure:15587: $? = 0
configure:15587: result: yes
configure:15593: checking for fcntl
configure:15593: x86_64-unknown-linux-musl-gcc -o conftest -g -O2 -I/home/samson/Projects/clojv3/./store/musl-1.2.6/include -B/home/samson/Projects/clojv3/./store/musl-1.2.6/lib -L/home/samson/Projects/clojv3/./store/musl-1.2.6/lib -Wl,-rpath,/home/samson/Projects/clojv3/./store/musl-1.2.6/lib -Wl,-dynamic-linker,/home/samson/Projects/clojv3/./store/musl-1.2.6/lib/libc.so conftest.c  >&5
configure:15593: $? = 0
configure:15593: result: yes
configure:15599: checking for getdtablesize
configure:15599: x86_64-unknown-linux-musl-gcc -o conftest -g -O2 -I/home/samson/Projects/clojv3/./store/musl-1.2.6/include -B/home/samson/Projects/clojv3/./store/musl-1.2.6/lib -L/home/samson/Projects/clojv3/./store/musl-1.2.6/lib -Wl,-rpath,/home/samson/Projects/clojv3/./store/musl-1.2.6/lib -Wl,-dynamic-linker,/home/samson/Projects/clojv3/./store/musl-1.2.6/lib/libc.so conftest.c  >&5
configure:15599: $? = 0
configure:15599: result: yes
configure:15605: checking for getentropy
configure:15605: x86_64-unknown-linux-musl-gcc -o conftest -g -O2 -I/home/samson/Projects/clojv3/./store/musl-1.2.6/include -B/home/samson/Projects/clojv3/./store/musl-1.2.6/lib -L/home/samson/Projects/clojv3/./store/musl-1.2.6/lib -Wl,-rpath,/home/samson/Projects/clojv3/./store/musl-1.2.6/lib -Wl,-dynamic-linker,/home/samson/Projects/clojv3/./store/musl-1.2.6/lib/libc.so conftest.c  >&5
configure:15605: $? = 0
configure:15605: result: yes
configure:15611: checking for getgroups
configure:15611: x86_64-unknown-linux-musl-gcc -o conftest -g -O2 -I/home/samson/Projects/clojv3/./store/musl-1.2.6/include -B/home/samson/Projects/clojv3/./store/musl-1.2.6/lib -L/home/samson/Projects/clojv3/./store/musl-1.2.6/lib -Wl,-rpath,/home/samson/Projects/clojv3/./store/musl-1.2.6/lib -Wl,-dynamic-linker,/home/samson/Projects/clojv3/./store/musl-1.2.6/lib/libc.so conftest.c  >&5
configure:15611: $? = 0
configure:15611: result: yes
configure:15617: checking for gethostname
configure:15617: x86_64-unknown-linux-musl-gcc -o conftest -g -O2 -I/home/samson/Projects/clojv3/./store/musl-1.2.6/include -B/home/samson/Projects/clojv3/./store/musl-1.2.6/lib -L/home/samson/Projects/clojv3/./store/musl-1.2.6/lib -Wl,-rpath,/home/samson/Projects/clojv3/./store/musl-1.2.6/lib -Wl,-dynamic-linker,/home/samson/Projects/clojv3/./store/musl-1.2.6/lib/libc.so conftest.c  >&5
configure:15617: $? = 0
configure:15617: result: yes
configure:15623: checking for getpagesize
configure:15623: result: yes
configure:15629: checking for getpeername
configure:15629: x86_64-unknown-linux-musl-gcc -o conftest -g -O2 -I/home/samson/Projects/clojv3/./store/musl-1.2.6/include -B/home/samson/Projects/clojv3/./store/musl-1.2.6/lib -L/home/samson/Projects/clojv3/./store/musl-1.2.6/lib -Wl,-rpath,/home/samson/Projects/clojv3/./store/musl-1.2.6/lib -Wl,-dynamic-linker,/home/samson/Projects/clojv3/./store/musl-1.2.6/lib/libc.so conftest.c  >&5
configure:15629: $? = 0
configure:15629: result: yes
configure:15635: checking for getrandom
configure:15635: x86_64-unknown-linux-musl-gcc -o conftest -g -O2 -I/home/samson/Projects/clojv3/./store/musl-1.2.6/include -B/home/samson/Projects/clojv3/./store/musl-1.2.6/lib -L/home/samson/Projects/clojv3/./store/musl-1.2.6/lib -Wl,-rpath,/home/samson/Projects/clojv3/./store/musl-1.2.6/lib -Wl,-dynamic-linker,/home/samson/Projects/clojv3/./store/musl-1.2.6/lib/libc.so conftest.c  >&5
configure:15635: $? = 0
configure:15635: result: yes
configure:15641: checking for getrlimit
configure:15641: x86_64-unknown-linux-musl-gcc -o conftest -g -O2 -I/home/samson/Projects/clojv3/./store/musl-1.2.6/include -B/home/samson/Projects/clojv3/./store/musl-1.2.6/lib -L/home/samson/Projects/clojv3/./store/musl-1.2.6/lib -Wl,-rpath,/home/samson/Projects/clojv3/./store/musl-1.2.6/lib -Wl,-dynamic-linker,/home/samson/Projects/clojv3/./store/musl-1.2.6/lib/libc.so conftest.c  >&5
configure:15641: $? = 0
configure:15641: result: yes
configure:15647: checking for getrusage
configure:15647: x86_64-unknown-linux-musl-gcc -o conftest -g -O2 -I/home/samson/Projects/clojv3/./store/musl-1.2.6/include -B/home/samson/Projects/clojv3/./store/musl-1.2.6/lib -L/home/samson/Projects/clojv3/./store/musl-1.2.6/lib -Wl,-rpath,/home/samson/Projects/clojv3/./store/musl-1.2.6/lib -Wl,-dynamic-linker,/home/samson/Projects/clojv3/./store/musl-1.2.6/lib/libc.so conftest.c  >&5
configure:15647: $? = 0
configure:15647: result: yes
configure:15653: checking for gettimeofday
configure:15653: x86_64-unknown-linux-musl-gcc -o conftest -g -O2 -I/home/samson/Projects/clojv3/./store/musl-1.2.6/include -B/home/samson/Projects/clojv3/./store/musl-1.2.6/lib -L/home/samson/Projects/clojv3/./store/musl-1.2.6/lib -Wl,-rpath,/home/samson/Projects/clojv3/./store/musl-1.2.6/lib -Wl,-dynamic-linker,/home/samson/Projects/clojv3/./store/musl-1.2.6/lib/libc.so conftest.c  >&5
configure:15653: $? = 0
configure:15653: result: yes
configure:15659: checking for kill
configure:15659: x86_64-unknown-linux-musl-gcc -o conftest -g -O2 -I/home/samson/Projects/clojv3/./store/musl-1.2.6/include -B/home/samson/Projects/clojv3/./store/musl-1.2.6/lib -L/home/samson/Projects/clojv3/./store/musl-1.2.6/lib -Wl,-rpath,/home/samson/Projects/clojv3/./store/musl-1.2.6/lib -Wl,-dynamic-linker,/home/samson/Projects/clojv3/./store/musl-1.2.6/lib/libc.so conftest.c  >&5
configure:15659: $? = 0
configure:15659: result: yes
configure:15665: checking for killpg
configure:15665: x86_64-unknown-linux-musl-gcc -o conftest -g -O2 -I/home/samson/Projects/clojv3/./store/musl-1.2.6/include -B/home/samson/Projects/clojv3/./store/musl-1.2.6/lib -L/home/samson/Projects/clojv3/./store/musl-1.2.6/lib -Wl,-rpath,/home/samson/Projects/clojv3/./store/musl-1.2.6/lib -Wl,-dynamic-linker,/home/samson/Projects/clojv3/./store/musl-1.2.6/lib/libc.so conftest.c  >&5
configure:15665: $? = 0
configure:15665: result: yes
configure:15671: checking for lstat
configure:15671: x86_64-unknown-linux-musl-gcc -o conftest -g -O2 -I/home/samson/Projects/clojv3/./store/musl-1.2.6/include -B/home/samson/Projects/clojv3/./store/musl-1.2.6/lib -L/home/samson/Projects/clojv3/./store/musl-1.2.6/lib -Wl,-rpath,/home/samson/Projects/clojv3/./store/musl-1.2.6/lib -Wl,-dynamic-linker,/home/samson/Projects/clojv3/./store/musl-1.2.6/lib/libc.so conftest.c  >&5
configure:15671: $? = 0
configure:15671: result: yes
configure:15677: checking for nanosleep
configure:15677: x86_64-unknown-linux-musl-gcc -o conftest -g -O2 -I/home/samson/Projects/clojv3/./store/musl-1.2.6/include -B/home/samson/Projects/clojv3/./store/musl-1.2.6/lib -L/home/samson/Projects/clojv3/./store/musl-1.2.6/lib -Wl,-rpath,/home/samson/Projects/clojv3/./store/musl-1.2.6/lib -Wl,-dynamic-linker,/home/samson/Projects/clojv3/./store/musl-1.2.6/lib/libc.so conftest.c  >&5
configure:15677: $? = 0
configure:15677: result: yes
configure:15683: checking for pselect
configure:15683: x86_64-unknown-linux-musl-gcc -o conftest -g -O2 -I/home/samson/Projects/clojv3/./store/musl-1.2.6/include -B/home/samson/Projects/clojv3/./store/musl-1.2.6/lib -L/home/samson/Projects/clojv3/./store/musl-1.2.6/lib -Wl,-rpath,/home/samson/Projects/clojv3/./store/musl-1.2.6/lib -Wl,-dynamic-linker,/home/samson/Projects/clojv3/./store/musl-1.2.6/lib/libc.so conftest.c  >&5
configure:15683: $? = 0
configure:15683: result: yes
configure:15689: checking for readlink
configure:15689: x86_64-unknown-linux-musl-gcc -o conftest -g -O2 -I/home/samson/Projects/clojv3/./store/musl-1.2.6/include -B/home/samson/Projects/clojv3/./store/musl-1.2.6/lib -L/home/samson/Projects/clojv3/./store/musl-1.2.6/lib -Wl,-rpath,/home/samson/Projects/clojv3/./store/musl-1.2.6/lib -Wl,-dynamic-linker,/home/samson/Projects/clojv3/./store/musl-1.2.6/lib/libc.so conftest.c  >&5
configure:15689: $? = 0
configure:15689: result: yes
configure:15695: checking for select
configure:15695: x86_64-unknown-linux-musl-gcc -o conftest -g -O2 -I/home/samson/Projects/clojv3/./store/musl-1.2.6/include -B/home/samson/Projects/clojv3/./store/musl-1.2.6/lib -L/home/samson/Projects/clojv3/./store/musl-1.2.6/lib -Wl,-rpath,/home/samson/Projects/clojv3/./store/musl-1.2.6/lib -Wl,-dynamic-linker,/home/samson/Projects/clojv3/./store/musl-1.2.6/lib/libc.so conftest.c  >&5
configure:15695: $? = 0
configure:15695: result: yes
configure:15701: checking for setdtablesize
configure:15701: x86_64-unknown-linux-musl-gcc -o conftest -g -O2 -I/home/samson/Projects/clojv3/./store/musl-1.2.6/include -B/home/samson/Projects/clojv3/./store/musl-1.2.6/lib -L/home/samson/Projects/clojv3/./store/musl-1.2.6/lib -Wl,-rpath,/home/samson/Projects/clojv3/./store/musl-1.2.6/lib -Wl,-dynamic-linker,/home/samson/Projects/clojv3/./store/musl-1.2.6/lib/libc.so conftest.c  >&5
/nix/store/60lv8wlcr99wv4ck3sk9fzcbb4jbk2n6-x86_64-unknown-linux-musl-binutils-2.46/bin/x86_64-unknown-linux-musl-ld.bfd: /tmp/cceDc7qm.o: in function `main':
/home/samson/Projects/clojv3/store/tmp/sh-5.3/bash-5.3/conftest.c:246:(.text.startup+0x5): undefined reference to `setdtablesize'
collect2: error: ld returned 1 exit status
configure:15701: $? = 1
configure: failed program was:
| /* confdefs.h */
| #define PACKAGE_NAME "bash"
| #define PACKAGE_TARNAME "bash"
| #define PACKAGE_VERSION "5.3-release"
| #define PACKAGE_STRING "bash 5.3-release"
| #define PACKAGE_BUGREPORT "bug-bash@gnu.org"
| #define PACKAGE_URL ""
| #define ALIAS 1
| #define PUSHD_AND_POPD 1
| #define RESTRICTED_SHELL 1
| #define PROCESS_SUBSTITUTION 1
| #define PROMPT_STRING_DECODE 1
| #define SELECT_COMMAND 1
| #define HELP_BUILTIN 1
| #define ARRAY_VARS 1
| #define DPAREN_ARITHMETIC 1
| #define BRACE_EXPANSION 1
| #define COMMAND_TIMING 1
| #define EXTENDED_GLOB 1
| #define EXTGLOB_DEFAULT 0
| #define COND_COMMAND 1
| #define COND_REGEXP 1
| #define COPROCESS_SUPPORT 1
| #define ARITH_FOR_COMMAND 1
| #define NETWORK_REDIRECTIONS 1
| #define PROGRAMMABLE_COMPLETION 1
| #define DEBUGGER 1
| #define CASEMOD_ATTRS 1
| #define CASEMOD_EXPANSIONS 1
| #define GLOBASCII_DEFAULT 1
| #define FUNCTION_IMPORT 1
| #define TRANSLATABLE_STRINGS 1
| #define BASH_SOURCE_FULLPATH_DEFAULT 0
| #define MEMSCRAMBLE 1
| #define HAVE_STDIO_H 1
| #define HAVE_STDLIB_H 1
| #define HAVE_STRING_H 1
| #define HAVE_INTTYPES_H 1
| #define HAVE_STDINT_H 1
| #define HAVE_STRINGS_H 1
| #define HAVE_SYS_STAT_H 1
| #define HAVE_SYS_TYPES_H 1
| #define HAVE_UNISTD_H 1
| #define HAVE_WCHAR_H 1
| #define HAVE_STDBOOL_H 1
| #define HAVE_SYS_PARAM_H 1
| #define HAVE_THREADS_H 1
| #define HAVE_SYS_TIME_H 1
| #define STDC_HEADERS 1
| #define _ALL_SOURCE 1
| #define _DARWIN_C_SOURCE 1
| #define _GNU_SOURCE 1
| #define _HPUX_ALT_XOPEN_SOCKET_API 1
| #define _NETBSD_SOURCE 1
| #define _OPENBSD_SOURCE 1
| #define _POSIX_PTHREAD_SEMANTICS 1
| #define __STDC_WANT_IEC_60559_ATTRIBS_EXT__ 1
| #define __STDC_WANT_IEC_60559_BFP_EXT__ 1
| #define __STDC_WANT_IEC_60559_DFP_EXT__ 1
| #define __STDC_WANT_IEC_60559_EXT__ 1
| #define __STDC_WANT_IEC_60559_FUNCS_EXT__ 1
| #define __STDC_WANT_IEC_60559_TYPES_EXT__ 1
| #define __STDC_WANT_LIB_EXT2__ 1
| #define __STDC_WANT_MATH_SPEC_FUNCS__ 1
| #define _TANDEM_SOURCE 1
| #define __EXTENSIONS__ 1
| #define READLINE 1
| #define HISTORY 1
| #define BANG_HISTORY 1
| #define HAVE_STRINGIZE 1
| #define HAVE_LONG_DOUBLE 1
| #define restrict __restrict__
| #define HAVE_C_BOOL 1
| #define HAVE_VISIBILITY 1
| #define HAVE_STDINT_H_WITH_UINTMAX 1
| #define HAVE_ALLOCA_H 1
| #define HAVE_ALLOCA 1
| #define HAVE_GETPAGESIZE 1
| #define HAVE_SYMLINK 1
| #define HAVE_USELOCALE 1
| #define HAVE_VPRINTF 1
| #define HAVE_ALARM 1
| #define HAVE_FPURGE 1
| #define HAVE___FPURGE 1
| #define HAVE_SNPRINTF 1
| #define HAVE_VSNPRINTF 1
| #define HAVE_MMAP 1
| #define INTDIV0_RAISES_SIGFPE 1
| #define HAVE_INTTYPES_H_WITH_UINTMAX 1
| #define HAVE_UNSIGNED_LONG_LONG_INT 1
| #define HAVE_UINTMAX_T 1
| #define HAVE_WEAK_SYMBOLS 1
| #define HAVE_PTHREAD_API 1
| #define USE_POSIX_THREADS 1
| #define USE_POSIX_THREADS_WEAK 1
| #define HAVE_PTHREAD_RWLOCK 1
| #define HAVE_PTHREAD_MUTEX_RECURSIVE 1
| #define HAVE_ICONV 1
| #define ICONV_CONST 
| #define HAVE_BUILTIN_EXPECT 1
| #define HAVE_INTTYPES_H 1
| #define HAVE_UNISTD_H 1
| #define HAVE_SYS_PARAM_H 1
| #define HAVE_GETCWD 1
| #define HAVE_GETEGID 1
| #define HAVE_GETEUID 1
| #define HAVE_GETGID 1
| #define HAVE_GETUID 1
| #define HAVE_MEMPCPY 1
| #define HAVE_MUNMAP 1
| #define HAVE_STPCPY 1
| #define HAVE_STRCASECMP 1
| #define HAVE_TSEARCH 1
| #define HAVE___FSETLOCKING 1
| #define HAVE_DECL_FEOF_UNLOCKED 1
| #define HAVE_DECL_FGETS_UNLOCKED 1
| #define HAVE_LOCALECONV 1
| #define HAVE_LONG_LONG_INT 1
| #define HAVE_WCHAR_T 1
| #define HAVE_WINT_T 1
| #define HAVE_INTMAX_T 1
| #define HAVE_POSIX_PRINTF 1
| #define HAVE_STDINT_H 1
| #define HAVE_STDINT_H 1
| #define HAVE_WORKING_O_NOATIME 0
| #define HAVE_WORKING_O_NOFOLLOW 0
| #define HAVE_WORKING_USELOCALE 1
| #define HAVE_GOOD_USELOCALE 1
| #define FLEXIBLE_ARRAY_MEMBER /**/
| #define HAVE_FEATURES_H 1
| #define HAVE_STDDEF_H 1
| #define HAVE_STDLIB_H 1
| #define HAVE_STRING_H 1
| #define HAVE_ASPRINTF 1
| #define HAVE_WPRINTF 1
| #define HAVE_NEWLOCALE 1
| #define HAVE_PUTENV 1
| #define HAVE_SETENV 1
| #define HAVE_SNPRINTF 1
| #define HAVE_STRNLEN 1
| #define HAVE_USELOCALE 1
| #define HAVE_WCSLEN 1
| #define HAVE_WCSNLEN 1
| #define HAVE_MBRTOWC 1
| #define HAVE_WCRTOMB 1
| #define HAVE_DECL__SNPRINTF 0
| #define HAVE_DECL__SNWPRINTF 0
| #define HAVE_DECL_GETC_UNLOCKED 1
| #define HAVE_NL_LANGINFO 1
| #define HAVE_LANGINFO_CODESET 1
| #define HAVE_LC_MESSAGES 1
| #define ENABLE_NLS 1
| #define HAVE_GETTEXT 1
| #define HAVE_DCGETTEXT 1
| #define HAVE_DIRENT_H 1
| #define MAJOR_IN_SYSMACROS 1
| #define HAVE_INTTYPES_H 1
| #define HAVE_UNISTD_H 1
| #define HAVE_STDLIB_H 1
| #define HAVE_LIMITS_H 1
| #define HAVE_STRING_H 1
| #define HAVE_MEMORY_H 1
| #define HAVE_LOCALE_H 1
| #define HAVE_TERMIOS_H 1
| #define HAVE_DLFCN_H 1
| #define HAVE_STDDEF_H 1
| #define HAVE_STDINT_H 1
| #define HAVE_NETDB_H 1
| #define HAVE_PWD_H 1
| #define HAVE_GRP_H 1
| #define HAVE_STRINGS_H 1
| #define HAVE_STDCKDINT_H 1
| #define HAVE_REGEX_H 1
| #define HAVE_SYSLOG_H 1
| #define HAVE_ULIMIT_H 1
| #define HAVE_SYS_SELECT_H 1
| #define HAVE_SYS_FILE_H 1
| #define HAVE_SYS_IOCTL_H 1
| #define HAVE_SYS_MMAN_H 1
| #define HAVE_SYS_PARAM_H 1
| #define HAVE_SYS_RANDOM_H 1
| #define HAVE_SYS_SOCKET_H 1
| #define HAVE_SYS_STAT_H 1
| #define HAVE_SYS_TIME_H 1
| #define HAVE_SYS_TIMES_H 1
| #define HAVE_SYS_TYPES_H 1
| #define HAVE_SYS_WAIT_H 1
| #define HAVE_NETINET_IN_H 1
| #define HAVE_ARPA_INET_H 1
| #define HAVE_SYS_RESOURCE_H 1
| #define HAVE_ALLOCA_H 1
| #define HAVE_ALLOCA 1
| #define HAVE_CHOWN 1
| #define GETPGRP_VOID 1
| #define HAVE_STRCOLL 1
| #define HAVE_WAIT3 1
| #define HAVE_MKFIFO 1
| #define HAVE_DUP2 1
| #define HAVE_EACCESS 1
| #define HAVE_FCNTL 1
| #define HAVE_GETDTABLESIZE 1
| #define HAVE_GETENTROPY 1
| #define HAVE_GETGROUPS 1
| #define HAVE_GETHOSTNAME 1
| #define HAVE_GETPAGESIZE 1
| #define HAVE_GETPEERNAME 1
| #define HAVE_GETRANDOM 1
| #define HAVE_GETRLIMIT 1
| #define HAVE_GETRUSAGE 1
| #define HAVE_GETTIMEOFDAY 1
| #define HAVE_KILL 1
| #define HAVE_KILLPG 1
| #define HAVE_LSTAT 1
| #define HAVE_NANOSLEEP 1
| #define HAVE_PSELECT 1
| #define HAVE_READLINK 1
| #define HAVE_SELECT 1
| /* end confdefs.h.  */
| /* Define setdtablesize to an innocuous variant, in case <limits.h> declares setdtablesize.
|    For example, HP-UX 11i <limits.h> declares gettimeofday.  */
| #define setdtablesize innocuous_setdtablesize
| 
| /* System header to define __stub macros and hopefully few prototypes,
|    which can conflict with char setdtablesize (void); below.  */
| 
| #include <limits.h>
| #undef setdtablesize
| 
| /* Override any GCC internal prototype to avoid an error.
|    Use char because int might match the return type of a GCC
|    builtin and then its argument prototype would still apply.  */
| #ifdef __cplusplus
| extern "C"
| #endif
| char setdtablesize (void);
| /* The GNU C library defines this for functions which it implements
|     to always fail with ENOSYS.  Some functions are actually named
|     something starting with __ and the normal name is an alias.  */
| #if defined __stub_setdtablesize || defined __stub___setdtablesize
| choke me
| #endif
| 
| int
| main (void)
| {
| return setdtablesize ();
|   ;
|   return 0;
| }
configure:15701: result: no
configure:15707: checking for setitimer
configure:15707: x86_64-unknown-linux-musl-gcc -o conftest -g -O2 -I/home/samson/Projects/clojv3/./store/musl-1.2.6/include -B/home/samson/Projects/clojv3/./store/musl-1.2.6/lib -L/home/samson/Projects/clojv3/./store/musl-1.2.6/lib -Wl,-rpath,/home/samson/Projects/clojv3/./store/musl-1.2.6/lib -Wl,-dynamic-linker,/home/samson/Projects/clojv3/./store/musl-1.2.6/lib/libc.so conftest.c  >&5
configure:15707: $? = 0
configure:15707: result: yes
configure:15713: checking for statfs
configure:15713: x86_64-unknown-linux-musl-gcc -o conftest -g -O2 -I/home/samson/Projects/clojv3/./store/musl-1.2.6/include -B/home/samson/Projects/clojv3/./store/musl-1.2.6/lib -L/home/samson/Projects/clojv3/./store/musl-1.2.6/lib -Wl,-rpath,/home/samson/Projects/clojv3/./store/musl-1.2.6/lib -Wl,-dynamic-linker,/home/samson/Projects/clojv3/./store/musl-1.2.6/lib/libc.so conftest.c  >&5
configure:15713: $? = 0
configure:15713: result: yes
configure:15719: checking for tcgetpgrp
configure:15719: x86_64-unknown-linux-musl-gcc -o conftest -g -O2 -I/home/samson/Projects/clojv3/./store/musl-1.2.6/include -B/home/samson/Projects/clojv3/./store/musl-1.2.6/lib -L/home/samson/Projects/clojv3/./store/musl-1.2.6/lib -Wl,-rpath,/home/samson/Projects/clojv3/./store/musl-1.2.6/lib -Wl,-dynamic-linker,/home/samson/Projects/clojv3/./store/musl-1.2.6/lib/libc.so conftest.c  >&5
configure:15719: $? = 0
configure:15719: result: yes
configure:15725: checking for uname
configure:15725: x86_64-unknown-linux-musl-gcc -o conftest -g -O2 -I/home/samson/Projects/clojv3/./store/musl-1.2.6/include -B/home/samson/Projects/clojv3/./store/musl-1.2.6/lib -L/home/samson/Projects/clojv3/./store/musl-1.2.6/lib -Wl,-rpath,/home/samson/Projects/clojv3/./store/musl-1.2.6/lib -Wl,-dynamic-linker,/home/samson/Projects/clojv3/./store/musl-1.2.6/lib/libc.so conftest.c  >&5
configure:15725: $? = 0
configure:15725: result: yes
configure:15731: checking for ulimit
configure:15731: x86_64-unknown-linux-musl-gcc -o conftest -g -O2 -I/home/samson/Projects/clojv3/./store/musl-1.2.6/include -B/home/samson/Projects/clojv3/./store/musl-1.2.6/lib -L/home/samson/Projects/clojv3/./store/musl-1.2.6/lib -Wl,-rpath,/home/samson/Projects/clojv3/./store/musl-1.2.6/lib -Wl,-dynamic-linker,/home/samson/Projects/clojv3/./store/musl-1.2.6/lib/libc.so conftest.c  >&5
configure:15731: $? = 0
configure:15731: result: yes
configure:15737: checking for waitpid
configure:15737: x86_64-unknown-linux-musl-gcc -o conftest -g -O2 -I/home/samson/Projects/clojv3/./store/musl-1.2.6/include -B/home/samson/Projects/clojv3/./store/musl-1.2.6/lib -L/home/samson/Projects/clojv3/./store/musl-1.2.6/lib -Wl,-rpath,/home/samson/Projects/clojv3/./store/musl-1.2.6/lib -Wl,-dynamic-linker,/home/samson/Projects/clojv3/./store/musl-1.2.6/lib/libc.so conftest.c  >&5
configure:15737: $? = 0
configure:15737: result: yes
configure:15744: checking for rename
configure:15744: x86_64-unknown-linux-musl-gcc -o conftest -g -O2 -I/home/samson/Projects/clojv3/./store/musl-1.2.6/include -B/home/samson/Projects/clojv3/./store/musl-1.2.6/lib -L/home/samson/Projects/clojv3/./store/musl-1.2.6/lib -Wl,-rpath,/home/samson/Projects/clojv3/./store/musl-1.2.6/lib -Wl,-dynamic-linker,/home/samson/Projects/clojv3/./store/musl-1.2.6/lib/libc.so conftest.c  >&5
configure:15744: $? = 0
configure:15744: result: yes
configure:15760: checking for bcopy
configure:15760: x86_64-unknown-linux-musl-gcc -o conftest -g -O2 -I/home/samson/Projects/clojv3/./store/musl-1.2.6/include -B/home/samson/Projects/clojv3/./store/musl-1.2.6/lib -L/home/samson/Projects/clojv3/./store/musl-1.2.6/lib -Wl,-rpath,/home/samson/Projects/clojv3/./store/musl-1.2.6/lib -Wl,-dynamic-linker,/home/samson/Projects/clojv3/./store/musl-1.2.6/lib/libc.so conftest.c  >&5
conftest.c:242:6: warning: conflicting types for built-in function 'bcopy'; expected 'void(const void *, void *, long unsigned int)' [-Wbuiltin-declaration-mismatch]
  242 | char bcopy (void);
      |      ^~~~~
configure:15760: $? = 0
configure:15760: result: yes
configure:15766: checking for bzero
configure:15766: x86_64-unknown-linux-musl-gcc -o conftest -g -O2 -I/home/samson/Projects/clojv3/./store/musl-1.2.6/include -B/home/samson/Projects/clojv3/./store/musl-1.2.6/lib -L/home/samson/Projects/clojv3/./store/musl-1.2.6/lib -Wl,-rpath,/home/samson/Projects/clojv3/./store/musl-1.2.6/lib -Wl,-dynamic-linker,/home/samson/Projects/clojv3/./store/musl-1.2.6/lib/libc.so conftest.c  >&5
conftest.c:243:6: warning: conflicting types for built-in function 'bzero'; expected 'void(void *, long unsigned int)' [-Wbuiltin-declaration-mismatch]
  243 | char bzero (void);
      |      ^~~~~
configure:15766: $? = 0
configure:15766: result: yes
configure:15772: checking for clock_gettime
configure:15772: x86_64-unknown-linux-musl-gcc -o conftest -g -O2 -I/home/samson/Projects/clojv3/./store/musl-1.2.6/include -B/home/samson/Projects/clojv3/./store/musl-1.2.6/lib -L/home/samson/Projects/clojv3/./store/musl-1.2.6/lib -Wl,-rpath,/home/samson/Projects/clojv3/./store/musl-1.2.6/lib -Wl,-dynamic-linker,/home/samson/Projects/clojv3/./store/musl-1.2.6/lib/libc.so conftest.c  >&5
configure:15772: $? = 0
configure:15772: result: yes
configure:15778: checking for confstr
configure:15778: x86_64-unknown-linux-musl-gcc -o conftest -g -O2 -I/home/samson/Projects/clojv3/./store/musl-1.2.6/include -B/home/samson/Projects/clojv3/./store/musl-1.2.6/lib -L/home/samson/Projects/clojv3/./store/musl-1.2.6/lib -Wl,-rpath,/home/samson/Projects/clojv3/./store/musl-1.2.6/lib -Wl,-dynamic-linker,/home/samson/Projects/clojv3/./store/musl-1.2.6/lib/libc.so conftest.c  >&5
configure:15778: $? = 0
configure:15778: result: yes
configure:15784: checking for faccessat
configure:15784: x86_64-unknown-linux-musl-gcc -o conftest -g -O2 -I/home/samson/Projects/clojv3/./store/musl-1.2.6/include -B/home/samson/Projects/clojv3/./store/musl-1.2.6/lib -L/home/samson/Projects/clojv3/./store/musl-1.2.6/lib -Wl,-rpath,/home/samson/Projects/clojv3/./store/musl-1.2.6/lib -Wl,-dynamic-linker,/home/samson/Projects/clojv3/./store/musl-1.2.6/lib/libc.so conftest.c  >&5
configure:15784: $? = 0
configure:15784: result: yes
configure:15790: checking for fnmatch
configure:15790: x86_64-unknown-linux-musl-gcc -o conftest -g -O2 -I/home/samson/Projects/clojv3/./store/musl-1.2.6/include -B/home/samson/Projects/clojv3/./store/musl-1.2.6/lib -L/home/samson/Projects/clojv3/./store/musl-1.2.6/lib -Wl,-rpath,/home/samson/Projects/clojv3/./store/musl-1.2.6/lib -Wl,-dynamic-linker,/home/samson/Projects/clojv3/./store/musl-1.2.6/lib/libc.so conftest.c  >&5
configure:15790: $? = 0
configure:15790: result: yes
configure:15796: checking for getaddrinfo
configure:15796: x86_64-unknown-linux-musl-gcc -o conftest -g -O2 -I/home/samson/Projects/clojv3/./store/musl-1.2.6/include -B/home/samson/Projects/clojv3/./store/musl-1.2.6/lib -L/home/samson/Projects/clojv3/./store/musl-1.2.6/lib -Wl,-rpath,/home/samson/Projects/clojv3/./store/musl-1.2.6/lib -Wl,-dynamic-linker,/home/samson/Projects/clojv3/./store/musl-1.2.6/lib/libc.so conftest.c  >&5
configure:15796: $? = 0
configure:15796: result: yes
configure:15802: checking for gethostbyname
configure:15802: x86_64-unknown-linux-musl-gcc -o conftest -g -O2 -I/home/samson/Projects/clojv3/./store/musl-1.2.6/include -B/home/samson/Projects/clojv3/./store/musl-1.2.6/lib -L/home/samson/Projects/clojv3/./store/musl-1.2.6/lib -Wl,-rpath,/home/samson/Projects/clojv3/./store/musl-1.2.6/lib -Wl,-dynamic-linker,/home/samson/Projects/clojv3/./store/musl-1.2.6/lib/libc.so conftest.c  >&5
configure:15802: $? = 0
configure:15802: result: yes
configure:15808: checking for getservbyname
configure:15808: x86_64-unknown-linux-musl-gcc -o conftest -g -O2 -I/home/samson/Projects/clojv3/./store/musl-1.2.6/include -B/home/samson/Projects/clojv3/./store/musl-1.2.6/lib -L/home/samson/Projects/clojv3/./store/musl-1.2.6/lib -Wl,-rpath,/home/samson/Projects/clojv3/./store/musl-1.2.6/lib -Wl,-dynamic-linker,/home/samson/Projects/clojv3/./store/musl-1.2.6/lib/libc.so conftest.c  >&5
configure:15808: $? = 0
configure:15808: result: yes
configure:15814: checking for getservent
configure:15814: x86_64-unknown-linux-musl-gcc -o conftest -g -O2 -I/home/samson/Projects/clojv3/./store/musl-1.2.6/include -B/home/samson/Projects/clojv3/./store/musl-1.2.6/lib -L/home/samson/Projects/clojv3/./store/musl-1.2.6/lib -Wl,-rpath,/home/samson/Projects/clojv3/./store/musl-1.2.6/lib -Wl,-dynamic-linker,/home/samson/Projects/clojv3/./store/musl-1.2.6/lib/libc.so conftest.c  >&5
configure:15814: $? = 0
configure:15814: result: yes
configure:15820: checking for inet_aton
configure:15820: x86_64-unknown-linux-musl-gcc -o conftest -g -O2 -I/home/samson/Projects/clojv3/./store/musl-1.2.6/include -B/home/samson/Projects/clojv3/./store/musl-1.2.6/lib -L/home/samson/Projects/clojv3/./store/musl-1.2.6/lib -Wl,-rpath,/home/samson/Projects/clojv3/./store/musl-1.2.6/lib -Wl,-dynamic-linker,/home/samson/Projects/clojv3/./store/musl-1.2.6/lib/libc.so conftest.c  >&5
configure:15820: $? = 0
configure:15820: result: yes
configure:15826: checking for imaxdiv
configure:15826: x86_64-unknown-linux-musl-gcc -o conftest -g -O2 -I/home/samson/Projects/clojv3/./store/musl-1.2.6/include -B/home/samson/Projects/clojv3/./store/musl-1.2.6/lib -L/home/samson/Projects/clojv3/./store/musl-1.2.6/lib -Wl,-rpath,/home/samson/Projects/clojv3/./store/musl-1.2.6/lib -Wl,-dynamic-linker,/home/samson/Projects/clojv3/./store/musl-1.2.6/lib/libc.so conftest.c  >&5
configure:15826: $? = 0
configure:15826: result: yes
configure:15832: checking for memmove
configure:15832: x86_64-unknown-linux-musl-gcc -o conftest -g -O2 -I/home/samson/Projects/clojv3/./store/musl-1.2.6/include -B/home/samson/Projects/clojv3/./store/musl-1.2.6/lib -L/home/samson/Projects/clojv3/./store/musl-1.2.6/lib -Wl,-rpath,/home/samson/Projects/clojv3/./store/musl-1.2.6/lib -Wl,-dynamic-linker,/home/samson/Projects/clojv3/./store/musl-1.2.6/lib/libc.so conftest.c  >&5
conftest.c:254:6: warning: conflicting types for built-in function 'memmove'; expected 'void *(void *, const void *, long unsigned int)' [-Wbuiltin-declaration-mismatch]
  254 | char memmove (void);
      |      ^~~~~~~
conftest.c:246:1: note: 'memmove' is declared in header '<string.h>'
  245 | #include <limits.h>
  246 | #undef memmove
configure:15832: $? = 0
configure:15832: result: yes
configure:15838: checking for pathconf
configure:15838: x86_64-unknown-linux-musl-gcc -o conftest -g -O2 -I/home/samson/Projects/clojv3/./store/musl-1.2.6/include -B/home/samson/Projects/clojv3/./store/musl-1.2.6/lib -L/home/samson/Projects/clojv3/./store/musl-1.2.6/lib -Wl,-rpath,/home/samson/Projects/clojv3/./store/musl-1.2.6/lib -Wl,-dynamic-linker,/home/samson/Projects/clojv3/./store/musl-1.2.6/lib/libc.so conftest.c  >&5
configure:15838: $? = 0
configure:15838: result: yes
configure:15844: checking for putenv
configure:15844: result: yes
configure:15850: checking for raise
configure:15850: x86_64-unknown-linux-musl-gcc -o conftest -g -O2 -I/home/samson/Projects/clojv3/./store/musl-1.2.6/include -B/home/samson/Projects/clojv3/./store/musl-1.2.6/lib -L/home/samson/Projects/clojv3/./store/musl-1.2.6/lib -Wl,-rpath,/home/samson/Projects/clojv3/./store/musl-1.2.6/lib -Wl,-dynamic-linker,/home/samson/Projects/clojv3/./store/musl-1.2.6/lib/libc.so conftest.c  >&5
configure:15850: $? = 0
configure:15850: result: yes
configure:15856: checking for random
configure:15856: x86_64-unknown-linux-musl-gcc -o conftest -g -O2 -I/home/samson/Projects/clojv3/./store/musl-1.2.6/include -B/home/samson/Projects/clojv3/./store/musl-1.2.6/lib -L/home/samson/Projects/clojv3/./store/musl-1.2.6/lib -Wl,-rpath,/home/samson/Projects/clojv3/./store/musl-1.2.6/lib -Wl,-dynamic-linker,/home/samson/Projects/clojv3/./store/musl-1.2.6/lib/libc.so conftest.c  >&5
configure:15856: $? = 0
configure:15856: result: yes
configure:15862: checking for regcomp
configure:15862: x86_64-unknown-linux-musl-gcc -o conftest -g -O2 -I/home/samson/Projects/clojv3/./store/musl-1.2.6/include -B/home/samson/Projects/clojv3/./store/musl-1.2.6/lib -L/home/samson/Projects/clojv3/./store/musl-1.2.6/lib -Wl,-rpath,/home/samson/Projects/clojv3/./store/musl-1.2.6/lib -Wl,-dynamic-linker,/home/samson/Projects/clojv3/./store/musl-1.2.6/lib/libc.so conftest.c  >&5
configure:15862: $? = 0
configure:15862: result: yes
configure:15868: checking for regexec
configure:15868: x86_64-unknown-linux-musl-gcc -o conftest -g -O2 -I/home/samson/Projects/clojv3/./store/musl-1.2.6/include -B/home/samson/Projects/clojv3/./store/musl-1.2.6/lib -L/home/samson/Projects/clojv3/./store/musl-1.2.6/lib -Wl,-rpath,/home/samson/Projects/clojv3/./store/musl-1.2.6/lib -Wl,-dynamic-linker,/home/samson/Projects/clojv3/./store/musl-1.2.6/lib/libc.so conftest.c  >&5
configure:15868: $? = 0
configure:15868: result: yes
configure:15874: checking for setenv
configure:15874: result: yes
configure:15880: checking for setlinebuf
configure:15880: x86_64-unknown-linux-musl-gcc -o conftest -g -O2 -I/home/samson/Projects/clojv3/./store/musl-1.2.6/include -B/home/samson/Projects/clojv3/./store/musl-1.2.6/lib -L/home/samson/Projects/clojv3/./store/musl-1.2.6/lib -Wl,-rpath,/home/samson/Projects/clojv3/./store/musl-1.2.6/lib -Wl,-dynamic-linker,/home/samson/Projects/clojv3/./store/musl-1.2.6/lib/libc.so conftest.c  >&5
configure:15880: $? = 0
configure:15880: result: yes
configure:15886: checking for setlocale
configure:15886: x86_64-unknown-linux-musl-gcc -o conftest -g -O2 -I/home/samson/Projects/clojv3/./store/musl-1.2.6/include -B/home/samson/Projects/clojv3/./store/musl-1.2.6/lib -L/home/samson/Projects/clojv3/./store/musl-1.2.6/lib -Wl,-rpath,/home/samson/Projects/clojv3/./store/musl-1.2.6/lib -Wl,-dynamic-linker,/home/samson/Projects/clojv3/./store/musl-1.2.6/lib/libc.so conftest.c  >&5
configure:15886: $? = 0
configure:15886: result: yes
configure:15892: checking for setvbuf
configure:15892: x86_64-unknown-linux-musl-gcc -o conftest -g -O2 -I/home/samson/Projects/clojv3/./store/musl-1.2.6/include -B/home/samson/Projects/clojv3/./store/musl-1.2.6/lib -L/home/samson/Projects/clojv3/./store/musl-1.2.6/lib -Wl,-rpath,/home/samson/Projects/clojv3/./store/musl-1.2.6/lib -Wl,-dynamic-linker,/home/samson/Projects/clojv3/./store/musl-1.2.6/lib/libc.so conftest.c  >&5
configure:15892: $? = 0
configure:15892: result: yes
configure:15898: checking for siginterrupt
configure:15898: x86_64-unknown-linux-musl-gcc -o conftest -g -O2 -I/home/samson/Projects/clojv3/./store/musl-1.2.6/include -B/home/samson/Projects/clojv3/./store/musl-1.2.6/lib -L/home/samson/Projects/clojv3/./store/musl-1.2.6/lib -Wl,-rpath,/home/samson/Projects/clojv3/./store/musl-1.2.6/lib -Wl,-dynamic-linker,/home/samson/Projects/clojv3/./store/musl-1.2.6/lib/libc.so conftest.c  >&5
configure:15898: $? = 0
configure:15898: result: yes
configure:15904: checking for strchr
configure:15904: x86_64-unknown-linux-musl-gcc -o conftest -g -O2 -I/home/samson/Projects/clojv3/./store/musl-1.2.6/include -B/home/samson/Projects/clojv3/./store/musl-1.2.6/lib -L/home/samson/Projects/clojv3/./store/musl-1.2.6/lib -Wl,-rpath,/home/samson/Projects/clojv3/./store/musl-1.2.6/lib -Wl,-dynamic-linker,/home/samson/Projects/clojv3/./store/musl-1.2.6/lib/libc.so conftest.c  >&5
conftest.c:266:6: warning: conflicting types for built-in function 'strchr'; expected 'char *(const char *, int)' [-Wbuiltin-declaration-mismatch]
  266 | char strchr (void);
      |      ^~~~~~
conftest.c:258:1: note: 'strchr' is declared in header '<string.h>'
  257 | #include <limits.h>
  258 | #undef strchr
configure:15904: $? = 0
configure:15904: result: yes
configure:15910: checking for sysconf
configure:15910: x86_64-unknown-linux-musl-gcc -o conftest -g -O2 -I/home/samson/Projects/clojv3/./store/musl-1.2.6/include -B/home/samson/Projects/clojv3/./store/musl-1.2.6/lib -L/home/samson/Projects/clojv3/./store/musl-1.2.6/lib -Wl,-rpath,/home/samson/Projects/clojv3/./store/musl-1.2.6/lib -Wl,-dynamic-linker,/home/samson/Projects/clojv3/./store/musl-1.2.6/lib/libc.so conftest.c  >&5
configure:15910: $? = 0
configure:15910: result: yes
configure:15916: checking for syslog
configure:15916: x86_64-unknown-linux-musl-gcc -o conftest -g -O2 -I/home/samson/Projects/clojv3/./store/musl-1.2.6/include -B/home/samson/Projects/clojv3/./store/musl-1.2.6/lib -L/home/samson/Projects/clojv3/./store/musl-1.2.6/lib -Wl,-rpath,/home/samson/Projects/clojv3/./store/musl-1.2.6/lib -Wl,-dynamic-linker,/home/samson/Projects/clojv3/./store/musl-1.2.6/lib/libc.so conftest.c  >&5
configure:15916: $? = 0
configure:15916: result: yes
configure:15922: checking for tcgetattr
configure:15922: x86_64-unknown-linux-musl-gcc -o conftest -g -O2 -I/home/samson/Projects/clojv3/./store/musl-1.2.6/include -B/home/samson/Projects/clojv3/./store/musl-1.2.6/lib -L/home/samson/Projects/clojv3/./store/musl-1.2.6/lib -Wl,-rpath,/home/samson/Projects/clojv3/./store/musl-1.2.6/lib -Wl,-dynamic-linker,/home/samson/Projects/clojv3/./store/musl-1.2.6/lib/libc.so conftest.c  >&5
configure:15922: $? = 0
configure:15922: result: yes
configure:15928: checking for tcgetwinsize
configure:15928: x86_64-unknown-linux-musl-gcc -o conftest -g -O2 -I/home/samson/Projects/clojv3/./store/musl-1.2.6/include -B/home/samson/Projects/clojv3/./store/musl-1.2.6/lib -L/home/samson/Projects/clojv3/./store/musl-1.2.6/lib -Wl,-rpath,/home/samson/Projects/clojv3/./store/musl-1.2.6/lib -Wl,-dynamic-linker,/home/samson/Projects/clojv3/./store/musl-1.2.6/lib/libc.so conftest.c  >&5
configure:15928: $? = 0
configure:15928: result: yes
configure:15934: checking for tcsetwinsize
configure:15934: x86_64-unknown-linux-musl-gcc -o conftest -g -O2 -I/home/samson/Projects/clojv3/./store/musl-1.2.6/include -B/home/samson/Projects/clojv3/./store/musl-1.2.6/lib -L/home/samson/Projects/clojv3/./store/musl-1.2.6/lib -Wl,-rpath,/home/samson/Projects/clojv3/./store/musl-1.2.6/lib -Wl,-dynamic-linker,/home/samson/Projects/clojv3/./store/musl-1.2.6/lib/libc.so conftest.c  >&5
configure:15934: $? = 0
configure:15934: result: yes
configure:15940: checking for times
configure:15940: x86_64-unknown-linux-musl-gcc -o conftest -g -O2 -I/home/samson/Projects/clojv3/./store/musl-1.2.6/include -B/home/samson/Projects/clojv3/./store/musl-1.2.6/lib -L/home/samson/Projects/clojv3/./store/musl-1.2.6/lib -Wl,-rpath,/home/samson/Projects/clojv3/./store/musl-1.2.6/lib -Wl,-dynamic-linker,/home/samson/Projects/clojv3/./store/musl-1.2.6/lib/libc.so conftest.c  >&5
configure:15940: $? = 0
configure:15940: result: yes
configure:15946: checking for ttyname
configure:15946: x86_64-unknown-linux-musl-gcc -o conftest -g -O2 -I/home/samson/Projects/clojv3/./store/musl-1.2.6/include -B/home/samson/Projects/clojv3/./store/musl-1.2.6/lib -L/home/samson/Projects/clojv3/./store/musl-1.2.6/lib -Wl,-rpath,/home/samson/Projects/clojv3/./store/musl-1.2.6/lib -Wl,-dynamic-linker,/home/samson/Projects/clojv3/./store/musl-1.2.6/lib/libc.so conftest.c  >&5
configure:15946: $? = 0
configure:15946: result: yes
configure:15952: checking for tzset
configure:15952: x86_64-unknown-linux-musl-gcc -o conftest -g -O2 -I/home/samson/Projects/clojv3/./store/musl-1.2.6/include -B/home/samson/Projects/clojv3/./store/musl-1.2.6/lib -L/home/samson/Projects/clojv3/./store/musl-1.2.6/lib -Wl,-rpath,/home/samson/Projects/clojv3/./store/musl-1.2.6/lib -Wl,-dynamic-linker,/home/samson/Projects/clojv3/./store/musl-1.2.6/lib/libc.so conftest.c  >&5
configure:15952: $? = 0
configure:15952: result: yes
configure:15958: checking for unsetenv
configure:15958: x86_64-unknown-linux-musl-gcc -o conftest -g -O2 -I/home/samson/Projects/clojv3/./store/musl-1.2.6/include -B/home/samson/Projects/clojv3/./store/musl-1.2.6/lib -L/home/samson/Projects/clojv3/./store/musl-1.2.6/lib -Wl,-rpath,/home/samson/Projects/clojv3/./store/musl-1.2.6/lib -Wl,-dynamic-linker,/home/samson/Projects/clojv3/./store/musl-1.2.6/lib/libc.so conftest.c  >&5
configure:15958: $? = 0
configure:15958: result: yes
configure:15966: checking for vasprintf
configure:15966: x86_64-unknown-linux-musl-gcc -o conftest -g -O2 -I/home/samson/Projects/clojv3/./store/musl-1.2.6/include -B/home/samson/Projects/clojv3/./store/musl-1.2.6/lib -L/home/samson/Projects/clojv3/./store/musl-1.2.6/lib -Wl,-rpath,/home/samson/Projects/clojv3/./store/musl-1.2.6/lib -Wl,-dynamic-linker,/home/samson/Projects/clojv3/./store/musl-1.2.6/lib/libc.so conftest.c  >&5
configure:15966: $? = 0
configure:15966: result: yes
configure:15972: checking for asprintf
configure:15972: result: yes
configure:15979: checking for isascii
configure:15979: x86_64-unknown-linux-musl-gcc -o conftest -g -O2 -I/home/samson/Projects/clojv3/./store/musl-1.2.6/include -B/home/samson/Projects/clojv3/./store/musl-1.2.6/lib -L/home/samson/Projects/clojv3/./store/musl-1.2.6/lib -Wl,-rpath,/home/samson/Projects/clojv3/./store/musl-1.2.6/lib -Wl,-dynamic-linker,/home/samson/Projects/clojv3/./store/musl-1.2.6/lib/libc.so conftest.c  >&5
conftest.c:278:6: warning: conflicting types for built-in function 'isascii'; expected 'int(int)' [-Wbuiltin-declaration-mismatch]
  278 | char isascii (void);
      |      ^~~~~~~
configure:15979: $? = 0
configure:15979: result: yes
configure:15985: checking for isblank
configure:15985: x86_64-unknown-linux-musl-gcc -o conftest -g -O2 -I/home/samson/Projects/clojv3/./store/musl-1.2.6/include -B/home/samson/Projects/clojv3/./store/musl-1.2.6/lib -L/home/samson/Projects/clojv3/./store/musl-1.2.6/lib -Wl,-rpath,/home/samson/Projects/clojv3/./store/musl-1.2.6/lib -Wl,-dynamic-linker,/home/samson/Projects/clojv3/./store/musl-1.2.6/lib/libc.so conftest.c  >&5
conftest.c:279:6: warning: conflicting types for built-in function 'isblank'; expected 'int(int)' [-Wbuiltin-declaration-mismatch]
  279 | char isblank (void);
      |      ^~~~~~~
conftest.c:271:1: note: 'isblank' is declared in header '<ctype.h>'
  270 | #include <limits.h>
  271 | #undef isblank
configure:15985: $? = 0
configure:15985: result: yes
configure:15991: checking for isgraph
configure:15991: x86_64-unknown-linux-musl-gcc -o conftest -g -O2 -I/home/samson/Projects/clojv3/./store/musl-1.2.6/include -B/home/samson/Projects/clojv3/./store/musl-1.2.6/lib -L/home/samson/Projects/clojv3/./store/musl-1.2.6/lib -Wl,-rpath,/home/samson/Projects/clojv3/./store/musl-1.2.6/lib -Wl,-dynamic-linker,/home/samson/Projects/clojv3/./store/musl-1.2.6/lib/libc.so conftest.c  >&5
conftest.c:280:6: warning: conflicting types for built-in function 'isgraph'; expected 'int(int)' [-Wbuiltin-declaration-mismatch]
  280 | char isgraph (void);
      |      ^~~~~~~
conftest.c:272:1: note: 'isgraph' is declared in header '<ctype.h>'
  271 | #include <limits.h>
  272 | #undef isgraph
configure:15991: $? = 0
configure:15991: result: yes
configure:15997: checking for isprint
configure:15997: x86_64-unknown-linux-musl-gcc -o conftest -g -O2 -I/home/samson/Projects/clojv3/./store/musl-1.2.6/include -B/home/samson/Projects/clojv3/./store/musl-1.2.6/lib -L/home/samson/Projects/clojv3/./store/musl-1.2.6/lib -Wl,-rpath,/home/samson/Projects/clojv3/./store/musl-1.2.6/lib -Wl,-dynamic-linker,/home/samson/Projects/clojv3/./store/musl-1.2.6/lib/libc.so conftest.c  >&5
conftest.c:281:6: warning: conflicting types for built-in function 'isprint'; expected 'int(int)' [-Wbuiltin-declaration-mismatch]
  281 | char isprint (void);
      |      ^~~~~~~
conftest.c:273:1: note: 'isprint' is declared in header '<ctype.h>'
  272 | #include <limits.h>
  273 | #undef isprint
configure:15997: $? = 0
configure:15997: result: yes
configure:16003: checking for isspace
configure:16003: x86_64-unknown-linux-musl-gcc -o conftest -g -O2 -I/home/samson/Projects/clojv3/./store/musl-1.2.6/include -B/home/samson/Projects/clojv3/./store/musl-1.2.6/lib -L/home/samson/Projects/clojv3/./store/musl-1.2.6/lib -Wl,-rpath,/home/samson/Projects/clojv3/./store/musl-1.2.6/lib -Wl,-dynamic-linker,/home/samson/Projects/clojv3/./store/musl-1.2.6/lib/libc.so conftest.c  >&5
conftest.c:282:6: warning: conflicting types for built-in function 'isspace'; expected 'int(int)' [-Wbuiltin-declaration-mismatch]
  282 | char isspace (void);
      |      ^~~~~~~
conftest.c:274:1: note: 'isspace' is declared in header '<ctype.h>'
  273 | #include <limits.h>
  274 | #undef isspace
configure:16003: $? = 0
configure:16003: result: yes
configure:16009: checking for isxdigit
configure:16009: x86_64-unknown-linux-musl-gcc -o conftest -g -O2 -I/home/samson/Projects/clojv3/./store/musl-1.2.6/include -B/home/samson/Projects/clojv3/./store/musl-1.2.6/lib -L/home/samson/Projects/clojv3/./store/musl-1.2.6/lib -Wl,-rpath,/home/samson/Projects/clojv3/./store/musl-1.2.6/lib -Wl,-dynamic-linker,/home/samson/Projects/clojv3/./store/musl-1.2.6/lib/libc.so conftest.c  >&5
conftest.c:283:6: warning: conflicting types for built-in function 'isxdigit'; expected 'int(int)' [-Wbuiltin-declaration-mismatch]
  283 | char isxdigit (void);
      |      ^~~~~~~~
conftest.c:275:1: note: 'isxdigit' is declared in header '<ctype.h>'
  274 | #include <limits.h>
  275 | #undef isxdigit
configure:16009: $? = 0
configure:16009: result: yes
configure:16016: checking for getpwent
configure:16016: x86_64-unknown-linux-musl-gcc -o conftest -g -O2 -I/home/samson/Projects/clojv3/./store/musl-1.2.6/include -B/home/samson/Projects/clojv3/./store/musl-1.2.6/lib -L/home/samson/Projects/clojv3/./store/musl-1.2.6/lib -Wl,-rpath,/home/samson/Projects/clojv3/./store/musl-1.2.6/lib -Wl,-dynamic-linker,/home/samson/Projects/clojv3/./store/musl-1.2.6/lib/libc.so conftest.c  >&5
configure:16016: $? = 0
configure:16016: result: yes
configure:16022: checking for getpwnam
configure:16022: x86_64-unknown-linux-musl-gcc -o conftest -g -O2 -I/home/samson/Projects/clojv3/./store/musl-1.2.6/include -B/home/samson/Projects/clojv3/./store/musl-1.2.6/lib -L/home/samson/Projects/clojv3/./store/musl-1.2.6/lib -Wl,-rpath,/home/samson/Projects/clojv3/./store/musl-1.2.6/lib -Wl,-dynamic-linker,/home/samson/Projects/clojv3/./store/musl-1.2.6/lib/libc.so conftest.c  >&5
configure:16022: $? = 0
configure:16022: result: yes
configure:16028: checking for getpwuid
configure:16028: x86_64-unknown-linux-musl-gcc -o conftest -g -O2 -I/home/samson/Projects/clojv3/./store/musl-1.2.6/include -B/home/samson/Projects/clojv3/./store/musl-1.2.6/lib -L/home/samson/Projects/clojv3/./store/musl-1.2.6/lib -Wl,-rpath,/home/samson/Projects/clojv3/./store/musl-1.2.6/lib -Wl,-dynamic-linker,/home/samson/Projects/clojv3/./store/musl-1.2.6/lib/libc.so conftest.c  >&5
configure:16028: $? = 0
configure:16028: result: yes
configure:16035: checking for mkstemp
configure:16035: x86_64-unknown-linux-musl-gcc -o conftest -g -O2 -I/home/samson/Projects/clojv3/./store/musl-1.2.6/include -B/home/samson/Projects/clojv3/./store/musl-1.2.6/lib -L/home/samson/Projects/clojv3/./store/musl-1.2.6/lib -Wl,-rpath,/home/samson/Projects/clojv3/./store/musl-1.2.6/lib -Wl,-dynamic-linker,/home/samson/Projects/clojv3/./store/musl-1.2.6/lib/libc.so conftest.c  >&5
configure:16035: $? = 0
configure:16035: result: yes
configure:16041: checking for mkdtemp
configure:16041: x86_64-unknown-linux-musl-gcc -o conftest -g -O2 -I/home/samson/Projects/clojv3/./store/musl-1.2.6/include -B/home/samson/Projects/clojv3/./store/musl-1.2.6/lib -L/home/samson/Projects/clojv3/./store/musl-1.2.6/lib -Wl,-rpath,/home/samson/Projects/clojv3/./store/musl-1.2.6/lib -Wl,-dynamic-linker,/home/samson/Projects/clojv3/./store/musl-1.2.6/lib/libc.so conftest.c  >&5
configure:16041: $? = 0
configure:16041: result: yes
configure:16048: checking for arc4random
configure:16048: x86_64-unknown-linux-musl-gcc -o conftest -g -O2 -I/home/samson/Projects/clojv3/./store/musl-1.2.6/include -B/home/samson/Projects/clojv3/./store/musl-1.2.6/lib -L/home/samson/Projects/clojv3/./store/musl-1.2.6/lib -Wl,-rpath,/home/samson/Projects/clojv3/./store/musl-1.2.6/lib -Wl,-dynamic-linker,/home/samson/Projects/clojv3/./store/musl-1.2.6/lib/libc.so conftest.c  >&5
/nix/store/60lv8wlcr99wv4ck3sk9fzcbb4jbk2n6-x86_64-unknown-linux-musl-binutils-2.46/bin/x86_64-unknown-linux-musl-ld.bfd: /tmp/cc137GtU.o: in function `main':
/home/samson/Projects/clojv3/store/tmp/sh-5.3/bash-5.3/conftest.c:300:(.text.startup+0x5): undefined reference to `arc4random'
collect2: error: ld returned 1 exit status
configure:16048: $? = 1
configure: failed program was:
| /* confdefs.h */
| #define PACKAGE_NAME "bash"
| #define PACKAGE_TARNAME "bash"
| #define PACKAGE_VERSION "5.3-release"
| #define PACKAGE_STRING "bash 5.3-release"
| #define PACKAGE_BUGREPORT "bug-bash@gnu.org"
| #define PACKAGE_URL ""
| #define ALIAS 1
| #define PUSHD_AND_POPD 1
| #define RESTRICTED_SHELL 1
| #define PROCESS_SUBSTITUTION 1
| #define PROMPT_STRING_DECODE 1
| #define SELECT_COMMAND 1
| #define HELP_BUILTIN 1
| #define ARRAY_VARS 1
| #define DPAREN_ARITHMETIC 1
| #define BRACE_EXPANSION 1
| #define COMMAND_TIMING 1
| #define EXTENDED_GLOB 1
| #define EXTGLOB_DEFAULT 0
| #define COND_COMMAND 1
| #define COND_REGEXP 1
| #define COPROCESS_SUPPORT 1
| #define ARITH_FOR_COMMAND 1
| #define NETWORK_REDIRECTIONS 1
| #define PROGRAMMABLE_COMPLETION 1
| #define DEBUGGER 1
| #define CASEMOD_ATTRS 1
| #define CASEMOD_EXPANSIONS 1
| #define GLOBASCII_DEFAULT 1
| #define FUNCTION_IMPORT 1
| #define TRANSLATABLE_STRINGS 1
| #define BASH_SOURCE_FULLPATH_DEFAULT 0
| #define MEMSCRAMBLE 1
| #define HAVE_STDIO_H 1
| #define HAVE_STDLIB_H 1
| #define HAVE_STRING_H 1
| #define HAVE_INTTYPES_H 1
| #define HAVE_STDINT_H 1
| #define HAVE_STRINGS_H 1
| #define HAVE_SYS_STAT_H 1
| #define HAVE_SYS_TYPES_H 1
| #define HAVE_UNISTD_H 1
| #define HAVE_WCHAR_H 1
| #define HAVE_STDBOOL_H 1
| #define HAVE_SYS_PARAM_H 1
| #define HAVE_THREADS_H 1
| #define HAVE_SYS_TIME_H 1
| #define STDC_HEADERS 1
| #define _ALL_SOURCE 1
| #define _DARWIN_C_SOURCE 1
| #define _GNU_SOURCE 1
| #define _HPUX_ALT_XOPEN_SOCKET_API 1
| #define _NETBSD_SOURCE 1
| #define _OPENBSD_SOURCE 1
| #define _POSIX_PTHREAD_SEMANTICS 1
| #define __STDC_WANT_IEC_60559_ATTRIBS_EXT__ 1
| #define __STDC_WANT_IEC_60559_BFP_EXT__ 1
| #define __STDC_WANT_IEC_60559_DFP_EXT__ 1
| #define __STDC_WANT_IEC_60559_EXT__ 1
| #define __STDC_WANT_IEC_60559_FUNCS_EXT__ 1
| #define __STDC_WANT_IEC_60559_TYPES_EXT__ 1
| #define __STDC_WANT_LIB_EXT2__ 1
| #define __STDC_WANT_MATH_SPEC_FUNCS__ 1
| #define _TANDEM_SOURCE 1
| #define __EXTENSIONS__ 1
| #define READLINE 1
| #define HISTORY 1
| #define BANG_HISTORY 1
| #define HAVE_STRINGIZE 1
| #define HAVE_LONG_DOUBLE 1
| #define restrict __restrict__
| #define HAVE_C_BOOL 1
| #define HAVE_VISIBILITY 1
| #define HAVE_STDINT_H_WITH_UINTMAX 1
| #define HAVE_ALLOCA_H 1
| #define HAVE_ALLOCA 1
| #define HAVE_GETPAGESIZE 1
| #define HAVE_SYMLINK 1
| #define HAVE_USELOCALE 1
| #define HAVE_VPRINTF 1
| #define HAVE_ALARM 1
| #define HAVE_FPURGE 1
| #define HAVE___FPURGE 1
| #define HAVE_SNPRINTF 1
| #define HAVE_VSNPRINTF 1
| #define HAVE_MMAP 1
| #define INTDIV0_RAISES_SIGFPE 1
| #define HAVE_INTTYPES_H_WITH_UINTMAX 1
| #define HAVE_UNSIGNED_LONG_LONG_INT 1
| #define HAVE_UINTMAX_T 1
| #define HAVE_WEAK_SYMBOLS 1
| #define HAVE_PTHREAD_API 1
| #define USE_POSIX_THREADS 1
| #define USE_POSIX_THREADS_WEAK 1
| #define HAVE_PTHREAD_RWLOCK 1
| #define HAVE_PTHREAD_MUTEX_RECURSIVE 1
| #define HAVE_ICONV 1
| #define ICONV_CONST 
| #define HAVE_BUILTIN_EXPECT 1
| #define HAVE_INTTYPES_H 1
| #define HAVE_UNISTD_H 1
| #define HAVE_SYS_PARAM_H 1
| #define HAVE_GETCWD 1
| #define HAVE_GETEGID 1
| #define HAVE_GETEUID 1
| #define HAVE_GETGID 1
| #define HAVE_GETUID 1
| #define HAVE_MEMPCPY 1
| #define HAVE_MUNMAP 1
| #define HAVE_STPCPY 1
| #define HAVE_STRCASECMP 1
| #define HAVE_TSEARCH 1
| #define HAVE___FSETLOCKING 1
| #define HAVE_DECL_FEOF_UNLOCKED 1
| #define HAVE_DECL_FGETS_UNLOCKED 1
| #define HAVE_LOCALECONV 1
| #define HAVE_LONG_LONG_INT 1
| #define HAVE_WCHAR_T 1
| #define HAVE_WINT_T 1
| #define HAVE_INTMAX_T 1
| #define HAVE_POSIX_PRINTF 1
| #define HAVE_STDINT_H 1
| #define HAVE_STDINT_H 1
| #define HAVE_WORKING_O_NOATIME 0
| #define HAVE_WORKING_O_NOFOLLOW 0
| #define HAVE_WORKING_USELOCALE 1
| #define HAVE_GOOD_USELOCALE 1
| #define FLEXIBLE_ARRAY_MEMBER /**/
| #define HAVE_FEATURES_H 1
| #define HAVE_STDDEF_H 1
| #define HAVE_STDLIB_H 1
| #define HAVE_STRING_H 1
| #define HAVE_ASPRINTF 1
| #define HAVE_WPRINTF 1
| #define HAVE_NEWLOCALE 1
| #define HAVE_PUTENV 1
| #define HAVE_SETENV 1
| #define HAVE_SNPRINTF 1
| #define HAVE_STRNLEN 1
| #define HAVE_USELOCALE 1
| #define HAVE_WCSLEN 1
| #define HAVE_WCSNLEN 1
| #define HAVE_MBRTOWC 1
| #define HAVE_WCRTOMB 1
| #define HAVE_DECL__SNPRINTF 0
| #define HAVE_DECL__SNWPRINTF 0
| #define HAVE_DECL_GETC_UNLOCKED 1
| #define HAVE_NL_LANGINFO 1
| #define HAVE_LANGINFO_CODESET 1
| #define HAVE_LC_MESSAGES 1
| #define ENABLE_NLS 1
| #define HAVE_GETTEXT 1
| #define HAVE_DCGETTEXT 1
| #define HAVE_DIRENT_H 1
| #define MAJOR_IN_SYSMACROS 1
| #define HAVE_INTTYPES_H 1
| #define HAVE_UNISTD_H 1
| #define HAVE_STDLIB_H 1
| #define HAVE_LIMITS_H 1
| #define HAVE_STRING_H 1
| #define HAVE_MEMORY_H 1
| #define HAVE_LOCALE_H 1
| #define HAVE_TERMIOS_H 1
| #define HAVE_DLFCN_H 1
| #define HAVE_STDDEF_H 1
| #define HAVE_STDINT_H 1
| #define HAVE_NETDB_H 1
| #define HAVE_PWD_H 1
| #define HAVE_GRP_H 1
| #define HAVE_STRINGS_H 1
| #define HAVE_STDCKDINT_H 1
| #define HAVE_REGEX_H 1
| #define HAVE_SYSLOG_H 1
| #define HAVE_ULIMIT_H 1
| #define HAVE_SYS_SELECT_H 1
| #define HAVE_SYS_FILE_H 1
| #define HAVE_SYS_IOCTL_H 1
| #define HAVE_SYS_MMAN_H 1
| #define HAVE_SYS_PARAM_H 1
| #define HAVE_SYS_RANDOM_H 1
| #define HAVE_SYS_SOCKET_H 1
| #define HAVE_SYS_STAT_H 1
| #define HAVE_SYS_TIME_H 1
| #define HAVE_SYS_TIMES_H 1
| #define HAVE_SYS_TYPES_H 1
| #define HAVE_SYS_WAIT_H 1
| #define HAVE_NETINET_IN_H 1
| #define HAVE_ARPA_INET_H 1
| #define HAVE_SYS_RESOURCE_H 1
| #define HAVE_ALLOCA_H 1
| #define HAVE_ALLOCA 1
| #define HAVE_CHOWN 1
| #define GETPGRP_VOID 1
| #define HAVE_STRCOLL 1
| #define HAVE_WAIT3 1
| #define HAVE_MKFIFO 1
| #define HAVE_DUP2 1
| #define HAVE_EACCESS 1
| #define HAVE_FCNTL 1
| #define HAVE_GETDTABLESIZE 1
| #define HAVE_GETENTROPY 1
| #define HAVE_GETGROUPS 1
| #define HAVE_GETHOSTNAME 1
| #define HAVE_GETPAGESIZE 1
| #define HAVE_GETPEERNAME 1
| #define HAVE_GETRANDOM 1
| #define HAVE_GETRLIMIT 1
| #define HAVE_GETRUSAGE 1
| #define HAVE_GETTIMEOFDAY 1
| #define HAVE_KILL 1
| #define HAVE_KILLPG 1
| #define HAVE_LSTAT 1
| #define HAVE_NANOSLEEP 1
| #define HAVE_PSELECT 1
| #define HAVE_READLINK 1
| #define HAVE_SELECT 1
| #define HAVE_SETITIMER 1
| #define HAVE_STATFS 1
| #define HAVE_TCGETPGRP 1
| #define HAVE_UNAME 1
| #define HAVE_ULIMIT 1
| #define HAVE_WAITPID 1
| #define HAVE_RENAME 1
| #define HAVE_BCOPY 1
| #define HAVE_BZERO 1
| #define HAVE_CLOCK_GETTIME 1
| #define HAVE_CONFSTR 1
| #define HAVE_FACCESSAT 1
| #define HAVE_FNMATCH 1
| #define HAVE_GETADDRINFO 1
| #define HAVE_GETHOSTBYNAME 1
| #define HAVE_GETSERVBYNAME 1
| #define HAVE_GETSERVENT 1
| #define HAVE_INET_ATON 1
| #define HAVE_IMAXDIV 1
| #define HAVE_MEMMOVE 1
| #define HAVE_PATHCONF 1
| #define HAVE_PUTENV 1
| #define HAVE_RAISE 1
| #define HAVE_RANDOM 1
| #define HAVE_REGCOMP 1
| #define HAVE_REGEXEC 1
| #define HAVE_SETENV 1
| #define HAVE_SETLINEBUF 1
| #define HAVE_SETLOCALE 1
| #define HAVE_SETVBUF 1
| #define HAVE_SIGINTERRUPT 1
| #define HAVE_STRCHR 1
| #define HAVE_SYSCONF 1
| #define HAVE_SYSLOG 1
| #define HAVE_TCGETATTR 1
| #define HAVE_TCGETWINSIZE 1
| #define HAVE_TCSETWINSIZE 1
| #define HAVE_TIMES 1
| #define HAVE_TTYNAME 1
| #define HAVE_TZSET 1
| #define HAVE_UNSETENV 1
| #define HAVE_VASPRINTF 1
| #define HAVE_ASPRINTF 1
| #define HAVE_ISASCII 1
| #define HAVE_ISBLANK 1
| #define HAVE_ISGRAPH 1
| #define HAVE_ISPRINT 1
| #define HAVE_ISSPACE 1
| #define HAVE_ISXDIGIT 1
| #define HAVE_GETPWENT 1
| #define HAVE_GETPWNAM 1
| #define HAVE_GETPWUID 1
| #define HAVE_MKSTEMP 1
| #define HAVE_MKDTEMP 1
| /* end confdefs.h.  */
| /* Define arc4random to an innocuous variant, in case <limits.h> declares arc4random.
|    For example, HP-UX 11i <limits.h> declares gettimeofday.  */
| #define arc4random innocuous_arc4random
| 
| /* System header to define __stub macros and hopefully few prototypes,
|    which can conflict with char arc4random (void); below.  */
| 
| #include <limits.h>
| #undef arc4random
| 
| /* Override any GCC internal prototype to avoid an error.
|    Use char because int might match the return type of a GCC
|    builtin and then its argument prototype would still apply.  */
| #ifdef __cplusplus
| extern "C"
| #endif
| char arc4random (void);
| /* The GNU C library defines this for functions which it implements
|     to always fail with ENOSYS.  Some functions are actually named
|     something starting with __ and the normal name is an alias.  */
| #if defined __stub_arc4random || defined __stub___arc4random
| choke me
| #endif
| 
| int
| main (void)
| {
| return arc4random ();
|   ;
|   return 0;
| }
configure:16048: result: no
configure:16055: checking for strlcat
configure:16055: x86_64-unknown-linux-musl-gcc -o conftest -g -O2 -I/home/samson/Projects/clojv3/./store/musl-1.2.6/include -B/home/samson/Projects/clojv3/./store/musl-1.2.6/lib -L/home/samson/Projects/clojv3/./store/musl-1.2.6/lib -Wl,-rpath,/home/samson/Projects/clojv3/./store/musl-1.2.6/lib -Wl,-dynamic-linker,/home/samson/Projects/clojv3/./store/musl-1.2.6/lib/libc.so conftest.c  >&5
configure:16055: $? = 0
configure:16055: result: yes
configure:16063: checking for memfd_create
configure:16063: x86_64-unknown-linux-musl-gcc -o conftest -g -O2 -I/home/samson/Projects/clojv3/./store/musl-1.2.6/include -B/home/samson/Projects/clojv3/./store/musl-1.2.6/lib -L/home/samson/Projects/clojv3/./store/musl-1.2.6/lib -Wl,-rpath,/home/samson/Projects/clojv3/./store/musl-1.2.6/lib -Wl,-dynamic-linker,/home/samson/Projects/clojv3/./store/musl-1.2.6/lib/libc.so conftest.c  >&5
configure:16063: $? = 0
configure:16063: result: yes
configure:16069: checking for shm_open
configure:16069: x86_64-unknown-linux-musl-gcc -o conftest -g -O2 -I/home/samson/Projects/clojv3/./store/musl-1.2.6/include -B/home/samson/Projects/clojv3/./store/musl-1.2.6/lib -L/home/samson/Projects/clojv3/./store/musl-1.2.6/lib -Wl,-rpath,/home/samson/Projects/clojv3/./store/musl-1.2.6/lib -Wl,-dynamic-linker,/home/samson/Projects/clojv3/./store/musl-1.2.6/lib/libc.so conftest.c  >&5
configure:16069: $? = 0
configure:16069: result: yes
configure:16075: checking for shm_mkstemp
configure:16075: x86_64-unknown-linux-musl-gcc -o conftest -g -O2 -I/home/samson/Projects/clojv3/./store/musl-1.2.6/include -B/home/samson/Projects/clojv3/./store/musl-1.2.6/lib -L/home/samson/Projects/clojv3/./store/musl-1.2.6/lib -Wl,-rpath,/home/samson/Projects/clojv3/./store/musl-1.2.6/lib -Wl,-dynamic-linker,/home/samson/Projects/clojv3/./store/musl-1.2.6/lib/libc.so conftest.c  >&5
/nix/store/60lv8wlcr99wv4ck3sk9fzcbb4jbk2n6-x86_64-unknown-linux-musl-binutils-2.46/bin/x86_64-unknown-linux-musl-ld.bfd: /tmp/ccCyMXhj.o: in function `main':
/home/samson/Projects/clojv3/store/tmp/sh-5.3/bash-5.3/conftest.c:303:(.text.startup+0x5): undefined reference to `shm_mkstemp'
collect2: error: ld returned 1 exit status
configure:16075: $? = 1
configure: failed program was:
| /* confdefs.h */
| #define PACKAGE_NAME "bash"
| #define PACKAGE_TARNAME "bash"
| #define PACKAGE_VERSION "5.3-release"
| #define PACKAGE_STRING "bash 5.3-release"
| #define PACKAGE_BUGREPORT "bug-bash@gnu.org"
| #define PACKAGE_URL ""
| #define ALIAS 1
| #define PUSHD_AND_POPD 1
| #define RESTRICTED_SHELL 1
| #define PROCESS_SUBSTITUTION 1
| #define PROMPT_STRING_DECODE 1
| #define SELECT_COMMAND 1
| #define HELP_BUILTIN 1
| #define ARRAY_VARS 1
| #define DPAREN_ARITHMETIC 1
| #define BRACE_EXPANSION 1
| #define COMMAND_TIMING 1
| #define EXTENDED_GLOB 1
| #define EXTGLOB_DEFAULT 0
| #define COND_COMMAND 1
| #define COND_REGEXP 1
| #define COPROCESS_SUPPORT 1
| #define ARITH_FOR_COMMAND 1
| #define NETWORK_REDIRECTIONS 1
| #define PROGRAMMABLE_COMPLETION 1
| #define DEBUGGER 1
| #define CASEMOD_ATTRS 1
| #define CASEMOD_EXPANSIONS 1
| #define GLOBASCII_DEFAULT 1
| #define FUNCTION_IMPORT 1
| #define TRANSLATABLE_STRINGS 1
| #define BASH_SOURCE_FULLPATH_DEFAULT 0
| #define MEMSCRAMBLE 1
| #define HAVE_STDIO_H 1
| #define HAVE_STDLIB_H 1
| #define HAVE_STRING_H 1
| #define HAVE_INTTYPES_H 1
| #define HAVE_STDINT_H 1
| #define HAVE_STRINGS_H 1
| #define HAVE_SYS_STAT_H 1
| #define HAVE_SYS_TYPES_H 1
| #define HAVE_UNISTD_H 1
| #define HAVE_WCHAR_H 1
| #define HAVE_STDBOOL_H 1
| #define HAVE_SYS_PARAM_H 1
| #define HAVE_THREADS_H 1
| #define HAVE_SYS_TIME_H 1
| #define STDC_HEADERS 1
| #define _ALL_SOURCE 1
| #define _DARWIN_C_SOURCE 1
| #define _GNU_SOURCE 1
| #define _HPUX_ALT_XOPEN_SOCKET_API 1
| #define _NETBSD_SOURCE 1
| #define _OPENBSD_SOURCE 1
| #define _POSIX_PTHREAD_SEMANTICS 1
| #define __STDC_WANT_IEC_60559_ATTRIBS_EXT__ 1
| #define __STDC_WANT_IEC_60559_BFP_EXT__ 1
| #define __STDC_WANT_IEC_60559_DFP_EXT__ 1
| #define __STDC_WANT_IEC_60559_EXT__ 1
| #define __STDC_WANT_IEC_60559_FUNCS_EXT__ 1
| #define __STDC_WANT_IEC_60559_TYPES_EXT__ 1
| #define __STDC_WANT_LIB_EXT2__ 1
| #define __STDC_WANT_MATH_SPEC_FUNCS__ 1
| #define _TANDEM_SOURCE 1
| #define __EXTENSIONS__ 1
| #define READLINE 1
| #define HISTORY 1
| #define BANG_HISTORY 1
| #define HAVE_STRINGIZE 1
| #define HAVE_LONG_DOUBLE 1
| #define restrict __restrict__
| #define HAVE_C_BOOL 1
| #define HAVE_VISIBILITY 1
| #define HAVE_STDINT_H_WITH_UINTMAX 1
| #define HAVE_ALLOCA_H 1
| #define HAVE_ALLOCA 1
| #define HAVE_GETPAGESIZE 1
| #define HAVE_SYMLINK 1
| #define HAVE_USELOCALE 1
| #define HAVE_VPRINTF 1
| #define HAVE_ALARM 1
| #define HAVE_FPURGE 1
| #define HAVE___FPURGE 1
| #define HAVE_SNPRINTF 1
| #define HAVE_VSNPRINTF 1
| #define HAVE_MMAP 1
| #define INTDIV0_RAISES_SIGFPE 1
| #define HAVE_INTTYPES_H_WITH_UINTMAX 1
| #define HAVE_UNSIGNED_LONG_LONG_INT 1
| #define HAVE_UINTMAX_T 1
| #define HAVE_WEAK_SYMBOLS 1
| #define HAVE_PTHREAD_API 1
| #define USE_POSIX_THREADS 1
| #define USE_POSIX_THREADS_WEAK 1
| #define HAVE_PTHREAD_RWLOCK 1
| #define HAVE_PTHREAD_MUTEX_RECURSIVE 1
| #define HAVE_ICONV 1
| #define ICONV_CONST 
| #define HAVE_BUILTIN_EXPECT 1
| #define HAVE_INTTYPES_H 1
| #define HAVE_UNISTD_H 1
| #define HAVE_SYS_PARAM_H 1
| #define HAVE_GETCWD 1
| #define HAVE_GETEGID 1
| #define HAVE_GETEUID 1
| #define HAVE_GETGID 1
| #define HAVE_GETUID 1
| #define HAVE_MEMPCPY 1
| #define HAVE_MUNMAP 1
| #define HAVE_STPCPY 1
| #define HAVE_STRCASECMP 1
| #define HAVE_TSEARCH 1
| #define HAVE___FSETLOCKING 1
| #define HAVE_DECL_FEOF_UNLOCKED 1
| #define HAVE_DECL_FGETS_UNLOCKED 1
| #define HAVE_LOCALECONV 1
| #define HAVE_LONG_LONG_INT 1
| #define HAVE_WCHAR_T 1
| #define HAVE_WINT_T 1
| #define HAVE_INTMAX_T 1
| #define HAVE_POSIX_PRINTF 1
| #define HAVE_STDINT_H 1
| #define HAVE_STDINT_H 1
| #define HAVE_WORKING_O_NOATIME 0
| #define HAVE_WORKING_O_NOFOLLOW 0
| #define HAVE_WORKING_USELOCALE 1
| #define HAVE_GOOD_USELOCALE 1
| #define FLEXIBLE_ARRAY_MEMBER /**/
| #define HAVE_FEATURES_H 1
| #define HAVE_STDDEF_H 1
| #define HAVE_STDLIB_H 1
| #define HAVE_STRING_H 1
| #define HAVE_ASPRINTF 1
| #define HAVE_WPRINTF 1
| #define HAVE_NEWLOCALE 1
| #define HAVE_PUTENV 1
| #define HAVE_SETENV 1
| #define HAVE_SNPRINTF 1
| #define HAVE_STRNLEN 1
| #define HAVE_USELOCALE 1
| #define HAVE_WCSLEN 1
| #define HAVE_WCSNLEN 1
| #define HAVE_MBRTOWC 1
| #define HAVE_WCRTOMB 1
| #define HAVE_DECL__SNPRINTF 0
| #define HAVE_DECL__SNWPRINTF 0
| #define HAVE_DECL_GETC_UNLOCKED 1
| #define HAVE_NL_LANGINFO 1
| #define HAVE_LANGINFO_CODESET 1
| #define HAVE_LC_MESSAGES 1
| #define ENABLE_NLS 1
| #define HAVE_GETTEXT 1
| #define HAVE_DCGETTEXT 1
| #define HAVE_DIRENT_H 1
| #define MAJOR_IN_SYSMACROS 1
| #define HAVE_INTTYPES_H 1
| #define HAVE_UNISTD_H 1
| #define HAVE_STDLIB_H 1
| #define HAVE_LIMITS_H 1
| #define HAVE_STRING_H 1
| #define HAVE_MEMORY_H 1
| #define HAVE_LOCALE_H 1
| #define HAVE_TERMIOS_H 1
| #define HAVE_DLFCN_H 1
| #define HAVE_STDDEF_H 1
| #define HAVE_STDINT_H 1
| #define HAVE_NETDB_H 1
| #define HAVE_PWD_H 1
| #define HAVE_GRP_H 1
| #define HAVE_STRINGS_H 1
| #define HAVE_STDCKDINT_H 1
| #define HAVE_REGEX_H 1
| #define HAVE_SYSLOG_H 1
| #define HAVE_ULIMIT_H 1
| #define HAVE_SYS_SELECT_H 1
| #define HAVE_SYS_FILE_H 1
| #define HAVE_SYS_IOCTL_H 1
| #define HAVE_SYS_MMAN_H 1
| #define HAVE_SYS_PARAM_H 1
| #define HAVE_SYS_RANDOM_H 1
| #define HAVE_SYS_SOCKET_H 1
| #define HAVE_SYS_STAT_H 1
| #define HAVE_SYS_TIME_H 1
| #define HAVE_SYS_TIMES_H 1
| #define HAVE_SYS_TYPES_H 1
| #define HAVE_SYS_WAIT_H 1
| #define HAVE_NETINET_IN_H 1
| #define HAVE_ARPA_INET_H 1
| #define HAVE_SYS_RESOURCE_H 1
| #define HAVE_ALLOCA_H 1
| #define HAVE_ALLOCA 1
| #define HAVE_CHOWN 1
| #define GETPGRP_VOID 1
| #define HAVE_STRCOLL 1
| #define HAVE_WAIT3 1
| #define HAVE_MKFIFO 1
| #define HAVE_DUP2 1
| #define HAVE_EACCESS 1
| #define HAVE_FCNTL 1
| #define HAVE_GETDTABLESIZE 1
| #define HAVE_GETENTROPY 1
| #define HAVE_GETGROUPS 1
| #define HAVE_GETHOSTNAME 1
| #define HAVE_GETPAGESIZE 1
| #define HAVE_GETPEERNAME 1
| #define HAVE_GETRANDOM 1
| #define HAVE_GETRLIMIT 1
| #define HAVE_GETRUSAGE 1
| #define HAVE_GETTIMEOFDAY 1
| #define HAVE_KILL 1
| #define HAVE_KILLPG 1
| #define HAVE_LSTAT 1
| #define HAVE_NANOSLEEP 1
| #define HAVE_PSELECT 1
| #define HAVE_READLINK 1
| #define HAVE_SELECT 1
| #define HAVE_SETITIMER 1
| #define HAVE_STATFS 1
| #define HAVE_TCGETPGRP 1
| #define HAVE_UNAME 1
| #define HAVE_ULIMIT 1
| #define HAVE_WAITPID 1
| #define HAVE_RENAME 1
| #define HAVE_BCOPY 1
| #define HAVE_BZERO 1
| #define HAVE_CLOCK_GETTIME 1
| #define HAVE_CONFSTR 1
| #define HAVE_FACCESSAT 1
| #define HAVE_FNMATCH 1
| #define HAVE_GETADDRINFO 1
| #define HAVE_GETHOSTBYNAME 1
| #define HAVE_GETSERVBYNAME 1
| #define HAVE_GETSERVENT 1
| #define HAVE_INET_ATON 1
| #define HAVE_IMAXDIV 1
| #define HAVE_MEMMOVE 1
| #define HAVE_PATHCONF 1
| #define HAVE_PUTENV 1
| #define HAVE_RAISE 1
| #define HAVE_RANDOM 1
| #define HAVE_REGCOMP 1
| #define HAVE_REGEXEC 1
| #define HAVE_SETENV 1
| #define HAVE_SETLINEBUF 1
| #define HAVE_SETLOCALE 1
| #define HAVE_SETVBUF 1
| #define HAVE_SIGINTERRUPT 1
| #define HAVE_STRCHR 1
| #define HAVE_SYSCONF 1
| #define HAVE_SYSLOG 1
| #define HAVE_TCGETATTR 1
| #define HAVE_TCGETWINSIZE 1
| #define HAVE_TCSETWINSIZE 1
| #define HAVE_TIMES 1
| #define HAVE_TTYNAME 1
| #define HAVE_TZSET 1
| #define HAVE_UNSETENV 1
| #define HAVE_VASPRINTF 1
| #define HAVE_ASPRINTF 1
| #define HAVE_ISASCII 1
| #define HAVE_ISBLANK 1
| #define HAVE_ISGRAPH 1
| #define HAVE_ISPRINT 1
| #define HAVE_ISSPACE 1
| #define HAVE_ISXDIGIT 1
| #define HAVE_GETPWENT 1
| #define HAVE_GETPWNAM 1
| #define HAVE_GETPWUID 1
| #define HAVE_MKSTEMP 1
| #define HAVE_MKDTEMP 1
| #define HAVE_STRLCAT 1
| #define HAVE_MEMFD_CREATE 1
| #define HAVE_SHM_OPEN 1
| /* end confdefs.h.  */
| /* Define shm_mkstemp to an innocuous variant, in case <limits.h> declares shm_mkstemp.
|    For example, HP-UX 11i <limits.h> declares gettimeofday.  */
| #define shm_mkstemp innocuous_shm_mkstemp
| 
| /* System header to define __stub macros and hopefully few prototypes,
|    which can conflict with char shm_mkstemp (void); below.  */
| 
| #include <limits.h>
| #undef shm_mkstemp
| 
| /* Override any GCC internal prototype to avoid an error.
|    Use char because int might match the return type of a GCC
|    builtin and then its argument prototype would still apply.  */
| #ifdef __cplusplus
| extern "C"
| #endif
| char shm_mkstemp (void);
| /* The GNU C library defines this for functions which it implements
|     to always fail with ENOSYS.  Some functions are actually named
|     something starting with __ and the normal name is an alias.  */
| #if defined __stub_shm_mkstemp || defined __stub___shm_mkstemp
| choke me
| #endif
| 
| int
| main (void)
| {
| return shm_mkstemp ();
|   ;
|   return 0;
| }
configure:16075: result: no
configure:16083: checking for getcwd
configure:16083: result: yes
configure:16097: checking for memset
configure:16097: x86_64-unknown-linux-musl-gcc -o conftest -g -O2 -I/home/samson/Projects/clojv3/./store/musl-1.2.6/include -B/home/samson/Projects/clojv3/./store/musl-1.2.6/lib -L/home/samson/Projects/clojv3/./store/musl-1.2.6/lib -Wl,-rpath,/home/samson/Projects/clojv3/./store/musl-1.2.6/lib -Wl,-dynamic-linker,/home/samson/Projects/clojv3/./store/musl-1.2.6/lib/libc.so conftest.c  >&5
conftest.c:293:6: warning: conflicting types for built-in function 'memset'; expected 'void *(void *, int,  long unsigned int)' [-Wbuiltin-declaration-mismatch]
  293 | char memset (void);
      |      ^~~~~~
conftest.c:285:1: note: 'memset' is declared in header '<string.h>'
  284 | #include <limits.h>
  285 | #undef memset
configure:16097: $? = 0
configure:16097: result: yes
configure:16112: checking for strcasecmp
configure:16112: result: yes
configure:16126: checking for strcasestr
configure:16126: x86_64-unknown-linux-musl-gcc -o conftest -g -O2 -I/home/samson/Projects/clojv3/./store/musl-1.2.6/include -B/home/samson/Projects/clojv3/./store/musl-1.2.6/lib -L/home/samson/Projects/clojv3/./store/musl-1.2.6/lib -Wl,-rpath,/home/samson/Projects/clojv3/./store/musl-1.2.6/lib -Wl,-dynamic-linker,/home/samson/Projects/clojv3/./store/musl-1.2.6/lib/libc.so conftest.c  >&5
configure:16126: $? = 0
configure:16126: result: yes
configure:16140: checking for strerror
configure:16140: x86_64-unknown-linux-musl-gcc -o conftest -g -O2 -I/home/samson/Projects/clojv3/./store/musl-1.2.6/include -B/home/samson/Projects/clojv3/./store/musl-1.2.6/lib -L/home/samson/Projects/clojv3/./store/musl-1.2.6/lib -Wl,-rpath,/home/samson/Projects/clojv3/./store/musl-1.2.6/lib -Wl,-dynamic-linker,/home/samson/Projects/clojv3/./store/musl-1.2.6/lib/libc.so conftest.c  >&5
configure:16140: $? = 0
configure:16140: result: yes
configure:16154: checking for strftime
configure:16154: x86_64-unknown-linux-musl-gcc -o conftest -g -O2 -I/home/samson/Projects/clojv3/./store/musl-1.2.6/include -B/home/samson/Projects/clojv3/./store/musl-1.2.6/lib -L/home/samson/Projects/clojv3/./store/musl-1.2.6/lib -Wl,-rpath,/home/samson/Projects/clojv3/./store/musl-1.2.6/lib -Wl,-dynamic-linker,/home/samson/Projects/clojv3/./store/musl-1.2.6/lib/libc.so conftest.c  >&5
conftest.c:297:6: warning: conflicting types for built-in function 'strftime'; expected 'long unsigned int(char *, long unsigned int,  const char *, const void *)' [-Wbuiltin-declaration-mismatch]
  297 | char strftime (void);
      |      ^~~~~~~~
conftest.c:289:1: note: 'strftime' is declared in header '<time.h>'
  288 | #include <limits.h>
  289 | #undef strftime
configure:16154: $? = 0
configure:16154: result: yes
configure:16168: checking for strnlen
configure:16168: result: yes
configure:16182: checking for strpbrk
configure:16182: x86_64-unknown-linux-musl-gcc -o conftest -g -O2 -I/home/samson/Projects/clojv3/./store/musl-1.2.6/include -B/home/samson/Projects/clojv3/./store/musl-1.2.6/lib -L/home/samson/Projects/clojv3/./store/musl-1.2.6/lib -Wl,-rpath,/home/samson/Projects/clojv3/./store/musl-1.2.6/lib -Wl,-dynamic-linker,/home/samson/Projects/clojv3/./store/musl-1.2.6/lib/libc.so conftest.c  >&5
conftest.c:299:6: warning: conflicting types for built-in function 'strpbrk'; expected 'char *(const char *, const char *)' [-Wbuiltin-declaration-mismatch]
  299 | char strpbrk (void);
      |      ^~~~~~~
conftest.c:291:1: note: 'strpbrk' is declared in header '<string.h>'
  290 | #include <limits.h>
  291 | #undef strpbrk
configure:16182: $? = 0
configure:16182: result: yes
configure:16196: checking for strstr
configure:16196: x86_64-unknown-linux-musl-gcc -o conftest -g -O2 -I/home/samson/Projects/clojv3/./store/musl-1.2.6/include -B/home/samson/Projects/clojv3/./store/musl-1.2.6/lib -L/home/samson/Projects/clojv3/./store/musl-1.2.6/lib -Wl,-rpath,/home/samson/Projects/clojv3/./store/musl-1.2.6/lib -Wl,-dynamic-linker,/home/samson/Projects/clojv3/./store/musl-1.2.6/lib/libc.so conftest.c  >&5
conftest.c:300:6: warning: conflicting types for built-in function 'strstr'; expected 'char *(const char *, const char *)' [-Wbuiltin-declaration-mismatch]
  300 | char strstr (void);
      |      ^~~~~~
conftest.c:292:1: note: 'strstr' is declared in header '<string.h>'
  291 | #include <limits.h>
  292 | #undef strstr
configure:16196: $? = 0
configure:16196: result: yes
configure:16211: checking for strtod
configure:16211: x86_64-unknown-linux-musl-gcc -o conftest -g -O2 -I/home/samson/Projects/clojv3/./store/musl-1.2.6/include -B/home/samson/Projects/clojv3/./store/musl-1.2.6/lib -L/home/samson/Projects/clojv3/./store/musl-1.2.6/lib -Wl,-rpath,/home/samson/Projects/clojv3/./store/musl-1.2.6/lib -Wl,-dynamic-linker,/home/samson/Projects/clojv3/./store/musl-1.2.6/lib/libc.so conftest.c  >&5
configure:16211: $? = 0
configure:16211: result: yes
configure:16225: checking for strtol
configure:16225: x86_64-unknown-linux-musl-gcc -o conftest -g -O2 -I/home/samson/Projects/clojv3/./store/musl-1.2.6/include -B/home/samson/Projects/clojv3/./store/musl-1.2.6/lib -L/home/samson/Projects/clojv3/./store/musl-1.2.6/lib -Wl,-rpath,/home/samson/Projects/clojv3/./store/musl-1.2.6/lib -Wl,-dynamic-linker,/home/samson/Projects/clojv3/./store/musl-1.2.6/lib/libc.so conftest.c  >&5
configure:16225: $? = 0
configure:16225: result: yes
configure:16239: checking for strtoul
configure:16239: x86_64-unknown-linux-musl-gcc -o conftest -g -O2 -I/home/samson/Projects/clojv3/./store/musl-1.2.6/include -B/home/samson/Projects/clojv3/./store/musl-1.2.6/lib -L/home/samson/Projects/clojv3/./store/musl-1.2.6/lib -Wl,-rpath,/home/samson/Projects/clojv3/./store/musl-1.2.6/lib -Wl,-dynamic-linker,/home/samson/Projects/clojv3/./store/musl-1.2.6/lib/libc.so conftest.c  >&5
configure:16239: $? = 0
configure:16239: result: yes
configure:16253: checking for strtoll
configure:16253: x86_64-unknown-linux-musl-gcc -o conftest -g -O2 -I/home/samson/Projects/clojv3/./store/musl-1.2.6/include -B/home/samson/Projects/clojv3/./store/musl-1.2.6/lib -L/home/samson/Projects/clojv3/./store/musl-1.2.6/lib -Wl,-rpath,/home/samson/Projects/clojv3/./store/musl-1.2.6/lib -Wl,-dynamic-linker,/home/samson/Projects/clojv3/./store/musl-1.2.6/lib/libc.so conftest.c  >&5
configure:16253: $? = 0
configure:16253: result: yes
configure:16267: checking for strtoull
configure:16267: x86_64-unknown-linux-musl-gcc -o conftest -g -O2 -I/home/samson/Projects/clojv3/./store/musl-1.2.6/include -B/home/samson/Projects/clojv3/./store/musl-1.2.6/lib -L/home/samson/Projects/clojv3/./store/musl-1.2.6/lib -Wl,-rpath,/home/samson/Projects/clojv3/./store/musl-1.2.6/lib -Wl,-dynamic-linker,/home/samson/Projects/clojv3/./store/musl-1.2.6/lib/libc.so conftest.c  >&5
configure:16267: $? = 0
configure:16267: result: yes
configure:16281: checking for strtoumax
configure:16281: x86_64-unknown-linux-musl-gcc -o conftest -g -O2 -I/home/samson/Projects/clojv3/./store/musl-1.2.6/include -B/home/samson/Projects/clojv3/./store/musl-1.2.6/lib -L/home/samson/Projects/clojv3/./store/musl-1.2.6/lib -Wl,-rpath,/home/samson/Projects/clojv3/./store/musl-1.2.6/lib -Wl,-dynamic-linker,/home/samson/Projects/clojv3/./store/musl-1.2.6/lib/libc.so conftest.c  >&5
configure:16281: $? = 0
configure:16281: result: yes
configure:16296: checking for dprintf
configure:16296: x86_64-unknown-linux-musl-gcc -o conftest -g -O2 -I/home/samson/Projects/clojv3/./store/musl-1.2.6/include -B/home/samson/Projects/clojv3/./store/musl-1.2.6/lib -L/home/samson/Projects/clojv3/./store/musl-1.2.6/lib -Wl,-rpath,/home/samson/Projects/clojv3/./store/musl-1.2.6/lib -Wl,-dynamic-linker,/home/samson/Projects/clojv3/./store/musl-1.2.6/lib/libc.so conftest.c  >&5
configure:16296: $? = 0
configure:16296: result: yes
configure:16311: checking for strdup
configure:16311: x86_64-unknown-linux-musl-gcc -o conftest -g -O2 -I/home/samson/Projects/clojv3/./store/musl-1.2.6/include -B/home/samson/Projects/clojv3/./store/musl-1.2.6/lib -L/home/samson/Projects/clojv3/./store/musl-1.2.6/lib -Wl,-rpath,/home/samson/Projects/clojv3/./store/musl-1.2.6/lib -Wl,-dynamic-linker,/home/samson/Projects/clojv3/./store/musl-1.2.6/lib/libc.so conftest.c  >&5
conftest.c:308:6: warning: conflicting types for built-in function 'strdup'; expected 'char *(const char *)' [-Wbuiltin-declaration-mismatch]
  308 | char strdup (void);
      |      ^~~~~~
configure:16311: $? = 0
configure:16311: result: yes
configure:16326: checking for strlcpy
configure:16326: x86_64-unknown-linux-musl-gcc -o conftest -g -O2 -I/home/samson/Projects/clojv3/./store/musl-1.2.6/include -B/home/samson/Projects/clojv3/./store/musl-1.2.6/lib -L/home/samson/Projects/clojv3/./store/musl-1.2.6/lib -Wl,-rpath,/home/samson/Projects/clojv3/./store/musl-1.2.6/lib -Wl,-dynamic-linker,/home/samson/Projects/clojv3/./store/musl-1.2.6/lib/libc.so conftest.c  >&5
configure:16326: $? = 0
configure:16326: result: yes
configure:16341: checking for reallocarray
configure:16341: x86_64-unknown-linux-musl-gcc -o conftest -g -O2 -I/home/samson/Projects/clojv3/./store/musl-1.2.6/include -B/home/samson/Projects/clojv3/./store/musl-1.2.6/lib -L/home/samson/Projects/clojv3/./store/musl-1.2.6/lib -Wl,-rpath,/home/samson/Projects/clojv3/./store/musl-1.2.6/lib -Wl,-dynamic-linker,/home/samson/Projects/clojv3/./store/musl-1.2.6/lib/libc.so conftest.c  >&5
configure:16341: $? = 0
configure:16341: result: yes
configure:16357: checking for libaudit.h
configure:16357: x86_64-unknown-linux-musl-gcc -c -g -O2 -I/home/samson/Projects/clojv3/./store/musl-1.2.6/include conftest.c >&5
conftest.c:323:10: fatal error: libaudit.h: No such file or directory
  323 | #include <libaudit.h>
      |          ^~~~~~~~~~~~
compilation terminated.
configure:16357: $? = 1
configure: failed program was:
| /* confdefs.h */
| #define PACKAGE_NAME "bash"
| #define PACKAGE_TARNAME "bash"
| #define PACKAGE_VERSION "5.3-release"
| #define PACKAGE_STRING "bash 5.3-release"
| #define PACKAGE_BUGREPORT "bug-bash@gnu.org"
| #define PACKAGE_URL ""
| #define ALIAS 1
| #define PUSHD_AND_POPD 1
| #define RESTRICTED_SHELL 1
| #define PROCESS_SUBSTITUTION 1
| #define PROMPT_STRING_DECODE 1
| #define SELECT_COMMAND 1
| #define HELP_BUILTIN 1
| #define ARRAY_VARS 1
| #define DPAREN_ARITHMETIC 1
| #define BRACE_EXPANSION 1
| #define COMMAND_TIMING 1
| #define EXTENDED_GLOB 1
| #define EXTGLOB_DEFAULT 0
| #define COND_COMMAND 1
| #define COND_REGEXP 1
| #define COPROCESS_SUPPORT 1
| #define ARITH_FOR_COMMAND 1
| #define NETWORK_REDIRECTIONS 1
| #define PROGRAMMABLE_COMPLETION 1
| #define DEBUGGER 1
| #define CASEMOD_ATTRS 1
| #define CASEMOD_EXPANSIONS 1
| #define GLOBASCII_DEFAULT 1
| #define FUNCTION_IMPORT 1
| #define TRANSLATABLE_STRINGS 1
| #define BASH_SOURCE_FULLPATH_DEFAULT 0
| #define MEMSCRAMBLE 1
| #define HAVE_STDIO_H 1
| #define HAVE_STDLIB_H 1
| #define HAVE_STRING_H 1
| #define HAVE_INTTYPES_H 1
| #define HAVE_STDINT_H 1
| #define HAVE_STRINGS_H 1
| #define HAVE_SYS_STAT_H 1
| #define HAVE_SYS_TYPES_H 1
| #define HAVE_UNISTD_H 1
| #define HAVE_WCHAR_H 1
| #define HAVE_STDBOOL_H 1
| #define HAVE_SYS_PARAM_H 1
| #define HAVE_THREADS_H 1
| #define HAVE_SYS_TIME_H 1
| #define STDC_HEADERS 1
| #define _ALL_SOURCE 1
| #define _DARWIN_C_SOURCE 1
| #define _GNU_SOURCE 1
| #define _HPUX_ALT_XOPEN_SOCKET_API 1
| #define _NETBSD_SOURCE 1
| #define _OPENBSD_SOURCE 1
| #define _POSIX_PTHREAD_SEMANTICS 1
| #define __STDC_WANT_IEC_60559_ATTRIBS_EXT__ 1
| #define __STDC_WANT_IEC_60559_BFP_EXT__ 1
| #define __STDC_WANT_IEC_60559_DFP_EXT__ 1
| #define __STDC_WANT_IEC_60559_EXT__ 1
| #define __STDC_WANT_IEC_60559_FUNCS_EXT__ 1
| #define __STDC_WANT_IEC_60559_TYPES_EXT__ 1
| #define __STDC_WANT_LIB_EXT2__ 1
| #define __STDC_WANT_MATH_SPEC_FUNCS__ 1
| #define _TANDEM_SOURCE 1
| #define __EXTENSIONS__ 1
| #define READLINE 1
| #define HISTORY 1
| #define BANG_HISTORY 1
| #define HAVE_STRINGIZE 1
| #define HAVE_LONG_DOUBLE 1
| #define restrict __restrict__
| #define HAVE_C_BOOL 1
| #define HAVE_VISIBILITY 1
| #define HAVE_STDINT_H_WITH_UINTMAX 1
| #define HAVE_ALLOCA_H 1
| #define HAVE_ALLOCA 1
| #define HAVE_GETPAGESIZE 1
| #define HAVE_SYMLINK 1
| #define HAVE_USELOCALE 1
| #define HAVE_VPRINTF 1
| #define HAVE_ALARM 1
| #define HAVE_FPURGE 1
| #define HAVE___FPURGE 1
| #define HAVE_SNPRINTF 1
| #define HAVE_VSNPRINTF 1
| #define HAVE_MMAP 1
| #define INTDIV0_RAISES_SIGFPE 1
| #define HAVE_INTTYPES_H_WITH_UINTMAX 1
| #define HAVE_UNSIGNED_LONG_LONG_INT 1
| #define HAVE_UINTMAX_T 1
| #define HAVE_WEAK_SYMBOLS 1
| #define HAVE_PTHREAD_API 1
| #define USE_POSIX_THREADS 1
| #define USE_POSIX_THREADS_WEAK 1
| #define HAVE_PTHREAD_RWLOCK 1
| #define HAVE_PTHREAD_MUTEX_RECURSIVE 1
| #define HAVE_ICONV 1
| #define ICONV_CONST 
| #define HAVE_BUILTIN_EXPECT 1
| #define HAVE_INTTYPES_H 1
| #define HAVE_UNISTD_H 1
| #define HAVE_SYS_PARAM_H 1
| #define HAVE_GETCWD 1
| #define HAVE_GETEGID 1
| #define HAVE_GETEUID 1
| #define HAVE_GETGID 1
| #define HAVE_GETUID 1
| #define HAVE_MEMPCPY 1
| #define HAVE_MUNMAP 1
| #define HAVE_STPCPY 1
| #define HAVE_STRCASECMP 1
| #define HAVE_TSEARCH 1
| #define HAVE___FSETLOCKING 1
| #define HAVE_DECL_FEOF_UNLOCKED 1
| #define HAVE_DECL_FGETS_UNLOCKED 1
| #define HAVE_LOCALECONV 1
| #define HAVE_LONG_LONG_INT 1
| #define HAVE_WCHAR_T 1
| #define HAVE_WINT_T 1
| #define HAVE_INTMAX_T 1
| #define HAVE_POSIX_PRINTF 1
| #define HAVE_STDINT_H 1
| #define HAVE_STDINT_H 1
| #define HAVE_WORKING_O_NOATIME 0
| #define HAVE_WORKING_O_NOFOLLOW 0
| #define HAVE_WORKING_USELOCALE 1
| #define HAVE_GOOD_USELOCALE 1
| #define FLEXIBLE_ARRAY_MEMBER /**/
| #define HAVE_FEATURES_H 1
| #define HAVE_STDDEF_H 1
| #define HAVE_STDLIB_H 1
| #define HAVE_STRING_H 1
| #define HAVE_ASPRINTF 1
| #define HAVE_WPRINTF 1
| #define HAVE_NEWLOCALE 1
| #define HAVE_PUTENV 1
| #define HAVE_SETENV 1
| #define HAVE_SNPRINTF 1
| #define HAVE_STRNLEN 1
| #define HAVE_USELOCALE 1
| #define HAVE_WCSLEN 1
| #define HAVE_WCSNLEN 1
| #define HAVE_MBRTOWC 1
| #define HAVE_WCRTOMB 1
| #define HAVE_DECL__SNPRINTF 0
| #define HAVE_DECL__SNWPRINTF 0
| #define HAVE_DECL_GETC_UNLOCKED 1
| #define HAVE_NL_LANGINFO 1
| #define HAVE_LANGINFO_CODESET 1
| #define HAVE_LC_MESSAGES 1
| #define ENABLE_NLS 1
| #define HAVE_GETTEXT 1
| #define HAVE_DCGETTEXT 1
| #define HAVE_DIRENT_H 1
| #define MAJOR_IN_SYSMACROS 1
| #define HAVE_INTTYPES_H 1
| #define HAVE_UNISTD_H 1
| #define HAVE_STDLIB_H 1
| #define HAVE_LIMITS_H 1
| #define HAVE_STRING_H 1
| #define HAVE_MEMORY_H 1
| #define HAVE_LOCALE_H 1
| #define HAVE_TERMIOS_H 1
| #define HAVE_DLFCN_H 1
| #define HAVE_STDDEF_H 1
| #define HAVE_STDINT_H 1
| #define HAVE_NETDB_H 1
| #define HAVE_PWD_H 1
| #define HAVE_GRP_H 1
| #define HAVE_STRINGS_H 1
| #define HAVE_STDCKDINT_H 1
| #define HAVE_REGEX_H 1
| #define HAVE_SYSLOG_H 1
| #define HAVE_ULIMIT_H 1
| #define HAVE_SYS_SELECT_H 1
| #define HAVE_SYS_FILE_H 1
| #define HAVE_SYS_IOCTL_H 1
| #define HAVE_SYS_MMAN_H 1
| #define HAVE_SYS_PARAM_H 1
| #define HAVE_SYS_RANDOM_H 1
| #define HAVE_SYS_SOCKET_H 1
| #define HAVE_SYS_STAT_H 1
| #define HAVE_SYS_TIME_H 1
| #define HAVE_SYS_TIMES_H 1
| #define HAVE_SYS_TYPES_H 1
| #define HAVE_SYS_WAIT_H 1
| #define HAVE_NETINET_IN_H 1
| #define HAVE_ARPA_INET_H 1
| #define HAVE_SYS_RESOURCE_H 1
| #define HAVE_ALLOCA_H 1
| #define HAVE_ALLOCA 1
| #define HAVE_CHOWN 1
| #define GETPGRP_VOID 1
| #define HAVE_STRCOLL 1
| #define HAVE_WAIT3 1
| #define HAVE_MKFIFO 1
| #define HAVE_DUP2 1
| #define HAVE_EACCESS 1
| #define HAVE_FCNTL 1
| #define HAVE_GETDTABLESIZE 1
| #define HAVE_GETENTROPY 1
| #define HAVE_GETGROUPS 1
| #define HAVE_GETHOSTNAME 1
| #define HAVE_GETPAGESIZE 1
| #define HAVE_GETPEERNAME 1
| #define HAVE_GETRANDOM 1
| #define HAVE_GETRLIMIT 1
| #define HAVE_GETRUSAGE 1
| #define HAVE_GETTIMEOFDAY 1
| #define HAVE_KILL 1
| #define HAVE_KILLPG 1
| #define HAVE_LSTAT 1
| #define HAVE_NANOSLEEP 1
| #define HAVE_PSELECT 1
| #define HAVE_READLINK 1
| #define HAVE_SELECT 1
| #define HAVE_SETITIMER 1
| #define HAVE_STATFS 1
| #define HAVE_TCGETPGRP 1
| #define HAVE_UNAME 1
| #define HAVE_ULIMIT 1
| #define HAVE_WAITPID 1
| #define HAVE_RENAME 1
| #define HAVE_BCOPY 1
| #define HAVE_BZERO 1
| #define HAVE_CLOCK_GETTIME 1
| #define HAVE_CONFSTR 1
| #define HAVE_FACCESSAT 1
| #define HAVE_FNMATCH 1
| #define HAVE_GETADDRINFO 1
| #define HAVE_GETHOSTBYNAME 1
| #define HAVE_GETSERVBYNAME 1
| #define HAVE_GETSERVENT 1
| #define HAVE_INET_ATON 1
| #define HAVE_IMAXDIV 1
| #define HAVE_MEMMOVE 1
| #define HAVE_PATHCONF 1
| #define HAVE_PUTENV 1
| #define HAVE_RAISE 1
| #define HAVE_RANDOM 1
| #define HAVE_REGCOMP 1
| #define HAVE_REGEXEC 1
| #define HAVE_SETENV 1
| #define HAVE_SETLINEBUF 1
| #define HAVE_SETLOCALE 1
| #define HAVE_SETVBUF 1
| #define HAVE_SIGINTERRUPT 1
| #define HAVE_STRCHR 1
| #define HAVE_SYSCONF 1
| #define HAVE_SYSLOG 1
| #define HAVE_TCGETATTR 1
| #define HAVE_TCGETWINSIZE 1
| #define HAVE_TCSETWINSIZE 1
| #define HAVE_TIMES 1
| #define HAVE_TTYNAME 1
| #define HAVE_TZSET 1
| #define HAVE_UNSETENV 1
| #define HAVE_VASPRINTF 1
| #define HAVE_ASPRINTF 1
| #define HAVE_ISASCII 1
| #define HAVE_ISBLANK 1
| #define HAVE_ISGRAPH 1
| #define HAVE_ISPRINT 1
| #define HAVE_ISSPACE 1
| #define HAVE_ISXDIGIT 1
| #define HAVE_GETPWENT 1
| #define HAVE_GETPWNAM 1
| #define HAVE_GETPWUID 1
| #define HAVE_MKSTEMP 1
| #define HAVE_MKDTEMP 1
| #define HAVE_STRLCAT 1
| #define HAVE_MEMFD_CREATE 1
| #define HAVE_SHM_OPEN 1
| #define HAVE_GETCWD 1
| #define HAVE_MEMSET 1
| #define HAVE_STRCASECMP 1
| #define HAVE_STRCASESTR 1
| #define HAVE_STRERROR 1
| #define HAVE_STRFTIME 1
| #define HAVE_STRNLEN 1
| #define HAVE_STRPBRK 1
| #define HAVE_STRSTR 1
| #define HAVE_STRTOD 1
| #define HAVE_STRTOL 1
| #define HAVE_STRTOUL 1
| #define HAVE_STRTOLL 1
| #define HAVE_STRTOULL 1
| #define HAVE_STRTOUMAX 1
| #define HAVE_DPRINTF 1
| #define HAVE_STRDUP 1
| #define HAVE_STRLCPY 1
| #define HAVE_REALLOCARRAY 1
| /* end confdefs.h.  */
| #include <stddef.h>
| #ifdef HAVE_STDIO_H
| # include <stdio.h>
| #endif
| #ifdef HAVE_STDLIB_H
| # include <stdlib.h>
| #endif
| #ifdef HAVE_STRING_H
| # include <string.h>
| #endif
| #ifdef HAVE_INTTYPES_H
| # include <inttypes.h>
| #endif
| #ifdef HAVE_STDINT_H
| # include <stdint.h>
| #endif
| #ifdef HAVE_STRINGS_H
| # include <strings.h>
| #endif
| #ifdef HAVE_SYS_TYPES_H
| # include <sys/types.h>
| #endif
| #ifdef HAVE_SYS_STAT_H
| # include <sys/stat.h>
| #endif
| #ifdef HAVE_UNISTD_H
| # include <unistd.h>
| #endif
| #include <libaudit.h>
configure:16357: result: no
configure:16364: checking whether AUDIT_USER_TTY is declared
configure:16364: x86_64-unknown-linux-musl-gcc -c -g -O2  -I/home/samson/Projects/clojv3/./store/musl-1.2.6/include conftest.c >&5
configure:16364: $? = 0
configure:16364: result: yes
configure:16376: checking whether confstr is declared
configure:16376: x86_64-unknown-linux-musl-gcc -c -g -O2  -I/home/samson/Projects/clojv3/./store/musl-1.2.6/include conftest.c >&5
configure:16376: $? = 0
configure:16376: result: yes
configure:16386: checking whether printf is declared
configure:16386: x86_64-unknown-linux-musl-gcc -c -g -O2  -I/home/samson/Projects/clojv3/./store/musl-1.2.6/include conftest.c >&5
configure:16386: $? = 0
configure:16386: result: yes
configure:16396: checking whether brk is declared
configure:16396: x86_64-unknown-linux-musl-gcc -c -g -O2  -I/home/samson/Projects/clojv3/./store/musl-1.2.6/include conftest.c >&5
configure:16396: $? = 0
configure:16396: result: yes
configure:16406: checking whether sbrk is declared
configure:16406: x86_64-unknown-linux-musl-gcc -c -g -O2  -I/home/samson/Projects/clojv3/./store/musl-1.2.6/include conftest.c >&5
configure:16406: $? = 0
configure:16406: result: yes
configure:16416: checking whether setregid is declared
configure:16416: x86_64-unknown-linux-musl-gcc -c -g -O2  -I/home/samson/Projects/clojv3/./store/musl-1.2.6/include conftest.c >&5
configure:16416: $? = 0
configure:16416: result: yes
configure:16426: checking whether strcpy is declared
configure:16426: x86_64-unknown-linux-musl-gcc -c -g -O2  -I/home/samson/Projects/clojv3/./store/musl-1.2.6/include conftest.c >&5
configure:16426: $? = 0
configure:16426: result: yes
configure:16436: checking whether strsignal is declared
configure:16436: x86_64-unknown-linux-musl-gcc -c -g -O2  -I/home/samson/Projects/clojv3/./store/musl-1.2.6/include conftest.c >&5
configure:16436: $? = 0
configure:16436: result: yes
configure:16447: checking for setresuid
configure:16447: x86_64-unknown-linux-musl-gcc -o conftest -g -O2 -I/home/samson/Projects/clojv3/./store/musl-1.2.6/include -B/home/samson/Projects/clojv3/./store/musl-1.2.6/lib -L/home/samson/Projects/clojv3/./store/musl-1.2.6/lib -Wl,-rpath,/home/samson/Projects/clojv3/./store/musl-1.2.6/lib -Wl,-dynamic-linker,/home/samson/Projects/clojv3/./store/musl-1.2.6/lib/libc.so conftest.c  >&5
configure:16447: $? = 0
configure:16447: result: yes
configure:16453: checking for setresgid
configure:16453: x86_64-unknown-linux-musl-gcc -o conftest -g -O2 -I/home/samson/Projects/clojv3/./store/musl-1.2.6/include -B/home/samson/Projects/clojv3/./store/musl-1.2.6/lib -L/home/samson/Projects/clojv3/./store/musl-1.2.6/lib -Wl,-rpath,/home/samson/Projects/clojv3/./store/musl-1.2.6/lib -Wl,-dynamic-linker,/home/samson/Projects/clojv3/./store/musl-1.2.6/lib/libc.so conftest.c  >&5
configure:16453: $? = 0
configure:16453: result: yes
configure:16461: checking whether strtold is declared
configure:16461: x86_64-unknown-linux-musl-gcc -c -g -O2  -I/home/samson/Projects/clojv3/./store/musl-1.2.6/include conftest.c >&5
configure:16461: $? = 0
configure:16461: result: yes
configure:16473: checking for broken strtold
configure:16491: x86_64-unknown-linux-musl-gcc -c -g -O2 -I/home/samson/Projects/clojv3/./store/musl-1.2.6/include conftest.c >&5
configure:16491: $? = 0
configure:16504: result: no
configure:16514: checking whether strtol is declared
configure:16514: x86_64-unknown-linux-musl-gcc -c -g -O2  -I/home/samson/Projects/clojv3/./store/musl-1.2.6/include conftest.c >&5
configure:16514: $? = 0
configure:16514: result: yes
configure:16524: checking whether strtoll is declared
configure:16524: x86_64-unknown-linux-musl-gcc -c -g -O2  -I/home/samson/Projects/clojv3/./store/musl-1.2.6/include conftest.c >&5
configure:16524: $? = 0
configure:16524: result: yes
configure:16534: checking whether strtoul is declared
configure:16534: x86_64-unknown-linux-musl-gcc -c -g -O2  -I/home/samson/Projects/clojv3/./store/musl-1.2.6/include conftest.c >&5
configure:16534: $? = 0
configure:16534: result: yes
configure:16544: checking whether strtoull is declared
configure:16544: x86_64-unknown-linux-musl-gcc -c -g -O2  -I/home/samson/Projects/clojv3/./store/musl-1.2.6/include conftest.c >&5
configure:16544: $? = 0
configure:16544: result: yes
configure:16554: checking whether strtoumax is declared
configure:16554: x86_64-unknown-linux-musl-gcc -c -g -O2  -I/home/samson/Projects/clojv3/./store/musl-1.2.6/include conftest.c >&5
configure:16554: $? = 0
configure:16554: result: yes
configure:16569: checking for working mktime
configure:16767: x86_64-unknown-linux-musl-gcc -o conftest -g -O2 -I/home/samson/Projects/clojv3/./store/musl-1.2.6/include -B/home/samson/Projects/clojv3/./store/musl-1.2.6/lib -L/home/samson/Projects/clojv3/./store/musl-1.2.6/lib -Wl,-rpath,/home/samson/Projects/clojv3/./store/musl-1.2.6/lib -Wl,-dynamic-linker,/home/samson/Projects/clojv3/./store/musl-1.2.6/lib/libc.so conftest.c  >&5
configure:16767: $? = 0
configure:16767: ./conftest
configure:16767: $? = 0
configure:16781: result: yes
configure:16794: checking for argz.h
configure:16794: x86_64-unknown-linux-musl-gcc -c -g -O2 -I/home/samson/Projects/clojv3/./store/musl-1.2.6/include conftest.c >&5
conftest.c:339:10: fatal error: argz.h: No such file or directory
  339 | #include <argz.h>
      |          ^~~~~~~~
compilation terminated.
configure:16794: $? = 1
configure: failed program was:
| /* confdefs.h */
| #define PACKAGE_NAME "bash"
| #define PACKAGE_TARNAME "bash"
| #define PACKAGE_VERSION "5.3-release"
| #define PACKAGE_STRING "bash 5.3-release"
| #define PACKAGE_BUGREPORT "bug-bash@gnu.org"
| #define PACKAGE_URL ""
| #define ALIAS 1
| #define PUSHD_AND_POPD 1
| #define RESTRICTED_SHELL 1
| #define PROCESS_SUBSTITUTION 1
| #define PROMPT_STRING_DECODE 1
| #define SELECT_COMMAND 1
| #define HELP_BUILTIN 1
| #define ARRAY_VARS 1
| #define DPAREN_ARITHMETIC 1
| #define BRACE_EXPANSION 1
| #define COMMAND_TIMING 1
| #define EXTENDED_GLOB 1
| #define EXTGLOB_DEFAULT 0
| #define COND_COMMAND 1
| #define COND_REGEXP 1
| #define COPROCESS_SUPPORT 1
| #define ARITH_FOR_COMMAND 1
| #define NETWORK_REDIRECTIONS 1
| #define PROGRAMMABLE_COMPLETION 1
| #define DEBUGGER 1
| #define CASEMOD_ATTRS 1
| #define CASEMOD_EXPANSIONS 1
| #define GLOBASCII_DEFAULT 1
| #define FUNCTION_IMPORT 1
| #define TRANSLATABLE_STRINGS 1
| #define BASH_SOURCE_FULLPATH_DEFAULT 0
| #define MEMSCRAMBLE 1
| #define HAVE_STDIO_H 1
| #define HAVE_STDLIB_H 1
| #define HAVE_STRING_H 1
| #define HAVE_INTTYPES_H 1
| #define HAVE_STDINT_H 1
| #define HAVE_STRINGS_H 1
| #define HAVE_SYS_STAT_H 1
| #define HAVE_SYS_TYPES_H 1
| #define HAVE_UNISTD_H 1
| #define HAVE_WCHAR_H 1
| #define HAVE_STDBOOL_H 1
| #define HAVE_SYS_PARAM_H 1
| #define HAVE_THREADS_H 1
| #define HAVE_SYS_TIME_H 1
| #define STDC_HEADERS 1
| #define _ALL_SOURCE 1
| #define _DARWIN_C_SOURCE 1
| #define _GNU_SOURCE 1
| #define _HPUX_ALT_XOPEN_SOCKET_API 1
| #define _NETBSD_SOURCE 1
| #define _OPENBSD_SOURCE 1
| #define _POSIX_PTHREAD_SEMANTICS 1
| #define __STDC_WANT_IEC_60559_ATTRIBS_EXT__ 1
| #define __STDC_WANT_IEC_60559_BFP_EXT__ 1
| #define __STDC_WANT_IEC_60559_DFP_EXT__ 1
| #define __STDC_WANT_IEC_60559_EXT__ 1
| #define __STDC_WANT_IEC_60559_FUNCS_EXT__ 1
| #define __STDC_WANT_IEC_60559_TYPES_EXT__ 1
| #define __STDC_WANT_LIB_EXT2__ 1
| #define __STDC_WANT_MATH_SPEC_FUNCS__ 1
| #define _TANDEM_SOURCE 1
| #define __EXTENSIONS__ 1
| #define READLINE 1
| #define HISTORY 1
| #define BANG_HISTORY 1
| #define HAVE_STRINGIZE 1
| #define HAVE_LONG_DOUBLE 1
| #define restrict __restrict__
| #define HAVE_C_BOOL 1
| #define HAVE_VISIBILITY 1
| #define HAVE_STDINT_H_WITH_UINTMAX 1
| #define HAVE_ALLOCA_H 1
| #define HAVE_ALLOCA 1
| #define HAVE_GETPAGESIZE 1
| #define HAVE_SYMLINK 1
| #define HAVE_USELOCALE 1
| #define HAVE_VPRINTF 1
| #define HAVE_ALARM 1
| #define HAVE_FPURGE 1
| #define HAVE___FPURGE 1
| #define HAVE_SNPRINTF 1
| #define HAVE_VSNPRINTF 1
| #define HAVE_MMAP 1
| #define INTDIV0_RAISES_SIGFPE 1
| #define HAVE_INTTYPES_H_WITH_UINTMAX 1
| #define HAVE_UNSIGNED_LONG_LONG_INT 1
| #define HAVE_UINTMAX_T 1
| #define HAVE_WEAK_SYMBOLS 1
| #define HAVE_PTHREAD_API 1
| #define USE_POSIX_THREADS 1
| #define USE_POSIX_THREADS_WEAK 1
| #define HAVE_PTHREAD_RWLOCK 1
| #define HAVE_PTHREAD_MUTEX_RECURSIVE 1
| #define HAVE_ICONV 1
| #define ICONV_CONST 
| #define HAVE_BUILTIN_EXPECT 1
| #define HAVE_INTTYPES_H 1
| #define HAVE_UNISTD_H 1
| #define HAVE_SYS_PARAM_H 1
| #define HAVE_GETCWD 1
| #define HAVE_GETEGID 1
| #define HAVE_GETEUID 1
| #define HAVE_GETGID 1
| #define HAVE_GETUID 1
| #define HAVE_MEMPCPY 1
| #define HAVE_MUNMAP 1
| #define HAVE_STPCPY 1
| #define HAVE_STRCASECMP 1
| #define HAVE_TSEARCH 1
| #define HAVE___FSETLOCKING 1
| #define HAVE_DECL_FEOF_UNLOCKED 1
| #define HAVE_DECL_FGETS_UNLOCKED 1
| #define HAVE_LOCALECONV 1
| #define HAVE_LONG_LONG_INT 1
| #define HAVE_WCHAR_T 1
| #define HAVE_WINT_T 1
| #define HAVE_INTMAX_T 1
| #define HAVE_POSIX_PRINTF 1
| #define HAVE_STDINT_H 1
| #define HAVE_STDINT_H 1
| #define HAVE_WORKING_O_NOATIME 0
| #define HAVE_WORKING_O_NOFOLLOW 0
| #define HAVE_WORKING_USELOCALE 1
| #define HAVE_GOOD_USELOCALE 1
| #define FLEXIBLE_ARRAY_MEMBER /**/
| #define HAVE_FEATURES_H 1
| #define HAVE_STDDEF_H 1
| #define HAVE_STDLIB_H 1
| #define HAVE_STRING_H 1
| #define HAVE_ASPRINTF 1
| #define HAVE_WPRINTF 1
| #define HAVE_NEWLOCALE 1
| #define HAVE_PUTENV 1
| #define HAVE_SETENV 1
| #define HAVE_SNPRINTF 1
| #define HAVE_STRNLEN 1
| #define HAVE_USELOCALE 1
| #define HAVE_WCSLEN 1
| #define HAVE_WCSNLEN 1
| #define HAVE_MBRTOWC 1
| #define HAVE_WCRTOMB 1
| #define HAVE_DECL__SNPRINTF 0
| #define HAVE_DECL__SNWPRINTF 0
| #define HAVE_DECL_GETC_UNLOCKED 1
| #define HAVE_NL_LANGINFO 1
| #define HAVE_LANGINFO_CODESET 1
| #define HAVE_LC_MESSAGES 1
| #define ENABLE_NLS 1
| #define HAVE_GETTEXT 1
| #define HAVE_DCGETTEXT 1
| #define HAVE_DIRENT_H 1
| #define MAJOR_IN_SYSMACROS 1
| #define HAVE_INTTYPES_H 1
| #define HAVE_UNISTD_H 1
| #define HAVE_STDLIB_H 1
| #define HAVE_LIMITS_H 1
| #define HAVE_STRING_H 1
| #define HAVE_MEMORY_H 1
| #define HAVE_LOCALE_H 1
| #define HAVE_TERMIOS_H 1
| #define HAVE_DLFCN_H 1
| #define HAVE_STDDEF_H 1
| #define HAVE_STDINT_H 1
| #define HAVE_NETDB_H 1
| #define HAVE_PWD_H 1
| #define HAVE_GRP_H 1
| #define HAVE_STRINGS_H 1
| #define HAVE_STDCKDINT_H 1
| #define HAVE_REGEX_H 1
| #define HAVE_SYSLOG_H 1
| #define HAVE_ULIMIT_H 1
| #define HAVE_SYS_SELECT_H 1
| #define HAVE_SYS_FILE_H 1
| #define HAVE_SYS_IOCTL_H 1
| #define HAVE_SYS_MMAN_H 1
| #define HAVE_SYS_PARAM_H 1
| #define HAVE_SYS_RANDOM_H 1
| #define HAVE_SYS_SOCKET_H 1
| #define HAVE_SYS_STAT_H 1
| #define HAVE_SYS_TIME_H 1
| #define HAVE_SYS_TIMES_H 1
| #define HAVE_SYS_TYPES_H 1
| #define HAVE_SYS_WAIT_H 1
| #define HAVE_NETINET_IN_H 1
| #define HAVE_ARPA_INET_H 1
| #define HAVE_SYS_RESOURCE_H 1
| #define HAVE_ALLOCA_H 1
| #define HAVE_ALLOCA 1
| #define HAVE_CHOWN 1
| #define GETPGRP_VOID 1
| #define HAVE_STRCOLL 1
| #define HAVE_WAIT3 1
| #define HAVE_MKFIFO 1
| #define HAVE_DUP2 1
| #define HAVE_EACCESS 1
| #define HAVE_FCNTL 1
| #define HAVE_GETDTABLESIZE 1
| #define HAVE_GETENTROPY 1
| #define HAVE_GETGROUPS 1
| #define HAVE_GETHOSTNAME 1
| #define HAVE_GETPAGESIZE 1
| #define HAVE_GETPEERNAME 1
| #define HAVE_GETRANDOM 1
| #define HAVE_GETRLIMIT 1
| #define HAVE_GETRUSAGE 1
| #define HAVE_GETTIMEOFDAY 1
| #define HAVE_KILL 1
| #define HAVE_KILLPG 1
| #define HAVE_LSTAT 1
| #define HAVE_NANOSLEEP 1
| #define HAVE_PSELECT 1
| #define HAVE_READLINK 1
| #define HAVE_SELECT 1
| #define HAVE_SETITIMER 1
| #define HAVE_STATFS 1
| #define HAVE_TCGETPGRP 1
| #define HAVE_UNAME 1
| #define HAVE_ULIMIT 1
| #define HAVE_WAITPID 1
| #define HAVE_RENAME 1
| #define HAVE_BCOPY 1
| #define HAVE_BZERO 1
| #define HAVE_CLOCK_GETTIME 1
| #define HAVE_CONFSTR 1
| #define HAVE_FACCESSAT 1
| #define HAVE_FNMATCH 1
| #define HAVE_GETADDRINFO 1
| #define HAVE_GETHOSTBYNAME 1
| #define HAVE_GETSERVBYNAME 1
| #define HAVE_GETSERVENT 1
| #define HAVE_INET_ATON 1
| #define HAVE_IMAXDIV 1
| #define HAVE_MEMMOVE 1
| #define HAVE_PATHCONF 1
| #define HAVE_PUTENV 1
| #define HAVE_RAISE 1
| #define HAVE_RANDOM 1
| #define HAVE_REGCOMP 1
| #define HAVE_REGEXEC 1
| #define HAVE_SETENV 1
| #define HAVE_SETLINEBUF 1
| #define HAVE_SETLOCALE 1
| #define HAVE_SETVBUF 1
| #define HAVE_SIGINTERRUPT 1
| #define HAVE_STRCHR 1
| #define HAVE_SYSCONF 1
| #define HAVE_SYSLOG 1
| #define HAVE_TCGETATTR 1
| #define HAVE_TCGETWINSIZE 1
| #define HAVE_TCSETWINSIZE 1
| #define HAVE_TIMES 1
| #define HAVE_TTYNAME 1
| #define HAVE_TZSET 1
| #define HAVE_UNSETENV 1
| #define HAVE_VASPRINTF 1
| #define HAVE_ASPRINTF 1
| #define HAVE_ISASCII 1
| #define HAVE_ISBLANK 1
| #define HAVE_ISGRAPH 1
| #define HAVE_ISPRINT 1
| #define HAVE_ISSPACE 1
| #define HAVE_ISXDIGIT 1
| #define HAVE_GETPWENT 1
| #define HAVE_GETPWNAM 1
| #define HAVE_GETPWUID 1
| #define HAVE_MKSTEMP 1
| #define HAVE_MKDTEMP 1
| #define HAVE_STRLCAT 1
| #define HAVE_MEMFD_CREATE 1
| #define HAVE_SHM_OPEN 1
| #define HAVE_GETCWD 1
| #define HAVE_MEMSET 1
| #define HAVE_STRCASECMP 1
| #define HAVE_STRCASESTR 1
| #define HAVE_STRERROR 1
| #define HAVE_STRFTIME 1
| #define HAVE_STRNLEN 1
| #define HAVE_STRPBRK 1
| #define HAVE_STRSTR 1
| #define HAVE_STRTOD 1
| #define HAVE_STRTOL 1
| #define HAVE_STRTOUL 1
| #define HAVE_STRTOLL 1
| #define HAVE_STRTOULL 1
| #define HAVE_STRTOUMAX 1
| #define HAVE_DPRINTF 1
| #define HAVE_STRDUP 1
| #define HAVE_STRLCPY 1
| #define HAVE_REALLOCARRAY 1
| #define HAVE_DECL_AUDIT_USER_TTY 1
| #define HAVE_DECL_CONFSTR 1
| #define HAVE_DECL_PRINTF 1
| #define HAVE_DECL_BRK 1
| #define HAVE_DECL_SBRK 1
| #define HAVE_DECL_SETREGID 1
| #define HAVE_DECL_STRCPY 1
| #define HAVE_DECL_STRSIGNAL 1
| #define HAVE_SETRESUID 1
| #define HAVE_SETRESGID 1
| #define HAVE_DECL_STRTOLD 1
| #define HAVE_DECL_STRTOL 1
| #define HAVE_DECL_STRTOLL 1
| #define HAVE_DECL_STRTOUL 1
| #define HAVE_DECL_STRTOULL 1
| #define HAVE_DECL_STRTOUMAX 1
| /* end confdefs.h.  */
| #include <stddef.h>
| #ifdef HAVE_STDIO_H
| # include <stdio.h>
| #endif
| #ifdef HAVE_STDLIB_H
| # include <stdlib.h>
| #endif
| #ifdef HAVE_STRING_H
| # include <string.h>
| #endif
| #ifdef HAVE_INTTYPES_H
| # include <inttypes.h>
| #endif
| #ifdef HAVE_STDINT_H
| # include <stdint.h>
| #endif
| #ifdef HAVE_STRINGS_H
| # include <strings.h>
| #endif
| #ifdef HAVE_SYS_TYPES_H
| # include <sys/types.h>
| #endif
| #ifdef HAVE_SYS_STAT_H
| # include <sys/stat.h>
| #endif
| #ifdef HAVE_UNISTD_H
| # include <unistd.h>
| #endif
| #include <argz.h>
configure:16794: result: no
configure:16800: checking for errno.h
configure:16800: x86_64-unknown-linux-musl-gcc -c -g -O2 -I/home/samson/Projects/clojv3/./store/musl-1.2.6/include conftest.c >&5
configure:16800: $? = 0
configure:16800: result: yes
configure:16806: checking for fcntl.h
configure:16806: x86_64-unknown-linux-musl-gcc -c -g -O2 -I/home/samson/Projects/clojv3/./store/musl-1.2.6/include conftest.c >&5
configure:16806: $? = 0
configure:16806: result: yes
configure:16812: checking for malloc.h
configure:16812: x86_64-unknown-linux-musl-gcc -c -g -O2 -I/home/samson/Projects/clojv3/./store/musl-1.2.6/include conftest.c >&5
configure:16812: $? = 0
configure:16812: result: yes
configure:16818: checking for stdio_ext.h
configure:16818: x86_64-unknown-linux-musl-gcc -c -g -O2 -I/home/samson/Projects/clojv3/./store/musl-1.2.6/include conftest.c >&5
configure:16818: $? = 0
configure:16818: result: yes
configure:16830: checking for working mmap
configure:16994: result: yes
configure:17003: checking for __argz_count
configure:17003: x86_64-unknown-linux-musl-gcc -o conftest -g -O2 -I/home/samson/Projects/clojv3/./store/musl-1.2.6/include -B/home/samson/Projects/clojv3/./store/musl-1.2.6/lib -L/home/samson/Projects/clojv3/./store/musl-1.2.6/lib -Wl,-rpath,/home/samson/Projects/clojv3/./store/musl-1.2.6/lib -Wl,-dynamic-linker,/home/samson/Projects/clojv3/./store/musl-1.2.6/lib/libc.so conftest.c  >&5
/nix/store/60lv8wlcr99wv4ck3sk9fzcbb4jbk2n6-x86_64-unknown-linux-musl-binutils-2.46/bin/x86_64-unknown-linux-musl-ld.bfd: /tmp/ccbYINRQ.o: in function `main':
/home/samson/Projects/clojv3/store/tmp/sh-5.3/bash-5.3/conftest.c:344:(.text.startup+0x5): undefined reference to `__argz_count'
collect2: error: ld returned 1 exit status
configure:17003: $? = 1
configure: failed program was:
| /* confdefs.h */
| #define PACKAGE_NAME "bash"
| #define PACKAGE_TARNAME "bash"
| #define PACKAGE_VERSION "5.3-release"
| #define PACKAGE_STRING "bash 5.3-release"
| #define PACKAGE_BUGREPORT "bug-bash@gnu.org"
| #define PACKAGE_URL ""
| #define ALIAS 1
| #define PUSHD_AND_POPD 1
| #define RESTRICTED_SHELL 1
| #define PROCESS_SUBSTITUTION 1
| #define PROMPT_STRING_DECODE 1
| #define SELECT_COMMAND 1
| #define HELP_BUILTIN 1
| #define ARRAY_VARS 1
| #define DPAREN_ARITHMETIC 1
| #define BRACE_EXPANSION 1
| #define COMMAND_TIMING 1
| #define EXTENDED_GLOB 1
| #define EXTGLOB_DEFAULT 0
| #define COND_COMMAND 1
| #define COND_REGEXP 1
| #define COPROCESS_SUPPORT 1
| #define ARITH_FOR_COMMAND 1
| #define NETWORK_REDIRECTIONS 1
| #define PROGRAMMABLE_COMPLETION 1
| #define DEBUGGER 1
| #define CASEMOD_ATTRS 1
| #define CASEMOD_EXPANSIONS 1
| #define GLOBASCII_DEFAULT 1
| #define FUNCTION_IMPORT 1
| #define TRANSLATABLE_STRINGS 1
| #define BASH_SOURCE_FULLPATH_DEFAULT 0
| #define MEMSCRAMBLE 1
| #define HAVE_STDIO_H 1
| #define HAVE_STDLIB_H 1
| #define HAVE_STRING_H 1
| #define HAVE_INTTYPES_H 1
| #define HAVE_STDINT_H 1
| #define HAVE_STRINGS_H 1
| #define HAVE_SYS_STAT_H 1
| #define HAVE_SYS_TYPES_H 1
| #define HAVE_UNISTD_H 1
| #define HAVE_WCHAR_H 1
| #define HAVE_STDBOOL_H 1
| #define HAVE_SYS_PARAM_H 1
| #define HAVE_THREADS_H 1
| #define HAVE_SYS_TIME_H 1
| #define STDC_HEADERS 1
| #define _ALL_SOURCE 1
| #define _DARWIN_C_SOURCE 1
| #define _GNU_SOURCE 1
| #define _HPUX_ALT_XOPEN_SOCKET_API 1
| #define _NETBSD_SOURCE 1
| #define _OPENBSD_SOURCE 1
| #define _POSIX_PTHREAD_SEMANTICS 1
| #define __STDC_WANT_IEC_60559_ATTRIBS_EXT__ 1
| #define __STDC_WANT_IEC_60559_BFP_EXT__ 1
| #define __STDC_WANT_IEC_60559_DFP_EXT__ 1
| #define __STDC_WANT_IEC_60559_EXT__ 1
| #define __STDC_WANT_IEC_60559_FUNCS_EXT__ 1
| #define __STDC_WANT_IEC_60559_TYPES_EXT__ 1
| #define __STDC_WANT_LIB_EXT2__ 1
| #define __STDC_WANT_MATH_SPEC_FUNCS__ 1
| #define _TANDEM_SOURCE 1
| #define __EXTENSIONS__ 1
| #define READLINE 1
| #define HISTORY 1
| #define BANG_HISTORY 1
| #define HAVE_STRINGIZE 1
| #define HAVE_LONG_DOUBLE 1
| #define restrict __restrict__
| #define HAVE_C_BOOL 1
| #define HAVE_VISIBILITY 1
| #define HAVE_STDINT_H_WITH_UINTMAX 1
| #define HAVE_ALLOCA_H 1
| #define HAVE_ALLOCA 1
| #define HAVE_GETPAGESIZE 1
| #define HAVE_SYMLINK 1
| #define HAVE_USELOCALE 1
| #define HAVE_VPRINTF 1
| #define HAVE_ALARM 1
| #define HAVE_FPURGE 1
| #define HAVE___FPURGE 1
| #define HAVE_SNPRINTF 1
| #define HAVE_VSNPRINTF 1
| #define HAVE_MMAP 1
| #define INTDIV0_RAISES_SIGFPE 1
| #define HAVE_INTTYPES_H_WITH_UINTMAX 1
| #define HAVE_UNSIGNED_LONG_LONG_INT 1
| #define HAVE_UINTMAX_T 1
| #define HAVE_WEAK_SYMBOLS 1
| #define HAVE_PTHREAD_API 1
| #define USE_POSIX_THREADS 1
| #define USE_POSIX_THREADS_WEAK 1
| #define HAVE_PTHREAD_RWLOCK 1
| #define HAVE_PTHREAD_MUTEX_RECURSIVE 1
| #define HAVE_ICONV 1
| #define ICONV_CONST 
| #define HAVE_BUILTIN_EXPECT 1
| #define HAVE_INTTYPES_H 1
| #define HAVE_UNISTD_H 1
| #define HAVE_SYS_PARAM_H 1
| #define HAVE_GETCWD 1
| #define HAVE_GETEGID 1
| #define HAVE_GETEUID 1
| #define HAVE_GETGID 1
| #define HAVE_GETUID 1
| #define HAVE_MEMPCPY 1
| #define HAVE_MUNMAP 1
| #define HAVE_STPCPY 1
| #define HAVE_STRCASECMP 1
| #define HAVE_TSEARCH 1
| #define HAVE___FSETLOCKING 1
| #define HAVE_DECL_FEOF_UNLOCKED 1
| #define HAVE_DECL_FGETS_UNLOCKED 1
| #define HAVE_LOCALECONV 1
| #define HAVE_LONG_LONG_INT 1
| #define HAVE_WCHAR_T 1
| #define HAVE_WINT_T 1
| #define HAVE_INTMAX_T 1
| #define HAVE_POSIX_PRINTF 1
| #define HAVE_STDINT_H 1
| #define HAVE_STDINT_H 1
| #define HAVE_WORKING_O_NOATIME 0
| #define HAVE_WORKING_O_NOFOLLOW 0
| #define HAVE_WORKING_USELOCALE 1
| #define HAVE_GOOD_USELOCALE 1
| #define FLEXIBLE_ARRAY_MEMBER /**/
| #define HAVE_FEATURES_H 1
| #define HAVE_STDDEF_H 1
| #define HAVE_STDLIB_H 1
| #define HAVE_STRING_H 1
| #define HAVE_ASPRINTF 1
| #define HAVE_WPRINTF 1
| #define HAVE_NEWLOCALE 1
| #define HAVE_PUTENV 1
| #define HAVE_SETENV 1
| #define HAVE_SNPRINTF 1
| #define HAVE_STRNLEN 1
| #define HAVE_USELOCALE 1
| #define HAVE_WCSLEN 1
| #define HAVE_WCSNLEN 1
| #define HAVE_MBRTOWC 1
| #define HAVE_WCRTOMB 1
| #define HAVE_DECL__SNPRINTF 0
| #define HAVE_DECL__SNWPRINTF 0
| #define HAVE_DECL_GETC_UNLOCKED 1
| #define HAVE_NL_LANGINFO 1
| #define HAVE_LANGINFO_CODESET 1
| #define HAVE_LC_MESSAGES 1
| #define ENABLE_NLS 1
| #define HAVE_GETTEXT 1
| #define HAVE_DCGETTEXT 1
| #define HAVE_DIRENT_H 1
| #define MAJOR_IN_SYSMACROS 1
| #define HAVE_INTTYPES_H 1
| #define HAVE_UNISTD_H 1
| #define HAVE_STDLIB_H 1
| #define HAVE_LIMITS_H 1
| #define HAVE_STRING_H 1
| #define HAVE_MEMORY_H 1
| #define HAVE_LOCALE_H 1
| #define HAVE_TERMIOS_H 1
| #define HAVE_DLFCN_H 1
| #define HAVE_STDDEF_H 1
| #define HAVE_STDINT_H 1
| #define HAVE_NETDB_H 1
| #define HAVE_PWD_H 1
| #define HAVE_GRP_H 1
| #define HAVE_STRINGS_H 1
| #define HAVE_STDCKDINT_H 1
| #define HAVE_REGEX_H 1
| #define HAVE_SYSLOG_H 1
| #define HAVE_ULIMIT_H 1
| #define HAVE_SYS_SELECT_H 1
| #define HAVE_SYS_FILE_H 1
| #define HAVE_SYS_IOCTL_H 1
| #define HAVE_SYS_MMAN_H 1
| #define HAVE_SYS_PARAM_H 1
| #define HAVE_SYS_RANDOM_H 1
| #define HAVE_SYS_SOCKET_H 1
| #define HAVE_SYS_STAT_H 1
| #define HAVE_SYS_TIME_H 1
| #define HAVE_SYS_TIMES_H 1
| #define HAVE_SYS_TYPES_H 1
| #define HAVE_SYS_WAIT_H 1
| #define HAVE_NETINET_IN_H 1
| #define HAVE_ARPA_INET_H 1
| #define HAVE_SYS_RESOURCE_H 1
| #define HAVE_ALLOCA_H 1
| #define HAVE_ALLOCA 1
| #define HAVE_CHOWN 1
| #define GETPGRP_VOID 1
| #define HAVE_STRCOLL 1
| #define HAVE_WAIT3 1
| #define HAVE_MKFIFO 1
| #define HAVE_DUP2 1
| #define HAVE_EACCESS 1
| #define HAVE_FCNTL 1
| #define HAVE_GETDTABLESIZE 1
| #define HAVE_GETENTROPY 1
| #define HAVE_GETGROUPS 1
| #define HAVE_GETHOSTNAME 1
| #define HAVE_GETPAGESIZE 1
| #define HAVE_GETPEERNAME 1
| #define HAVE_GETRANDOM 1
| #define HAVE_GETRLIMIT 1
| #define HAVE_GETRUSAGE 1
| #define HAVE_GETTIMEOFDAY 1
| #define HAVE_KILL 1
| #define HAVE_KILLPG 1
| #define HAVE_LSTAT 1
| #define HAVE_NANOSLEEP 1
| #define HAVE_PSELECT 1
| #define HAVE_READLINK 1
| #define HAVE_SELECT 1
| #define HAVE_SETITIMER 1
| #define HAVE_STATFS 1
| #define HAVE_TCGETPGRP 1
| #define HAVE_UNAME 1
| #define HAVE_ULIMIT 1
| #define HAVE_WAITPID 1
| #define HAVE_RENAME 1
| #define HAVE_BCOPY 1
| #define HAVE_BZERO 1
| #define HAVE_CLOCK_GETTIME 1
| #define HAVE_CONFSTR 1
| #define HAVE_FACCESSAT 1
| #define HAVE_FNMATCH 1
| #define HAVE_GETADDRINFO 1
| #define HAVE_GETHOSTBYNAME 1
| #define HAVE_GETSERVBYNAME 1
| #define HAVE_GETSERVENT 1
| #define HAVE_INET_ATON 1
| #define HAVE_IMAXDIV 1
| #define HAVE_MEMMOVE 1
| #define HAVE_PATHCONF 1
| #define HAVE_PUTENV 1
| #define HAVE_RAISE 1
| #define HAVE_RANDOM 1
| #define HAVE_REGCOMP 1
| #define HAVE_REGEXEC 1
| #define HAVE_SETENV 1
| #define HAVE_SETLINEBUF 1
| #define HAVE_SETLOCALE 1
| #define HAVE_SETVBUF 1
| #define HAVE_SIGINTERRUPT 1
| #define HAVE_STRCHR 1
| #define HAVE_SYSCONF 1
| #define HAVE_SYSLOG 1
| #define HAVE_TCGETATTR 1
| #define HAVE_TCGETWINSIZE 1
| #define HAVE_TCSETWINSIZE 1
| #define HAVE_TIMES 1
| #define HAVE_TTYNAME 1
| #define HAVE_TZSET 1
| #define HAVE_UNSETENV 1
| #define HAVE_VASPRINTF 1
| #define HAVE_ASPRINTF 1
| #define HAVE_ISASCII 1
| #define HAVE_ISBLANK 1
| #define HAVE_ISGRAPH 1
| #define HAVE_ISPRINT 1
| #define HAVE_ISSPACE 1
| #define HAVE_ISXDIGIT 1
| #define HAVE_GETPWENT 1
| #define HAVE_GETPWNAM 1
| #define HAVE_GETPWUID 1
| #define HAVE_MKSTEMP 1
| #define HAVE_MKDTEMP 1
| #define HAVE_STRLCAT 1
| #define HAVE_MEMFD_CREATE 1
| #define HAVE_SHM_OPEN 1
| #define HAVE_GETCWD 1
| #define HAVE_MEMSET 1
| #define HAVE_STRCASECMP 1
| #define HAVE_STRCASESTR 1
| #define HAVE_STRERROR 1
| #define HAVE_STRFTIME 1
| #define HAVE_STRNLEN 1
| #define HAVE_STRPBRK 1
| #define HAVE_STRSTR 1
| #define HAVE_STRTOD 1
| #define HAVE_STRTOL 1
| #define HAVE_STRTOUL 1
| #define HAVE_STRTOLL 1
| #define HAVE_STRTOULL 1
| #define HAVE_STRTOUMAX 1
| #define HAVE_DPRINTF 1
| #define HAVE_STRDUP 1
| #define HAVE_STRLCPY 1
| #define HAVE_REALLOCARRAY 1
| #define HAVE_DECL_AUDIT_USER_TTY 1
| #define HAVE_DECL_CONFSTR 1
| #define HAVE_DECL_PRINTF 1
| #define HAVE_DECL_BRK 1
| #define HAVE_DECL_SBRK 1
| #define HAVE_DECL_SETREGID 1
| #define HAVE_DECL_STRCPY 1
| #define HAVE_DECL_STRSIGNAL 1
| #define HAVE_SETRESUID 1
| #define HAVE_SETRESGID 1
| #define HAVE_DECL_STRTOLD 1
| #define HAVE_DECL_STRTOL 1
| #define HAVE_DECL_STRTOLL 1
| #define HAVE_DECL_STRTOUL 1
| #define HAVE_DECL_STRTOULL 1
| #define HAVE_DECL_STRTOUMAX 1
| #define HAVE_ERRNO_H 1
| #define HAVE_FCNTL_H 1
| #define HAVE_MALLOC_H 1
| #define HAVE_STDIO_EXT_H 1
| #define HAVE_MALLOC 1
| #define HAVE_MMAP 1
| /* end confdefs.h.  */
| /* Define __argz_count to an innocuous variant, in case <limits.h> declares __argz_count.
|    For example, HP-UX 11i <limits.h> declares gettimeofday.  */
| #define __argz_count innocuous___argz_count
| 
| /* System header to define __stub macros and hopefully few prototypes,
|    which can conflict with char __argz_count (void); below.  */
| 
| #include <limits.h>
| #undef __argz_count
| 
| /* Override any GCC internal prototype to avoid an error.
|    Use char because int might match the return type of a GCC
|    builtin and then its argument prototype would still apply.  */
| #ifdef __cplusplus
| extern "C"
| #endif
| char __argz_count (void);
| /* The GNU C library defines this for functions which it implements
|     to always fail with ENOSYS.  Some functions are actually named
|     something starting with __ and the normal name is an alias.  */
| #if defined __stub___argz_count || defined __stub_____argz_count
| choke me
| #endif
| 
| int
| main (void)
| {
| return __argz_count ();
|   ;
|   return 0;
| }
configure:17003: result: no
configure:17009: checking for __argz_next
configure:17009: x86_64-unknown-linux-musl-gcc -o conftest -g -O2 -I/home/samson/Projects/clojv3/./store/musl-1.2.6/include -B/home/samson/Projects/clojv3/./store/musl-1.2.6/lib -L/home/samson/Projects/clojv3/./store/musl-1.2.6/lib -Wl,-rpath,/home/samson/Projects/clojv3/./store/musl-1.2.6/lib -Wl,-dynamic-linker,/home/samson/Projects/clojv3/./store/musl-1.2.6/lib/libc.so conftest.c  >&5
/nix/store/60lv8wlcr99wv4ck3sk9fzcbb4jbk2n6-x86_64-unknown-linux-musl-binutils-2.46/bin/x86_64-unknown-linux-musl-ld.bfd: /tmp/ccFC6sX3.o: in function `main':
/home/samson/Projects/clojv3/store/tmp/sh-5.3/bash-5.3/conftest.c:344:(.text.startup+0x5): undefined reference to `__argz_next'
collect2: error: ld returned 1 exit status
configure:17009: $? = 1
configure: failed program was:
| /* confdefs.h */
| #define PACKAGE_NAME "bash"
| #define PACKAGE_TARNAME "bash"
| #define PACKAGE_VERSION "5.3-release"
| #define PACKAGE_STRING "bash 5.3-release"
| #define PACKAGE_BUGREPORT "bug-bash@gnu.org"
| #define PACKAGE_URL ""
| #define ALIAS 1
| #define PUSHD_AND_POPD 1
| #define RESTRICTED_SHELL 1
| #define PROCESS_SUBSTITUTION 1
| #define PROMPT_STRING_DECODE 1
| #define SELECT_COMMAND 1
| #define HELP_BUILTIN 1
| #define ARRAY_VARS 1
| #define DPAREN_ARITHMETIC 1
| #define BRACE_EXPANSION 1
| #define COMMAND_TIMING 1
| #define EXTENDED_GLOB 1
| #define EXTGLOB_DEFAULT 0
| #define COND_COMMAND 1
| #define COND_REGEXP 1
| #define COPROCESS_SUPPORT 1
| #define ARITH_FOR_COMMAND 1
| #define NETWORK_REDIRECTIONS 1
| #define PROGRAMMABLE_COMPLETION 1
| #define DEBUGGER 1
| #define CASEMOD_ATTRS 1
| #define CASEMOD_EXPANSIONS 1
| #define GLOBASCII_DEFAULT 1
| #define FUNCTION_IMPORT 1
| #define TRANSLATABLE_STRINGS 1
| #define BASH_SOURCE_FULLPATH_DEFAULT 0
| #define MEMSCRAMBLE 1
| #define HAVE_STDIO_H 1
| #define HAVE_STDLIB_H 1
| #define HAVE_STRING_H 1
| #define HAVE_INTTYPES_H 1
| #define HAVE_STDINT_H 1
| #define HAVE_STRINGS_H 1
| #define HAVE_SYS_STAT_H 1
| #define HAVE_SYS_TYPES_H 1
| #define HAVE_UNISTD_H 1
| #define HAVE_WCHAR_H 1
| #define HAVE_STDBOOL_H 1
| #define HAVE_SYS_PARAM_H 1
| #define HAVE_THREADS_H 1
| #define HAVE_SYS_TIME_H 1
| #define STDC_HEADERS 1
| #define _ALL_SOURCE 1
| #define _DARWIN_C_SOURCE 1
| #define _GNU_SOURCE 1
| #define _HPUX_ALT_XOPEN_SOCKET_API 1
| #define _NETBSD_SOURCE 1
| #define _OPENBSD_SOURCE 1
| #define _POSIX_PTHREAD_SEMANTICS 1
| #define __STDC_WANT_IEC_60559_ATTRIBS_EXT__ 1
| #define __STDC_WANT_IEC_60559_BFP_EXT__ 1
| #define __STDC_WANT_IEC_60559_DFP_EXT__ 1
| #define __STDC_WANT_IEC_60559_EXT__ 1
| #define __STDC_WANT_IEC_60559_FUNCS_EXT__ 1
| #define __STDC_WANT_IEC_60559_TYPES_EXT__ 1
| #define __STDC_WANT_LIB_EXT2__ 1
| #define __STDC_WANT_MATH_SPEC_FUNCS__ 1
| #define _TANDEM_SOURCE 1
| #define __EXTENSIONS__ 1
| #define READLINE 1
| #define HISTORY 1
| #define BANG_HISTORY 1
| #define HAVE_STRINGIZE 1
| #define HAVE_LONG_DOUBLE 1
| #define restrict __restrict__
| #define HAVE_C_BOOL 1
| #define HAVE_VISIBILITY 1
| #define HAVE_STDINT_H_WITH_UINTMAX 1
| #define HAVE_ALLOCA_H 1
| #define HAVE_ALLOCA 1
| #define HAVE_GETPAGESIZE 1
| #define HAVE_SYMLINK 1
| #define HAVE_USELOCALE 1
| #define HAVE_VPRINTF 1
| #define HAVE_ALARM 1
| #define HAVE_FPURGE 1
| #define HAVE___FPURGE 1
| #define HAVE_SNPRINTF 1
| #define HAVE_VSNPRINTF 1
| #define HAVE_MMAP 1
| #define INTDIV0_RAISES_SIGFPE 1
| #define HAVE_INTTYPES_H_WITH_UINTMAX 1
| #define HAVE_UNSIGNED_LONG_LONG_INT 1
| #define HAVE_UINTMAX_T 1
| #define HAVE_WEAK_SYMBOLS 1
| #define HAVE_PTHREAD_API 1
| #define USE_POSIX_THREADS 1
| #define USE_POSIX_THREADS_WEAK 1
| #define HAVE_PTHREAD_RWLOCK 1
| #define HAVE_PTHREAD_MUTEX_RECURSIVE 1
| #define HAVE_ICONV 1
| #define ICONV_CONST 
| #define HAVE_BUILTIN_EXPECT 1
| #define HAVE_INTTYPES_H 1
| #define HAVE_UNISTD_H 1
| #define HAVE_SYS_PARAM_H 1
| #define HAVE_GETCWD 1
| #define HAVE_GETEGID 1
| #define HAVE_GETEUID 1
| #define HAVE_GETGID 1
| #define HAVE_GETUID 1
| #define HAVE_MEMPCPY 1
| #define HAVE_MUNMAP 1
| #define HAVE_STPCPY 1
| #define HAVE_STRCASECMP 1
| #define HAVE_TSEARCH 1
| #define HAVE___FSETLOCKING 1
| #define HAVE_DECL_FEOF_UNLOCKED 1
| #define HAVE_DECL_FGETS_UNLOCKED 1
| #define HAVE_LOCALECONV 1
| #define HAVE_LONG_LONG_INT 1
| #define HAVE_WCHAR_T 1
| #define HAVE_WINT_T 1
| #define HAVE_INTMAX_T 1
| #define HAVE_POSIX_PRINTF 1
| #define HAVE_STDINT_H 1
| #define HAVE_STDINT_H 1
| #define HAVE_WORKING_O_NOATIME 0
| #define HAVE_WORKING_O_NOFOLLOW 0
| #define HAVE_WORKING_USELOCALE 1
| #define HAVE_GOOD_USELOCALE 1
| #define FLEXIBLE_ARRAY_MEMBER /**/
| #define HAVE_FEATURES_H 1
| #define HAVE_STDDEF_H 1
| #define HAVE_STDLIB_H 1
| #define HAVE_STRING_H 1
| #define HAVE_ASPRINTF 1
| #define HAVE_WPRINTF 1
| #define HAVE_NEWLOCALE 1
| #define HAVE_PUTENV 1
| #define HAVE_SETENV 1
| #define HAVE_SNPRINTF 1
| #define HAVE_STRNLEN 1
| #define HAVE_USELOCALE 1
| #define HAVE_WCSLEN 1
| #define HAVE_WCSNLEN 1
| #define HAVE_MBRTOWC 1
| #define HAVE_WCRTOMB 1
| #define HAVE_DECL__SNPRINTF 0
| #define HAVE_DECL__SNWPRINTF 0
| #define HAVE_DECL_GETC_UNLOCKED 1
| #define HAVE_NL_LANGINFO 1
| #define HAVE_LANGINFO_CODESET 1
| #define HAVE_LC_MESSAGES 1
| #define ENABLE_NLS 1
| #define HAVE_GETTEXT 1
| #define HAVE_DCGETTEXT 1
| #define HAVE_DIRENT_H 1
| #define MAJOR_IN_SYSMACROS 1
| #define HAVE_INTTYPES_H 1
| #define HAVE_UNISTD_H 1
| #define HAVE_STDLIB_H 1
| #define HAVE_LIMITS_H 1
| #define HAVE_STRING_H 1
| #define HAVE_MEMORY_H 1
| #define HAVE_LOCALE_H 1
| #define HAVE_TERMIOS_H 1
| #define HAVE_DLFCN_H 1
| #define HAVE_STDDEF_H 1
| #define HAVE_STDINT_H 1
| #define HAVE_NETDB_H 1
| #define HAVE_PWD_H 1
| #define HAVE_GRP_H 1
| #define HAVE_STRINGS_H 1
| #define HAVE_STDCKDINT_H 1
| #define HAVE_REGEX_H 1
| #define HAVE_SYSLOG_H 1
| #define HAVE_ULIMIT_H 1
| #define HAVE_SYS_SELECT_H 1
| #define HAVE_SYS_FILE_H 1
| #define HAVE_SYS_IOCTL_H 1
| #define HAVE_SYS_MMAN_H 1
| #define HAVE_SYS_PARAM_H 1
| #define HAVE_SYS_RANDOM_H 1
| #define HAVE_SYS_SOCKET_H 1
| #define HAVE_SYS_STAT_H 1
| #define HAVE_SYS_TIME_H 1
| #define HAVE_SYS_TIMES_H 1
| #define HAVE_SYS_TYPES_H 1
| #define HAVE_SYS_WAIT_H 1
| #define HAVE_NETINET_IN_H 1
| #define HAVE_ARPA_INET_H 1
| #define HAVE_SYS_RESOURCE_H 1
| #define HAVE_ALLOCA_H 1
| #define HAVE_ALLOCA 1
| #define HAVE_CHOWN 1
| #define GETPGRP_VOID 1
| #define HAVE_STRCOLL 1
| #define HAVE_WAIT3 1
| #define HAVE_MKFIFO 1
| #define HAVE_DUP2 1
| #define HAVE_EACCESS 1
| #define HAVE_FCNTL 1
| #define HAVE_GETDTABLESIZE 1
| #define HAVE_GETENTROPY 1
| #define HAVE_GETGROUPS 1
| #define HAVE_GETHOSTNAME 1
| #define HAVE_GETPAGESIZE 1
| #define HAVE_GETPEERNAME 1
| #define HAVE_GETRANDOM 1
| #define HAVE_GETRLIMIT 1
| #define HAVE_GETRUSAGE 1
| #define HAVE_GETTIMEOFDAY 1
| #define HAVE_KILL 1
| #define HAVE_KILLPG 1
| #define HAVE_LSTAT 1
| #define HAVE_NANOSLEEP 1
| #define HAVE_PSELECT 1
| #define HAVE_READLINK 1
| #define HAVE_SELECT 1
| #define HAVE_SETITIMER 1
| #define HAVE_STATFS 1
| #define HAVE_TCGETPGRP 1
| #define HAVE_UNAME 1
| #define HAVE_ULIMIT 1
| #define HAVE_WAITPID 1
| #define HAVE_RENAME 1
| #define HAVE_BCOPY 1
| #define HAVE_BZERO 1
| #define HAVE_CLOCK_GETTIME 1
| #define HAVE_CONFSTR 1
| #define HAVE_FACCESSAT 1
| #define HAVE_FNMATCH 1
| #define HAVE_GETADDRINFO 1
| #define HAVE_GETHOSTBYNAME 1
| #define HAVE_GETSERVBYNAME 1
| #define HAVE_GETSERVENT 1
| #define HAVE_INET_ATON 1
| #define HAVE_IMAXDIV 1
| #define HAVE_MEMMOVE 1
| #define HAVE_PATHCONF 1
| #define HAVE_PUTENV 1
| #define HAVE_RAISE 1
| #define HAVE_RANDOM 1
| #define HAVE_REGCOMP 1
| #define HAVE_REGEXEC 1
| #define HAVE_SETENV 1
| #define HAVE_SETLINEBUF 1
| #define HAVE_SETLOCALE 1
| #define HAVE_SETVBUF 1
| #define HAVE_SIGINTERRUPT 1
| #define HAVE_STRCHR 1
| #define HAVE_SYSCONF 1
| #define HAVE_SYSLOG 1
| #define HAVE_TCGETATTR 1
| #define HAVE_TCGETWINSIZE 1
| #define HAVE_TCSETWINSIZE 1
| #define HAVE_TIMES 1
| #define HAVE_TTYNAME 1
| #define HAVE_TZSET 1
| #define HAVE_UNSETENV 1
| #define HAVE_VASPRINTF 1
| #define HAVE_ASPRINTF 1
| #define HAVE_ISASCII 1
| #define HAVE_ISBLANK 1
| #define HAVE_ISGRAPH 1
| #define HAVE_ISPRINT 1
| #define HAVE_ISSPACE 1
| #define HAVE_ISXDIGIT 1
| #define HAVE_GETPWENT 1
| #define HAVE_GETPWNAM 1
| #define HAVE_GETPWUID 1
| #define HAVE_MKSTEMP 1
| #define HAVE_MKDTEMP 1
| #define HAVE_STRLCAT 1
| #define HAVE_MEMFD_CREATE 1
| #define HAVE_SHM_OPEN 1
| #define HAVE_GETCWD 1
| #define HAVE_MEMSET 1
| #define HAVE_STRCASECMP 1
| #define HAVE_STRCASESTR 1
| #define HAVE_STRERROR 1
| #define HAVE_STRFTIME 1
| #define HAVE_STRNLEN 1
| #define HAVE_STRPBRK 1
| #define HAVE_STRSTR 1
| #define HAVE_STRTOD 1
| #define HAVE_STRTOL 1
| #define HAVE_STRTOUL 1
| #define HAVE_STRTOLL 1
| #define HAVE_STRTOULL 1
| #define HAVE_STRTOUMAX 1
| #define HAVE_DPRINTF 1
| #define HAVE_STRDUP 1
| #define HAVE_STRLCPY 1
| #define HAVE_REALLOCARRAY 1
| #define HAVE_DECL_AUDIT_USER_TTY 1
| #define HAVE_DECL_CONFSTR 1
| #define HAVE_DECL_PRINTF 1
| #define HAVE_DECL_BRK 1
| #define HAVE_DECL_SBRK 1
| #define HAVE_DECL_SETREGID 1
| #define HAVE_DECL_STRCPY 1
| #define HAVE_DECL_STRSIGNAL 1
| #define HAVE_SETRESUID 1
| #define HAVE_SETRESGID 1
| #define HAVE_DECL_STRTOLD 1
| #define HAVE_DECL_STRTOL 1
| #define HAVE_DECL_STRTOLL 1
| #define HAVE_DECL_STRTOUL 1
| #define HAVE_DECL_STRTOULL 1
| #define HAVE_DECL_STRTOUMAX 1
| #define HAVE_ERRNO_H 1
| #define HAVE_FCNTL_H 1
| #define HAVE_MALLOC_H 1
| #define HAVE_STDIO_EXT_H 1
| #define HAVE_MALLOC 1
| #define HAVE_MMAP 1
| /* end confdefs.h.  */
| /* Define __argz_next to an innocuous variant, in case <limits.h> declares __argz_next.
|    For example, HP-UX 11i <limits.h> declares gettimeofday.  */
| #define __argz_next innocuous___argz_next
| 
| /* System header to define __stub macros and hopefully few prototypes,
|    which can conflict with char __argz_next (void); below.  */
| 
| #include <limits.h>
| #undef __argz_next
| 
| /* Override any GCC internal prototype to avoid an error.
|    Use char because int might match the return type of a GCC
|    builtin and then its argument prototype would still apply.  */
| #ifdef __cplusplus
| extern "C"
| #endif
| char __argz_next (void);
| /* The GNU C library defines this for functions which it implements
|     to always fail with ENOSYS.  Some functions are actually named
|     something starting with __ and the normal name is an alias.  */
| #if defined __stub___argz_next || defined __stub_____argz_next
| choke me
| #endif
| 
| int
| main (void)
| {
| return __argz_next ();
|   ;
|   return 0;
| }
configure:17009: result: no
configure:17015: checking for __argz_stringify
configure:17015: x86_64-unknown-linux-musl-gcc -o conftest -g -O2 -I/home/samson/Projects/clojv3/./store/musl-1.2.6/include -B/home/samson/Projects/clojv3/./store/musl-1.2.6/lib -L/home/samson/Projects/clojv3/./store/musl-1.2.6/lib -Wl,-rpath,/home/samson/Projects/clojv3/./store/musl-1.2.6/lib -Wl,-dynamic-linker,/home/samson/Projects/clojv3/./store/musl-1.2.6/lib/libc.so conftest.c  >&5
/nix/store/60lv8wlcr99wv4ck3sk9fzcbb4jbk2n6-x86_64-unknown-linux-musl-binutils-2.46/bin/x86_64-unknown-linux-musl-ld.bfd: /tmp/ccscIQLD.o: in function `main':
/home/samson/Projects/clojv3/store/tmp/sh-5.3/bash-5.3/conftest.c:344:(.text.startup+0x5): undefined reference to `__argz_stringify'
collect2: error: ld returned 1 exit status
configure:17015: $? = 1
configure: failed program was:
| /* confdefs.h */
| #define PACKAGE_NAME "bash"
| #define PACKAGE_TARNAME "bash"
| #define PACKAGE_VERSION "5.3-release"
| #define PACKAGE_STRING "bash 5.3-release"
| #define PACKAGE_BUGREPORT "bug-bash@gnu.org"
| #define PACKAGE_URL ""
| #define ALIAS 1
| #define PUSHD_AND_POPD 1
| #define RESTRICTED_SHELL 1
| #define PROCESS_SUBSTITUTION 1
| #define PROMPT_STRING_DECODE 1
| #define SELECT_COMMAND 1
| #define HELP_BUILTIN 1
| #define ARRAY_VARS 1
| #define DPAREN_ARITHMETIC 1
| #define BRACE_EXPANSION 1
| #define COMMAND_TIMING 1
| #define EXTENDED_GLOB 1
| #define EXTGLOB_DEFAULT 0
| #define COND_COMMAND 1
| #define COND_REGEXP 1
| #define COPROCESS_SUPPORT 1
| #define ARITH_FOR_COMMAND 1
| #define NETWORK_REDIRECTIONS 1
| #define PROGRAMMABLE_COMPLETION 1
| #define DEBUGGER 1
| #define CASEMOD_ATTRS 1
| #define CASEMOD_EXPANSIONS 1
| #define GLOBASCII_DEFAULT 1
| #define FUNCTION_IMPORT 1
| #define TRANSLATABLE_STRINGS 1
| #define BASH_SOURCE_FULLPATH_DEFAULT 0
| #define MEMSCRAMBLE 1
| #define HAVE_STDIO_H 1
| #define HAVE_STDLIB_H 1
| #define HAVE_STRING_H 1
| #define HAVE_INTTYPES_H 1
| #define HAVE_STDINT_H 1
| #define HAVE_STRINGS_H 1
| #define HAVE_SYS_STAT_H 1
| #define HAVE_SYS_TYPES_H 1
| #define HAVE_UNISTD_H 1
| #define HAVE_WCHAR_H 1
| #define HAVE_STDBOOL_H 1
| #define HAVE_SYS_PARAM_H 1
| #define HAVE_THREADS_H 1
| #define HAVE_SYS_TIME_H 1
| #define STDC_HEADERS 1
| #define _ALL_SOURCE 1
| #define _DARWIN_C_SOURCE 1
| #define _GNU_SOURCE 1
| #define _HPUX_ALT_XOPEN_SOCKET_API 1
| #define _NETBSD_SOURCE 1
| #define _OPENBSD_SOURCE 1
| #define _POSIX_PTHREAD_SEMANTICS 1
| #define __STDC_WANT_IEC_60559_ATTRIBS_EXT__ 1
| #define __STDC_WANT_IEC_60559_BFP_EXT__ 1
| #define __STDC_WANT_IEC_60559_DFP_EXT__ 1
| #define __STDC_WANT_IEC_60559_EXT__ 1
| #define __STDC_WANT_IEC_60559_FUNCS_EXT__ 1
| #define __STDC_WANT_IEC_60559_TYPES_EXT__ 1
| #define __STDC_WANT_LIB_EXT2__ 1
| #define __STDC_WANT_MATH_SPEC_FUNCS__ 1
| #define _TANDEM_SOURCE 1
| #define __EXTENSIONS__ 1
| #define READLINE 1
| #define HISTORY 1
| #define BANG_HISTORY 1
| #define HAVE_STRINGIZE 1
| #define HAVE_LONG_DOUBLE 1
| #define restrict __restrict__
| #define HAVE_C_BOOL 1
| #define HAVE_VISIBILITY 1
| #define HAVE_STDINT_H_WITH_UINTMAX 1
| #define HAVE_ALLOCA_H 1
| #define HAVE_ALLOCA 1
| #define HAVE_GETPAGESIZE 1
| #define HAVE_SYMLINK 1
| #define HAVE_USELOCALE 1
| #define HAVE_VPRINTF 1
| #define HAVE_ALARM 1
| #define HAVE_FPURGE 1
| #define HAVE___FPURGE 1
| #define HAVE_SNPRINTF 1
| #define HAVE_VSNPRINTF 1
| #define HAVE_MMAP 1
| #define INTDIV0_RAISES_SIGFPE 1
| #define HAVE_INTTYPES_H_WITH_UINTMAX 1
| #define HAVE_UNSIGNED_LONG_LONG_INT 1
| #define HAVE_UINTMAX_T 1
| #define HAVE_WEAK_SYMBOLS 1
| #define HAVE_PTHREAD_API 1
| #define USE_POSIX_THREADS 1
| #define USE_POSIX_THREADS_WEAK 1
| #define HAVE_PTHREAD_RWLOCK 1
| #define HAVE_PTHREAD_MUTEX_RECURSIVE 1
| #define HAVE_ICONV 1
| #define ICONV_CONST 
| #define HAVE_BUILTIN_EXPECT 1
| #define HAVE_INTTYPES_H 1
| #define HAVE_UNISTD_H 1
| #define HAVE_SYS_PARAM_H 1
| #define HAVE_GETCWD 1
| #define HAVE_GETEGID 1
| #define HAVE_GETEUID 1
| #define HAVE_GETGID 1
| #define HAVE_GETUID 1
| #define HAVE_MEMPCPY 1
| #define HAVE_MUNMAP 1
| #define HAVE_STPCPY 1
| #define HAVE_STRCASECMP 1
| #define HAVE_TSEARCH 1
| #define HAVE___FSETLOCKING 1
| #define HAVE_DECL_FEOF_UNLOCKED 1
| #define HAVE_DECL_FGETS_UNLOCKED 1
| #define HAVE_LOCALECONV 1
| #define HAVE_LONG_LONG_INT 1
| #define HAVE_WCHAR_T 1
| #define HAVE_WINT_T 1
| #define HAVE_INTMAX_T 1
| #define HAVE_POSIX_PRINTF 1
| #define HAVE_STDINT_H 1
| #define HAVE_STDINT_H 1
| #define HAVE_WORKING_O_NOATIME 0
| #define HAVE_WORKING_O_NOFOLLOW 0
| #define HAVE_WORKING_USELOCALE 1
| #define HAVE_GOOD_USELOCALE 1
| #define FLEXIBLE_ARRAY_MEMBER /**/
| #define HAVE_FEATURES_H 1
| #define HAVE_STDDEF_H 1
| #define HAVE_STDLIB_H 1
| #define HAVE_STRING_H 1
| #define HAVE_ASPRINTF 1
| #define HAVE_WPRINTF 1
| #define HAVE_NEWLOCALE 1
| #define HAVE_PUTENV 1
| #define HAVE_SETENV 1
| #define HAVE_SNPRINTF 1
| #define HAVE_STRNLEN 1
| #define HAVE_USELOCALE 1
| #define HAVE_WCSLEN 1
| #define HAVE_WCSNLEN 1
| #define HAVE_MBRTOWC 1
| #define HAVE_WCRTOMB 1
| #define HAVE_DECL__SNPRINTF 0
| #define HAVE_DECL__SNWPRINTF 0
| #define HAVE_DECL_GETC_UNLOCKED 1
| #define HAVE_NL_LANGINFO 1
| #define HAVE_LANGINFO_CODESET 1
| #define HAVE_LC_MESSAGES 1
| #define ENABLE_NLS 1
| #define HAVE_GETTEXT 1
| #define HAVE_DCGETTEXT 1
| #define HAVE_DIRENT_H 1
| #define MAJOR_IN_SYSMACROS 1
| #define HAVE_INTTYPES_H 1
| #define HAVE_UNISTD_H 1
| #define HAVE_STDLIB_H 1
| #define HAVE_LIMITS_H 1
| #define HAVE_STRING_H 1
| #define HAVE_MEMORY_H 1
| #define HAVE_LOCALE_H 1
| #define HAVE_TERMIOS_H 1
| #define HAVE_DLFCN_H 1
| #define HAVE_STDDEF_H 1
| #define HAVE_STDINT_H 1
| #define HAVE_NETDB_H 1
| #define HAVE_PWD_H 1
| #define HAVE_GRP_H 1
| #define HAVE_STRINGS_H 1
| #define HAVE_STDCKDINT_H 1
| #define HAVE_REGEX_H 1
| #define HAVE_SYSLOG_H 1
| #define HAVE_ULIMIT_H 1
| #define HAVE_SYS_SELECT_H 1
| #define HAVE_SYS_FILE_H 1
| #define HAVE_SYS_IOCTL_H 1
| #define HAVE_SYS_MMAN_H 1
| #define HAVE_SYS_PARAM_H 1
| #define HAVE_SYS_RANDOM_H 1
| #define HAVE_SYS_SOCKET_H 1
| #define HAVE_SYS_STAT_H 1
| #define HAVE_SYS_TIME_H 1
| #define HAVE_SYS_TIMES_H 1
| #define HAVE_SYS_TYPES_H 1
| #define HAVE_SYS_WAIT_H 1
| #define HAVE_NETINET_IN_H 1
| #define HAVE_ARPA_INET_H 1
| #define HAVE_SYS_RESOURCE_H 1
| #define HAVE_ALLOCA_H 1
| #define HAVE_ALLOCA 1
| #define HAVE_CHOWN 1
| #define GETPGRP_VOID 1
| #define HAVE_STRCOLL 1
| #define HAVE_WAIT3 1
| #define HAVE_MKFIFO 1
| #define HAVE_DUP2 1
| #define HAVE_EACCESS 1
| #define HAVE_FCNTL 1
| #define HAVE_GETDTABLESIZE 1
| #define HAVE_GETENTROPY 1
| #define HAVE_GETGROUPS 1
| #define HAVE_GETHOSTNAME 1
| #define HAVE_GETPAGESIZE 1
| #define HAVE_GETPEERNAME 1
| #define HAVE_GETRANDOM 1
| #define HAVE_GETRLIMIT 1
| #define HAVE_GETRUSAGE 1
| #define HAVE_GETTIMEOFDAY 1
| #define HAVE_KILL 1
| #define HAVE_KILLPG 1
| #define HAVE_LSTAT 1
| #define HAVE_NANOSLEEP 1
| #define HAVE_PSELECT 1
| #define HAVE_READLINK 1
| #define HAVE_SELECT 1
| #define HAVE_SETITIMER 1
| #define HAVE_STATFS 1
| #define HAVE_TCGETPGRP 1
| #define HAVE_UNAME 1
| #define HAVE_ULIMIT 1
| #define HAVE_WAITPID 1
| #define HAVE_RENAME 1
| #define HAVE_BCOPY 1
| #define HAVE_BZERO 1
| #define HAVE_CLOCK_GETTIME 1
| #define HAVE_CONFSTR 1
| #define HAVE_FACCESSAT 1
| #define HAVE_FNMATCH 1
| #define HAVE_GETADDRINFO 1
| #define HAVE_GETHOSTBYNAME 1
| #define HAVE_GETSERVBYNAME 1
| #define HAVE_GETSERVENT 1
| #define HAVE_INET_ATON 1
| #define HAVE_IMAXDIV 1
| #define HAVE_MEMMOVE 1
| #define HAVE_PATHCONF 1
| #define HAVE_PUTENV 1
| #define HAVE_RAISE 1
| #define HAVE_RANDOM 1
| #define HAVE_REGCOMP 1
| #define HAVE_REGEXEC 1
| #define HAVE_SETENV 1
| #define HAVE_SETLINEBUF 1
| #define HAVE_SETLOCALE 1
| #define HAVE_SETVBUF 1
| #define HAVE_SIGINTERRUPT 1
| #define HAVE_STRCHR 1
| #define HAVE_SYSCONF 1
| #define HAVE_SYSLOG 1
| #define HAVE_TCGETATTR 1
| #define HAVE_TCGETWINSIZE 1
| #define HAVE_TCSETWINSIZE 1
| #define HAVE_TIMES 1
| #define HAVE_TTYNAME 1
| #define HAVE_TZSET 1
| #define HAVE_UNSETENV 1
| #define HAVE_VASPRINTF 1
| #define HAVE_ASPRINTF 1
| #define HAVE_ISASCII 1
| #define HAVE_ISBLANK 1
| #define HAVE_ISGRAPH 1
| #define HAVE_ISPRINT 1
| #define HAVE_ISSPACE 1
| #define HAVE_ISXDIGIT 1
| #define HAVE_GETPWENT 1
| #define HAVE_GETPWNAM 1
| #define HAVE_GETPWUID 1
| #define HAVE_MKSTEMP 1
| #define HAVE_MKDTEMP 1
| #define HAVE_STRLCAT 1
| #define HAVE_MEMFD_CREATE 1
| #define HAVE_SHM_OPEN 1
| #define HAVE_GETCWD 1
| #define HAVE_MEMSET 1
| #define HAVE_STRCASECMP 1
| #define HAVE_STRCASESTR 1
| #define HAVE_STRERROR 1
| #define HAVE_STRFTIME 1
| #define HAVE_STRNLEN 1
| #define HAVE_STRPBRK 1
| #define HAVE_STRSTR 1
| #define HAVE_STRTOD 1
| #define HAVE_STRTOL 1
| #define HAVE_STRTOUL 1
| #define HAVE_STRTOLL 1
| #define HAVE_STRTOULL 1
| #define HAVE_STRTOUMAX 1
| #define HAVE_DPRINTF 1
| #define HAVE_STRDUP 1
| #define HAVE_STRLCPY 1
| #define HAVE_REALLOCARRAY 1
| #define HAVE_DECL_AUDIT_USER_TTY 1
| #define HAVE_DECL_CONFSTR 1
| #define HAVE_DECL_PRINTF 1
| #define HAVE_DECL_BRK 1
| #define HAVE_DECL_SBRK 1
| #define HAVE_DECL_SETREGID 1
| #define HAVE_DECL_STRCPY 1
| #define HAVE_DECL_STRSIGNAL 1
| #define HAVE_SETRESUID 1
| #define HAVE_SETRESGID 1
| #define HAVE_DECL_STRTOLD 1
| #define HAVE_DECL_STRTOL 1
| #define HAVE_DECL_STRTOLL 1
| #define HAVE_DECL_STRTOUL 1
| #define HAVE_DECL_STRTOULL 1
| #define HAVE_DECL_STRTOUMAX 1
| #define HAVE_ERRNO_H 1
| #define HAVE_FCNTL_H 1
| #define HAVE_MALLOC_H 1
| #define HAVE_STDIO_EXT_H 1
| #define HAVE_MALLOC 1
| #define HAVE_MMAP 1
| /* end confdefs.h.  */
| /* Define __argz_stringify to an innocuous variant, in case <limits.h> declares __argz_stringify.
|    For example, HP-UX 11i <limits.h> declares gettimeofday.  */
| #define __argz_stringify innocuous___argz_stringify
| 
| /* System header to define __stub macros and hopefully few prototypes,
|    which can conflict with char __argz_stringify (void); below.  */
| 
| #include <limits.h>
| #undef __argz_stringify
| 
| /* Override any GCC internal prototype to avoid an error.
|    Use char because int might match the return type of a GCC
|    builtin and then its argument prototype would still apply.  */
| #ifdef __cplusplus
| extern "C"
| #endif
| char __argz_stringify (void);
| /* The GNU C library defines this for functions which it implements
|     to always fail with ENOSYS.  Some functions are actually named
|     something starting with __ and the normal name is an alias.  */
| #if defined __stub___argz_stringify || defined __stub_____argz_stringify
| choke me
| #endif
| 
| int
| main (void)
| {
| return __argz_stringify ();
|   ;
|   return 0;
| }
configure:17015: result: no
configure:17021: checking for dcgettext
configure:17021: x86_64-unknown-linux-musl-gcc -o conftest -g -O2 -I/home/samson/Projects/clojv3/./store/musl-1.2.6/include -B/home/samson/Projects/clojv3/./store/musl-1.2.6/lib -L/home/samson/Projects/clojv3/./store/musl-1.2.6/lib -Wl,-rpath,/home/samson/Projects/clojv3/./store/musl-1.2.6/lib -Wl,-dynamic-linker,/home/samson/Projects/clojv3/./store/musl-1.2.6/lib/libc.so conftest.c  >&5
conftest.c:333:6: warning: conflicting types for built-in function 'dcgettext'; expected 'char *(const char *, const char *, int)' [-Wbuiltin-declaration-mismatch]
  333 | char dcgettext (void);
      |      ^~~~~~~~~
configure:17021: $? = 0
configure:17021: result: yes
configure:17027: checking for locale_charset
configure:17027: x86_64-unknown-linux-musl-gcc -o conftest -g -O2 -I/home/samson/Projects/clojv3/./store/musl-1.2.6/include -B/home/samson/Projects/clojv3/./store/musl-1.2.6/lib -L/home/samson/Projects/clojv3/./store/musl-1.2.6/lib -Wl,-rpath,/home/samson/Projects/clojv3/./store/musl-1.2.6/lib -Wl,-dynamic-linker,/home/samson/Projects/clojv3/./store/musl-1.2.6/lib/libc.so conftest.c  >&5
/nix/store/60lv8wlcr99wv4ck3sk9fzcbb4jbk2n6-x86_64-unknown-linux-musl-binutils-2.46/bin/x86_64-unknown-linux-musl-ld.bfd: /tmp/ccZSMVrc.o: in function `main':
/home/samson/Projects/clojv3/store/tmp/sh-5.3/bash-5.3/conftest.c:345:(.text.startup+0x5): undefined reference to `locale_charset'
collect2: error: ld returned 1 exit status
configure:17027: $? = 1
configure: failed program was:
| /* confdefs.h */
| #define PACKAGE_NAME "bash"
| #define PACKAGE_TARNAME "bash"
| #define PACKAGE_VERSION "5.3-release"
| #define PACKAGE_STRING "bash 5.3-release"
| #define PACKAGE_BUGREPORT "bug-bash@gnu.org"
| #define PACKAGE_URL ""
| #define ALIAS 1
| #define PUSHD_AND_POPD 1
| #define RESTRICTED_SHELL 1
| #define PROCESS_SUBSTITUTION 1
| #define PROMPT_STRING_DECODE 1
| #define SELECT_COMMAND 1
| #define HELP_BUILTIN 1
| #define ARRAY_VARS 1
| #define DPAREN_ARITHMETIC 1
| #define BRACE_EXPANSION 1
| #define COMMAND_TIMING 1
| #define EXTENDED_GLOB 1
| #define EXTGLOB_DEFAULT 0
| #define COND_COMMAND 1
| #define COND_REGEXP 1
| #define COPROCESS_SUPPORT 1
| #define ARITH_FOR_COMMAND 1
| #define NETWORK_REDIRECTIONS 1
| #define PROGRAMMABLE_COMPLETION 1
| #define DEBUGGER 1
| #define CASEMOD_ATTRS 1
| #define CASEMOD_EXPANSIONS 1
| #define GLOBASCII_DEFAULT 1
| #define FUNCTION_IMPORT 1
| #define TRANSLATABLE_STRINGS 1
| #define BASH_SOURCE_FULLPATH_DEFAULT 0
| #define MEMSCRAMBLE 1
| #define HAVE_STDIO_H 1
| #define HAVE_STDLIB_H 1
| #define HAVE_STRING_H 1
| #define HAVE_INTTYPES_H 1
| #define HAVE_STDINT_H 1
| #define HAVE_STRINGS_H 1
| #define HAVE_SYS_STAT_H 1
| #define HAVE_SYS_TYPES_H 1
| #define HAVE_UNISTD_H 1
| #define HAVE_WCHAR_H 1
| #define HAVE_STDBOOL_H 1
| #define HAVE_SYS_PARAM_H 1
| #define HAVE_THREADS_H 1
| #define HAVE_SYS_TIME_H 1
| #define STDC_HEADERS 1
| #define _ALL_SOURCE 1
| #define _DARWIN_C_SOURCE 1
| #define _GNU_SOURCE 1
| #define _HPUX_ALT_XOPEN_SOCKET_API 1
| #define _NETBSD_SOURCE 1
| #define _OPENBSD_SOURCE 1
| #define _POSIX_PTHREAD_SEMANTICS 1
| #define __STDC_WANT_IEC_60559_ATTRIBS_EXT__ 1
| #define __STDC_WANT_IEC_60559_BFP_EXT__ 1
| #define __STDC_WANT_IEC_60559_DFP_EXT__ 1
| #define __STDC_WANT_IEC_60559_EXT__ 1
| #define __STDC_WANT_IEC_60559_FUNCS_EXT__ 1
| #define __STDC_WANT_IEC_60559_TYPES_EXT__ 1
| #define __STDC_WANT_LIB_EXT2__ 1
| #define __STDC_WANT_MATH_SPEC_FUNCS__ 1
| #define _TANDEM_SOURCE 1
| #define __EXTENSIONS__ 1
| #define READLINE 1
| #define HISTORY 1
| #define BANG_HISTORY 1
| #define HAVE_STRINGIZE 1
| #define HAVE_LONG_DOUBLE 1
| #define restrict __restrict__
| #define HAVE_C_BOOL 1
| #define HAVE_VISIBILITY 1
| #define HAVE_STDINT_H_WITH_UINTMAX 1
| #define HAVE_ALLOCA_H 1
| #define HAVE_ALLOCA 1
| #define HAVE_GETPAGESIZE 1
| #define HAVE_SYMLINK 1
| #define HAVE_USELOCALE 1
| #define HAVE_VPRINTF 1
| #define HAVE_ALARM 1
| #define HAVE_FPURGE 1
| #define HAVE___FPURGE 1
| #define HAVE_SNPRINTF 1
| #define HAVE_VSNPRINTF 1
| #define HAVE_MMAP 1
| #define INTDIV0_RAISES_SIGFPE 1
| #define HAVE_INTTYPES_H_WITH_UINTMAX 1
| #define HAVE_UNSIGNED_LONG_LONG_INT 1
| #define HAVE_UINTMAX_T 1
| #define HAVE_WEAK_SYMBOLS 1
| #define HAVE_PTHREAD_API 1
| #define USE_POSIX_THREADS 1
| #define USE_POSIX_THREADS_WEAK 1
| #define HAVE_PTHREAD_RWLOCK 1
| #define HAVE_PTHREAD_MUTEX_RECURSIVE 1
| #define HAVE_ICONV 1
| #define ICONV_CONST 
| #define HAVE_BUILTIN_EXPECT 1
| #define HAVE_INTTYPES_H 1
| #define HAVE_UNISTD_H 1
| #define HAVE_SYS_PARAM_H 1
| #define HAVE_GETCWD 1
| #define HAVE_GETEGID 1
| #define HAVE_GETEUID 1
| #define HAVE_GETGID 1
| #define HAVE_GETUID 1
| #define HAVE_MEMPCPY 1
| #define HAVE_MUNMAP 1
| #define HAVE_STPCPY 1
| #define HAVE_STRCASECMP 1
| #define HAVE_TSEARCH 1
| #define HAVE___FSETLOCKING 1
| #define HAVE_DECL_FEOF_UNLOCKED 1
| #define HAVE_DECL_FGETS_UNLOCKED 1
| #define HAVE_LOCALECONV 1
| #define HAVE_LONG_LONG_INT 1
| #define HAVE_WCHAR_T 1
| #define HAVE_WINT_T 1
| #define HAVE_INTMAX_T 1
| #define HAVE_POSIX_PRINTF 1
| #define HAVE_STDINT_H 1
| #define HAVE_STDINT_H 1
| #define HAVE_WORKING_O_NOATIME 0
| #define HAVE_WORKING_O_NOFOLLOW 0
| #define HAVE_WORKING_USELOCALE 1
| #define HAVE_GOOD_USELOCALE 1
| #define FLEXIBLE_ARRAY_MEMBER /**/
| #define HAVE_FEATURES_H 1
| #define HAVE_STDDEF_H 1
| #define HAVE_STDLIB_H 1
| #define HAVE_STRING_H 1
| #define HAVE_ASPRINTF 1
| #define HAVE_WPRINTF 1
| #define HAVE_NEWLOCALE 1
| #define HAVE_PUTENV 1
| #define HAVE_SETENV 1
| #define HAVE_SNPRINTF 1
| #define HAVE_STRNLEN 1
| #define HAVE_USELOCALE 1
| #define HAVE_WCSLEN 1
| #define HAVE_WCSNLEN 1
| #define HAVE_MBRTOWC 1
| #define HAVE_WCRTOMB 1
| #define HAVE_DECL__SNPRINTF 0
| #define HAVE_DECL__SNWPRINTF 0
| #define HAVE_DECL_GETC_UNLOCKED 1
| #define HAVE_NL_LANGINFO 1
| #define HAVE_LANGINFO_CODESET 1
| #define HAVE_LC_MESSAGES 1
| #define ENABLE_NLS 1
| #define HAVE_GETTEXT 1
| #define HAVE_DCGETTEXT 1
| #define HAVE_DIRENT_H 1
| #define MAJOR_IN_SYSMACROS 1
| #define HAVE_INTTYPES_H 1
| #define HAVE_UNISTD_H 1
| #define HAVE_STDLIB_H 1
| #define HAVE_LIMITS_H 1
| #define HAVE_STRING_H 1
| #define HAVE_MEMORY_H 1
| #define HAVE_LOCALE_H 1
| #define HAVE_TERMIOS_H 1
| #define HAVE_DLFCN_H 1
| #define HAVE_STDDEF_H 1
| #define HAVE_STDINT_H 1
| #define HAVE_NETDB_H 1
| #define HAVE_PWD_H 1
| #define HAVE_GRP_H 1
| #define HAVE_STRINGS_H 1
| #define HAVE_STDCKDINT_H 1
| #define HAVE_REGEX_H 1
| #define HAVE_SYSLOG_H 1
| #define HAVE_ULIMIT_H 1
| #define HAVE_SYS_SELECT_H 1
| #define HAVE_SYS_FILE_H 1
| #define HAVE_SYS_IOCTL_H 1
| #define HAVE_SYS_MMAN_H 1
| #define HAVE_SYS_PARAM_H 1
| #define HAVE_SYS_RANDOM_H 1
| #define HAVE_SYS_SOCKET_H 1
| #define HAVE_SYS_STAT_H 1
| #define HAVE_SYS_TIME_H 1
| #define HAVE_SYS_TIMES_H 1
| #define HAVE_SYS_TYPES_H 1
| #define HAVE_SYS_WAIT_H 1
| #define HAVE_NETINET_IN_H 1
| #define HAVE_ARPA_INET_H 1
| #define HAVE_SYS_RESOURCE_H 1
| #define HAVE_ALLOCA_H 1
| #define HAVE_ALLOCA 1
| #define HAVE_CHOWN 1
| #define GETPGRP_VOID 1
| #define HAVE_STRCOLL 1
| #define HAVE_WAIT3 1
| #define HAVE_MKFIFO 1
| #define HAVE_DUP2 1
| #define HAVE_EACCESS 1
| #define HAVE_FCNTL 1
| #define HAVE_GETDTABLESIZE 1
| #define HAVE_GETENTROPY 1
| #define HAVE_GETGROUPS 1
| #define HAVE_GETHOSTNAME 1
| #define HAVE_GETPAGESIZE 1
| #define HAVE_GETPEERNAME 1
| #define HAVE_GETRANDOM 1
| #define HAVE_GETRLIMIT 1
| #define HAVE_GETRUSAGE 1
| #define HAVE_GETTIMEOFDAY 1
| #define HAVE_KILL 1
| #define HAVE_KILLPG 1
| #define HAVE_LSTAT 1
| #define HAVE_NANOSLEEP 1
| #define HAVE_PSELECT 1
| #define HAVE_READLINK 1
| #define HAVE_SELECT 1
| #define HAVE_SETITIMER 1
| #define HAVE_STATFS 1
| #define HAVE_TCGETPGRP 1
| #define HAVE_UNAME 1
| #define HAVE_ULIMIT 1
| #define HAVE_WAITPID 1
| #define HAVE_RENAME 1
| #define HAVE_BCOPY 1
| #define HAVE_BZERO 1
| #define HAVE_CLOCK_GETTIME 1
| #define HAVE_CONFSTR 1
| #define HAVE_FACCESSAT 1
| #define HAVE_FNMATCH 1
| #define HAVE_GETADDRINFO 1
| #define HAVE_GETHOSTBYNAME 1
| #define HAVE_GETSERVBYNAME 1
| #define HAVE_GETSERVENT 1
| #define HAVE_INET_ATON 1
| #define HAVE_IMAXDIV 1
| #define HAVE_MEMMOVE 1
| #define HAVE_PATHCONF 1
| #define HAVE_PUTENV 1
| #define HAVE_RAISE 1
| #define HAVE_RANDOM 1
| #define HAVE_REGCOMP 1
| #define HAVE_REGEXEC 1
| #define HAVE_SETENV 1
| #define HAVE_SETLINEBUF 1
| #define HAVE_SETLOCALE 1
| #define HAVE_SETVBUF 1
| #define HAVE_SIGINTERRUPT 1
| #define HAVE_STRCHR 1
| #define HAVE_SYSCONF 1
| #define HAVE_SYSLOG 1
| #define HAVE_TCGETATTR 1
| #define HAVE_TCGETWINSIZE 1
| #define HAVE_TCSETWINSIZE 1
| #define HAVE_TIMES 1
| #define HAVE_TTYNAME 1
| #define HAVE_TZSET 1
| #define HAVE_UNSETENV 1
| #define HAVE_VASPRINTF 1
| #define HAVE_ASPRINTF 1
| #define HAVE_ISASCII 1
| #define HAVE_ISBLANK 1
| #define HAVE_ISGRAPH 1
| #define HAVE_ISPRINT 1
| #define HAVE_ISSPACE 1
| #define HAVE_ISXDIGIT 1
| #define HAVE_GETPWENT 1
| #define HAVE_GETPWNAM 1
| #define HAVE_GETPWUID 1
| #define HAVE_MKSTEMP 1
| #define HAVE_MKDTEMP 1
| #define HAVE_STRLCAT 1
| #define HAVE_MEMFD_CREATE 1
| #define HAVE_SHM_OPEN 1
| #define HAVE_GETCWD 1
| #define HAVE_MEMSET 1
| #define HAVE_STRCASECMP 1
| #define HAVE_STRCASESTR 1
| #define HAVE_STRERROR 1
| #define HAVE_STRFTIME 1
| #define HAVE_STRNLEN 1
| #define HAVE_STRPBRK 1
| #define HAVE_STRSTR 1
| #define HAVE_STRTOD 1
| #define HAVE_STRTOL 1
| #define HAVE_STRTOUL 1
| #define HAVE_STRTOLL 1
| #define HAVE_STRTOULL 1
| #define HAVE_STRTOUMAX 1
| #define HAVE_DPRINTF 1
| #define HAVE_STRDUP 1
| #define HAVE_STRLCPY 1
| #define HAVE_REALLOCARRAY 1
| #define HAVE_DECL_AUDIT_USER_TTY 1
| #define HAVE_DECL_CONFSTR 1
| #define HAVE_DECL_PRINTF 1
| #define HAVE_DECL_BRK 1
| #define HAVE_DECL_SBRK 1
| #define HAVE_DECL_SETREGID 1
| #define HAVE_DECL_STRCPY 1
| #define HAVE_DECL_STRSIGNAL 1
| #define HAVE_SETRESUID 1
| #define HAVE_SETRESGID 1
| #define HAVE_DECL_STRTOLD 1
| #define HAVE_DECL_STRTOL 1
| #define HAVE_DECL_STRTOLL 1
| #define HAVE_DECL_STRTOUL 1
| #define HAVE_DECL_STRTOULL 1
| #define HAVE_DECL_STRTOUMAX 1
| #define HAVE_ERRNO_H 1
| #define HAVE_FCNTL_H 1
| #define HAVE_MALLOC_H 1
| #define HAVE_STDIO_EXT_H 1
| #define HAVE_MALLOC 1
| #define HAVE_MMAP 1
| #define HAVE_DCGETTEXT 1
| /* end confdefs.h.  */
| /* Define locale_charset to an innocuous variant, in case <limits.h> declares locale_charset.
|    For example, HP-UX 11i <limits.h> declares gettimeofday.  */
| #define locale_charset innocuous_locale_charset
| 
| /* System header to define __stub macros and hopefully few prototypes,
|    which can conflict with char locale_charset (void); below.  */
| 
| #include <limits.h>
| #undef locale_charset
| 
| /* Override any GCC internal prototype to avoid an error.
|    Use char because int might match the return type of a GCC
|    builtin and then its argument prototype would still apply.  */
| #ifdef __cplusplus
| extern "C"
| #endif
| char locale_charset (void);
| /* The GNU C library defines this for functions which it implements
|     to always fail with ENOSYS.  Some functions are actually named
|     something starting with __ and the normal name is an alias.  */
| #if defined __stub_locale_charset || defined __stub___locale_charset
| choke me
| #endif
| 
| int
| main (void)
| {
| return locale_charset ();
|   ;
|   return 0;
| }
configure:17027: result: no
configure:17033: checking for mempcpy
configure:17033: result: yes
configure:17039: checking for munmap
configure:17039: result: yes
configure:17045: checking for mremap
configure:17045: x86_64-unknown-linux-musl-gcc -o conftest -g -O2 -I/home/samson/Projects/clojv3/./store/musl-1.2.6/include -B/home/samson/Projects/clojv3/./store/musl-1.2.6/lib -L/home/samson/Projects/clojv3/./store/musl-1.2.6/lib -Wl,-rpath,/home/samson/Projects/clojv3/./store/musl-1.2.6/lib -Wl,-dynamic-linker,/home/samson/Projects/clojv3/./store/musl-1.2.6/lib/libc.so conftest.c  >&5
configure:17045: $? = 0
configure:17045: result: yes
configure:17051: checking for stpcpy
configure:17051: result: yes
configure:17057: checking for strcspn
configure:17057: x86_64-unknown-linux-musl-gcc -o conftest -g -O2 -I/home/samson/Projects/clojv3/./store/musl-1.2.6/include -B/home/samson/Projects/clojv3/./store/musl-1.2.6/lib -L/home/samson/Projects/clojv3/./store/musl-1.2.6/lib -Wl,-rpath,/home/samson/Projects/clojv3/./store/musl-1.2.6/lib -Wl,-dynamic-linker,/home/samson/Projects/clojv3/./store/musl-1.2.6/lib/libc.so conftest.c  >&5
conftest.c:338:6: warning: conflicting types for built-in function 'strcspn'; expected 'long unsigned int(const char *, const char *)' [-Wbuiltin-declaration-mismatch]
  338 | char strcspn (void);
      |      ^~~~~~~
conftest.c:330:1: note: 'strcspn' is declared in header '<string.h>'
  329 | #include <limits.h>
  330 | #undef strcspn
configure:17057: $? = 0
configure:17057: result: yes
configure:17080: checking for wctype.h
configure:17080: x86_64-unknown-linux-musl-gcc -c -g -O2 -I/home/samson/Projects/clojv3/./store/musl-1.2.6/include conftest.c >&5
configure:17080: $? = 0
configure:17080: result: yes
configure:17087: checking for wchar.h
configure:17087: result: yes
configure:17094: checking for langinfo.h
configure:17094: x86_64-unknown-linux-musl-gcc -c -g -O2 -I/home/samson/Projects/clojv3/./store/musl-1.2.6/include conftest.c >&5
configure:17094: $? = 0
configure:17094: result: yes
configure:17102: checking for mbstr.h
configure:17102: x86_64-unknown-linux-musl-gcc -c -g -O2 -I/home/samson/Projects/clojv3/./store/musl-1.2.6/include conftest.c >&5
conftest.c:354:10: fatal error: mbstr.h: No such file or directory
  354 | #include <mbstr.h>
      |          ^~~~~~~~~
compilation terminated.
configure:17102: $? = 1
configure: failed program was:
| /* confdefs.h */
| #define PACKAGE_NAME "bash"
| #define PACKAGE_TARNAME "bash"
| #define PACKAGE_VERSION "5.3-release"
| #define PACKAGE_STRING "bash 5.3-release"
| #define PACKAGE_BUGREPORT "bug-bash@gnu.org"
| #define PACKAGE_URL ""
| #define ALIAS 1
| #define PUSHD_AND_POPD 1
| #define RESTRICTED_SHELL 1
| #define PROCESS_SUBSTITUTION 1
| #define PROMPT_STRING_DECODE 1
| #define SELECT_COMMAND 1
| #define HELP_BUILTIN 1
| #define ARRAY_VARS 1
| #define DPAREN_ARITHMETIC 1
| #define BRACE_EXPANSION 1
| #define COMMAND_TIMING 1
| #define EXTENDED_GLOB 1
| #define EXTGLOB_DEFAULT 0
| #define COND_COMMAND 1
| #define COND_REGEXP 1
| #define COPROCESS_SUPPORT 1
| #define ARITH_FOR_COMMAND 1
| #define NETWORK_REDIRECTIONS 1
| #define PROGRAMMABLE_COMPLETION 1
| #define DEBUGGER 1
| #define CASEMOD_ATTRS 1
| #define CASEMOD_EXPANSIONS 1
| #define GLOBASCII_DEFAULT 1
| #define FUNCTION_IMPORT 1
| #define TRANSLATABLE_STRINGS 1
| #define BASH_SOURCE_FULLPATH_DEFAULT 0
| #define MEMSCRAMBLE 1
| #define HAVE_STDIO_H 1
| #define HAVE_STDLIB_H 1
| #define HAVE_STRING_H 1
| #define HAVE_INTTYPES_H 1
| #define HAVE_STDINT_H 1
| #define HAVE_STRINGS_H 1
| #define HAVE_SYS_STAT_H 1
| #define HAVE_SYS_TYPES_H 1
| #define HAVE_UNISTD_H 1
| #define HAVE_WCHAR_H 1
| #define HAVE_STDBOOL_H 1
| #define HAVE_SYS_PARAM_H 1
| #define HAVE_THREADS_H 1
| #define HAVE_SYS_TIME_H 1
| #define STDC_HEADERS 1
| #define _ALL_SOURCE 1
| #define _DARWIN_C_SOURCE 1
| #define _GNU_SOURCE 1
| #define _HPUX_ALT_XOPEN_SOCKET_API 1
| #define _NETBSD_SOURCE 1
| #define _OPENBSD_SOURCE 1
| #define _POSIX_PTHREAD_SEMANTICS 1
| #define __STDC_WANT_IEC_60559_ATTRIBS_EXT__ 1
| #define __STDC_WANT_IEC_60559_BFP_EXT__ 1
| #define __STDC_WANT_IEC_60559_DFP_EXT__ 1
| #define __STDC_WANT_IEC_60559_EXT__ 1
| #define __STDC_WANT_IEC_60559_FUNCS_EXT__ 1
| #define __STDC_WANT_IEC_60559_TYPES_EXT__ 1
| #define __STDC_WANT_LIB_EXT2__ 1
| #define __STDC_WANT_MATH_SPEC_FUNCS__ 1
| #define _TANDEM_SOURCE 1
| #define __EXTENSIONS__ 1
| #define READLINE 1
| #define HISTORY 1
| #define BANG_HISTORY 1
| #define HAVE_STRINGIZE 1
| #define HAVE_LONG_DOUBLE 1
| #define restrict __restrict__
| #define HAVE_C_BOOL 1
| #define HAVE_VISIBILITY 1
| #define HAVE_STDINT_H_WITH_UINTMAX 1
| #define HAVE_ALLOCA_H 1
| #define HAVE_ALLOCA 1
| #define HAVE_GETPAGESIZE 1
| #define HAVE_SYMLINK 1
| #define HAVE_USELOCALE 1
| #define HAVE_VPRINTF 1
| #define HAVE_ALARM 1
| #define HAVE_FPURGE 1
| #define HAVE___FPURGE 1
| #define HAVE_SNPRINTF 1
| #define HAVE_VSNPRINTF 1
| #define HAVE_MMAP 1
| #define INTDIV0_RAISES_SIGFPE 1
| #define HAVE_INTTYPES_H_WITH_UINTMAX 1
| #define HAVE_UNSIGNED_LONG_LONG_INT 1
| #define HAVE_UINTMAX_T 1
| #define HAVE_WEAK_SYMBOLS 1
| #define HAVE_PTHREAD_API 1
| #define USE_POSIX_THREADS 1
| #define USE_POSIX_THREADS_WEAK 1
| #define HAVE_PTHREAD_RWLOCK 1
| #define HAVE_PTHREAD_MUTEX_RECURSIVE 1
| #define HAVE_ICONV 1
| #define ICONV_CONST 
| #define HAVE_BUILTIN_EXPECT 1
| #define HAVE_INTTYPES_H 1
| #define HAVE_UNISTD_H 1
| #define HAVE_SYS_PARAM_H 1
| #define HAVE_GETCWD 1
| #define HAVE_GETEGID 1
| #define HAVE_GETEUID 1
| #define HAVE_GETGID 1
| #define HAVE_GETUID 1
| #define HAVE_MEMPCPY 1
| #define HAVE_MUNMAP 1
| #define HAVE_STPCPY 1
| #define HAVE_STRCASECMP 1
| #define HAVE_TSEARCH 1
| #define HAVE___FSETLOCKING 1
| #define HAVE_DECL_FEOF_UNLOCKED 1
| #define HAVE_DECL_FGETS_UNLOCKED 1
| #define HAVE_LOCALECONV 1
| #define HAVE_LONG_LONG_INT 1
| #define HAVE_WCHAR_T 1
| #define HAVE_WINT_T 1
| #define HAVE_INTMAX_T 1
| #define HAVE_POSIX_PRINTF 1
| #define HAVE_STDINT_H 1
| #define HAVE_STDINT_H 1
| #define HAVE_WORKING_O_NOATIME 0
| #define HAVE_WORKING_O_NOFOLLOW 0
| #define HAVE_WORKING_USELOCALE 1
| #define HAVE_GOOD_USELOCALE 1
| #define FLEXIBLE_ARRAY_MEMBER /**/
| #define HAVE_FEATURES_H 1
| #define HAVE_STDDEF_H 1
| #define HAVE_STDLIB_H 1
| #define HAVE_STRING_H 1
| #define HAVE_ASPRINTF 1
| #define HAVE_WPRINTF 1
| #define HAVE_NEWLOCALE 1
| #define HAVE_PUTENV 1
| #define HAVE_SETENV 1
| #define HAVE_SNPRINTF 1
| #define HAVE_STRNLEN 1
| #define HAVE_USELOCALE 1
| #define HAVE_WCSLEN 1
| #define HAVE_WCSNLEN 1
| #define HAVE_MBRTOWC 1
| #define HAVE_WCRTOMB 1
| #define HAVE_DECL__SNPRINTF 0
| #define HAVE_DECL__SNWPRINTF 0
| #define HAVE_DECL_GETC_UNLOCKED 1
| #define HAVE_NL_LANGINFO 1
| #define HAVE_LANGINFO_CODESET 1
| #define HAVE_LC_MESSAGES 1
| #define ENABLE_NLS 1
| #define HAVE_GETTEXT 1
| #define HAVE_DCGETTEXT 1
| #define HAVE_DIRENT_H 1
| #define MAJOR_IN_SYSMACROS 1
| #define HAVE_INTTYPES_H 1
| #define HAVE_UNISTD_H 1
| #define HAVE_STDLIB_H 1
| #define HAVE_LIMITS_H 1
| #define HAVE_STRING_H 1
| #define HAVE_MEMORY_H 1
| #define HAVE_LOCALE_H 1
| #define HAVE_TERMIOS_H 1
| #define HAVE_DLFCN_H 1
| #define HAVE_STDDEF_H 1
| #define HAVE_STDINT_H 1
| #define HAVE_NETDB_H 1
| #define HAVE_PWD_H 1
| #define HAVE_GRP_H 1
| #define HAVE_STRINGS_H 1
| #define HAVE_STDCKDINT_H 1
| #define HAVE_REGEX_H 1
| #define HAVE_SYSLOG_H 1
| #define HAVE_ULIMIT_H 1
| #define HAVE_SYS_SELECT_H 1
| #define HAVE_SYS_FILE_H 1
| #define HAVE_SYS_IOCTL_H 1
| #define HAVE_SYS_MMAN_H 1
| #define HAVE_SYS_PARAM_H 1
| #define HAVE_SYS_RANDOM_H 1
| #define HAVE_SYS_SOCKET_H 1
| #define HAVE_SYS_STAT_H 1
| #define HAVE_SYS_TIME_H 1
| #define HAVE_SYS_TIMES_H 1
| #define HAVE_SYS_TYPES_H 1
| #define HAVE_SYS_WAIT_H 1
| #define HAVE_NETINET_IN_H 1
| #define HAVE_ARPA_INET_H 1
| #define HAVE_SYS_RESOURCE_H 1
| #define HAVE_ALLOCA_H 1
| #define HAVE_ALLOCA 1
| #define HAVE_CHOWN 1
| #define GETPGRP_VOID 1
| #define HAVE_STRCOLL 1
| #define HAVE_WAIT3 1
| #define HAVE_MKFIFO 1
| #define HAVE_DUP2 1
| #define HAVE_EACCESS 1
| #define HAVE_FCNTL 1
| #define HAVE_GETDTABLESIZE 1
| #define HAVE_GETENTROPY 1
| #define HAVE_GETGROUPS 1
| #define HAVE_GETHOSTNAME 1
| #define HAVE_GETPAGESIZE 1
| #define HAVE_GETPEERNAME 1
| #define HAVE_GETRANDOM 1
| #define HAVE_GETRLIMIT 1
| #define HAVE_GETRUSAGE 1
| #define HAVE_GETTIMEOFDAY 1
| #define HAVE_KILL 1
| #define HAVE_KILLPG 1
| #define HAVE_LSTAT 1
| #define HAVE_NANOSLEEP 1
| #define HAVE_PSELECT 1
| #define HAVE_READLINK 1
| #define HAVE_SELECT 1
| #define HAVE_SETITIMER 1
| #define HAVE_STATFS 1
| #define HAVE_TCGETPGRP 1
| #define HAVE_UNAME 1
| #define HAVE_ULIMIT 1
| #define HAVE_WAITPID 1
| #define HAVE_RENAME 1
| #define HAVE_BCOPY 1
| #define HAVE_BZERO 1
| #define HAVE_CLOCK_GETTIME 1
| #define HAVE_CONFSTR 1
| #define HAVE_FACCESSAT 1
| #define HAVE_FNMATCH 1
| #define HAVE_GETADDRINFO 1
| #define HAVE_GETHOSTBYNAME 1
| #define HAVE_GETSERVBYNAME 1
| #define HAVE_GETSERVENT 1
| #define HAVE_INET_ATON 1
| #define HAVE_IMAXDIV 1
| #define HAVE_MEMMOVE 1
| #define HAVE_PATHCONF 1
| #define HAVE_PUTENV 1
| #define HAVE_RAISE 1
| #define HAVE_RANDOM 1
| #define HAVE_REGCOMP 1
| #define HAVE_REGEXEC 1
| #define HAVE_SETENV 1
| #define HAVE_SETLINEBUF 1
| #define HAVE_SETLOCALE 1
| #define HAVE_SETVBUF 1
| #define HAVE_SIGINTERRUPT 1
| #define HAVE_STRCHR 1
| #define HAVE_SYSCONF 1
| #define HAVE_SYSLOG 1
| #define HAVE_TCGETATTR 1
| #define HAVE_TCGETWINSIZE 1
| #define HAVE_TCSETWINSIZE 1
| #define HAVE_TIMES 1
| #define HAVE_TTYNAME 1
| #define HAVE_TZSET 1
| #define HAVE_UNSETENV 1
| #define HAVE_VASPRINTF 1
| #define HAVE_ASPRINTF 1
| #define HAVE_ISASCII 1
| #define HAVE_ISBLANK 1
| #define HAVE_ISGRAPH 1
| #define HAVE_ISPRINT 1
| #define HAVE_ISSPACE 1
| #define HAVE_ISXDIGIT 1
| #define HAVE_GETPWENT 1
| #define HAVE_GETPWNAM 1
| #define HAVE_GETPWUID 1
| #define HAVE_MKSTEMP 1
| #define HAVE_MKDTEMP 1
| #define HAVE_STRLCAT 1
| #define HAVE_MEMFD_CREATE 1
| #define HAVE_SHM_OPEN 1
| #define HAVE_GETCWD 1
| #define HAVE_MEMSET 1
| #define HAVE_STRCASECMP 1
| #define HAVE_STRCASESTR 1
| #define HAVE_STRERROR 1
| #define HAVE_STRFTIME 1
| #define HAVE_STRNLEN 1
| #define HAVE_STRPBRK 1
| #define HAVE_STRSTR 1
| #define HAVE_STRTOD 1
| #define HAVE_STRTOL 1
| #define HAVE_STRTOUL 1
| #define HAVE_STRTOLL 1
| #define HAVE_STRTOULL 1
| #define HAVE_STRTOUMAX 1
| #define HAVE_DPRINTF 1
| #define HAVE_STRDUP 1
| #define HAVE_STRLCPY 1
| #define HAVE_REALLOCARRAY 1
| #define HAVE_DECL_AUDIT_USER_TTY 1
| #define HAVE_DECL_CONFSTR 1
| #define HAVE_DECL_PRINTF 1
| #define HAVE_DECL_BRK 1
| #define HAVE_DECL_SBRK 1
| #define HAVE_DECL_SETREGID 1
| #define HAVE_DECL_STRCPY 1
| #define HAVE_DECL_STRSIGNAL 1
| #define HAVE_SETRESUID 1
| #define HAVE_SETRESGID 1
| #define HAVE_DECL_STRTOLD 1
| #define HAVE_DECL_STRTOL 1
| #define HAVE_DECL_STRTOLL 1
| #define HAVE_DECL_STRTOUL 1
| #define HAVE_DECL_STRTOULL 1
| #define HAVE_DECL_STRTOUMAX 1
| #define HAVE_ERRNO_H 1
| #define HAVE_FCNTL_H 1
| #define HAVE_MALLOC_H 1
| #define HAVE_STDIO_EXT_H 1
| #define HAVE_MALLOC 1
| #define HAVE_MMAP 1
| #define HAVE_DCGETTEXT 1
| #define HAVE_MEMPCPY 1
| #define HAVE_MUNMAP 1
| #define HAVE_MREMAP 1
| #define HAVE_STPCPY 1
| #define HAVE_STRCSPN 1
| #define HAVE_WCTYPE_H 1
| #define HAVE_WCHAR_H 1
| #define HAVE_LANGINFO_H 1
| /* end confdefs.h.  */
| #include <stddef.h>
| #ifdef HAVE_STDIO_H
| # include <stdio.h>
| #endif
| #ifdef HAVE_STDLIB_H
| # include <stdlib.h>
| #endif
| #ifdef HAVE_STRING_H
| # include <string.h>
| #endif
| #ifdef HAVE_INTTYPES_H
| # include <inttypes.h>
| #endif
| #ifdef HAVE_STDINT_H
| # include <stdint.h>
| #endif
| #ifdef HAVE_STRINGS_H
| # include <strings.h>
| #endif
| #ifdef HAVE_SYS_TYPES_H
| # include <sys/types.h>
| #endif
| #ifdef HAVE_SYS_STAT_H
| # include <sys/stat.h>
| #endif
| #ifdef HAVE_UNISTD_H
| # include <unistd.h>
| #endif
| #include <mbstr.h>
configure:17102: result: no
configure:17110: checking for mbrlen
configure:17110: x86_64-unknown-linux-musl-gcc -o conftest -g -O2 -I/home/samson/Projects/clojv3/./store/musl-1.2.6/include -B/home/samson/Projects/clojv3/./store/musl-1.2.6/lib -L/home/samson/Projects/clojv3/./store/musl-1.2.6/lib -Wl,-rpath,/home/samson/Projects/clojv3/./store/musl-1.2.6/lib -Wl,-dynamic-linker,/home/samson/Projects/clojv3/./store/musl-1.2.6/lib/libc.so conftest.c  >&5
configure:17110: $? = 0
configure:17110: result: yes
configure:17117: checking for mbscasecmp
configure:17117: x86_64-unknown-linux-musl-gcc -o conftest -g -O2 -I/home/samson/Projects/clojv3/./store/musl-1.2.6/include -B/home/samson/Projects/clojv3/./store/musl-1.2.6/lib -L/home/samson/Projects/clojv3/./store/musl-1.2.6/lib -Wl,-rpath,/home/samson/Projects/clojv3/./store/musl-1.2.6/lib -Wl,-dynamic-linker,/home/samson/Projects/clojv3/./store/musl-1.2.6/lib/libc.so conftest.c  >&5
/nix/store/60lv8wlcr99wv4ck3sk9fzcbb4jbk2n6-x86_64-unknown-linux-musl-binutils-2.46/bin/x86_64-unknown-linux-musl-ld.bfd: /tmp/cctaTFKw.o: in function `main':
/home/samson/Projects/clojv3/store/tmp/sh-5.3/bash-5.3/conftest.c:354:(.text.startup+0x5): undefined reference to `mbscasecmp'
collect2: error: ld returned 1 exit status
configure:17117: $? = 1
configure: failed program was:
| /* confdefs.h */
| #define PACKAGE_NAME "bash"
| #define PACKAGE_TARNAME "bash"
| #define PACKAGE_VERSION "5.3-release"
| #define PACKAGE_STRING "bash 5.3-release"
| #define PACKAGE_BUGREPORT "bug-bash@gnu.org"
| #define PACKAGE_URL ""
| #define ALIAS 1
| #define PUSHD_AND_POPD 1
| #define RESTRICTED_SHELL 1
| #define PROCESS_SUBSTITUTION 1
| #define PROMPT_STRING_DECODE 1
| #define SELECT_COMMAND 1
| #define HELP_BUILTIN 1
| #define ARRAY_VARS 1
| #define DPAREN_ARITHMETIC 1
| #define BRACE_EXPANSION 1
| #define COMMAND_TIMING 1
| #define EXTENDED_GLOB 1
| #define EXTGLOB_DEFAULT 0
| #define COND_COMMAND 1
| #define COND_REGEXP 1
| #define COPROCESS_SUPPORT 1
| #define ARITH_FOR_COMMAND 1
| #define NETWORK_REDIRECTIONS 1
| #define PROGRAMMABLE_COMPLETION 1
| #define DEBUGGER 1
| #define CASEMOD_ATTRS 1
| #define CASEMOD_EXPANSIONS 1
| #define GLOBASCII_DEFAULT 1
| #define FUNCTION_IMPORT 1
| #define TRANSLATABLE_STRINGS 1
| #define BASH_SOURCE_FULLPATH_DEFAULT 0
| #define MEMSCRAMBLE 1
| #define HAVE_STDIO_H 1
| #define HAVE_STDLIB_H 1
| #define HAVE_STRING_H 1
| #define HAVE_INTTYPES_H 1
| #define HAVE_STDINT_H 1
| #define HAVE_STRINGS_H 1
| #define HAVE_SYS_STAT_H 1
| #define HAVE_SYS_TYPES_H 1
| #define HAVE_UNISTD_H 1
| #define HAVE_WCHAR_H 1
| #define HAVE_STDBOOL_H 1
| #define HAVE_SYS_PARAM_H 1
| #define HAVE_THREADS_H 1
| #define HAVE_SYS_TIME_H 1
| #define STDC_HEADERS 1
| #define _ALL_SOURCE 1
| #define _DARWIN_C_SOURCE 1
| #define _GNU_SOURCE 1
| #define _HPUX_ALT_XOPEN_SOCKET_API 1
| #define _NETBSD_SOURCE 1
| #define _OPENBSD_SOURCE 1
| #define _POSIX_PTHREAD_SEMANTICS 1
| #define __STDC_WANT_IEC_60559_ATTRIBS_EXT__ 1
| #define __STDC_WANT_IEC_60559_BFP_EXT__ 1
| #define __STDC_WANT_IEC_60559_DFP_EXT__ 1
| #define __STDC_WANT_IEC_60559_EXT__ 1
| #define __STDC_WANT_IEC_60559_FUNCS_EXT__ 1
| #define __STDC_WANT_IEC_60559_TYPES_EXT__ 1
| #define __STDC_WANT_LIB_EXT2__ 1
| #define __STDC_WANT_MATH_SPEC_FUNCS__ 1
| #define _TANDEM_SOURCE 1
| #define __EXTENSIONS__ 1
| #define READLINE 1
| #define HISTORY 1
| #define BANG_HISTORY 1
| #define HAVE_STRINGIZE 1
| #define HAVE_LONG_DOUBLE 1
| #define restrict __restrict__
| #define HAVE_C_BOOL 1
| #define HAVE_VISIBILITY 1
| #define HAVE_STDINT_H_WITH_UINTMAX 1
| #define HAVE_ALLOCA_H 1
| #define HAVE_ALLOCA 1
| #define HAVE_GETPAGESIZE 1
| #define HAVE_SYMLINK 1
| #define HAVE_USELOCALE 1
| #define HAVE_VPRINTF 1
| #define HAVE_ALARM 1
| #define HAVE_FPURGE 1
| #define HAVE___FPURGE 1
| #define HAVE_SNPRINTF 1
| #define HAVE_VSNPRINTF 1
| #define HAVE_MMAP 1
| #define INTDIV0_RAISES_SIGFPE 1
| #define HAVE_INTTYPES_H_WITH_UINTMAX 1
| #define HAVE_UNSIGNED_LONG_LONG_INT 1
| #define HAVE_UINTMAX_T 1
| #define HAVE_WEAK_SYMBOLS 1
| #define HAVE_PTHREAD_API 1
| #define USE_POSIX_THREADS 1
| #define USE_POSIX_THREADS_WEAK 1
| #define HAVE_PTHREAD_RWLOCK 1
| #define HAVE_PTHREAD_MUTEX_RECURSIVE 1
| #define HAVE_ICONV 1
| #define ICONV_CONST 
| #define HAVE_BUILTIN_EXPECT 1
| #define HAVE_INTTYPES_H 1
| #define HAVE_UNISTD_H 1
| #define HAVE_SYS_PARAM_H 1
| #define HAVE_GETCWD 1
| #define HAVE_GETEGID 1
| #define HAVE_GETEUID 1
| #define HAVE_GETGID 1
| #define HAVE_GETUID 1
| #define HAVE_MEMPCPY 1
| #define HAVE_MUNMAP 1
| #define HAVE_STPCPY 1
| #define HAVE_STRCASECMP 1
| #define HAVE_TSEARCH 1
| #define HAVE___FSETLOCKING 1
| #define HAVE_DECL_FEOF_UNLOCKED 1
| #define HAVE_DECL_FGETS_UNLOCKED 1
| #define HAVE_LOCALECONV 1
| #define HAVE_LONG_LONG_INT 1
| #define HAVE_WCHAR_T 1
| #define HAVE_WINT_T 1
| #define HAVE_INTMAX_T 1
| #define HAVE_POSIX_PRINTF 1
| #define HAVE_STDINT_H 1
| #define HAVE_STDINT_H 1
| #define HAVE_WORKING_O_NOATIME 0
| #define HAVE_WORKING_O_NOFOLLOW 0
| #define HAVE_WORKING_USELOCALE 1
| #define HAVE_GOOD_USELOCALE 1
| #define FLEXIBLE_ARRAY_MEMBER /**/
| #define HAVE_FEATURES_H 1
| #define HAVE_STDDEF_H 1
| #define HAVE_STDLIB_H 1
| #define HAVE_STRING_H 1
| #define HAVE_ASPRINTF 1
| #define HAVE_WPRINTF 1
| #define HAVE_NEWLOCALE 1
| #define HAVE_PUTENV 1
| #define HAVE_SETENV 1
| #define HAVE_SNPRINTF 1
| #define HAVE_STRNLEN 1
| #define HAVE_USELOCALE 1
| #define HAVE_WCSLEN 1
| #define HAVE_WCSNLEN 1
| #define HAVE_MBRTOWC 1
| #define HAVE_WCRTOMB 1
| #define HAVE_DECL__SNPRINTF 0
| #define HAVE_DECL__SNWPRINTF 0
| #define HAVE_DECL_GETC_UNLOCKED 1
| #define HAVE_NL_LANGINFO 1
| #define HAVE_LANGINFO_CODESET 1
| #define HAVE_LC_MESSAGES 1
| #define ENABLE_NLS 1
| #define HAVE_GETTEXT 1
| #define HAVE_DCGETTEXT 1
| #define HAVE_DIRENT_H 1
| #define MAJOR_IN_SYSMACROS 1
| #define HAVE_INTTYPES_H 1
| #define HAVE_UNISTD_H 1
| #define HAVE_STDLIB_H 1
| #define HAVE_LIMITS_H 1
| #define HAVE_STRING_H 1
| #define HAVE_MEMORY_H 1
| #define HAVE_LOCALE_H 1
| #define HAVE_TERMIOS_H 1
| #define HAVE_DLFCN_H 1
| #define HAVE_STDDEF_H 1
| #define HAVE_STDINT_H 1
| #define HAVE_NETDB_H 1
| #define HAVE_PWD_H 1
| #define HAVE_GRP_H 1
| #define HAVE_STRINGS_H 1
| #define HAVE_STDCKDINT_H 1
| #define HAVE_REGEX_H 1
| #define HAVE_SYSLOG_H 1
| #define HAVE_ULIMIT_H 1
| #define HAVE_SYS_SELECT_H 1
| #define HAVE_SYS_FILE_H 1
| #define HAVE_SYS_IOCTL_H 1
| #define HAVE_SYS_MMAN_H 1
| #define HAVE_SYS_PARAM_H 1
| #define HAVE_SYS_RANDOM_H 1
| #define HAVE_SYS_SOCKET_H 1
| #define HAVE_SYS_STAT_H 1
| #define HAVE_SYS_TIME_H 1
| #define HAVE_SYS_TIMES_H 1
| #define HAVE_SYS_TYPES_H 1
| #define HAVE_SYS_WAIT_H 1
| #define HAVE_NETINET_IN_H 1
| #define HAVE_ARPA_INET_H 1
| #define HAVE_SYS_RESOURCE_H 1
| #define HAVE_ALLOCA_H 1
| #define HAVE_ALLOCA 1
| #define HAVE_CHOWN 1
| #define GETPGRP_VOID 1
| #define HAVE_STRCOLL 1
| #define HAVE_WAIT3 1
| #define HAVE_MKFIFO 1
| #define HAVE_DUP2 1
| #define HAVE_EACCESS 1
| #define HAVE_FCNTL 1
| #define HAVE_GETDTABLESIZE 1
| #define HAVE_GETENTROPY 1
| #define HAVE_GETGROUPS 1
| #define HAVE_GETHOSTNAME 1
| #define HAVE_GETPAGESIZE 1
| #define HAVE_GETPEERNAME 1
| #define HAVE_GETRANDOM 1
| #define HAVE_GETRLIMIT 1
| #define HAVE_GETRUSAGE 1
| #define HAVE_GETTIMEOFDAY 1
| #define HAVE_KILL 1
| #define HAVE_KILLPG 1
| #define HAVE_LSTAT 1
| #define HAVE_NANOSLEEP 1
| #define HAVE_PSELECT 1
| #define HAVE_READLINK 1
| #define HAVE_SELECT 1
| #define HAVE_SETITIMER 1
| #define HAVE_STATFS 1
| #define HAVE_TCGETPGRP 1
| #define HAVE_UNAME 1
| #define HAVE_ULIMIT 1
| #define HAVE_WAITPID 1
| #define HAVE_RENAME 1
| #define HAVE_BCOPY 1
| #define HAVE_BZERO 1
| #define HAVE_CLOCK_GETTIME 1
| #define HAVE_CONFSTR 1
| #define HAVE_FACCESSAT 1
| #define HAVE_FNMATCH 1
| #define HAVE_GETADDRINFO 1
| #define HAVE_GETHOSTBYNAME 1
| #define HAVE_GETSERVBYNAME 1
| #define HAVE_GETSERVENT 1
| #define HAVE_INET_ATON 1
| #define HAVE_IMAXDIV 1
| #define HAVE_MEMMOVE 1
| #define HAVE_PATHCONF 1
| #define HAVE_PUTENV 1
| #define HAVE_RAISE 1
| #define HAVE_RANDOM 1
| #define HAVE_REGCOMP 1
| #define HAVE_REGEXEC 1
| #define HAVE_SETENV 1
| #define HAVE_SETLINEBUF 1
| #define HAVE_SETLOCALE 1
| #define HAVE_SETVBUF 1
| #define HAVE_SIGINTERRUPT 1
| #define HAVE_STRCHR 1
| #define HAVE_SYSCONF 1
| #define HAVE_SYSLOG 1
| #define HAVE_TCGETATTR 1
| #define HAVE_TCGETWINSIZE 1
| #define HAVE_TCSETWINSIZE 1
| #define HAVE_TIMES 1
| #define HAVE_TTYNAME 1
| #define HAVE_TZSET 1
| #define HAVE_UNSETENV 1
| #define HAVE_VASPRINTF 1
| #define HAVE_ASPRINTF 1
| #define HAVE_ISASCII 1
| #define HAVE_ISBLANK 1
| #define HAVE_ISGRAPH 1
| #define HAVE_ISPRINT 1
| #define HAVE_ISSPACE 1
| #define HAVE_ISXDIGIT 1
| #define HAVE_GETPWENT 1
| #define HAVE_GETPWNAM 1
| #define HAVE_GETPWUID 1
| #define HAVE_MKSTEMP 1
| #define HAVE_MKDTEMP 1
| #define HAVE_STRLCAT 1
| #define HAVE_MEMFD_CREATE 1
| #define HAVE_SHM_OPEN 1
| #define HAVE_GETCWD 1
| #define HAVE_MEMSET 1
| #define HAVE_STRCASECMP 1
| #define HAVE_STRCASESTR 1
| #define HAVE_STRERROR 1
| #define HAVE_STRFTIME 1
| #define HAVE_STRNLEN 1
| #define HAVE_STRPBRK 1
| #define HAVE_STRSTR 1
| #define HAVE_STRTOD 1
| #define HAVE_STRTOL 1
| #define HAVE_STRTOUL 1
| #define HAVE_STRTOLL 1
| #define HAVE_STRTOULL 1
| #define HAVE_STRTOUMAX 1
| #define HAVE_DPRINTF 1
| #define HAVE_STRDUP 1
| #define HAVE_STRLCPY 1
| #define HAVE_REALLOCARRAY 1
| #define HAVE_DECL_AUDIT_USER_TTY 1
| #define HAVE_DECL_CONFSTR 1
| #define HAVE_DECL_PRINTF 1
| #define HAVE_DECL_BRK 1
| #define HAVE_DECL_SBRK 1
| #define HAVE_DECL_SETREGID 1
| #define HAVE_DECL_STRCPY 1
| #define HAVE_DECL_STRSIGNAL 1
| #define HAVE_SETRESUID 1
| #define HAVE_SETRESGID 1
| #define HAVE_DECL_STRTOLD 1
| #define HAVE_DECL_STRTOL 1
| #define HAVE_DECL_STRTOLL 1
| #define HAVE_DECL_STRTOUL 1
| #define HAVE_DECL_STRTOULL 1
| #define HAVE_DECL_STRTOUMAX 1
| #define HAVE_ERRNO_H 1
| #define HAVE_FCNTL_H 1
| #define HAVE_MALLOC_H 1
| #define HAVE_STDIO_EXT_H 1
| #define HAVE_MALLOC 1
| #define HAVE_MMAP 1
| #define HAVE_DCGETTEXT 1
| #define HAVE_MEMPCPY 1
| #define HAVE_MUNMAP 1
| #define HAVE_MREMAP 1
| #define HAVE_STPCPY 1
| #define HAVE_STRCSPN 1
| #define HAVE_WCTYPE_H 1
| #define HAVE_WCHAR_H 1
| #define HAVE_LANGINFO_H 1
| #define HAVE_MBRLEN 1
| /* end confdefs.h.  */
| /* Define mbscasecmp to an innocuous variant, in case <limits.h> declares mbscasecmp.
|    For example, HP-UX 11i <limits.h> declares gettimeofday.  */
| #define mbscasecmp innocuous_mbscasecmp
| 
| /* System header to define __stub macros and hopefully few prototypes,
|    which can conflict with char mbscasecmp (void); below.  */
| 
| #include <limits.h>
| #undef mbscasecmp
| 
| /* Override any GCC internal prototype to avoid an error.
|    Use char because int might match the return type of a GCC
|    builtin and then its argument prototype would still apply.  */
| #ifdef __cplusplus
| extern "C"
| #endif
| char mbscasecmp (void);
| /* The GNU C library defines this for functions which it implements
|     to always fail with ENOSYS.  Some functions are actually named
|     something starting with __ and the normal name is an alias.  */
| #if defined __stub_mbscasecmp || defined __stub___mbscasecmp
| choke me
| #endif
| 
| int
| main (void)
| {
| return mbscasecmp ();
|   ;
|   return 0;
| }
configure:17117: result: no
configure:17124: checking for mbscmp
configure:17124: x86_64-unknown-linux-musl-gcc -o conftest -g -O2 -I/home/samson/Projects/clojv3/./store/musl-1.2.6/include -B/home/samson/Projects/clojv3/./store/musl-1.2.6/lib -L/home/samson/Projects/clojv3/./store/musl-1.2.6/lib -Wl,-rpath,/home/samson/Projects/clojv3/./store/musl-1.2.6/lib -Wl,-dynamic-linker,/home/samson/Projects/clojv3/./store/musl-1.2.6/lib/libc.so conftest.c  >&5
/nix/store/60lv8wlcr99wv4ck3sk9fzcbb4jbk2n6-x86_64-unknown-linux-musl-binutils-2.46/bin/x86_64-unknown-linux-musl-ld.bfd: /tmp/ccOsltLT.o: in function `main':
/home/samson/Projects/clojv3/store/tmp/sh-5.3/bash-5.3/conftest.c:354:(.text.startup+0x5): undefined reference to `mbscmp'
collect2: error: ld returned 1 exit status
configure:17124: $? = 1
configure: failed program was:
| /* confdefs.h */
| #define PACKAGE_NAME "bash"
| #define PACKAGE_TARNAME "bash"
| #define PACKAGE_VERSION "5.3-release"
| #define PACKAGE_STRING "bash 5.3-release"
| #define PACKAGE_BUGREPORT "bug-bash@gnu.org"
| #define PACKAGE_URL ""
| #define ALIAS 1
| #define PUSHD_AND_POPD 1
| #define RESTRICTED_SHELL 1
| #define PROCESS_SUBSTITUTION 1
| #define PROMPT_STRING_DECODE 1
| #define SELECT_COMMAND 1
| #define HELP_BUILTIN 1
| #define ARRAY_VARS 1
| #define DPAREN_ARITHMETIC 1
| #define BRACE_EXPANSION 1
| #define COMMAND_TIMING 1
| #define EXTENDED_GLOB 1
| #define EXTGLOB_DEFAULT 0
| #define COND_COMMAND 1
| #define COND_REGEXP 1
| #define COPROCESS_SUPPORT 1
| #define ARITH_FOR_COMMAND 1
| #define NETWORK_REDIRECTIONS 1
| #define PROGRAMMABLE_COMPLETION 1
| #define DEBUGGER 1
| #define CASEMOD_ATTRS 1
| #define CASEMOD_EXPANSIONS 1
| #define GLOBASCII_DEFAULT 1
| #define FUNCTION_IMPORT 1
| #define TRANSLATABLE_STRINGS 1
| #define BASH_SOURCE_FULLPATH_DEFAULT 0
| #define MEMSCRAMBLE 1
| #define HAVE_STDIO_H 1
| #define HAVE_STDLIB_H 1
| #define HAVE_STRING_H 1
| #define HAVE_INTTYPES_H 1
| #define HAVE_STDINT_H 1
| #define HAVE_STRINGS_H 1
| #define HAVE_SYS_STAT_H 1
| #define HAVE_SYS_TYPES_H 1
| #define HAVE_UNISTD_H 1
| #define HAVE_WCHAR_H 1
| #define HAVE_STDBOOL_H 1
| #define HAVE_SYS_PARAM_H 1
| #define HAVE_THREADS_H 1
| #define HAVE_SYS_TIME_H 1
| #define STDC_HEADERS 1
| #define _ALL_SOURCE 1
| #define _DARWIN_C_SOURCE 1
| #define _GNU_SOURCE 1
| #define _HPUX_ALT_XOPEN_SOCKET_API 1
| #define _NETBSD_SOURCE 1
| #define _OPENBSD_SOURCE 1
| #define _POSIX_PTHREAD_SEMANTICS 1
| #define __STDC_WANT_IEC_60559_ATTRIBS_EXT__ 1
| #define __STDC_WANT_IEC_60559_BFP_EXT__ 1
| #define __STDC_WANT_IEC_60559_DFP_EXT__ 1
| #define __STDC_WANT_IEC_60559_EXT__ 1
| #define __STDC_WANT_IEC_60559_FUNCS_EXT__ 1
| #define __STDC_WANT_IEC_60559_TYPES_EXT__ 1
| #define __STDC_WANT_LIB_EXT2__ 1
| #define __STDC_WANT_MATH_SPEC_FUNCS__ 1
| #define _TANDEM_SOURCE 1
| #define __EXTENSIONS__ 1
| #define READLINE 1
| #define HISTORY 1
| #define BANG_HISTORY 1
| #define HAVE_STRINGIZE 1
| #define HAVE_LONG_DOUBLE 1
| #define restrict __restrict__
| #define HAVE_C_BOOL 1
| #define HAVE_VISIBILITY 1
| #define HAVE_STDINT_H_WITH_UINTMAX 1
| #define HAVE_ALLOCA_H 1
| #define HAVE_ALLOCA 1
| #define HAVE_GETPAGESIZE 1
| #define HAVE_SYMLINK 1
| #define HAVE_USELOCALE 1
| #define HAVE_VPRINTF 1
| #define HAVE_ALARM 1
| #define HAVE_FPURGE 1
| #define HAVE___FPURGE 1
| #define HAVE_SNPRINTF 1
| #define HAVE_VSNPRINTF 1
| #define HAVE_MMAP 1
| #define INTDIV0_RAISES_SIGFPE 1
| #define HAVE_INTTYPES_H_WITH_UINTMAX 1
| #define HAVE_UNSIGNED_LONG_LONG_INT 1
| #define HAVE_UINTMAX_T 1
| #define HAVE_WEAK_SYMBOLS 1
| #define HAVE_PTHREAD_API 1
| #define USE_POSIX_THREADS 1
| #define USE_POSIX_THREADS_WEAK 1
| #define HAVE_PTHREAD_RWLOCK 1
| #define HAVE_PTHREAD_MUTEX_RECURSIVE 1
| #define HAVE_ICONV 1
| #define ICONV_CONST 
| #define HAVE_BUILTIN_EXPECT 1
| #define HAVE_INTTYPES_H 1
| #define HAVE_UNISTD_H 1
| #define HAVE_SYS_PARAM_H 1
| #define HAVE_GETCWD 1
| #define HAVE_GETEGID 1
| #define HAVE_GETEUID 1
| #define HAVE_GETGID 1
| #define HAVE_GETUID 1
| #define HAVE_MEMPCPY 1
| #define HAVE_MUNMAP 1
| #define HAVE_STPCPY 1
| #define HAVE_STRCASECMP 1
| #define HAVE_TSEARCH 1
| #define HAVE___FSETLOCKING 1
| #define HAVE_DECL_FEOF_UNLOCKED 1
| #define HAVE_DECL_FGETS_UNLOCKED 1
| #define HAVE_LOCALECONV 1
| #define HAVE_LONG_LONG_INT 1
| #define HAVE_WCHAR_T 1
| #define HAVE_WINT_T 1
| #define HAVE_INTMAX_T 1
| #define HAVE_POSIX_PRINTF 1
| #define HAVE_STDINT_H 1
| #define HAVE_STDINT_H 1
| #define HAVE_WORKING_O_NOATIME 0
| #define HAVE_WORKING_O_NOFOLLOW 0
| #define HAVE_WORKING_USELOCALE 1
| #define HAVE_GOOD_USELOCALE 1
| #define FLEXIBLE_ARRAY_MEMBER /**/
| #define HAVE_FEATURES_H 1
| #define HAVE_STDDEF_H 1
| #define HAVE_STDLIB_H 1
| #define HAVE_STRING_H 1
| #define HAVE_ASPRINTF 1
| #define HAVE_WPRINTF 1
| #define HAVE_NEWLOCALE 1
| #define HAVE_PUTENV 1
| #define HAVE_SETENV 1
| #define HAVE_SNPRINTF 1
| #define HAVE_STRNLEN 1
| #define HAVE_USELOCALE 1
| #define HAVE_WCSLEN 1
| #define HAVE_WCSNLEN 1
| #define HAVE_MBRTOWC 1
| #define HAVE_WCRTOMB 1
| #define HAVE_DECL__SNPRINTF 0
| #define HAVE_DECL__SNWPRINTF 0
| #define HAVE_DECL_GETC_UNLOCKED 1
| #define HAVE_NL_LANGINFO 1
| #define HAVE_LANGINFO_CODESET 1
| #define HAVE_LC_MESSAGES 1
| #define ENABLE_NLS 1
| #define HAVE_GETTEXT 1
| #define HAVE_DCGETTEXT 1
| #define HAVE_DIRENT_H 1
| #define MAJOR_IN_SYSMACROS 1
| #define HAVE_INTTYPES_H 1
| #define HAVE_UNISTD_H 1
| #define HAVE_STDLIB_H 1
| #define HAVE_LIMITS_H 1
| #define HAVE_STRING_H 1
| #define HAVE_MEMORY_H 1
| #define HAVE_LOCALE_H 1
| #define HAVE_TERMIOS_H 1
| #define HAVE_DLFCN_H 1
| #define HAVE_STDDEF_H 1
| #define HAVE_STDINT_H 1
| #define HAVE_NETDB_H 1
| #define HAVE_PWD_H 1
| #define HAVE_GRP_H 1
| #define HAVE_STRINGS_H 1
| #define HAVE_STDCKDINT_H 1
| #define HAVE_REGEX_H 1
| #define HAVE_SYSLOG_H 1
| #define HAVE_ULIMIT_H 1
| #define HAVE_SYS_SELECT_H 1
| #define HAVE_SYS_FILE_H 1
| #define HAVE_SYS_IOCTL_H 1
| #define HAVE_SYS_MMAN_H 1
| #define HAVE_SYS_PARAM_H 1
| #define HAVE_SYS_RANDOM_H 1
| #define HAVE_SYS_SOCKET_H 1
| #define HAVE_SYS_STAT_H 1
| #define HAVE_SYS_TIME_H 1
| #define HAVE_SYS_TIMES_H 1
| #define HAVE_SYS_TYPES_H 1
| #define HAVE_SYS_WAIT_H 1
| #define HAVE_NETINET_IN_H 1
| #define HAVE_ARPA_INET_H 1
| #define HAVE_SYS_RESOURCE_H 1
| #define HAVE_ALLOCA_H 1
| #define HAVE_ALLOCA 1
| #define HAVE_CHOWN 1
| #define GETPGRP_VOID 1
| #define HAVE_STRCOLL 1
| #define HAVE_WAIT3 1
| #define HAVE_MKFIFO 1
| #define HAVE_DUP2 1
| #define HAVE_EACCESS 1
| #define HAVE_FCNTL 1
| #define HAVE_GETDTABLESIZE 1
| #define HAVE_GETENTROPY 1
| #define HAVE_GETGROUPS 1
| #define HAVE_GETHOSTNAME 1
| #define HAVE_GETPAGESIZE 1
| #define HAVE_GETPEERNAME 1
| #define HAVE_GETRANDOM 1
| #define HAVE_GETRLIMIT 1
| #define HAVE_GETRUSAGE 1
| #define HAVE_GETTIMEOFDAY 1
| #define HAVE_KILL 1
| #define HAVE_KILLPG 1
| #define HAVE_LSTAT 1
| #define HAVE_NANOSLEEP 1
| #define HAVE_PSELECT 1
| #define HAVE_READLINK 1
| #define HAVE_SELECT 1
| #define HAVE_SETITIMER 1
| #define HAVE_STATFS 1
| #define HAVE_TCGETPGRP 1
| #define HAVE_UNAME 1
| #define HAVE_ULIMIT 1
| #define HAVE_WAITPID 1
| #define HAVE_RENAME 1
| #define HAVE_BCOPY 1
| #define HAVE_BZERO 1
| #define HAVE_CLOCK_GETTIME 1
| #define HAVE_CONFSTR 1
| #define HAVE_FACCESSAT 1
| #define HAVE_FNMATCH 1
| #define HAVE_GETADDRINFO 1
| #define HAVE_GETHOSTBYNAME 1
| #define HAVE_GETSERVBYNAME 1
| #define HAVE_GETSERVENT 1
| #define HAVE_INET_ATON 1
| #define HAVE_IMAXDIV 1
| #define HAVE_MEMMOVE 1
| #define HAVE_PATHCONF 1
| #define HAVE_PUTENV 1
| #define HAVE_RAISE 1
| #define HAVE_RANDOM 1
| #define HAVE_REGCOMP 1
| #define HAVE_REGEXEC 1
| #define HAVE_SETENV 1
| #define HAVE_SETLINEBUF 1
| #define HAVE_SETLOCALE 1
| #define HAVE_SETVBUF 1
| #define HAVE_SIGINTERRUPT 1
| #define HAVE_STRCHR 1
| #define HAVE_SYSCONF 1
| #define HAVE_SYSLOG 1
| #define HAVE_TCGETATTR 1
| #define HAVE_TCGETWINSIZE 1
| #define HAVE_TCSETWINSIZE 1
| #define HAVE_TIMES 1
| #define HAVE_TTYNAME 1
| #define HAVE_TZSET 1
| #define HAVE_UNSETENV 1
| #define HAVE_VASPRINTF 1
| #define HAVE_ASPRINTF 1
| #define HAVE_ISASCII 1
| #define HAVE_ISBLANK 1
| #define HAVE_ISGRAPH 1
| #define HAVE_ISPRINT 1
| #define HAVE_ISSPACE 1
| #define HAVE_ISXDIGIT 1
| #define HAVE_GETPWENT 1
| #define HAVE_GETPWNAM 1
| #define HAVE_GETPWUID 1
| #define HAVE_MKSTEMP 1
| #define HAVE_MKDTEMP 1
| #define HAVE_STRLCAT 1
| #define HAVE_MEMFD_CREATE 1
| #define HAVE_SHM_OPEN 1
| #define HAVE_GETCWD 1
| #define HAVE_MEMSET 1
| #define HAVE_STRCASECMP 1
| #define HAVE_STRCASESTR 1
| #define HAVE_STRERROR 1
| #define HAVE_STRFTIME 1
| #define HAVE_STRNLEN 1
| #define HAVE_STRPBRK 1
| #define HAVE_STRSTR 1
| #define HAVE_STRTOD 1
| #define HAVE_STRTOL 1
| #define HAVE_STRTOUL 1
| #define HAVE_STRTOLL 1
| #define HAVE_STRTOULL 1
| #define HAVE_STRTOUMAX 1
| #define HAVE_DPRINTF 1
| #define HAVE_STRDUP 1
| #define HAVE_STRLCPY 1
| #define HAVE_REALLOCARRAY 1
| #define HAVE_DECL_AUDIT_USER_TTY 1
| #define HAVE_DECL_CONFSTR 1
| #define HAVE_DECL_PRINTF 1
| #define HAVE_DECL_BRK 1
| #define HAVE_DECL_SBRK 1
| #define HAVE_DECL_SETREGID 1
| #define HAVE_DECL_STRCPY 1
| #define HAVE_DECL_STRSIGNAL 1
| #define HAVE_SETRESUID 1
| #define HAVE_SETRESGID 1
| #define HAVE_DECL_STRTOLD 1
| #define HAVE_DECL_STRTOL 1
| #define HAVE_DECL_STRTOLL 1
| #define HAVE_DECL_STRTOUL 1
| #define HAVE_DECL_STRTOULL 1
| #define HAVE_DECL_STRTOUMAX 1
| #define HAVE_ERRNO_H 1
| #define HAVE_FCNTL_H 1
| #define HAVE_MALLOC_H 1
| #define HAVE_STDIO_EXT_H 1
| #define HAVE_MALLOC 1
| #define HAVE_MMAP 1
| #define HAVE_DCGETTEXT 1
| #define HAVE_MEMPCPY 1
| #define HAVE_MUNMAP 1
| #define HAVE_MREMAP 1
| #define HAVE_STPCPY 1
| #define HAVE_STRCSPN 1
| #define HAVE_WCTYPE_H 1
| #define HAVE_WCHAR_H 1
| #define HAVE_LANGINFO_H 1
| #define HAVE_MBRLEN 1
| /* end confdefs.h.  */
| /* Define mbscmp to an innocuous variant, in case <limits.h> declares mbscmp.
|    For example, HP-UX 11i <limits.h> declares gettimeofday.  */
| #define mbscmp innocuous_mbscmp
| 
| /* System header to define __stub macros and hopefully few prototypes,
|    which can conflict with char mbscmp (void); below.  */
| 
| #include <limits.h>
| #undef mbscmp
| 
| /* Override any GCC internal prototype to avoid an error.
|    Use char because int might match the return type of a GCC
|    builtin and then its argument prototype would still apply.  */
| #ifdef __cplusplus
| extern "C"
| #endif
| char mbscmp (void);
| /* The GNU C library defines this for functions which it implements
|     to always fail with ENOSYS.  Some functions are actually named
|     something starting with __ and the normal name is an alias.  */
| #if defined __stub_mbscmp || defined __stub___mbscmp
| choke me
| #endif
| 
| int
| main (void)
| {
| return mbscmp ();
|   ;
|   return 0;
| }
configure:17124: result: no
configure:17131: checking for mbsncmp
configure:17131: x86_64-unknown-linux-musl-gcc -o conftest -g -O2 -I/home/samson/Projects/clojv3/./store/musl-1.2.6/include -B/home/samson/Projects/clojv3/./store/musl-1.2.6/lib -L/home/samson/Projects/clojv3/./store/musl-1.2.6/lib -Wl,-rpath,/home/samson/Projects/clojv3/./store/musl-1.2.6/lib -Wl,-dynamic-linker,/home/samson/Projects/clojv3/./store/musl-1.2.6/lib/libc.so conftest.c  >&5
/nix/store/60lv8wlcr99wv4ck3sk9fzcbb4jbk2n6-x86_64-unknown-linux-musl-binutils-2.46/bin/x86_64-unknown-linux-musl-ld.bfd: /tmp/cc28QspF.o: in function `main':
/home/samson/Projects/clojv3/store/tmp/sh-5.3/bash-5.3/conftest.c:354:(.text.startup+0x5): undefined reference to `mbsncmp'
collect2: error: ld returned 1 exit status
configure:17131: $? = 1
configure: failed program was:
| /* confdefs.h */
| #define PACKAGE_NAME "bash"
| #define PACKAGE_TARNAME "bash"
| #define PACKAGE_VERSION "5.3-release"
| #define PACKAGE_STRING "bash 5.3-release"
| #define PACKAGE_BUGREPORT "bug-bash@gnu.org"
| #define PACKAGE_URL ""
| #define ALIAS 1
| #define PUSHD_AND_POPD 1
| #define RESTRICTED_SHELL 1
| #define PROCESS_SUBSTITUTION 1
| #define PROMPT_STRING_DECODE 1
| #define SELECT_COMMAND 1
| #define HELP_BUILTIN 1
| #define ARRAY_VARS 1
| #define DPAREN_ARITHMETIC 1
| #define BRACE_EXPANSION 1
| #define COMMAND_TIMING 1
| #define EXTENDED_GLOB 1
| #define EXTGLOB_DEFAULT 0
| #define COND_COMMAND 1
| #define COND_REGEXP 1
| #define COPROCESS_SUPPORT 1
| #define ARITH_FOR_COMMAND 1
| #define NETWORK_REDIRECTIONS 1
| #define PROGRAMMABLE_COMPLETION 1
| #define DEBUGGER 1
| #define CASEMOD_ATTRS 1
| #define CASEMOD_EXPANSIONS 1
| #define GLOBASCII_DEFAULT 1
| #define FUNCTION_IMPORT 1
| #define TRANSLATABLE_STRINGS 1
| #define BASH_SOURCE_FULLPATH_DEFAULT 0
| #define MEMSCRAMBLE 1
| #define HAVE_STDIO_H 1
| #define HAVE_STDLIB_H 1
| #define HAVE_STRING_H 1
| #define HAVE_INTTYPES_H 1
| #define HAVE_STDINT_H 1
| #define HAVE_STRINGS_H 1
| #define HAVE_SYS_STAT_H 1
| #define HAVE_SYS_TYPES_H 1
| #define HAVE_UNISTD_H 1
| #define HAVE_WCHAR_H 1
| #define HAVE_STDBOOL_H 1
| #define HAVE_SYS_PARAM_H 1
| #define HAVE_THREADS_H 1
| #define HAVE_SYS_TIME_H 1
| #define STDC_HEADERS 1
| #define _ALL_SOURCE 1
| #define _DARWIN_C_SOURCE 1
| #define _GNU_SOURCE 1
| #define _HPUX_ALT_XOPEN_SOCKET_API 1
| #define _NETBSD_SOURCE 1
| #define _OPENBSD_SOURCE 1
| #define _POSIX_PTHREAD_SEMANTICS 1
| #define __STDC_WANT_IEC_60559_ATTRIBS_EXT__ 1
| #define __STDC_WANT_IEC_60559_BFP_EXT__ 1
| #define __STDC_WANT_IEC_60559_DFP_EXT__ 1
| #define __STDC_WANT_IEC_60559_EXT__ 1
| #define __STDC_WANT_IEC_60559_FUNCS_EXT__ 1
| #define __STDC_WANT_IEC_60559_TYPES_EXT__ 1
| #define __STDC_WANT_LIB_EXT2__ 1
| #define __STDC_WANT_MATH_SPEC_FUNCS__ 1
| #define _TANDEM_SOURCE 1
| #define __EXTENSIONS__ 1
| #define READLINE 1
| #define HISTORY 1
| #define BANG_HISTORY 1
| #define HAVE_STRINGIZE 1
| #define HAVE_LONG_DOUBLE 1
| #define restrict __restrict__
| #define HAVE_C_BOOL 1
| #define HAVE_VISIBILITY 1
| #define HAVE_STDINT_H_WITH_UINTMAX 1
| #define HAVE_ALLOCA_H 1
| #define HAVE_ALLOCA 1
| #define HAVE_GETPAGESIZE 1
| #define HAVE_SYMLINK 1
| #define HAVE_USELOCALE 1
| #define HAVE_VPRINTF 1
| #define HAVE_ALARM 1
| #define HAVE_FPURGE 1
| #define HAVE___FPURGE 1
| #define HAVE_SNPRINTF 1
| #define HAVE_VSNPRINTF 1
| #define HAVE_MMAP 1
| #define INTDIV0_RAISES_SIGFPE 1
| #define HAVE_INTTYPES_H_WITH_UINTMAX 1
| #define HAVE_UNSIGNED_LONG_LONG_INT 1
| #define HAVE_UINTMAX_T 1
| #define HAVE_WEAK_SYMBOLS 1
| #define HAVE_PTHREAD_API 1
| #define USE_POSIX_THREADS 1
| #define USE_POSIX_THREADS_WEAK 1
| #define HAVE_PTHREAD_RWLOCK 1
| #define HAVE_PTHREAD_MUTEX_RECURSIVE 1
| #define HAVE_ICONV 1
| #define ICONV_CONST 
| #define HAVE_BUILTIN_EXPECT 1
| #define HAVE_INTTYPES_H 1
| #define HAVE_UNISTD_H 1
| #define HAVE_SYS_PARAM_H 1
| #define HAVE_GETCWD 1
| #define HAVE_GETEGID 1
| #define HAVE_GETEUID 1
| #define HAVE_GETGID 1
| #define HAVE_GETUID 1
| #define HAVE_MEMPCPY 1
| #define HAVE_MUNMAP 1
| #define HAVE_STPCPY 1
| #define HAVE_STRCASECMP 1
| #define HAVE_TSEARCH 1
| #define HAVE___FSETLOCKING 1
| #define HAVE_DECL_FEOF_UNLOCKED 1
| #define HAVE_DECL_FGETS_UNLOCKED 1
| #define HAVE_LOCALECONV 1
| #define HAVE_LONG_LONG_INT 1
| #define HAVE_WCHAR_T 1
| #define HAVE_WINT_T 1
| #define HAVE_INTMAX_T 1
| #define HAVE_POSIX_PRINTF 1
| #define HAVE_STDINT_H 1
| #define HAVE_STDINT_H 1
| #define HAVE_WORKING_O_NOATIME 0
| #define HAVE_WORKING_O_NOFOLLOW 0
| #define HAVE_WORKING_USELOCALE 1
| #define HAVE_GOOD_USELOCALE 1
| #define FLEXIBLE_ARRAY_MEMBER /**/
| #define HAVE_FEATURES_H 1
| #define HAVE_STDDEF_H 1
| #define HAVE_STDLIB_H 1
| #define HAVE_STRING_H 1
| #define HAVE_ASPRINTF 1
| #define HAVE_WPRINTF 1
| #define HAVE_NEWLOCALE 1
| #define HAVE_PUTENV 1
| #define HAVE_SETENV 1
| #define HAVE_SNPRINTF 1
| #define HAVE_STRNLEN 1
| #define HAVE_USELOCALE 1
| #define HAVE_WCSLEN 1
| #define HAVE_WCSNLEN 1
| #define HAVE_MBRTOWC 1
| #define HAVE_WCRTOMB 1
| #define HAVE_DECL__SNPRINTF 0
| #define HAVE_DECL__SNWPRINTF 0
| #define HAVE_DECL_GETC_UNLOCKED 1
| #define HAVE_NL_LANGINFO 1
| #define HAVE_LANGINFO_CODESET 1
| #define HAVE_LC_MESSAGES 1
| #define ENABLE_NLS 1
| #define HAVE_GETTEXT 1
| #define HAVE_DCGETTEXT 1
| #define HAVE_DIRENT_H 1
| #define MAJOR_IN_SYSMACROS 1
| #define HAVE_INTTYPES_H 1
| #define HAVE_UNISTD_H 1
| #define HAVE_STDLIB_H 1
| #define HAVE_LIMITS_H 1
| #define HAVE_STRING_H 1
| #define HAVE_MEMORY_H 1
| #define HAVE_LOCALE_H 1
| #define HAVE_TERMIOS_H 1
| #define HAVE_DLFCN_H 1
| #define HAVE_STDDEF_H 1
| #define HAVE_STDINT_H 1
| #define HAVE_NETDB_H 1
| #define HAVE_PWD_H 1
| #define HAVE_GRP_H 1
| #define HAVE_STRINGS_H 1
| #define HAVE_STDCKDINT_H 1
| #define HAVE_REGEX_H 1
| #define HAVE_SYSLOG_H 1
| #define HAVE_ULIMIT_H 1
| #define HAVE_SYS_SELECT_H 1
| #define HAVE_SYS_FILE_H 1
| #define HAVE_SYS_IOCTL_H 1
| #define HAVE_SYS_MMAN_H 1
| #define HAVE_SYS_PARAM_H 1
| #define HAVE_SYS_RANDOM_H 1
| #define HAVE_SYS_SOCKET_H 1
| #define HAVE_SYS_STAT_H 1
| #define HAVE_SYS_TIME_H 1
| #define HAVE_SYS_TIMES_H 1
| #define HAVE_SYS_TYPES_H 1
| #define HAVE_SYS_WAIT_H 1
| #define HAVE_NETINET_IN_H 1
| #define HAVE_ARPA_INET_H 1
| #define HAVE_SYS_RESOURCE_H 1
| #define HAVE_ALLOCA_H 1
| #define HAVE_ALLOCA 1
| #define HAVE_CHOWN 1
| #define GETPGRP_VOID 1
| #define HAVE_STRCOLL 1
| #define HAVE_WAIT3 1
| #define HAVE_MKFIFO 1
| #define HAVE_DUP2 1
| #define HAVE_EACCESS 1
| #define HAVE_FCNTL 1
| #define HAVE_GETDTABLESIZE 1
| #define HAVE_GETENTROPY 1
| #define HAVE_GETGROUPS 1
| #define HAVE_GETHOSTNAME 1
| #define HAVE_GETPAGESIZE 1
| #define HAVE_GETPEERNAME 1
| #define HAVE_GETRANDOM 1
| #define HAVE_GETRLIMIT 1
| #define HAVE_GETRUSAGE 1
| #define HAVE_GETTIMEOFDAY 1
| #define HAVE_KILL 1
| #define HAVE_KILLPG 1
| #define HAVE_LSTAT 1
| #define HAVE_NANOSLEEP 1
| #define HAVE_PSELECT 1
| #define HAVE_READLINK 1
| #define HAVE_SELECT 1
| #define HAVE_SETITIMER 1
| #define HAVE_STATFS 1
| #define HAVE_TCGETPGRP 1
| #define HAVE_UNAME 1
| #define HAVE_ULIMIT 1
| #define HAVE_WAITPID 1
| #define HAVE_RENAME 1
| #define HAVE_BCOPY 1
| #define HAVE_BZERO 1
| #define HAVE_CLOCK_GETTIME 1
| #define HAVE_CONFSTR 1
| #define HAVE_FACCESSAT 1
| #define HAVE_FNMATCH 1
| #define HAVE_GETADDRINFO 1
| #define HAVE_GETHOSTBYNAME 1
| #define HAVE_GETSERVBYNAME 1
| #define HAVE_GETSERVENT 1
| #define HAVE_INET_ATON 1
| #define HAVE_IMAXDIV 1
| #define HAVE_MEMMOVE 1
| #define HAVE_PATHCONF 1
| #define HAVE_PUTENV 1
| #define HAVE_RAISE 1
| #define HAVE_RANDOM 1
| #define HAVE_REGCOMP 1
| #define HAVE_REGEXEC 1
| #define HAVE_SETENV 1
| #define HAVE_SETLINEBUF 1
| #define HAVE_SETLOCALE 1
| #define HAVE_SETVBUF 1
| #define HAVE_SIGINTERRUPT 1
| #define HAVE_STRCHR 1
| #define HAVE_SYSCONF 1
| #define HAVE_SYSLOG 1
| #define HAVE_TCGETATTR 1
| #define HAVE_TCGETWINSIZE 1
| #define HAVE_TCSETWINSIZE 1
| #define HAVE_TIMES 1
| #define HAVE_TTYNAME 1
| #define HAVE_TZSET 1
| #define HAVE_UNSETENV 1
| #define HAVE_VASPRINTF 1
| #define HAVE_ASPRINTF 1
| #define HAVE_ISASCII 1
| #define HAVE_ISBLANK 1
| #define HAVE_ISGRAPH 1
| #define HAVE_ISPRINT 1
| #define HAVE_ISSPACE 1
| #define HAVE_ISXDIGIT 1
| #define HAVE_GETPWENT 1
| #define HAVE_GETPWNAM 1
| #define HAVE_GETPWUID 1
| #define HAVE_MKSTEMP 1
| #define HAVE_MKDTEMP 1
| #define HAVE_STRLCAT 1
| #define HAVE_MEMFD_CREATE 1
| #define HAVE_SHM_OPEN 1
| #define HAVE_GETCWD 1
| #define HAVE_MEMSET 1
| #define HAVE_STRCASECMP 1
| #define HAVE_STRCASESTR 1
| #define HAVE_STRERROR 1
| #define HAVE_STRFTIME 1
| #define HAVE_STRNLEN 1
| #define HAVE_STRPBRK 1
| #define HAVE_STRSTR 1
| #define HAVE_STRTOD 1
| #define HAVE_STRTOL 1
| #define HAVE_STRTOUL 1
| #define HAVE_STRTOLL 1
| #define HAVE_STRTOULL 1
| #define HAVE_STRTOUMAX 1
| #define HAVE_DPRINTF 1
| #define HAVE_STRDUP 1
| #define HAVE_STRLCPY 1
| #define HAVE_REALLOCARRAY 1
| #define HAVE_DECL_AUDIT_USER_TTY 1
| #define HAVE_DECL_CONFSTR 1
| #define HAVE_DECL_PRINTF 1
| #define HAVE_DECL_BRK 1
| #define HAVE_DECL_SBRK 1
| #define HAVE_DECL_SETREGID 1
| #define HAVE_DECL_STRCPY 1
| #define HAVE_DECL_STRSIGNAL 1
| #define HAVE_SETRESUID 1
| #define HAVE_SETRESGID 1
| #define HAVE_DECL_STRTOLD 1
| #define HAVE_DECL_STRTOL 1
| #define HAVE_DECL_STRTOLL 1
| #define HAVE_DECL_STRTOUL 1
| #define HAVE_DECL_STRTOULL 1
| #define HAVE_DECL_STRTOUMAX 1
| #define HAVE_ERRNO_H 1
| #define HAVE_FCNTL_H 1
| #define HAVE_MALLOC_H 1
| #define HAVE_STDIO_EXT_H 1
| #define HAVE_MALLOC 1
| #define HAVE_MMAP 1
| #define HAVE_DCGETTEXT 1
| #define HAVE_MEMPCPY 1
| #define HAVE_MUNMAP 1
| #define HAVE_MREMAP 1
| #define HAVE_STPCPY 1
| #define HAVE_STRCSPN 1
| #define HAVE_WCTYPE_H 1
| #define HAVE_WCHAR_H 1
| #define HAVE_LANGINFO_H 1
| #define HAVE_MBRLEN 1
| /* end confdefs.h.  */
| /* Define mbsncmp to an innocuous variant, in case <limits.h> declares mbsncmp.
|    For example, HP-UX 11i <limits.h> declares gettimeofday.  */
| #define mbsncmp innocuous_mbsncmp
| 
| /* System header to define __stub macros and hopefully few prototypes,
|    which can conflict with char mbsncmp (void); below.  */
| 
| #include <limits.h>
| #undef mbsncmp
| 
| /* Override any GCC internal prototype to avoid an error.
|    Use char because int might match the return type of a GCC
|    builtin and then its argument prototype would still apply.  */
| #ifdef __cplusplus
| extern "C"
| #endif
| char mbsncmp (void);
| /* The GNU C library defines this for functions which it implements
|     to always fail with ENOSYS.  Some functions are actually named
|     something starting with __ and the normal name is an alias.  */
| #if defined __stub_mbsncmp || defined __stub___mbsncmp
| choke me
| #endif
| 
| int
| main (void)
| {
| return mbsncmp ();
|   ;
|   return 0;
| }
configure:17131: result: no
configure:17138: checking for mbsnrtowcs
configure:17138: x86_64-unknown-linux-musl-gcc -o conftest -g -O2 -I/home/samson/Projects/clojv3/./store/musl-1.2.6/include -B/home/samson/Projects/clojv3/./store/musl-1.2.6/lib -L/home/samson/Projects/clojv3/./store/musl-1.2.6/lib -Wl,-rpath,/home/samson/Projects/clojv3/./store/musl-1.2.6/lib -Wl,-dynamic-linker,/home/samson/Projects/clojv3/./store/musl-1.2.6/lib/libc.so conftest.c  >&5
configure:17138: $? = 0
configure:17138: result: yes
configure:17145: checking for mbsrtowcs
configure:17145: x86_64-unknown-linux-musl-gcc -o conftest -g -O2 -I/home/samson/Projects/clojv3/./store/musl-1.2.6/include -B/home/samson/Projects/clojv3/./store/musl-1.2.6/lib -L/home/samson/Projects/clojv3/./store/musl-1.2.6/lib -Wl,-rpath,/home/samson/Projects/clojv3/./store/musl-1.2.6/lib -Wl,-dynamic-linker,/home/samson/Projects/clojv3/./store/musl-1.2.6/lib/libc.so conftest.c  >&5
configure:17145: $? = 0
configure:17145: result: yes
configure:17153: checking for mbschr
configure:17153: x86_64-unknown-linux-musl-gcc -o conftest -g -O2 -I/home/samson/Projects/clojv3/./store/musl-1.2.6/include -B/home/samson/Projects/clojv3/./store/musl-1.2.6/lib -L/home/samson/Projects/clojv3/./store/musl-1.2.6/lib -Wl,-rpath,/home/samson/Projects/clojv3/./store/musl-1.2.6/lib -Wl,-dynamic-linker,/home/samson/Projects/clojv3/./store/musl-1.2.6/lib/libc.so conftest.c  >&5
/nix/store/60lv8wlcr99wv4ck3sk9fzcbb4jbk2n6-x86_64-unknown-linux-musl-binutils-2.46/bin/x86_64-unknown-linux-musl-ld.bfd: /tmp/ccJpmuxa.o: in function `main':
/home/samson/Projects/clojv3/store/tmp/sh-5.3/bash-5.3/conftest.c:356:(.text.startup+0x5): undefined reference to `mbschr'
collect2: error: ld returned 1 exit status
configure:17153: $? = 1
configure: failed program was:
| /* confdefs.h */
| #define PACKAGE_NAME "bash"
| #define PACKAGE_TARNAME "bash"
| #define PACKAGE_VERSION "5.3-release"
| #define PACKAGE_STRING "bash 5.3-release"
| #define PACKAGE_BUGREPORT "bug-bash@gnu.org"
| #define PACKAGE_URL ""
| #define ALIAS 1
| #define PUSHD_AND_POPD 1
| #define RESTRICTED_SHELL 1
| #define PROCESS_SUBSTITUTION 1
| #define PROMPT_STRING_DECODE 1
| #define SELECT_COMMAND 1
| #define HELP_BUILTIN 1
| #define ARRAY_VARS 1
| #define DPAREN_ARITHMETIC 1
| #define BRACE_EXPANSION 1
| #define COMMAND_TIMING 1
| #define EXTENDED_GLOB 1
| #define EXTGLOB_DEFAULT 0
| #define COND_COMMAND 1
| #define COND_REGEXP 1
| #define COPROCESS_SUPPORT 1
| #define ARITH_FOR_COMMAND 1
| #define NETWORK_REDIRECTIONS 1
| #define PROGRAMMABLE_COMPLETION 1
| #define DEBUGGER 1
| #define CASEMOD_ATTRS 1
| #define CASEMOD_EXPANSIONS 1
| #define GLOBASCII_DEFAULT 1
| #define FUNCTION_IMPORT 1
| #define TRANSLATABLE_STRINGS 1
| #define BASH_SOURCE_FULLPATH_DEFAULT 0
| #define MEMSCRAMBLE 1
| #define HAVE_STDIO_H 1
| #define HAVE_STDLIB_H 1
| #define HAVE_STRING_H 1
| #define HAVE_INTTYPES_H 1
| #define HAVE_STDINT_H 1
| #define HAVE_STRINGS_H 1
| #define HAVE_SYS_STAT_H 1
| #define HAVE_SYS_TYPES_H 1
| #define HAVE_UNISTD_H 1
| #define HAVE_WCHAR_H 1
| #define HAVE_STDBOOL_H 1
| #define HAVE_SYS_PARAM_H 1
| #define HAVE_THREADS_H 1
| #define HAVE_SYS_TIME_H 1
| #define STDC_HEADERS 1
| #define _ALL_SOURCE 1
| #define _DARWIN_C_SOURCE 1
| #define _GNU_SOURCE 1
| #define _HPUX_ALT_XOPEN_SOCKET_API 1
| #define _NETBSD_SOURCE 1
| #define _OPENBSD_SOURCE 1
| #define _POSIX_PTHREAD_SEMANTICS 1
| #define __STDC_WANT_IEC_60559_ATTRIBS_EXT__ 1
| #define __STDC_WANT_IEC_60559_BFP_EXT__ 1
| #define __STDC_WANT_IEC_60559_DFP_EXT__ 1
| #define __STDC_WANT_IEC_60559_EXT__ 1
| #define __STDC_WANT_IEC_60559_FUNCS_EXT__ 1
| #define __STDC_WANT_IEC_60559_TYPES_EXT__ 1
| #define __STDC_WANT_LIB_EXT2__ 1
| #define __STDC_WANT_MATH_SPEC_FUNCS__ 1
| #define _TANDEM_SOURCE 1
| #define __EXTENSIONS__ 1
| #define READLINE 1
| #define HISTORY 1
| #define BANG_HISTORY 1
| #define HAVE_STRINGIZE 1
| #define HAVE_LONG_DOUBLE 1
| #define restrict __restrict__
| #define HAVE_C_BOOL 1
| #define HAVE_VISIBILITY 1
| #define HAVE_STDINT_H_WITH_UINTMAX 1
| #define HAVE_ALLOCA_H 1
| #define HAVE_ALLOCA 1
| #define HAVE_GETPAGESIZE 1
| #define HAVE_SYMLINK 1
| #define HAVE_USELOCALE 1
| #define HAVE_VPRINTF 1
| #define HAVE_ALARM 1
| #define HAVE_FPURGE 1
| #define HAVE___FPURGE 1
| #define HAVE_SNPRINTF 1
| #define HAVE_VSNPRINTF 1
| #define HAVE_MMAP 1
| #define INTDIV0_RAISES_SIGFPE 1
| #define HAVE_INTTYPES_H_WITH_UINTMAX 1
| #define HAVE_UNSIGNED_LONG_LONG_INT 1
| #define HAVE_UINTMAX_T 1
| #define HAVE_WEAK_SYMBOLS 1
| #define HAVE_PTHREAD_API 1
| #define USE_POSIX_THREADS 1
| #define USE_POSIX_THREADS_WEAK 1
| #define HAVE_PTHREAD_RWLOCK 1
| #define HAVE_PTHREAD_MUTEX_RECURSIVE 1
| #define HAVE_ICONV 1
| #define ICONV_CONST 
| #define HAVE_BUILTIN_EXPECT 1
| #define HAVE_INTTYPES_H 1
| #define HAVE_UNISTD_H 1
| #define HAVE_SYS_PARAM_H 1
| #define HAVE_GETCWD 1
| #define HAVE_GETEGID 1
| #define HAVE_GETEUID 1
| #define HAVE_GETGID 1
| #define HAVE_GETUID 1
| #define HAVE_MEMPCPY 1
| #define HAVE_MUNMAP 1
| #define HAVE_STPCPY 1
| #define HAVE_STRCASECMP 1
| #define HAVE_TSEARCH 1
| #define HAVE___FSETLOCKING 1
| #define HAVE_DECL_FEOF_UNLOCKED 1
| #define HAVE_DECL_FGETS_UNLOCKED 1
| #define HAVE_LOCALECONV 1
| #define HAVE_LONG_LONG_INT 1
| #define HAVE_WCHAR_T 1
| #define HAVE_WINT_T 1
| #define HAVE_INTMAX_T 1
| #define HAVE_POSIX_PRINTF 1
| #define HAVE_STDINT_H 1
| #define HAVE_STDINT_H 1
| #define HAVE_WORKING_O_NOATIME 0
| #define HAVE_WORKING_O_NOFOLLOW 0
| #define HAVE_WORKING_USELOCALE 1
| #define HAVE_GOOD_USELOCALE 1
| #define FLEXIBLE_ARRAY_MEMBER /**/
| #define HAVE_FEATURES_H 1
| #define HAVE_STDDEF_H 1
| #define HAVE_STDLIB_H 1
| #define HAVE_STRING_H 1
| #define HAVE_ASPRINTF 1
| #define HAVE_WPRINTF 1
| #define HAVE_NEWLOCALE 1
| #define HAVE_PUTENV 1
| #define HAVE_SETENV 1
| #define HAVE_SNPRINTF 1
| #define HAVE_STRNLEN 1
| #define HAVE_USELOCALE 1
| #define HAVE_WCSLEN 1
| #define HAVE_WCSNLEN 1
| #define HAVE_MBRTOWC 1
| #define HAVE_WCRTOMB 1
| #define HAVE_DECL__SNPRINTF 0
| #define HAVE_DECL__SNWPRINTF 0
| #define HAVE_DECL_GETC_UNLOCKED 1
| #define HAVE_NL_LANGINFO 1
| #define HAVE_LANGINFO_CODESET 1
| #define HAVE_LC_MESSAGES 1
| #define ENABLE_NLS 1
| #define HAVE_GETTEXT 1
| #define HAVE_DCGETTEXT 1
| #define HAVE_DIRENT_H 1
| #define MAJOR_IN_SYSMACROS 1
| #define HAVE_INTTYPES_H 1
| #define HAVE_UNISTD_H 1
| #define HAVE_STDLIB_H 1
| #define HAVE_LIMITS_H 1
| #define HAVE_STRING_H 1
| #define HAVE_MEMORY_H 1
| #define HAVE_LOCALE_H 1
| #define HAVE_TERMIOS_H 1
| #define HAVE_DLFCN_H 1
| #define HAVE_STDDEF_H 1
| #define HAVE_STDINT_H 1
| #define HAVE_NETDB_H 1
| #define HAVE_PWD_H 1
| #define HAVE_GRP_H 1
| #define HAVE_STRINGS_H 1
| #define HAVE_STDCKDINT_H 1
| #define HAVE_REGEX_H 1
| #define HAVE_SYSLOG_H 1
| #define HAVE_ULIMIT_H 1
| #define HAVE_SYS_SELECT_H 1
| #define HAVE_SYS_FILE_H 1
| #define HAVE_SYS_IOCTL_H 1
| #define HAVE_SYS_MMAN_H 1
| #define HAVE_SYS_PARAM_H 1
| #define HAVE_SYS_RANDOM_H 1
| #define HAVE_SYS_SOCKET_H 1
| #define HAVE_SYS_STAT_H 1
| #define HAVE_SYS_TIME_H 1
| #define HAVE_SYS_TIMES_H 1
| #define HAVE_SYS_TYPES_H 1
| #define HAVE_SYS_WAIT_H 1
| #define HAVE_NETINET_IN_H 1
| #define HAVE_ARPA_INET_H 1
| #define HAVE_SYS_RESOURCE_H 1
| #define HAVE_ALLOCA_H 1
| #define HAVE_ALLOCA 1
| #define HAVE_CHOWN 1
| #define GETPGRP_VOID 1
| #define HAVE_STRCOLL 1
| #define HAVE_WAIT3 1
| #define HAVE_MKFIFO 1
| #define HAVE_DUP2 1
| #define HAVE_EACCESS 1
| #define HAVE_FCNTL 1
| #define HAVE_GETDTABLESIZE 1
| #define HAVE_GETENTROPY 1
| #define HAVE_GETGROUPS 1
| #define HAVE_GETHOSTNAME 1
| #define HAVE_GETPAGESIZE 1
| #define HAVE_GETPEERNAME 1
| #define HAVE_GETRANDOM 1
| #define HAVE_GETRLIMIT 1
| #define HAVE_GETRUSAGE 1
| #define HAVE_GETTIMEOFDAY 1
| #define HAVE_KILL 1
| #define HAVE_KILLPG 1
| #define HAVE_LSTAT 1
| #define HAVE_NANOSLEEP 1
| #define HAVE_PSELECT 1
| #define HAVE_READLINK 1
| #define HAVE_SELECT 1
| #define HAVE_SETITIMER 1
| #define HAVE_STATFS 1
| #define HAVE_TCGETPGRP 1
| #define HAVE_UNAME 1
| #define HAVE_ULIMIT 1
| #define HAVE_WAITPID 1
| #define HAVE_RENAME 1
| #define HAVE_BCOPY 1
| #define HAVE_BZERO 1
| #define HAVE_CLOCK_GETTIME 1
| #define HAVE_CONFSTR 1
| #define HAVE_FACCESSAT 1
| #define HAVE_FNMATCH 1
| #define HAVE_GETADDRINFO 1
| #define HAVE_GETHOSTBYNAME 1
| #define HAVE_GETSERVBYNAME 1
| #define HAVE_GETSERVENT 1
| #define HAVE_INET_ATON 1
| #define HAVE_IMAXDIV 1
| #define HAVE_MEMMOVE 1
| #define HAVE_PATHCONF 1
| #define HAVE_PUTENV 1
| #define HAVE_RAISE 1
| #define HAVE_RANDOM 1
| #define HAVE_REGCOMP 1
| #define HAVE_REGEXEC 1
| #define HAVE_SETENV 1
| #define HAVE_SETLINEBUF 1
| #define HAVE_SETLOCALE 1
| #define HAVE_SETVBUF 1
| #define HAVE_SIGINTERRUPT 1
| #define HAVE_STRCHR 1
| #define HAVE_SYSCONF 1
| #define HAVE_SYSLOG 1
| #define HAVE_TCGETATTR 1
| #define HAVE_TCGETWINSIZE 1
| #define HAVE_TCSETWINSIZE 1
| #define HAVE_TIMES 1
| #define HAVE_TTYNAME 1
| #define HAVE_TZSET 1
| #define HAVE_UNSETENV 1
| #define HAVE_VASPRINTF 1
| #define HAVE_ASPRINTF 1
| #define HAVE_ISASCII 1
| #define HAVE_ISBLANK 1
| #define HAVE_ISGRAPH 1
| #define HAVE_ISPRINT 1
| #define HAVE_ISSPACE 1
| #define HAVE_ISXDIGIT 1
| #define HAVE_GETPWENT 1
| #define HAVE_GETPWNAM 1
| #define HAVE_GETPWUID 1
| #define HAVE_MKSTEMP 1
| #define HAVE_MKDTEMP 1
| #define HAVE_STRLCAT 1
| #define HAVE_MEMFD_CREATE 1
| #define HAVE_SHM_OPEN 1
| #define HAVE_GETCWD 1
| #define HAVE_MEMSET 1
| #define HAVE_STRCASECMP 1
| #define HAVE_STRCASESTR 1
| #define HAVE_STRERROR 1
| #define HAVE_STRFTIME 1
| #define HAVE_STRNLEN 1
| #define HAVE_STRPBRK 1
| #define HAVE_STRSTR 1
| #define HAVE_STRTOD 1
| #define HAVE_STRTOL 1
| #define HAVE_STRTOUL 1
| #define HAVE_STRTOLL 1
| #define HAVE_STRTOULL 1
| #define HAVE_STRTOUMAX 1
| #define HAVE_DPRINTF 1
| #define HAVE_STRDUP 1
| #define HAVE_STRLCPY 1
| #define HAVE_REALLOCARRAY 1
| #define HAVE_DECL_AUDIT_USER_TTY 1
| #define HAVE_DECL_CONFSTR 1
| #define HAVE_DECL_PRINTF 1
| #define HAVE_DECL_BRK 1
| #define HAVE_DECL_SBRK 1
| #define HAVE_DECL_SETREGID 1
| #define HAVE_DECL_STRCPY 1
| #define HAVE_DECL_STRSIGNAL 1
| #define HAVE_SETRESUID 1
| #define HAVE_SETRESGID 1
| #define HAVE_DECL_STRTOLD 1
| #define HAVE_DECL_STRTOL 1
| #define HAVE_DECL_STRTOLL 1
| #define HAVE_DECL_STRTOUL 1
| #define HAVE_DECL_STRTOULL 1
| #define HAVE_DECL_STRTOUMAX 1
| #define HAVE_ERRNO_H 1
| #define HAVE_FCNTL_H 1
| #define HAVE_MALLOC_H 1
| #define HAVE_STDIO_EXT_H 1
| #define HAVE_MALLOC 1
| #define HAVE_MMAP 1
| #define HAVE_DCGETTEXT 1
| #define HAVE_MEMPCPY 1
| #define HAVE_MUNMAP 1
| #define HAVE_MREMAP 1
| #define HAVE_STPCPY 1
| #define HAVE_STRCSPN 1
| #define HAVE_WCTYPE_H 1
| #define HAVE_WCHAR_H 1
| #define HAVE_LANGINFO_H 1
| #define HAVE_MBRLEN 1
| #define HAVE_MBSNRTOWCS 1
| #define HAVE_MBSRTOWCS 1
| /* end confdefs.h.  */
| /* Define mbschr to an innocuous variant, in case <limits.h> declares mbschr.
|    For example, HP-UX 11i <limits.h> declares gettimeofday.  */
| #define mbschr innocuous_mbschr
| 
| /* System header to define __stub macros and hopefully few prototypes,
|    which can conflict with char mbschr (void); below.  */
| 
| #include <limits.h>
| #undef mbschr
| 
| /* Override any GCC internal prototype to avoid an error.
|    Use char because int might match the return type of a GCC
|    builtin and then its argument prototype would still apply.  */
| #ifdef __cplusplus
| extern "C"
| #endif
| char mbschr (void);
| /* The GNU C library defines this for functions which it implements
|     to always fail with ENOSYS.  Some functions are actually named
|     something starting with __ and the normal name is an alias.  */
| #if defined __stub_mbschr || defined __stub___mbschr
| choke me
| #endif
| 
| int
| main (void)
| {
| return mbschr ();
|   ;
|   return 0;
| }
configure:17153: result: no
configure:17169: checking for wcrtomb
configure:17169: result: yes
configure:17176: checking for wcscoll
configure:17176: x86_64-unknown-linux-musl-gcc -o conftest -g -O2 -I/home/samson/Projects/clojv3/./store/musl-1.2.6/include -B/home/samson/Projects/clojv3/./store/musl-1.2.6/lib -L/home/samson/Projects/clojv3/./store/musl-1.2.6/lib -Wl,-rpath,/home/samson/Projects/clojv3/./store/musl-1.2.6/lib -Wl,-dynamic-linker,/home/samson/Projects/clojv3/./store/musl-1.2.6/lib/libc.so conftest.c  >&5
configure:17176: $? = 0
configure:17176: result: yes
configure:17183: checking for wcsdup
configure:17183: x86_64-unknown-linux-musl-gcc -o conftest -g -O2 -I/home/samson/Projects/clojv3/./store/musl-1.2.6/include -B/home/samson/Projects/clojv3/./store/musl-1.2.6/lib -L/home/samson/Projects/clojv3/./store/musl-1.2.6/lib -Wl,-rpath,/home/samson/Projects/clojv3/./store/musl-1.2.6/lib -Wl,-dynamic-linker,/home/samson/Projects/clojv3/./store/musl-1.2.6/lib/libc.so conftest.c  >&5
configure:17183: $? = 0
configure:17183: result: yes
configure:17190: checking for wcwidth
configure:17190: x86_64-unknown-linux-musl-gcc -o conftest -g -O2 -I/home/samson/Projects/clojv3/./store/musl-1.2.6/include -B/home/samson/Projects/clojv3/./store/musl-1.2.6/lib -L/home/samson/Projects/clojv3/./store/musl-1.2.6/lib -Wl,-rpath,/home/samson/Projects/clojv3/./store/musl-1.2.6/lib -Wl,-dynamic-linker,/home/samson/Projects/clojv3/./store/musl-1.2.6/lib/libc.so conftest.c  >&5
configure:17190: $? = 0
configure:17190: result: yes
configure:17197: checking for wctype
configure:17197: x86_64-unknown-linux-musl-gcc -o conftest -g -O2 -I/home/samson/Projects/clojv3/./store/musl-1.2.6/include -B/home/samson/Projects/clojv3/./store/musl-1.2.6/lib -L/home/samson/Projects/clojv3/./store/musl-1.2.6/lib -Wl,-rpath,/home/samson/Projects/clojv3/./store/musl-1.2.6/lib -Wl,-dynamic-linker,/home/samson/Projects/clojv3/./store/musl-1.2.6/lib/libc.so conftest.c  >&5
configure:17197: $? = 0
configure:17197: result: yes
configure:17204: checking for wcsnrtombs
configure:17204: x86_64-unknown-linux-musl-gcc -o conftest -g -O2 -I/home/samson/Projects/clojv3/./store/musl-1.2.6/include -B/home/samson/Projects/clojv3/./store/musl-1.2.6/lib -L/home/samson/Projects/clojv3/./store/musl-1.2.6/lib -Wl,-rpath,/home/samson/Projects/clojv3/./store/musl-1.2.6/lib -Wl,-dynamic-linker,/home/samson/Projects/clojv3/./store/musl-1.2.6/lib/libc.so conftest.c  >&5
configure:17204: $? = 0
configure:17204: result: yes
configure:17212: checking for wcswidth
configure:17212: x86_64-unknown-linux-musl-gcc -o conftest -g -O2 -I/home/samson/Projects/clojv3/./store/musl-1.2.6/include -B/home/samson/Projects/clojv3/./store/musl-1.2.6/lib -L/home/samson/Projects/clojv3/./store/musl-1.2.6/lib -Wl,-rpath,/home/samson/Projects/clojv3/./store/musl-1.2.6/lib -Wl,-dynamic-linker,/home/samson/Projects/clojv3/./store/musl-1.2.6/lib/libc.so conftest.c  >&5
configure:17212: $? = 0
configure:17212: result: yes
configure:17229: checking whether mbrtowc and mbstate_t are properly declared
configure:17261: result: yes
configure:17274: checking for iswlower
configure:17274: x86_64-unknown-linux-musl-gcc -o conftest -g -O2 -I/home/samson/Projects/clojv3/./store/musl-1.2.6/include -B/home/samson/Projects/clojv3/./store/musl-1.2.6/lib -L/home/samson/Projects/clojv3/./store/musl-1.2.6/lib -Wl,-rpath,/home/samson/Projects/clojv3/./store/musl-1.2.6/lib -Wl,-dynamic-linker,/home/samson/Projects/clojv3/./store/musl-1.2.6/lib/libc.so conftest.c  >&5
conftest.c:354:6: warning: conflicting types for built-in function 'iswlower'; expected 'int(unsigned int)' [-Wbuiltin-declaration-mismatch]
  354 | char iswlower (void);
      |      ^~~~~~~~
conftest.c:346:1: note: 'iswlower' is declared in header '<wctype.h>'
  345 | #include <limits.h>
  346 | #undef iswlower
configure:17274: $? = 0
configure:17274: result: yes
configure:17280: checking for iswupper
configure:17280: x86_64-unknown-linux-musl-gcc -o conftest -g -O2 -I/home/samson/Projects/clojv3/./store/musl-1.2.6/include -B/home/samson/Projects/clojv3/./store/musl-1.2.6/lib -L/home/samson/Projects/clojv3/./store/musl-1.2.6/lib -Wl,-rpath,/home/samson/Projects/clojv3/./store/musl-1.2.6/lib -Wl,-dynamic-linker,/home/samson/Projects/clojv3/./store/musl-1.2.6/lib/libc.so conftest.c  >&5
conftest.c:355:6: warning: conflicting types for built-in function 'iswupper'; expected 'int(unsigned int)' [-Wbuiltin-declaration-mismatch]
  355 | char iswupper (void);
      |      ^~~~~~~~
conftest.c:347:1: note: 'iswupper' is declared in header '<wctype.h>'
  346 | #include <limits.h>
  347 | #undef iswupper
configure:17280: $? = 0
configure:17280: result: yes
configure:17286: checking for towlower
configure:17286: x86_64-unknown-linux-musl-gcc -o conftest -g -O2 -I/home/samson/Projects/clojv3/./store/musl-1.2.6/include -B/home/samson/Projects/clojv3/./store/musl-1.2.6/lib -L/home/samson/Projects/clojv3/./store/musl-1.2.6/lib -Wl,-rpath,/home/samson/Projects/clojv3/./store/musl-1.2.6/lib -Wl,-dynamic-linker,/home/samson/Projects/clojv3/./store/musl-1.2.6/lib/libc.so conftest.c  >&5
conftest.c:356:6: warning: conflicting types for built-in function 'towlower'; expected 'unsigned int(unsigned int)' [-Wbuiltin-declaration-mismatch]
  356 | char towlower (void);
      |      ^~~~~~~~
conftest.c:348:1: note: 'towlower' is declared in header '<wctype.h>'
  347 | #include <limits.h>
  348 | #undef towlower
configure:17286: $? = 0
configure:17286: result: yes
configure:17292: checking for towupper
configure:17292: x86_64-unknown-linux-musl-gcc -o conftest -g -O2 -I/home/samson/Projects/clojv3/./store/musl-1.2.6/include -B/home/samson/Projects/clojv3/./store/musl-1.2.6/lib -L/home/samson/Projects/clojv3/./store/musl-1.2.6/lib -Wl,-rpath,/home/samson/Projects/clojv3/./store/musl-1.2.6/lib -Wl,-dynamic-linker,/home/samson/Projects/clojv3/./store/musl-1.2.6/lib/libc.so conftest.c  >&5
conftest.c:357:6: warning: conflicting types for built-in function 'towupper'; expected 'unsigned int(unsigned int)' [-Wbuiltin-declaration-mismatch]
  357 | char towupper (void);
      |      ^~~~~~~~
conftest.c:349:1: note: 'towupper' is declared in header '<wctype.h>'
  348 | #include <limits.h>
  349 | #undef towupper
configure:17292: $? = 0
configure:17292: result: yes
configure:17298: checking for iswctype
configure:17298: x86_64-unknown-linux-musl-gcc -o conftest -g -O2 -I/home/samson/Projects/clojv3/./store/musl-1.2.6/include -B/home/samson/Projects/clojv3/./store/musl-1.2.6/lib -L/home/samson/Projects/clojv3/./store/musl-1.2.6/lib -Wl,-rpath,/home/samson/Projects/clojv3/./store/musl-1.2.6/lib -Wl,-dynamic-linker,/home/samson/Projects/clojv3/./store/musl-1.2.6/lib/libc.so conftest.c  >&5
configure:17298: $? = 0
configure:17298: result: yes
configure:17308: checking for wchar_t in wchar.h
configure:17329: x86_64-unknown-linux-musl-gcc -c -g -O2 -I/home/samson/Projects/clojv3/./store/musl-1.2.6/include conftest.c >&5
configure:17329: $? = 0
configure:17340: result: yes
configure:17348: checking for wctype_t in wctype.h
configure:17369: x86_64-unknown-linux-musl-gcc -c -g -O2 -I/home/samson/Projects/clojv3/./store/musl-1.2.6/include conftest.c >&5
configure:17369: $? = 0
configure:17380: result: yes
configure:17388: checking for wint_t in wctype.h
configure:17409: x86_64-unknown-linux-musl-gcc -c -g -O2 -I/home/samson/Projects/clojv3/./store/musl-1.2.6/include conftest.c >&5
configure:17409: $? = 0
configure:17420: result: yes
configure:17428: checking for wcwidth broken with unicode combining characters
configure:17463: x86_64-unknown-linux-musl-gcc -o conftest -g -O2 -I/home/samson/Projects/clojv3/./store/musl-1.2.6/include -B/home/samson/Projects/clojv3/./store/musl-1.2.6/lib -L/home/samson/Projects/clojv3/./store/musl-1.2.6/lib -Wl,-rpath,/home/samson/Projects/clojv3/./store/musl-1.2.6/lib -Wl,-dynamic-linker,/home/samson/Projects/clojv3/./store/musl-1.2.6/lib/libc.so conftest.c  >&5
configure:17463: $? = 0
configure:17463: ./conftest
configure:17463: $? = 1
configure: program exited with status 1
configure: failed program was:
| /* confdefs.h */
| #define PACKAGE_NAME "bash"
| #define PACKAGE_TARNAME "bash"
| #define PACKAGE_VERSION "5.3-release"
| #define PACKAGE_STRING "bash 5.3-release"
| #define PACKAGE_BUGREPORT "bug-bash@gnu.org"
| #define PACKAGE_URL ""
| #define ALIAS 1
| #define PUSHD_AND_POPD 1
| #define RESTRICTED_SHELL 1
| #define PROCESS_SUBSTITUTION 1
| #define PROMPT_STRING_DECODE 1
| #define SELECT_COMMAND 1
| #define HELP_BUILTIN 1
| #define ARRAY_VARS 1
| #define DPAREN_ARITHMETIC 1
| #define BRACE_EXPANSION 1
| #define COMMAND_TIMING 1
| #define EXTENDED_GLOB 1
| #define EXTGLOB_DEFAULT 0
| #define COND_COMMAND 1
| #define COND_REGEXP 1
| #define COPROCESS_SUPPORT 1
| #define ARITH_FOR_COMMAND 1
| #define NETWORK_REDIRECTIONS 1
| #define PROGRAMMABLE_COMPLETION 1
| #define DEBUGGER 1
| #define CASEMOD_ATTRS 1
| #define CASEMOD_EXPANSIONS 1
| #define GLOBASCII_DEFAULT 1
| #define FUNCTION_IMPORT 1
| #define TRANSLATABLE_STRINGS 1
| #define BASH_SOURCE_FULLPATH_DEFAULT 0
| #define MEMSCRAMBLE 1
| #define HAVE_STDIO_H 1
| #define HAVE_STDLIB_H 1
| #define HAVE_STRING_H 1
| #define HAVE_INTTYPES_H 1
| #define HAVE_STDINT_H 1
| #define HAVE_STRINGS_H 1
| #define HAVE_SYS_STAT_H 1
| #define HAVE_SYS_TYPES_H 1
| #define HAVE_UNISTD_H 1
| #define HAVE_WCHAR_H 1
| #define HAVE_STDBOOL_H 1
| #define HAVE_SYS_PARAM_H 1
| #define HAVE_THREADS_H 1
| #define HAVE_SYS_TIME_H 1
| #define STDC_HEADERS 1
| #define _ALL_SOURCE 1
| #define _DARWIN_C_SOURCE 1
| #define _GNU_SOURCE 1
| #define _HPUX_ALT_XOPEN_SOCKET_API 1
| #define _NETBSD_SOURCE 1
| #define _OPENBSD_SOURCE 1
| #define _POSIX_PTHREAD_SEMANTICS 1
| #define __STDC_WANT_IEC_60559_ATTRIBS_EXT__ 1
| #define __STDC_WANT_IEC_60559_BFP_EXT__ 1
| #define __STDC_WANT_IEC_60559_DFP_EXT__ 1
| #define __STDC_WANT_IEC_60559_EXT__ 1
| #define __STDC_WANT_IEC_60559_FUNCS_EXT__ 1
| #define __STDC_WANT_IEC_60559_TYPES_EXT__ 1
| #define __STDC_WANT_LIB_EXT2__ 1
| #define __STDC_WANT_MATH_SPEC_FUNCS__ 1
| #define _TANDEM_SOURCE 1
| #define __EXTENSIONS__ 1
| #define READLINE 1
| #define HISTORY 1
| #define BANG_HISTORY 1
| #define HAVE_STRINGIZE 1
| #define HAVE_LONG_DOUBLE 1
| #define restrict __restrict__
| #define HAVE_C_BOOL 1
| #define HAVE_VISIBILITY 1
| #define HAVE_STDINT_H_WITH_UINTMAX 1
| #define HAVE_ALLOCA_H 1
| #define HAVE_ALLOCA 1
| #define HAVE_GETPAGESIZE 1
| #define HAVE_SYMLINK 1
| #define HAVE_USELOCALE 1
| #define HAVE_VPRINTF 1
| #define HAVE_ALARM 1
| #define HAVE_FPURGE 1
| #define HAVE___FPURGE 1
| #define HAVE_SNPRINTF 1
| #define HAVE_VSNPRINTF 1
| #define HAVE_MMAP 1
| #define INTDIV0_RAISES_SIGFPE 1
| #define HAVE_INTTYPES_H_WITH_UINTMAX 1
| #define HAVE_UNSIGNED_LONG_LONG_INT 1
| #define HAVE_UINTMAX_T 1
| #define HAVE_WEAK_SYMBOLS 1
| #define HAVE_PTHREAD_API 1
| #define USE_POSIX_THREADS 1
| #define USE_POSIX_THREADS_WEAK 1
| #define HAVE_PTHREAD_RWLOCK 1
| #define HAVE_PTHREAD_MUTEX_RECURSIVE 1
| #define HAVE_ICONV 1
| #define ICONV_CONST 
| #define HAVE_BUILTIN_EXPECT 1
| #define HAVE_INTTYPES_H 1
| #define HAVE_UNISTD_H 1
| #define HAVE_SYS_PARAM_H 1
| #define HAVE_GETCWD 1
| #define HAVE_GETEGID 1
| #define HAVE_GETEUID 1
| #define HAVE_GETGID 1
| #define HAVE_GETUID 1
| #define HAVE_MEMPCPY 1
| #define HAVE_MUNMAP 1
| #define HAVE_STPCPY 1
| #define HAVE_STRCASECMP 1
| #define HAVE_TSEARCH 1
| #define HAVE___FSETLOCKING 1
| #define HAVE_DECL_FEOF_UNLOCKED 1
| #define HAVE_DECL_FGETS_UNLOCKED 1
| #define HAVE_LOCALECONV 1
| #define HAVE_LONG_LONG_INT 1
| #define HAVE_WCHAR_T 1
| #define HAVE_WINT_T 1
| #define HAVE_INTMAX_T 1
| #define HAVE_POSIX_PRINTF 1
| #define HAVE_STDINT_H 1
| #define HAVE_STDINT_H 1
| #define HAVE_WORKING_O_NOATIME 0
| #define HAVE_WORKING_O_NOFOLLOW 0
| #define HAVE_WORKING_USELOCALE 1
| #define HAVE_GOOD_USELOCALE 1
| #define FLEXIBLE_ARRAY_MEMBER /**/
| #define HAVE_FEATURES_H 1
| #define HAVE_STDDEF_H 1
| #define HAVE_STDLIB_H 1
| #define HAVE_STRING_H 1
| #define HAVE_ASPRINTF 1
| #define HAVE_WPRINTF 1
| #define HAVE_NEWLOCALE 1
| #define HAVE_PUTENV 1
| #define HAVE_SETENV 1
| #define HAVE_SNPRINTF 1
| #define HAVE_STRNLEN 1
| #define HAVE_USELOCALE 1
| #define HAVE_WCSLEN 1
| #define HAVE_WCSNLEN 1
| #define HAVE_MBRTOWC 1
| #define HAVE_WCRTOMB 1
| #define HAVE_DECL__SNPRINTF 0
| #define HAVE_DECL__SNWPRINTF 0
| #define HAVE_DECL_GETC_UNLOCKED 1
| #define HAVE_NL_LANGINFO 1
| #define HAVE_LANGINFO_CODESET 1
| #define HAVE_LC_MESSAGES 1
| #define ENABLE_NLS 1
| #define HAVE_GETTEXT 1
| #define HAVE_DCGETTEXT 1
| #define HAVE_DIRENT_H 1
| #define MAJOR_IN_SYSMACROS 1
| #define HAVE_INTTYPES_H 1
| #define HAVE_UNISTD_H 1
| #define HAVE_STDLIB_H 1
| #define HAVE_LIMITS_H 1
| #define HAVE_STRING_H 1
| #define HAVE_MEMORY_H 1
| #define HAVE_LOCALE_H 1
| #define HAVE_TERMIOS_H 1
| #define HAVE_DLFCN_H 1
| #define HAVE_STDDEF_H 1
| #define HAVE_STDINT_H 1
| #define HAVE_NETDB_H 1
| #define HAVE_PWD_H 1
| #define HAVE_GRP_H 1
| #define HAVE_STRINGS_H 1
| #define HAVE_STDCKDINT_H 1
| #define HAVE_REGEX_H 1
| #define HAVE_SYSLOG_H 1
| #define HAVE_ULIMIT_H 1
| #define HAVE_SYS_SELECT_H 1
| #define HAVE_SYS_FILE_H 1
| #define HAVE_SYS_IOCTL_H 1
| #define HAVE_SYS_MMAN_H 1
| #define HAVE_SYS_PARAM_H 1
| #define HAVE_SYS_RANDOM_H 1
| #define HAVE_SYS_SOCKET_H 1
| #define HAVE_SYS_STAT_H 1
| #define HAVE_SYS_TIME_H 1
| #define HAVE_SYS_TIMES_H 1
| #define HAVE_SYS_TYPES_H 1
| #define HAVE_SYS_WAIT_H 1
| #define HAVE_NETINET_IN_H 1
| #define HAVE_ARPA_INET_H 1
| #define HAVE_SYS_RESOURCE_H 1
| #define HAVE_ALLOCA_H 1
| #define HAVE_ALLOCA 1
| #define HAVE_CHOWN 1
| #define GETPGRP_VOID 1
| #define HAVE_STRCOLL 1
| #define HAVE_WAIT3 1
| #define HAVE_MKFIFO 1
| #define HAVE_DUP2 1
| #define HAVE_EACCESS 1
| #define HAVE_FCNTL 1
| #define HAVE_GETDTABLESIZE 1
| #define HAVE_GETENTROPY 1
| #define HAVE_GETGROUPS 1
| #define HAVE_GETHOSTNAME 1
| #define HAVE_GETPAGESIZE 1
| #define HAVE_GETPEERNAME 1
| #define HAVE_GETRANDOM 1
| #define HAVE_GETRLIMIT 1
| #define HAVE_GETRUSAGE 1
| #define HAVE_GETTIMEOFDAY 1
| #define HAVE_KILL 1
| #define HAVE_KILLPG 1
| #define HAVE_LSTAT 1
| #define HAVE_NANOSLEEP 1
| #define HAVE_PSELECT 1
| #define HAVE_READLINK 1
| #define HAVE_SELECT 1
| #define HAVE_SETITIMER 1
| #define HAVE_STATFS 1
| #define HAVE_TCGETPGRP 1
| #define HAVE_UNAME 1
| #define HAVE_ULIMIT 1
| #define HAVE_WAITPID 1
| #define HAVE_RENAME 1
| #define HAVE_BCOPY 1
| #define HAVE_BZERO 1
| #define HAVE_CLOCK_GETTIME 1
| #define HAVE_CONFSTR 1
| #define HAVE_FACCESSAT 1
| #define HAVE_FNMATCH 1
| #define HAVE_GETADDRINFO 1
| #define HAVE_GETHOSTBYNAME 1
| #define HAVE_GETSERVBYNAME 1
| #define HAVE_GETSERVENT 1
| #define HAVE_INET_ATON 1
| #define HAVE_IMAXDIV 1
| #define HAVE_MEMMOVE 1
| #define HAVE_PATHCONF 1
| #define HAVE_PUTENV 1
| #define HAVE_RAISE 1
| #define HAVE_RANDOM 1
| #define HAVE_REGCOMP 1
| #define HAVE_REGEXEC 1
| #define HAVE_SETENV 1
| #define HAVE_SETLINEBUF 1
| #define HAVE_SETLOCALE 1
| #define HAVE_SETVBUF 1
| #define HAVE_SIGINTERRUPT 1
| #define HAVE_STRCHR 1
| #define HAVE_SYSCONF 1
| #define HAVE_SYSLOG 1
| #define HAVE_TCGETATTR 1
| #define HAVE_TCGETWINSIZE 1
| #define HAVE_TCSETWINSIZE 1
| #define HAVE_TIMES 1
| #define HAVE_TTYNAME 1
| #define HAVE_TZSET 1
| #define HAVE_UNSETENV 1
| #define HAVE_VASPRINTF 1
| #define HAVE_ASPRINTF 1
| #define HAVE_ISASCII 1
| #define HAVE_ISBLANK 1
| #define HAVE_ISGRAPH 1
| #define HAVE_ISPRINT 1
| #define HAVE_ISSPACE 1
| #define HAVE_ISXDIGIT 1
| #define HAVE_GETPWENT 1
| #define HAVE_GETPWNAM 1
| #define HAVE_GETPWUID 1
| #define HAVE_MKSTEMP 1
| #define HAVE_MKDTEMP 1
| #define HAVE_STRLCAT 1
| #define HAVE_MEMFD_CREATE 1
| #define HAVE_SHM_OPEN 1
| #define HAVE_GETCWD 1
| #define HAVE_MEMSET 1
| #define HAVE_STRCASECMP 1
| #define HAVE_STRCASESTR 1
| #define HAVE_STRERROR 1
| #define HAVE_STRFTIME 1
| #define HAVE_STRNLEN 1
| #define HAVE_STRPBRK 1
| #define HAVE_STRSTR 1
| #define HAVE_STRTOD 1
| #define HAVE_STRTOL 1
| #define HAVE_STRTOUL 1
| #define HAVE_STRTOLL 1
| #define HAVE_STRTOULL 1
| #define HAVE_STRTOUMAX 1
| #define HAVE_DPRINTF 1
| #define HAVE_STRDUP 1
| #define HAVE_STRLCPY 1
| #define HAVE_REALLOCARRAY 1
| #define HAVE_DECL_AUDIT_USER_TTY 1
| #define HAVE_DECL_CONFSTR 1
| #define HAVE_DECL_PRINTF 1
| #define HAVE_DECL_BRK 1
| #define HAVE_DECL_SBRK 1
| #define HAVE_DECL_SETREGID 1
| #define HAVE_DECL_STRCPY 1
| #define HAVE_DECL_STRSIGNAL 1
| #define HAVE_SETRESUID 1
| #define HAVE_SETRESGID 1
| #define HAVE_DECL_STRTOLD 1
| #define HAVE_DECL_STRTOL 1
| #define HAVE_DECL_STRTOLL 1
| #define HAVE_DECL_STRTOUL 1
| #define HAVE_DECL_STRTOULL 1
| #define HAVE_DECL_STRTOUMAX 1
| #define HAVE_ERRNO_H 1
| #define HAVE_FCNTL_H 1
| #define HAVE_MALLOC_H 1
| #define HAVE_STDIO_EXT_H 1
| #define HAVE_MALLOC 1
| #define HAVE_MMAP 1
| #define HAVE_DCGETTEXT 1
| #define HAVE_MEMPCPY 1
| #define HAVE_MUNMAP 1
| #define HAVE_MREMAP 1
| #define HAVE_STPCPY 1
| #define HAVE_STRCSPN 1
| #define HAVE_WCTYPE_H 1
| #define HAVE_WCHAR_H 1
| #define HAVE_LANGINFO_H 1
| #define HAVE_MBRLEN 1
| #define HAVE_MBSNRTOWCS 1
| #define HAVE_MBSRTOWCS 1
| #define HAVE_WCRTOMB 1
| #define HAVE_WCSCOLL 1
| #define HAVE_WCSDUP 1
| #define HAVE_WCWIDTH 1
| #define HAVE_WCTYPE 1
| #define HAVE_WCSNRTOMBS 1
| #define HAVE_WCSWIDTH 1
| #define HAVE_MBRTOWC 1
| #define HAVE_MBSTATE_T 1
| #define HAVE_ISWLOWER 1
| #define HAVE_ISWUPPER 1
| #define HAVE_TOWLOWER 1
| #define HAVE_TOWUPPER 1
| #define HAVE_ISWCTYPE 1
| #define HAVE_WCHAR_T 1
| #define HAVE_WCTYPE_T 1
| #define HAVE_WINT_T 1
| /* end confdefs.h.  */
| 
| #include <unistd.h>
| #include <stdlib.h>
| #include <stdio.h>
| 
| #include <locale.h>
| #include <wchar.h>
| 
| int
| main(int c, char **v)
| {
|         int     w;
| 
|         setlocale(LC_ALL, "en_US.UTF-8");
|         w = wcwidth (0x0301);
| 	if (w != 0)
| 	  exit (0);
| 	w = wcwidth (0x200b);
|         exit (w == 0);  /* exit 0 if wcwidth broken */
| }
| 
configure:17477: result: no
configure:17488: checking for locale_charset
configure:17488: result: no
configure:17502: checking size of wchar_t
configure:17508: x86_64-unknown-linux-musl-gcc -o conftest -g -O2 -I/home/samson/Projects/clojv3/./store/musl-1.2.6/include -B/home/samson/Projects/clojv3/./store/musl-1.2.6/lib -L/home/samson/Projects/clojv3/./store/musl-1.2.6/lib -Wl,-rpath,/home/samson/Projects/clojv3/./store/musl-1.2.6/lib -Wl,-dynamic-linker,/home/samson/Projects/clojv3/./store/musl-1.2.6/lib/libc.so conftest.c  >&5
configure:17508: $? = 0
configure:17508: ./conftest
configure:17508: $? = 0
configure:17525: result: 4
configure:17537: checking for dlopen in -ldl
configure:17566: x86_64-unknown-linux-musl-gcc -o conftest -g -O2 -I/home/samson/Projects/clojv3/./store/musl-1.2.6/include -B/home/samson/Projects/clojv3/./store/musl-1.2.6/lib -L/home/samson/Projects/clojv3/./store/musl-1.2.6/lib -Wl,-rpath,/home/samson/Projects/clojv3/./store/musl-1.2.6/lib -Wl,-dynamic-linker,/home/samson/Projects/clojv3/./store/musl-1.2.6/lib/libc.so conftest.c -ldl   >&5
configure:17566: $? = 0
configure:17578: result: yes
configure:17588: checking for dlopen
configure:17588: x86_64-unknown-linux-musl-gcc -o conftest -g -O2 -I/home/samson/Projects/clojv3/./store/musl-1.2.6/include -B/home/samson/Projects/clojv3/./store/musl-1.2.6/lib -L/home/samson/Projects/clojv3/./store/musl-1.2.6/lib -Wl,-rpath,/home/samson/Projects/clojv3/./store/musl-1.2.6/lib -Wl,-dynamic-linker,/home/samson/Projects/clojv3/./store/musl-1.2.6/lib/libc.so conftest.c -ldl  >&5
configure:17588: $? = 0
configure:17588: result: yes
configure:17594: checking for dlclose
configure:17594: x86_64-unknown-linux-musl-gcc -o conftest -g -O2 -I/home/samson/Projects/clojv3/./store/musl-1.2.6/include -B/home/samson/Projects/clojv3/./store/musl-1.2.6/lib -L/home/samson/Projects/clojv3/./store/musl-1.2.6/lib -Wl,-rpath,/home/samson/Projects/clojv3/./store/musl-1.2.6/lib -Wl,-dynamic-linker,/home/samson/Projects/clojv3/./store/musl-1.2.6/lib/libc.so conftest.c -ldl  >&5
configure:17594: $? = 0
configure:17594: result: yes
configure:17600: checking for dlsym
configure:17600: x86_64-unknown-linux-musl-gcc -o conftest -g -O2 -I/home/samson/Projects/clojv3/./store/musl-1.2.6/include -B/home/samson/Projects/clojv3/./store/musl-1.2.6/lib -L/home/samson/Projects/clojv3/./store/musl-1.2.6/lib -Wl,-rpath,/home/samson/Projects/clojv3/./store/musl-1.2.6/lib -Wl,-dynamic-linker,/home/samson/Projects/clojv3/./store/musl-1.2.6/lib/libc.so conftest.c -ldl  >&5
configure:17600: $? = 0
configure:17600: result: yes
configure:17923: checking type of array argument to getgroups
configure:17953: x86_64-unknown-linux-musl-gcc -c -g -O2 -I/home/samson/Projects/clojv3/./store/musl-1.2.6/include conftest.c >&5
configure:17953: $? = 0
configure:17973: x86_64-unknown-linux-musl-gcc -c -g -O2 -I/home/samson/Projects/clojv3/./store/musl-1.2.6/include conftest.c >&5
conftest.c:379:12: error: conflicting types for 'getgroups'; have 'int(int,  int *)'
  379 | extern int getgroups(int, int *);
      |            ^~~~~~~~~
In file included from conftest.c:377:
/home/samson/Projects/clojv3/./store/musl-1.2.6/include/unistd.h:116:5: note: previous declaration of 'getgroups' with type 'int(int,  gid_t *)' {aka 'int(int,  unsigned int *)'}
  116 | int getgroups(int, gid_t []);
      |     ^~~~~~~~~
configure:17973: $? = 1
configure: failed program was:
| /* confdefs.h */
| #define PACKAGE_NAME "bash"
| #define PACKAGE_TARNAME "bash"
| #define PACKAGE_VERSION "5.3-release"
| #define PACKAGE_STRING "bash 5.3-release"
| #define PACKAGE_BUGREPORT "bug-bash@gnu.org"
| #define PACKAGE_URL ""
| #define ALIAS 1
| #define PUSHD_AND_POPD 1
| #define RESTRICTED_SHELL 1
| #define PROCESS_SUBSTITUTION 1
| #define PROMPT_STRING_DECODE 1
| #define SELECT_COMMAND 1
| #define HELP_BUILTIN 1
| #define ARRAY_VARS 1
| #define DPAREN_ARITHMETIC 1
| #define BRACE_EXPANSION 1
| #define COMMAND_TIMING 1
| #define EXTENDED_GLOB 1
| #define EXTGLOB_DEFAULT 0
| #define COND_COMMAND 1
| #define COND_REGEXP 1
| #define COPROCESS_SUPPORT 1
| #define ARITH_FOR_COMMAND 1
| #define NETWORK_REDIRECTIONS 1
| #define PROGRAMMABLE_COMPLETION 1
| #define DEBUGGER 1
| #define CASEMOD_ATTRS 1
| #define CASEMOD_EXPANSIONS 1
| #define GLOBASCII_DEFAULT 1
| #define FUNCTION_IMPORT 1
| #define TRANSLATABLE_STRINGS 1
| #define BASH_SOURCE_FULLPATH_DEFAULT 0
| #define MEMSCRAMBLE 1
| #define HAVE_STDIO_H 1
| #define HAVE_STDLIB_H 1
| #define HAVE_STRING_H 1
| #define HAVE_INTTYPES_H 1
| #define HAVE_STDINT_H 1
| #define HAVE_STRINGS_H 1
| #define HAVE_SYS_STAT_H 1
| #define HAVE_SYS_TYPES_H 1
| #define HAVE_UNISTD_H 1
| #define HAVE_WCHAR_H 1
| #define HAVE_STDBOOL_H 1
| #define HAVE_SYS_PARAM_H 1
| #define HAVE_THREADS_H 1
| #define HAVE_SYS_TIME_H 1
| #define STDC_HEADERS 1
| #define _ALL_SOURCE 1
| #define _DARWIN_C_SOURCE 1
| #define _GNU_SOURCE 1
| #define _HPUX_ALT_XOPEN_SOCKET_API 1
| #define _NETBSD_SOURCE 1
| #define _OPENBSD_SOURCE 1
| #define _POSIX_PTHREAD_SEMANTICS 1
| #define __STDC_WANT_IEC_60559_ATTRIBS_EXT__ 1
| #define __STDC_WANT_IEC_60559_BFP_EXT__ 1
| #define __STDC_WANT_IEC_60559_DFP_EXT__ 1
| #define __STDC_WANT_IEC_60559_EXT__ 1
| #define __STDC_WANT_IEC_60559_FUNCS_EXT__ 1
| #define __STDC_WANT_IEC_60559_TYPES_EXT__ 1
| #define __STDC_WANT_LIB_EXT2__ 1
| #define __STDC_WANT_MATH_SPEC_FUNCS__ 1
| #define _TANDEM_SOURCE 1
| #define __EXTENSIONS__ 1
| #define READLINE 1
| #define HISTORY 1
| #define BANG_HISTORY 1
| #define HAVE_STRINGIZE 1
| #define HAVE_LONG_DOUBLE 1
| #define restrict __restrict__
| #define HAVE_C_BOOL 1
| #define HAVE_VISIBILITY 1
| #define HAVE_STDINT_H_WITH_UINTMAX 1
| #define HAVE_ALLOCA_H 1
| #define HAVE_ALLOCA 1
| #define HAVE_GETPAGESIZE 1
| #define HAVE_SYMLINK 1
| #define HAVE_USELOCALE 1
| #define HAVE_VPRINTF 1
| #define HAVE_ALARM 1
| #define HAVE_FPURGE 1
| #define HAVE___FPURGE 1
| #define HAVE_SNPRINTF 1
| #define HAVE_VSNPRINTF 1
| #define HAVE_MMAP 1
| #define INTDIV0_RAISES_SIGFPE 1
| #define HAVE_INTTYPES_H_WITH_UINTMAX 1
| #define HAVE_UNSIGNED_LONG_LONG_INT 1
| #define HAVE_UINTMAX_T 1
| #define HAVE_WEAK_SYMBOLS 1
| #define HAVE_PTHREAD_API 1
| #define USE_POSIX_THREADS 1
| #define USE_POSIX_THREADS_WEAK 1
| #define HAVE_PTHREAD_RWLOCK 1
| #define HAVE_PTHREAD_MUTEX_RECURSIVE 1
| #define HAVE_ICONV 1
| #define ICONV_CONST 
| #define HAVE_BUILTIN_EXPECT 1
| #define HAVE_INTTYPES_H 1
| #define HAVE_UNISTD_H 1
| #define HAVE_SYS_PARAM_H 1
| #define HAVE_GETCWD 1
| #define HAVE_GETEGID 1
| #define HAVE_GETEUID 1
| #define HAVE_GETGID 1
| #define HAVE_GETUID 1
| #define HAVE_MEMPCPY 1
| #define HAVE_MUNMAP 1
| #define HAVE_STPCPY 1
| #define HAVE_STRCASECMP 1
| #define HAVE_TSEARCH 1
| #define HAVE___FSETLOCKING 1
| #define HAVE_DECL_FEOF_UNLOCKED 1
| #define HAVE_DECL_FGETS_UNLOCKED 1
| #define HAVE_LOCALECONV 1
| #define HAVE_LONG_LONG_INT 1
| #define HAVE_WCHAR_T 1
| #define HAVE_WINT_T 1
| #define HAVE_INTMAX_T 1
| #define HAVE_POSIX_PRINTF 1
| #define HAVE_STDINT_H 1
| #define HAVE_STDINT_H 1
| #define HAVE_WORKING_O_NOATIME 0
| #define HAVE_WORKING_O_NOFOLLOW 0
| #define HAVE_WORKING_USELOCALE 1
| #define HAVE_GOOD_USELOCALE 1
| #define FLEXIBLE_ARRAY_MEMBER /**/
| #define HAVE_FEATURES_H 1
| #define HAVE_STDDEF_H 1
| #define HAVE_STDLIB_H 1
| #define HAVE_STRING_H 1
| #define HAVE_ASPRINTF 1
| #define HAVE_WPRINTF 1
| #define HAVE_NEWLOCALE 1
| #define HAVE_PUTENV 1
| #define HAVE_SETENV 1
| #define HAVE_SNPRINTF 1
| #define HAVE_STRNLEN 1
| #define HAVE_USELOCALE 1
| #define HAVE_WCSLEN 1
| #define HAVE_WCSNLEN 1
| #define HAVE_MBRTOWC 1
| #define HAVE_WCRTOMB 1
| #define HAVE_DECL__SNPRINTF 0
| #define HAVE_DECL__SNWPRINTF 0
| #define HAVE_DECL_GETC_UNLOCKED 1
| #define HAVE_NL_LANGINFO 1
| #define HAVE_LANGINFO_CODESET 1
| #define HAVE_LC_MESSAGES 1
| #define ENABLE_NLS 1
| #define HAVE_GETTEXT 1
| #define HAVE_DCGETTEXT 1
| #define HAVE_DIRENT_H 1
| #define MAJOR_IN_SYSMACROS 1
| #define HAVE_INTTYPES_H 1
| #define HAVE_UNISTD_H 1
| #define HAVE_STDLIB_H 1
| #define HAVE_LIMITS_H 1
| #define HAVE_STRING_H 1
| #define HAVE_MEMORY_H 1
| #define HAVE_LOCALE_H 1
| #define HAVE_TERMIOS_H 1
| #define HAVE_DLFCN_H 1
| #define HAVE_STDDEF_H 1
| #define HAVE_STDINT_H 1
| #define HAVE_NETDB_H 1
| #define HAVE_PWD_H 1
| #define HAVE_GRP_H 1
| #define HAVE_STRINGS_H 1
| #define HAVE_STDCKDINT_H 1
| #define HAVE_REGEX_H 1
| #define HAVE_SYSLOG_H 1
| #define HAVE_ULIMIT_H 1
| #define HAVE_SYS_SELECT_H 1
| #define HAVE_SYS_FILE_H 1
| #define HAVE_SYS_IOCTL_H 1
| #define HAVE_SYS_MMAN_H 1
| #define HAVE_SYS_PARAM_H 1
| #define HAVE_SYS_RANDOM_H 1
| #define HAVE_SYS_SOCKET_H 1
| #define HAVE_SYS_STAT_H 1
| #define HAVE_SYS_TIME_H 1
| #define HAVE_SYS_TIMES_H 1
| #define HAVE_SYS_TYPES_H 1
| #define HAVE_SYS_WAIT_H 1
| #define HAVE_NETINET_IN_H 1
| #define HAVE_ARPA_INET_H 1
| #define HAVE_SYS_RESOURCE_H 1
| #define HAVE_ALLOCA_H 1
| #define HAVE_ALLOCA 1
| #define HAVE_CHOWN 1
| #define GETPGRP_VOID 1
| #define HAVE_STRCOLL 1
| #define HAVE_WAIT3 1
| #define HAVE_MKFIFO 1
| #define HAVE_DUP2 1
| #define HAVE_EACCESS 1
| #define HAVE_FCNTL 1
| #define HAVE_GETDTABLESIZE 1
| #define HAVE_GETENTROPY 1
| #define HAVE_GETGROUPS 1
| #define HAVE_GETHOSTNAME 1
| #define HAVE_GETPAGESIZE 1
| #define HAVE_GETPEERNAME 1
| #define HAVE_GETRANDOM 1
| #define HAVE_GETRLIMIT 1
| #define HAVE_GETRUSAGE 1
| #define HAVE_GETTIMEOFDAY 1
| #define HAVE_KILL 1
| #define HAVE_KILLPG 1
| #define HAVE_LSTAT 1
| #define HAVE_NANOSLEEP 1
| #define HAVE_PSELECT 1
| #define HAVE_READLINK 1
| #define HAVE_SELECT 1
| #define HAVE_SETITIMER 1
| #define HAVE_STATFS 1
| #define HAVE_TCGETPGRP 1
| #define HAVE_UNAME 1
| #define HAVE_ULIMIT 1
| #define HAVE_WAITPID 1
| #define HAVE_RENAME 1
| #define HAVE_BCOPY 1
| #define HAVE_BZERO 1
| #define HAVE_CLOCK_GETTIME 1
| #define HAVE_CONFSTR 1
| #define HAVE_FACCESSAT 1
| #define HAVE_FNMATCH 1
| #define HAVE_GETADDRINFO 1
| #define HAVE_GETHOSTBYNAME 1
| #define HAVE_GETSERVBYNAME 1
| #define HAVE_GETSERVENT 1
| #define HAVE_INET_ATON 1
| #define HAVE_IMAXDIV 1
| #define HAVE_MEMMOVE 1
| #define HAVE_PATHCONF 1
| #define HAVE_PUTENV 1
| #define HAVE_RAISE 1
| #define HAVE_RANDOM 1
| #define HAVE_REGCOMP 1
| #define HAVE_REGEXEC 1
| #define HAVE_SETENV 1
| #define HAVE_SETLINEBUF 1
| #define HAVE_SETLOCALE 1
| #define HAVE_SETVBUF 1
| #define HAVE_SIGINTERRUPT 1
| #define HAVE_STRCHR 1
| #define HAVE_SYSCONF 1
| #define HAVE_SYSLOG 1
| #define HAVE_TCGETATTR 1
| #define HAVE_TCGETWINSIZE 1
| #define HAVE_TCSETWINSIZE 1
| #define HAVE_TIMES 1
| #define HAVE_TTYNAME 1
| #define HAVE_TZSET 1
| #define HAVE_UNSETENV 1
| #define HAVE_VASPRINTF 1
| #define HAVE_ASPRINTF 1
| #define HAVE_ISASCII 1
| #define HAVE_ISBLANK 1
| #define HAVE_ISGRAPH 1
| #define HAVE_ISPRINT 1
| #define HAVE_ISSPACE 1
| #define HAVE_ISXDIGIT 1
| #define HAVE_GETPWENT 1
| #define HAVE_GETPWNAM 1
| #define HAVE_GETPWUID 1
| #define HAVE_MKSTEMP 1
| #define HAVE_MKDTEMP 1
| #define HAVE_STRLCAT 1
| #define HAVE_MEMFD_CREATE 1
| #define HAVE_SHM_OPEN 1
| #define HAVE_GETCWD 1
| #define HAVE_MEMSET 1
| #define HAVE_STRCASECMP 1
| #define HAVE_STRCASESTR 1
| #define HAVE_STRERROR 1
| #define HAVE_STRFTIME 1
| #define HAVE_STRNLEN 1
| #define HAVE_STRPBRK 1
| #define HAVE_STRSTR 1
| #define HAVE_STRTOD 1
| #define HAVE_STRTOL 1
| #define HAVE_STRTOUL 1
| #define HAVE_STRTOLL 1
| #define HAVE_STRTOULL 1
| #define HAVE_STRTOUMAX 1
| #define HAVE_DPRINTF 1
| #define HAVE_STRDUP 1
| #define HAVE_STRLCPY 1
| #define HAVE_REALLOCARRAY 1
| #define HAVE_DECL_AUDIT_USER_TTY 1
| #define HAVE_DECL_CONFSTR 1
| #define HAVE_DECL_PRINTF 1
| #define HAVE_DECL_BRK 1
| #define HAVE_DECL_SBRK 1
| #define HAVE_DECL_SETREGID 1
| #define HAVE_DECL_STRCPY 1
| #define HAVE_DECL_STRSIGNAL 1
| #define HAVE_SETRESUID 1
| #define HAVE_SETRESGID 1
| #define HAVE_DECL_STRTOLD 1
| #define HAVE_DECL_STRTOL 1
| #define HAVE_DECL_STRTOLL 1
| #define HAVE_DECL_STRTOUL 1
| #define HAVE_DECL_STRTOULL 1
| #define HAVE_DECL_STRTOUMAX 1
| #define HAVE_ERRNO_H 1
| #define HAVE_FCNTL_H 1
| #define HAVE_MALLOC_H 1
| #define HAVE_STDIO_EXT_H 1
| #define HAVE_MALLOC 1
| #define HAVE_MMAP 1
| #define HAVE_DCGETTEXT 1
| #define HAVE_MEMPCPY 1
| #define HAVE_MUNMAP 1
| #define HAVE_MREMAP 1
| #define HAVE_STPCPY 1
| #define HAVE_STRCSPN 1
| #define HAVE_WCTYPE_H 1
| #define HAVE_WCHAR_H 1
| #define HAVE_LANGINFO_H 1
| #define HAVE_MBRLEN 1
| #define HAVE_MBSNRTOWCS 1
| #define HAVE_MBSRTOWCS 1
| #define HAVE_WCRTOMB 1
| #define HAVE_WCSCOLL 1
| #define HAVE_WCSDUP 1
| #define HAVE_WCWIDTH 1
| #define HAVE_WCTYPE 1
| #define HAVE_WCSNRTOMBS 1
| #define HAVE_WCSWIDTH 1
| #define HAVE_MBRTOWC 1
| #define HAVE_MBSTATE_T 1
| #define HAVE_ISWLOWER 1
| #define HAVE_ISWUPPER 1
| #define HAVE_TOWLOWER 1
| #define HAVE_TOWUPPER 1
| #define HAVE_ISWCTYPE 1
| #define HAVE_WCHAR_T 1
| #define HAVE_WCTYPE_T 1
| #define HAVE_WINT_T 1
| #define SIZEOF_WCHAR_T 4
| #define HAVE_LIBDL 1
| #define HAVE_DLOPEN 1
| #define HAVE_DLCLOSE 1
| #define HAVE_DLSYM 1
| /* end confdefs.h.  */
| #include <stddef.h>
| #ifdef HAVE_STDIO_H
| # include <stdio.h>
| #endif
| #ifdef HAVE_STDLIB_H
| # include <stdlib.h>
| #endif
| #ifdef HAVE_STRING_H
| # include <string.h>
| #endif
| #ifdef HAVE_INTTYPES_H
| # include <inttypes.h>
| #endif
| #ifdef HAVE_STDINT_H
| # include <stdint.h>
| #endif
| #ifdef HAVE_STRINGS_H
| # include <strings.h>
| #endif
| #ifdef HAVE_SYS_TYPES_H
| # include <sys/types.h>
| #endif
| #ifdef HAVE_SYS_STAT_H
| # include <sys/stat.h>
| #endif
| #ifdef HAVE_UNISTD_H
| # include <unistd.h>
| #endif
| extern int getgroups(int, int *);
| int
| main (void)
| {
| return !(getgroups(0, 0) >= 0);
|   ;
|   return 0;
| }
configure:18038: result: gid_t
configure:18043: checking for off_t
configure:18043: x86_64-unknown-linux-musl-gcc -c -g -O2 -I/home/samson/Projects/clojv3/./store/musl-1.2.6/include conftest.c >&5
configure:18043: $? = 0
configure:18043: x86_64-unknown-linux-musl-gcc -c -g -O2 -I/home/samson/Projects/clojv3/./store/musl-1.2.6/include conftest.c >&5
conftest.c: In function 'main':
conftest.c:383:20: error: expected expression before ')' token
  383 | if (sizeof ((off_t)))
      |                    ^
configure:18043: $? = 1
configure: failed program was:
| /* confdefs.h */
| #define PACKAGE_NAME "bash"
| #define PACKAGE_TARNAME "bash"
| #define PACKAGE_VERSION "5.3-release"
| #define PACKAGE_STRING "bash 5.3-release"
| #define PACKAGE_BUGREPORT "bug-bash@gnu.org"
| #define PACKAGE_URL ""
| #define ALIAS 1
| #define PUSHD_AND_POPD 1
| #define RESTRICTED_SHELL 1
| #define PROCESS_SUBSTITUTION 1
| #define PROMPT_STRING_DECODE 1
| #define SELECT_COMMAND 1
| #define HELP_BUILTIN 1
| #define ARRAY_VARS 1
| #define DPAREN_ARITHMETIC 1
| #define BRACE_EXPANSION 1
| #define COMMAND_TIMING 1
| #define EXTENDED_GLOB 1
| #define EXTGLOB_DEFAULT 0
| #define COND_COMMAND 1
| #define COND_REGEXP 1
| #define COPROCESS_SUPPORT 1
| #define ARITH_FOR_COMMAND 1
| #define NETWORK_REDIRECTIONS 1
| #define PROGRAMMABLE_COMPLETION 1
| #define DEBUGGER 1
| #define CASEMOD_ATTRS 1
| #define CASEMOD_EXPANSIONS 1
| #define GLOBASCII_DEFAULT 1
| #define FUNCTION_IMPORT 1
| #define TRANSLATABLE_STRINGS 1
| #define BASH_SOURCE_FULLPATH_DEFAULT 0
| #define MEMSCRAMBLE 1
| #define HAVE_STDIO_H 1
| #define HAVE_STDLIB_H 1
| #define HAVE_STRING_H 1
| #define HAVE_INTTYPES_H 1
| #define HAVE_STDINT_H 1
| #define HAVE_STRINGS_H 1
| #define HAVE_SYS_STAT_H 1
| #define HAVE_SYS_TYPES_H 1
| #define HAVE_UNISTD_H 1
| #define HAVE_WCHAR_H 1
| #define HAVE_STDBOOL_H 1
| #define HAVE_SYS_PARAM_H 1
| #define HAVE_THREADS_H 1
| #define HAVE_SYS_TIME_H 1
| #define STDC_HEADERS 1
| #define _ALL_SOURCE 1
| #define _DARWIN_C_SOURCE 1
| #define _GNU_SOURCE 1
| #define _HPUX_ALT_XOPEN_SOCKET_API 1
| #define _NETBSD_SOURCE 1
| #define _OPENBSD_SOURCE 1
| #define _POSIX_PTHREAD_SEMANTICS 1
| #define __STDC_WANT_IEC_60559_ATTRIBS_EXT__ 1
| #define __STDC_WANT_IEC_60559_BFP_EXT__ 1
| #define __STDC_WANT_IEC_60559_DFP_EXT__ 1
| #define __STDC_WANT_IEC_60559_EXT__ 1
| #define __STDC_WANT_IEC_60559_FUNCS_EXT__ 1
| #define __STDC_WANT_IEC_60559_TYPES_EXT__ 1
| #define __STDC_WANT_LIB_EXT2__ 1
| #define __STDC_WANT_MATH_SPEC_FUNCS__ 1
| #define _TANDEM_SOURCE 1
| #define __EXTENSIONS__ 1
| #define READLINE 1
| #define HISTORY 1
| #define BANG_HISTORY 1
| #define HAVE_STRINGIZE 1
| #define HAVE_LONG_DOUBLE 1
| #define restrict __restrict__
| #define HAVE_C_BOOL 1
| #define HAVE_VISIBILITY 1
| #define HAVE_STDINT_H_WITH_UINTMAX 1
| #define HAVE_ALLOCA_H 1
| #define HAVE_ALLOCA 1
| #define HAVE_GETPAGESIZE 1
| #define HAVE_SYMLINK 1
| #define HAVE_USELOCALE 1
| #define HAVE_VPRINTF 1
| #define HAVE_ALARM 1
| #define HAVE_FPURGE 1
| #define HAVE___FPURGE 1
| #define HAVE_SNPRINTF 1
| #define HAVE_VSNPRINTF 1
| #define HAVE_MMAP 1
| #define INTDIV0_RAISES_SIGFPE 1
| #define HAVE_INTTYPES_H_WITH_UINTMAX 1
| #define HAVE_UNSIGNED_LONG_LONG_INT 1
| #define HAVE_UINTMAX_T 1
| #define HAVE_WEAK_SYMBOLS 1
| #define HAVE_PTHREAD_API 1
| #define USE_POSIX_THREADS 1
| #define USE_POSIX_THREADS_WEAK 1
| #define HAVE_PTHREAD_RWLOCK 1
| #define HAVE_PTHREAD_MUTEX_RECURSIVE 1
| #define HAVE_ICONV 1
| #define ICONV_CONST 
| #define HAVE_BUILTIN_EXPECT 1
| #define HAVE_INTTYPES_H 1
| #define HAVE_UNISTD_H 1
| #define HAVE_SYS_PARAM_H 1
| #define HAVE_GETCWD 1
| #define HAVE_GETEGID 1
| #define HAVE_GETEUID 1
| #define HAVE_GETGID 1
| #define HAVE_GETUID 1
| #define HAVE_MEMPCPY 1
| #define HAVE_MUNMAP 1
| #define HAVE_STPCPY 1
| #define HAVE_STRCASECMP 1
| #define HAVE_TSEARCH 1
| #define HAVE___FSETLOCKING 1
| #define HAVE_DECL_FEOF_UNLOCKED 1
| #define HAVE_DECL_FGETS_UNLOCKED 1
| #define HAVE_LOCALECONV 1
| #define HAVE_LONG_LONG_INT 1
| #define HAVE_WCHAR_T 1
| #define HAVE_WINT_T 1
| #define HAVE_INTMAX_T 1
| #define HAVE_POSIX_PRINTF 1
| #define HAVE_STDINT_H 1
| #define HAVE_STDINT_H 1
| #define HAVE_WORKING_O_NOATIME 0
| #define HAVE_WORKING_O_NOFOLLOW 0
| #define HAVE_WORKING_USELOCALE 1
| #define HAVE_GOOD_USELOCALE 1
| #define FLEXIBLE_ARRAY_MEMBER /**/
| #define HAVE_FEATURES_H 1
| #define HAVE_STDDEF_H 1
| #define HAVE_STDLIB_H 1
| #define HAVE_STRING_H 1
| #define HAVE_ASPRINTF 1
| #define HAVE_WPRINTF 1
| #define HAVE_NEWLOCALE 1
| #define HAVE_PUTENV 1
| #define HAVE_SETENV 1
| #define HAVE_SNPRINTF 1
| #define HAVE_STRNLEN 1
| #define HAVE_USELOCALE 1
| #define HAVE_WCSLEN 1
| #define HAVE_WCSNLEN 1
| #define HAVE_MBRTOWC 1
| #define HAVE_WCRTOMB 1
| #define HAVE_DECL__SNPRINTF 0
| #define HAVE_DECL__SNWPRINTF 0
| #define HAVE_DECL_GETC_UNLOCKED 1
| #define HAVE_NL_LANGINFO 1
| #define HAVE_LANGINFO_CODESET 1
| #define HAVE_LC_MESSAGES 1
| #define ENABLE_NLS 1
| #define HAVE_GETTEXT 1
| #define HAVE_DCGETTEXT 1
| #define HAVE_DIRENT_H 1
| #define MAJOR_IN_SYSMACROS 1
| #define HAVE_INTTYPES_H 1
| #define HAVE_UNISTD_H 1
| #define HAVE_STDLIB_H 1
| #define HAVE_LIMITS_H 1
| #define HAVE_STRING_H 1
| #define HAVE_MEMORY_H 1
| #define HAVE_LOCALE_H 1
| #define HAVE_TERMIOS_H 1
| #define HAVE_DLFCN_H 1
| #define HAVE_STDDEF_H 1
| #define HAVE_STDINT_H 1
| #define HAVE_NETDB_H 1
| #define HAVE_PWD_H 1
| #define HAVE_GRP_H 1
| #define HAVE_STRINGS_H 1
| #define HAVE_STDCKDINT_H 1
| #define HAVE_REGEX_H 1
| #define HAVE_SYSLOG_H 1
| #define HAVE_ULIMIT_H 1
| #define HAVE_SYS_SELECT_H 1
| #define HAVE_SYS_FILE_H 1
| #define HAVE_SYS_IOCTL_H 1
| #define HAVE_SYS_MMAN_H 1
| #define HAVE_SYS_PARAM_H 1
| #define HAVE_SYS_RANDOM_H 1
| #define HAVE_SYS_SOCKET_H 1
| #define HAVE_SYS_STAT_H 1
| #define HAVE_SYS_TIME_H 1
| #define HAVE_SYS_TIMES_H 1
| #define HAVE_SYS_TYPES_H 1
| #define HAVE_SYS_WAIT_H 1
| #define HAVE_NETINET_IN_H 1
| #define HAVE_ARPA_INET_H 1
| #define HAVE_SYS_RESOURCE_H 1
| #define HAVE_ALLOCA_H 1
| #define HAVE_ALLOCA 1
| #define HAVE_CHOWN 1
| #define GETPGRP_VOID 1
| #define HAVE_STRCOLL 1
| #define HAVE_WAIT3 1
| #define HAVE_MKFIFO 1
| #define HAVE_DUP2 1
| #define HAVE_EACCESS 1
| #define HAVE_FCNTL 1
| #define HAVE_GETDTABLESIZE 1
| #define HAVE_GETENTROPY 1
| #define HAVE_GETGROUPS 1
| #define HAVE_GETHOSTNAME 1
| #define HAVE_GETPAGESIZE 1
| #define HAVE_GETPEERNAME 1
| #define HAVE_GETRANDOM 1
| #define HAVE_GETRLIMIT 1
| #define HAVE_GETRUSAGE 1
| #define HAVE_GETTIMEOFDAY 1
| #define HAVE_KILL 1
| #define HAVE_KILLPG 1
| #define HAVE_LSTAT 1
| #define HAVE_NANOSLEEP 1
| #define HAVE_PSELECT 1
| #define HAVE_READLINK 1
| #define HAVE_SELECT 1
| #define HAVE_SETITIMER 1
| #define HAVE_STATFS 1
| #define HAVE_TCGETPGRP 1
| #define HAVE_UNAME 1
| #define HAVE_ULIMIT 1
| #define HAVE_WAITPID 1
| #define HAVE_RENAME 1
| #define HAVE_BCOPY 1
| #define HAVE_BZERO 1
| #define HAVE_CLOCK_GETTIME 1
| #define HAVE_CONFSTR 1
| #define HAVE_FACCESSAT 1
| #define HAVE_FNMATCH 1
| #define HAVE_GETADDRINFO 1
| #define HAVE_GETHOSTBYNAME 1
| #define HAVE_GETSERVBYNAME 1
| #define HAVE_GETSERVENT 1
| #define HAVE_INET_ATON 1
| #define HAVE_IMAXDIV 1
| #define HAVE_MEMMOVE 1
| #define HAVE_PATHCONF 1
| #define HAVE_PUTENV 1
| #define HAVE_RAISE 1
| #define HAVE_RANDOM 1
| #define HAVE_REGCOMP 1
| #define HAVE_REGEXEC 1
| #define HAVE_SETENV 1
| #define HAVE_SETLINEBUF 1
| #define HAVE_SETLOCALE 1
| #define HAVE_SETVBUF 1
| #define HAVE_SIGINTERRUPT 1
| #define HAVE_STRCHR 1
| #define HAVE_SYSCONF 1
| #define HAVE_SYSLOG 1
| #define HAVE_TCGETATTR 1
| #define HAVE_TCGETWINSIZE 1
| #define HAVE_TCSETWINSIZE 1
| #define HAVE_TIMES 1
| #define HAVE_TTYNAME 1
| #define HAVE_TZSET 1
| #define HAVE_UNSETENV 1
| #define HAVE_VASPRINTF 1
| #define HAVE_ASPRINTF 1
| #define HAVE_ISASCII 1
| #define HAVE_ISBLANK 1
| #define HAVE_ISGRAPH 1
| #define HAVE_ISPRINT 1
| #define HAVE_ISSPACE 1
| #define HAVE_ISXDIGIT 1
| #define HAVE_GETPWENT 1
| #define HAVE_GETPWNAM 1
| #define HAVE_GETPWUID 1
| #define HAVE_MKSTEMP 1
| #define HAVE_MKDTEMP 1
| #define HAVE_STRLCAT 1
| #define HAVE_MEMFD_CREATE 1
| #define HAVE_SHM_OPEN 1
| #define HAVE_GETCWD 1
| #define HAVE_MEMSET 1
| #define HAVE_STRCASECMP 1
| #define HAVE_STRCASESTR 1
| #define HAVE_STRERROR 1
| #define HAVE_STRFTIME 1
| #define HAVE_STRNLEN 1
| #define HAVE_STRPBRK 1
| #define HAVE_STRSTR 1
| #define HAVE_STRTOD 1
| #define HAVE_STRTOL 1
| #define HAVE_STRTOUL 1
| #define HAVE_STRTOLL 1
| #define HAVE_STRTOULL 1
| #define HAVE_STRTOUMAX 1
| #define HAVE_DPRINTF 1
| #define HAVE_STRDUP 1
| #define HAVE_STRLCPY 1
| #define HAVE_REALLOCARRAY 1
| #define HAVE_DECL_AUDIT_USER_TTY 1
| #define HAVE_DECL_CONFSTR 1
| #define HAVE_DECL_PRINTF 1
| #define HAVE_DECL_BRK 1
| #define HAVE_DECL_SBRK 1
| #define HAVE_DECL_SETREGID 1
| #define HAVE_DECL_STRCPY 1
| #define HAVE_DECL_STRSIGNAL 1
| #define HAVE_SETRESUID 1
| #define HAVE_SETRESGID 1
| #define HAVE_DECL_STRTOLD 1
| #define HAVE_DECL_STRTOL 1
| #define HAVE_DECL_STRTOLL 1
| #define HAVE_DECL_STRTOUL 1
| #define HAVE_DECL_STRTOULL 1
| #define HAVE_DECL_STRTOUMAX 1
| #define HAVE_ERRNO_H 1
| #define HAVE_FCNTL_H 1
| #define HAVE_MALLOC_H 1
| #define HAVE_STDIO_EXT_H 1
| #define HAVE_MALLOC 1
| #define HAVE_MMAP 1
| #define HAVE_DCGETTEXT 1
| #define HAVE_MEMPCPY 1
| #define HAVE_MUNMAP 1
| #define HAVE_MREMAP 1
| #define HAVE_STPCPY 1
| #define HAVE_STRCSPN 1
| #define HAVE_WCTYPE_H 1
| #define HAVE_WCHAR_H 1
| #define HAVE_LANGINFO_H 1
| #define HAVE_MBRLEN 1
| #define HAVE_MBSNRTOWCS 1
| #define HAVE_MBSRTOWCS 1
| #define HAVE_WCRTOMB 1
| #define HAVE_WCSCOLL 1
| #define HAVE_WCSDUP 1
| #define HAVE_WCWIDTH 1
| #define HAVE_WCTYPE 1
| #define HAVE_WCSNRTOMBS 1
| #define HAVE_WCSWIDTH 1
| #define HAVE_MBRTOWC 1
| #define HAVE_MBSTATE_T 1
| #define HAVE_ISWLOWER 1
| #define HAVE_ISWUPPER 1
| #define HAVE_TOWLOWER 1
| #define HAVE_TOWUPPER 1
| #define HAVE_ISWCTYPE 1
| #define HAVE_WCHAR_T 1
| #define HAVE_WCTYPE_T 1
| #define HAVE_WINT_T 1
| #define SIZEOF_WCHAR_T 4
| #define HAVE_LIBDL 1
| #define HAVE_DLOPEN 1
| #define HAVE_DLCLOSE 1
| #define HAVE_DLSYM 1
| #define GETGROUPS_T gid_t
| /* end confdefs.h.  */
| #include <stddef.h>
| #ifdef HAVE_STDIO_H
| # include <stdio.h>
| #endif
| #ifdef HAVE_STDLIB_H
| # include <stdlib.h>
| #endif
| #ifdef HAVE_STRING_H
| # include <string.h>
| #endif
| #ifdef HAVE_INTTYPES_H
| # include <inttypes.h>
| #endif
| #ifdef HAVE_STDINT_H
| # include <stdint.h>
| #endif
| #ifdef HAVE_STRINGS_H
| # include <strings.h>
| #endif
| #ifdef HAVE_SYS_TYPES_H
| # include <sys/types.h>
| #endif
| #ifdef HAVE_SYS_STAT_H
| # include <sys/stat.h>
| #endif
| #ifdef HAVE_UNISTD_H
| # include <unistd.h>
| #endif
| int
| main (void)
| {
| if (sizeof ((off_t)))
| 	    return 0;
|   ;
|   return 0;
| }
configure:18043: result: yes
configure:18054: checking for mode_t
configure:18054: x86_64-unknown-linux-musl-gcc -c -g -O2 -I/home/samson/Projects/clojv3/./store/musl-1.2.6/include conftest.c >&5
configure:18054: $? = 0
configure:18054: x86_64-unknown-linux-musl-gcc -c -g -O2 -I/home/samson/Projects/clojv3/./store/musl-1.2.6/include conftest.c >&5
conftest.c: In function 'main':
conftest.c:383:21: error: expected expression before ')' token
  383 | if (sizeof ((mode_t)))
      |                     ^
configure:18054: $? = 1
configure: failed program was:
| /* confdefs.h */
| #define PACKAGE_NAME "bash"
| #define PACKAGE_TARNAME "bash"
| #define PACKAGE_VERSION "5.3-release"
| #define PACKAGE_STRING "bash 5.3-release"
| #define PACKAGE_BUGREPORT "bug-bash@gnu.org"
| #define PACKAGE_URL ""
| #define ALIAS 1
| #define PUSHD_AND_POPD 1
| #define RESTRICTED_SHELL 1
| #define PROCESS_SUBSTITUTION 1
| #define PROMPT_STRING_DECODE 1
| #define SELECT_COMMAND 1
| #define HELP_BUILTIN 1
| #define ARRAY_VARS 1
| #define DPAREN_ARITHMETIC 1
| #define BRACE_EXPANSION 1
| #define COMMAND_TIMING 1
| #define EXTENDED_GLOB 1
| #define EXTGLOB_DEFAULT 0
| #define COND_COMMAND 1
| #define COND_REGEXP 1
| #define COPROCESS_SUPPORT 1
| #define ARITH_FOR_COMMAND 1
| #define NETWORK_REDIRECTIONS 1
| #define PROGRAMMABLE_COMPLETION 1
| #define DEBUGGER 1
| #define CASEMOD_ATTRS 1
| #define CASEMOD_EXPANSIONS 1
| #define GLOBASCII_DEFAULT 1
| #define FUNCTION_IMPORT 1
| #define TRANSLATABLE_STRINGS 1
| #define BASH_SOURCE_FULLPATH_DEFAULT 0
| #define MEMSCRAMBLE 1
| #define HAVE_STDIO_H 1
| #define HAVE_STDLIB_H 1
| #define HAVE_STRING_H 1
| #define HAVE_INTTYPES_H 1
| #define HAVE_STDINT_H 1
| #define HAVE_STRINGS_H 1
| #define HAVE_SYS_STAT_H 1
| #define HAVE_SYS_TYPES_H 1
| #define HAVE_UNISTD_H 1
| #define HAVE_WCHAR_H 1
| #define HAVE_STDBOOL_H 1
| #define HAVE_SYS_PARAM_H 1
| #define HAVE_THREADS_H 1
| #define HAVE_SYS_TIME_H 1
| #define STDC_HEADERS 1
| #define _ALL_SOURCE 1
| #define _DARWIN_C_SOURCE 1
| #define _GNU_SOURCE 1
| #define _HPUX_ALT_XOPEN_SOCKET_API 1
| #define _NETBSD_SOURCE 1
| #define _OPENBSD_SOURCE 1
| #define _POSIX_PTHREAD_SEMANTICS 1
| #define __STDC_WANT_IEC_60559_ATTRIBS_EXT__ 1
| #define __STDC_WANT_IEC_60559_BFP_EXT__ 1
| #define __STDC_WANT_IEC_60559_DFP_EXT__ 1
| #define __STDC_WANT_IEC_60559_EXT__ 1
| #define __STDC_WANT_IEC_60559_FUNCS_EXT__ 1
| #define __STDC_WANT_IEC_60559_TYPES_EXT__ 1
| #define __STDC_WANT_LIB_EXT2__ 1
| #define __STDC_WANT_MATH_SPEC_FUNCS__ 1
| #define _TANDEM_SOURCE 1
| #define __EXTENSIONS__ 1
| #define READLINE 1
| #define HISTORY 1
| #define BANG_HISTORY 1
| #define HAVE_STRINGIZE 1
| #define HAVE_LONG_DOUBLE 1
| #define restrict __restrict__
| #define HAVE_C_BOOL 1
| #define HAVE_VISIBILITY 1
| #define HAVE_STDINT_H_WITH_UINTMAX 1
| #define HAVE_ALLOCA_H 1
| #define HAVE_ALLOCA 1
| #define HAVE_GETPAGESIZE 1
| #define HAVE_SYMLINK 1
| #define HAVE_USELOCALE 1
| #define HAVE_VPRINTF 1
| #define HAVE_ALARM 1
| #define HAVE_FPURGE 1
| #define HAVE___FPURGE 1
| #define HAVE_SNPRINTF 1
| #define HAVE_VSNPRINTF 1
| #define HAVE_MMAP 1
| #define INTDIV0_RAISES_SIGFPE 1
| #define HAVE_INTTYPES_H_WITH_UINTMAX 1
| #define HAVE_UNSIGNED_LONG_LONG_INT 1
| #define HAVE_UINTMAX_T 1
| #define HAVE_WEAK_SYMBOLS 1
| #define HAVE_PTHREAD_API 1
| #define USE_POSIX_THREADS 1
| #define USE_POSIX_THREADS_WEAK 1
| #define HAVE_PTHREAD_RWLOCK 1
| #define HAVE_PTHREAD_MUTEX_RECURSIVE 1
| #define HAVE_ICONV 1
| #define ICONV_CONST 
| #define HAVE_BUILTIN_EXPECT 1
| #define HAVE_INTTYPES_H 1
| #define HAVE_UNISTD_H 1
| #define HAVE_SYS_PARAM_H 1
| #define HAVE_GETCWD 1
| #define HAVE_GETEGID 1
| #define HAVE_GETEUID 1
| #define HAVE_GETGID 1
| #define HAVE_GETUID 1
| #define HAVE_MEMPCPY 1
| #define HAVE_MUNMAP 1
| #define HAVE_STPCPY 1
| #define HAVE_STRCASECMP 1
| #define HAVE_TSEARCH 1
| #define HAVE___FSETLOCKING 1
| #define HAVE_DECL_FEOF_UNLOCKED 1
| #define HAVE_DECL_FGETS_UNLOCKED 1
| #define HAVE_LOCALECONV 1
| #define HAVE_LONG_LONG_INT 1
| #define HAVE_WCHAR_T 1
| #define HAVE_WINT_T 1
| #define HAVE_INTMAX_T 1
| #define HAVE_POSIX_PRINTF 1
| #define HAVE_STDINT_H 1
| #define HAVE_STDINT_H 1
| #define HAVE_WORKING_O_NOATIME 0
| #define HAVE_WORKING_O_NOFOLLOW 0
| #define HAVE_WORKING_USELOCALE 1
| #define HAVE_GOOD_USELOCALE 1
| #define FLEXIBLE_ARRAY_MEMBER /**/
| #define HAVE_FEATURES_H 1
| #define HAVE_STDDEF_H 1
| #define HAVE_STDLIB_H 1
| #define HAVE_STRING_H 1
| #define HAVE_ASPRINTF 1
| #define HAVE_WPRINTF 1
| #define HAVE_NEWLOCALE 1
| #define HAVE_PUTENV 1
| #define HAVE_SETENV 1
| #define HAVE_SNPRINTF 1
| #define HAVE_STRNLEN 1
| #define HAVE_USELOCALE 1
| #define HAVE_WCSLEN 1
| #define HAVE_WCSNLEN 1
| #define HAVE_MBRTOWC 1
| #define HAVE_WCRTOMB 1
| #define HAVE_DECL__SNPRINTF 0
| #define HAVE_DECL__SNWPRINTF 0
| #define HAVE_DECL_GETC_UNLOCKED 1
| #define HAVE_NL_LANGINFO 1
| #define HAVE_LANGINFO_CODESET 1
| #define HAVE_LC_MESSAGES 1
| #define ENABLE_NLS 1
| #define HAVE_GETTEXT 1
| #define HAVE_DCGETTEXT 1
| #define HAVE_DIRENT_H 1
| #define MAJOR_IN_SYSMACROS 1
| #define HAVE_INTTYPES_H 1
| #define HAVE_UNISTD_H 1
| #define HAVE_STDLIB_H 1
| #define HAVE_LIMITS_H 1
| #define HAVE_STRING_H 1
| #define HAVE_MEMORY_H 1
| #define HAVE_LOCALE_H 1
| #define HAVE_TERMIOS_H 1
| #define HAVE_DLFCN_H 1
| #define HAVE_STDDEF_H 1
| #define HAVE_STDINT_H 1
| #define HAVE_NETDB_H 1
| #define HAVE_PWD_H 1
| #define HAVE_GRP_H 1
| #define HAVE_STRINGS_H 1
| #define HAVE_STDCKDINT_H 1
| #define HAVE_REGEX_H 1
| #define HAVE_SYSLOG_H 1
| #define HAVE_ULIMIT_H 1
| #define HAVE_SYS_SELECT_H 1
| #define HAVE_SYS_FILE_H 1
| #define HAVE_SYS_IOCTL_H 1
| #define HAVE_SYS_MMAN_H 1
| #define HAVE_SYS_PARAM_H 1
| #define HAVE_SYS_RANDOM_H 1
| #define HAVE_SYS_SOCKET_H 1
| #define HAVE_SYS_STAT_H 1
| #define HAVE_SYS_TIME_H 1
| #define HAVE_SYS_TIMES_H 1
| #define HAVE_SYS_TYPES_H 1
| #define HAVE_SYS_WAIT_H 1
| #define HAVE_NETINET_IN_H 1
| #define HAVE_ARPA_INET_H 1
| #define HAVE_SYS_RESOURCE_H 1
| #define HAVE_ALLOCA_H 1
| #define HAVE_ALLOCA 1
| #define HAVE_CHOWN 1
| #define GETPGRP_VOID 1
| #define HAVE_STRCOLL 1
| #define HAVE_WAIT3 1
| #define HAVE_MKFIFO 1
| #define HAVE_DUP2 1
| #define HAVE_EACCESS 1
| #define HAVE_FCNTL 1
| #define HAVE_GETDTABLESIZE 1
| #define HAVE_GETENTROPY 1
| #define HAVE_GETGROUPS 1
| #define HAVE_GETHOSTNAME 1
| #define HAVE_GETPAGESIZE 1
| #define HAVE_GETPEERNAME 1
| #define HAVE_GETRANDOM 1
| #define HAVE_GETRLIMIT 1
| #define HAVE_GETRUSAGE 1
| #define HAVE_GETTIMEOFDAY 1
| #define HAVE_KILL 1
| #define HAVE_KILLPG 1
| #define HAVE_LSTAT 1
| #define HAVE_NANOSLEEP 1
| #define HAVE_PSELECT 1
| #define HAVE_READLINK 1
| #define HAVE_SELECT 1
| #define HAVE_SETITIMER 1
| #define HAVE_STATFS 1
| #define HAVE_TCGETPGRP 1
| #define HAVE_UNAME 1
| #define HAVE_ULIMIT 1
| #define HAVE_WAITPID 1
| #define HAVE_RENAME 1
| #define HAVE_BCOPY 1
| #define HAVE_BZERO 1
| #define HAVE_CLOCK_GETTIME 1
| #define HAVE_CONFSTR 1
| #define HAVE_FACCESSAT 1
| #define HAVE_FNMATCH 1
| #define HAVE_GETADDRINFO 1
| #define HAVE_GETHOSTBYNAME 1
| #define HAVE_GETSERVBYNAME 1
| #define HAVE_GETSERVENT 1
| #define HAVE_INET_ATON 1
| #define HAVE_IMAXDIV 1
| #define HAVE_MEMMOVE 1
| #define HAVE_PATHCONF 1
| #define HAVE_PUTENV 1
| #define HAVE_RAISE 1
| #define HAVE_RANDOM 1
| #define HAVE_REGCOMP 1
| #define HAVE_REGEXEC 1
| #define HAVE_SETENV 1
| #define HAVE_SETLINEBUF 1
| #define HAVE_SETLOCALE 1
| #define HAVE_SETVBUF 1
| #define HAVE_SIGINTERRUPT 1
| #define HAVE_STRCHR 1
| #define HAVE_SYSCONF 1
| #define HAVE_SYSLOG 1
| #define HAVE_TCGETATTR 1
| #define HAVE_TCGETWINSIZE 1
| #define HAVE_TCSETWINSIZE 1
| #define HAVE_TIMES 1
| #define HAVE_TTYNAME 1
| #define HAVE_TZSET 1
| #define HAVE_UNSETENV 1
| #define HAVE_VASPRINTF 1
| #define HAVE_ASPRINTF 1
| #define HAVE_ISASCII 1
| #define HAVE_ISBLANK 1
| #define HAVE_ISGRAPH 1
| #define HAVE_ISPRINT 1
| #define HAVE_ISSPACE 1
| #define HAVE_ISXDIGIT 1
| #define HAVE_GETPWENT 1
| #define HAVE_GETPWNAM 1
| #define HAVE_GETPWUID 1
| #define HAVE_MKSTEMP 1
| #define HAVE_MKDTEMP 1
| #define HAVE_STRLCAT 1
| #define HAVE_MEMFD_CREATE 1
| #define HAVE_SHM_OPEN 1
| #define HAVE_GETCWD 1
| #define HAVE_MEMSET 1
| #define HAVE_STRCASECMP 1
| #define HAVE_STRCASESTR 1
| #define HAVE_STRERROR 1
| #define HAVE_STRFTIME 1
| #define HAVE_STRNLEN 1
| #define HAVE_STRPBRK 1
| #define HAVE_STRSTR 1
| #define HAVE_STRTOD 1
| #define HAVE_STRTOL 1
| #define HAVE_STRTOUL 1
| #define HAVE_STRTOLL 1
| #define HAVE_STRTOULL 1
| #define HAVE_STRTOUMAX 1
| #define HAVE_DPRINTF 1
| #define HAVE_STRDUP 1
| #define HAVE_STRLCPY 1
| #define HAVE_REALLOCARRAY 1
| #define HAVE_DECL_AUDIT_USER_TTY 1
| #define HAVE_DECL_CONFSTR 1
| #define HAVE_DECL_PRINTF 1
| #define HAVE_DECL_BRK 1
| #define HAVE_DECL_SBRK 1
| #define HAVE_DECL_SETREGID 1
| #define HAVE_DECL_STRCPY 1
| #define HAVE_DECL_STRSIGNAL 1
| #define HAVE_SETRESUID 1
| #define HAVE_SETRESGID 1
| #define HAVE_DECL_STRTOLD 1
| #define HAVE_DECL_STRTOL 1
| #define HAVE_DECL_STRTOLL 1
| #define HAVE_DECL_STRTOUL 1
| #define HAVE_DECL_STRTOULL 1
| #define HAVE_DECL_STRTOUMAX 1
| #define HAVE_ERRNO_H 1
| #define HAVE_FCNTL_H 1
| #define HAVE_MALLOC_H 1
| #define HAVE_STDIO_EXT_H 1
| #define HAVE_MALLOC 1
| #define HAVE_MMAP 1
| #define HAVE_DCGETTEXT 1
| #define HAVE_MEMPCPY 1
| #define HAVE_MUNMAP 1
| #define HAVE_MREMAP 1
| #define HAVE_STPCPY 1
| #define HAVE_STRCSPN 1
| #define HAVE_WCTYPE_H 1
| #define HAVE_WCHAR_H 1
| #define HAVE_LANGINFO_H 1
| #define HAVE_MBRLEN 1
| #define HAVE_MBSNRTOWCS 1
| #define HAVE_MBSRTOWCS 1
| #define HAVE_WCRTOMB 1
| #define HAVE_WCSCOLL 1
| #define HAVE_WCSDUP 1
| #define HAVE_WCWIDTH 1
| #define HAVE_WCTYPE 1
| #define HAVE_WCSNRTOMBS 1
| #define HAVE_WCSWIDTH 1
| #define HAVE_MBRTOWC 1
| #define HAVE_MBSTATE_T 1
| #define HAVE_ISWLOWER 1
| #define HAVE_ISWUPPER 1
| #define HAVE_TOWLOWER 1
| #define HAVE_TOWUPPER 1
| #define HAVE_ISWCTYPE 1
| #define HAVE_WCHAR_T 1
| #define HAVE_WCTYPE_T 1
| #define HAVE_WINT_T 1
| #define SIZEOF_WCHAR_T 4
| #define HAVE_LIBDL 1
| #define HAVE_DLOPEN 1
| #define HAVE_DLCLOSE 1
| #define HAVE_DLSYM 1
| #define GETGROUPS_T gid_t
| /* end confdefs.h.  */
| #include <stddef.h>
| #ifdef HAVE_STDIO_H
| # include <stdio.h>
| #endif
| #ifdef HAVE_STDLIB_H
| # include <stdlib.h>
| #endif
| #ifdef HAVE_STRING_H
| # include <string.h>
| #endif
| #ifdef HAVE_INTTYPES_H
| # include <inttypes.h>
| #endif
| #ifdef HAVE_STDINT_H
| # include <stdint.h>
| #endif
| #ifdef HAVE_STRINGS_H
| # include <strings.h>
| #endif
| #ifdef HAVE_SYS_TYPES_H
| # include <sys/types.h>
| #endif
| #ifdef HAVE_SYS_STAT_H
| # include <sys/stat.h>
| #endif
| #ifdef HAVE_UNISTD_H
| # include <unistd.h>
| #endif
| int
| main (void)
| {
| if (sizeof ((mode_t)))
| 	    return 0;
|   ;
|   return 0;
| }
configure:18054: result: yes
configure:18065: checking for uid_t
configure:18065: result: yes
configure:18076: checking for gid_t
configure:18076: result: yes
configure:18088: checking for pid_t
configure:18088: x86_64-unknown-linux-musl-gcc -c -g -O2 -I/home/samson/Projects/clojv3/./store/musl-1.2.6/include conftest.c >&5
configure:18088: $? = 0
configure:18088: x86_64-unknown-linux-musl-gcc -c -g -O2 -I/home/samson/Projects/clojv3/./store/musl-1.2.6/include conftest.c >&5
conftest.c: In function 'main':
conftest.c:384:20: error: expected expression before ')' token
  384 | if (sizeof ((pid_t)))
      |                    ^
configure:18088: $? = 1
configure: failed program was:
| /* confdefs.h */
| #define PACKAGE_NAME "bash"
| #define PACKAGE_TARNAME "bash"
| #define PACKAGE_VERSION "5.3-release"
| #define PACKAGE_STRING "bash 5.3-release"
| #define PACKAGE_BUGREPORT "bug-bash@gnu.org"
| #define PACKAGE_URL ""
| #define ALIAS 1
| #define PUSHD_AND_POPD 1
| #define RESTRICTED_SHELL 1
| #define PROCESS_SUBSTITUTION 1
| #define PROMPT_STRING_DECODE 1
| #define SELECT_COMMAND 1
| #define HELP_BUILTIN 1
| #define ARRAY_VARS 1
| #define DPAREN_ARITHMETIC 1
| #define BRACE_EXPANSION 1
| #define COMMAND_TIMING 1
| #define EXTENDED_GLOB 1
| #define EXTGLOB_DEFAULT 0
| #define COND_COMMAND 1
| #define COND_REGEXP 1
| #define COPROCESS_SUPPORT 1
| #define ARITH_FOR_COMMAND 1
| #define NETWORK_REDIRECTIONS 1
| #define PROGRAMMABLE_COMPLETION 1
| #define DEBUGGER 1
| #define CASEMOD_ATTRS 1
| #define CASEMOD_EXPANSIONS 1
| #define GLOBASCII_DEFAULT 1
| #define FUNCTION_IMPORT 1
| #define TRANSLATABLE_STRINGS 1
| #define BASH_SOURCE_FULLPATH_DEFAULT 0
| #define MEMSCRAMBLE 1
| #define HAVE_STDIO_H 1
| #define HAVE_STDLIB_H 1
| #define HAVE_STRING_H 1
| #define HAVE_INTTYPES_H 1
| #define HAVE_STDINT_H 1
| #define HAVE_STRINGS_H 1
| #define HAVE_SYS_STAT_H 1
| #define HAVE_SYS_TYPES_H 1
| #define HAVE_UNISTD_H 1
| #define HAVE_WCHAR_H 1
| #define HAVE_STDBOOL_H 1
| #define HAVE_SYS_PARAM_H 1
| #define HAVE_THREADS_H 1
| #define HAVE_SYS_TIME_H 1
| #define STDC_HEADERS 1
| #define _ALL_SOURCE 1
| #define _DARWIN_C_SOURCE 1
| #define _GNU_SOURCE 1
| #define _HPUX_ALT_XOPEN_SOCKET_API 1
| #define _NETBSD_SOURCE 1
| #define _OPENBSD_SOURCE 1
| #define _POSIX_PTHREAD_SEMANTICS 1
| #define __STDC_WANT_IEC_60559_ATTRIBS_EXT__ 1
| #define __STDC_WANT_IEC_60559_BFP_EXT__ 1
| #define __STDC_WANT_IEC_60559_DFP_EXT__ 1
| #define __STDC_WANT_IEC_60559_EXT__ 1
| #define __STDC_WANT_IEC_60559_FUNCS_EXT__ 1
| #define __STDC_WANT_IEC_60559_TYPES_EXT__ 1
| #define __STDC_WANT_LIB_EXT2__ 1
| #define __STDC_WANT_MATH_SPEC_FUNCS__ 1
| #define _TANDEM_SOURCE 1
| #define __EXTENSIONS__ 1
| #define READLINE 1
| #define HISTORY 1
| #define BANG_HISTORY 1
| #define HAVE_STRINGIZE 1
| #define HAVE_LONG_DOUBLE 1
| #define restrict __restrict__
| #define HAVE_C_BOOL 1
| #define HAVE_VISIBILITY 1
| #define HAVE_STDINT_H_WITH_UINTMAX 1
| #define HAVE_ALLOCA_H 1
| #define HAVE_ALLOCA 1
| #define HAVE_GETPAGESIZE 1
| #define HAVE_SYMLINK 1
| #define HAVE_USELOCALE 1
| #define HAVE_VPRINTF 1
| #define HAVE_ALARM 1
| #define HAVE_FPURGE 1
| #define HAVE___FPURGE 1
| #define HAVE_SNPRINTF 1
| #define HAVE_VSNPRINTF 1
| #define HAVE_MMAP 1
| #define INTDIV0_RAISES_SIGFPE 1
| #define HAVE_INTTYPES_H_WITH_UINTMAX 1
| #define HAVE_UNSIGNED_LONG_LONG_INT 1
| #define HAVE_UINTMAX_T 1
| #define HAVE_WEAK_SYMBOLS 1
| #define HAVE_PTHREAD_API 1
| #define USE_POSIX_THREADS 1
| #define USE_POSIX_THREADS_WEAK 1
| #define HAVE_PTHREAD_RWLOCK 1
| #define HAVE_PTHREAD_MUTEX_RECURSIVE 1
| #define HAVE_ICONV 1
| #define ICONV_CONST 
| #define HAVE_BUILTIN_EXPECT 1
| #define HAVE_INTTYPES_H 1
| #define HAVE_UNISTD_H 1
| #define HAVE_SYS_PARAM_H 1
| #define HAVE_GETCWD 1
| #define HAVE_GETEGID 1
| #define HAVE_GETEUID 1
| #define HAVE_GETGID 1
| #define HAVE_GETUID 1
| #define HAVE_MEMPCPY 1
| #define HAVE_MUNMAP 1
| #define HAVE_STPCPY 1
| #define HAVE_STRCASECMP 1
| #define HAVE_TSEARCH 1
| #define HAVE___FSETLOCKING 1
| #define HAVE_DECL_FEOF_UNLOCKED 1
| #define HAVE_DECL_FGETS_UNLOCKED 1
| #define HAVE_LOCALECONV 1
| #define HAVE_LONG_LONG_INT 1
| #define HAVE_WCHAR_T 1
| #define HAVE_WINT_T 1
| #define HAVE_INTMAX_T 1
| #define HAVE_POSIX_PRINTF 1
| #define HAVE_STDINT_H 1
| #define HAVE_STDINT_H 1
| #define HAVE_WORKING_O_NOATIME 0
| #define HAVE_WORKING_O_NOFOLLOW 0
| #define HAVE_WORKING_USELOCALE 1
| #define HAVE_GOOD_USELOCALE 1
| #define FLEXIBLE_ARRAY_MEMBER /**/
| #define HAVE_FEATURES_H 1
| #define HAVE_STDDEF_H 1
| #define HAVE_STDLIB_H 1
| #define HAVE_STRING_H 1
| #define HAVE_ASPRINTF 1
| #define HAVE_WPRINTF 1
| #define HAVE_NEWLOCALE 1
| #define HAVE_PUTENV 1
| #define HAVE_SETENV 1
| #define HAVE_SNPRINTF 1
| #define HAVE_STRNLEN 1
| #define HAVE_USELOCALE 1
| #define HAVE_WCSLEN 1
| #define HAVE_WCSNLEN 1
| #define HAVE_MBRTOWC 1
| #define HAVE_WCRTOMB 1
| #define HAVE_DECL__SNPRINTF 0
| #define HAVE_DECL__SNWPRINTF 0
| #define HAVE_DECL_GETC_UNLOCKED 1
| #define HAVE_NL_LANGINFO 1
| #define HAVE_LANGINFO_CODESET 1
| #define HAVE_LC_MESSAGES 1
| #define ENABLE_NLS 1
| #define HAVE_GETTEXT 1
| #define HAVE_DCGETTEXT 1
| #define HAVE_DIRENT_H 1
| #define MAJOR_IN_SYSMACROS 1
| #define HAVE_INTTYPES_H 1
| #define HAVE_UNISTD_H 1
| #define HAVE_STDLIB_H 1
| #define HAVE_LIMITS_H 1
| #define HAVE_STRING_H 1
| #define HAVE_MEMORY_H 1
| #define HAVE_LOCALE_H 1
| #define HAVE_TERMIOS_H 1
| #define HAVE_DLFCN_H 1
| #define HAVE_STDDEF_H 1
| #define HAVE_STDINT_H 1
| #define HAVE_NETDB_H 1
| #define HAVE_PWD_H 1
| #define HAVE_GRP_H 1
| #define HAVE_STRINGS_H 1
| #define HAVE_STDCKDINT_H 1
| #define HAVE_REGEX_H 1
| #define HAVE_SYSLOG_H 1
| #define HAVE_ULIMIT_H 1
| #define HAVE_SYS_SELECT_H 1
| #define HAVE_SYS_FILE_H 1
| #define HAVE_SYS_IOCTL_H 1
| #define HAVE_SYS_MMAN_H 1
| #define HAVE_SYS_PARAM_H 1
| #define HAVE_SYS_RANDOM_H 1
| #define HAVE_SYS_SOCKET_H 1
| #define HAVE_SYS_STAT_H 1
| #define HAVE_SYS_TIME_H 1
| #define HAVE_SYS_TIMES_H 1
| #define HAVE_SYS_TYPES_H 1
| #define HAVE_SYS_WAIT_H 1
| #define HAVE_NETINET_IN_H 1
| #define HAVE_ARPA_INET_H 1
| #define HAVE_SYS_RESOURCE_H 1
| #define HAVE_ALLOCA_H 1
| #define HAVE_ALLOCA 1
| #define HAVE_CHOWN 1
| #define GETPGRP_VOID 1
| #define HAVE_STRCOLL 1
| #define HAVE_WAIT3 1
| #define HAVE_MKFIFO 1
| #define HAVE_DUP2 1
| #define HAVE_EACCESS 1
| #define HAVE_FCNTL 1
| #define HAVE_GETDTABLESIZE 1
| #define HAVE_GETENTROPY 1
| #define HAVE_GETGROUPS 1
| #define HAVE_GETHOSTNAME 1
| #define HAVE_GETPAGESIZE 1
| #define HAVE_GETPEERNAME 1
| #define HAVE_GETRANDOM 1
| #define HAVE_GETRLIMIT 1
| #define HAVE_GETRUSAGE 1
| #define HAVE_GETTIMEOFDAY 1
| #define HAVE_KILL 1
| #define HAVE_KILLPG 1
| #define HAVE_LSTAT 1
| #define HAVE_NANOSLEEP 1
| #define HAVE_PSELECT 1
| #define HAVE_READLINK 1
| #define HAVE_SELECT 1
| #define HAVE_SETITIMER 1
| #define HAVE_STATFS 1
| #define HAVE_TCGETPGRP 1
| #define HAVE_UNAME 1
| #define HAVE_ULIMIT 1
| #define HAVE_WAITPID 1
| #define HAVE_RENAME 1
| #define HAVE_BCOPY 1
| #define HAVE_BZERO 1
| #define HAVE_CLOCK_GETTIME 1
| #define HAVE_CONFSTR 1
| #define HAVE_FACCESSAT 1
| #define HAVE_FNMATCH 1
| #define HAVE_GETADDRINFO 1
| #define HAVE_GETHOSTBYNAME 1
| #define HAVE_GETSERVBYNAME 1
| #define HAVE_GETSERVENT 1
| #define HAVE_INET_ATON 1
| #define HAVE_IMAXDIV 1
| #define HAVE_MEMMOVE 1
| #define HAVE_PATHCONF 1
| #define HAVE_PUTENV 1
| #define HAVE_RAISE 1
| #define HAVE_RANDOM 1
| #define HAVE_REGCOMP 1
| #define HAVE_REGEXEC 1
| #define HAVE_SETENV 1
| #define HAVE_SETLINEBUF 1
| #define HAVE_SETLOCALE 1
| #define HAVE_SETVBUF 1
| #define HAVE_SIGINTERRUPT 1
| #define HAVE_STRCHR 1
| #define HAVE_SYSCONF 1
| #define HAVE_SYSLOG 1
| #define HAVE_TCGETATTR 1
| #define HAVE_TCGETWINSIZE 1
| #define HAVE_TCSETWINSIZE 1
| #define HAVE_TIMES 1
| #define HAVE_TTYNAME 1
| #define HAVE_TZSET 1
| #define HAVE_UNSETENV 1
| #define HAVE_VASPRINTF 1
| #define HAVE_ASPRINTF 1
| #define HAVE_ISASCII 1
| #define HAVE_ISBLANK 1
| #define HAVE_ISGRAPH 1
| #define HAVE_ISPRINT 1
| #define HAVE_ISSPACE 1
| #define HAVE_ISXDIGIT 1
| #define HAVE_GETPWENT 1
| #define HAVE_GETPWNAM 1
| #define HAVE_GETPWUID 1
| #define HAVE_MKSTEMP 1
| #define HAVE_MKDTEMP 1
| #define HAVE_STRLCAT 1
| #define HAVE_MEMFD_CREATE 1
| #define HAVE_SHM_OPEN 1
| #define HAVE_GETCWD 1
| #define HAVE_MEMSET 1
| #define HAVE_STRCASECMP 1
| #define HAVE_STRCASESTR 1
| #define HAVE_STRERROR 1
| #define HAVE_STRFTIME 1
| #define HAVE_STRNLEN 1
| #define HAVE_STRPBRK 1
| #define HAVE_STRSTR 1
| #define HAVE_STRTOD 1
| #define HAVE_STRTOL 1
| #define HAVE_STRTOUL 1
| #define HAVE_STRTOLL 1
| #define HAVE_STRTOULL 1
| #define HAVE_STRTOUMAX 1
| #define HAVE_DPRINTF 1
| #define HAVE_STRDUP 1
| #define HAVE_STRLCPY 1
| #define HAVE_REALLOCARRAY 1
| #define HAVE_DECL_AUDIT_USER_TTY 1
| #define HAVE_DECL_CONFSTR 1
| #define HAVE_DECL_PRINTF 1
| #define HAVE_DECL_BRK 1
| #define HAVE_DECL_SBRK 1
| #define HAVE_DECL_SETREGID 1
| #define HAVE_DECL_STRCPY 1
| #define HAVE_DECL_STRSIGNAL 1
| #define HAVE_SETRESUID 1
| #define HAVE_SETRESGID 1
| #define HAVE_DECL_STRTOLD 1
| #define HAVE_DECL_STRTOL 1
| #define HAVE_DECL_STRTOLL 1
| #define HAVE_DECL_STRTOUL 1
| #define HAVE_DECL_STRTOULL 1
| #define HAVE_DECL_STRTOUMAX 1
| #define HAVE_ERRNO_H 1
| #define HAVE_FCNTL_H 1
| #define HAVE_MALLOC_H 1
| #define HAVE_STDIO_EXT_H 1
| #define HAVE_MALLOC 1
| #define HAVE_MMAP 1
| #define HAVE_DCGETTEXT 1
| #define HAVE_MEMPCPY 1
| #define HAVE_MUNMAP 1
| #define HAVE_MREMAP 1
| #define HAVE_STPCPY 1
| #define HAVE_STRCSPN 1
| #define HAVE_WCTYPE_H 1
| #define HAVE_WCHAR_H 1
| #define HAVE_LANGINFO_H 1
| #define HAVE_MBRLEN 1
| #define HAVE_MBSNRTOWCS 1
| #define HAVE_MBSRTOWCS 1
| #define HAVE_WCRTOMB 1
| #define HAVE_WCSCOLL 1
| #define HAVE_WCSDUP 1
| #define HAVE_WCWIDTH 1
| #define HAVE_WCTYPE 1
| #define HAVE_WCSNRTOMBS 1
| #define HAVE_WCSWIDTH 1
| #define HAVE_MBRTOWC 1
| #define HAVE_MBSTATE_T 1
| #define HAVE_ISWLOWER 1
| #define HAVE_ISWUPPER 1
| #define HAVE_TOWLOWER 1
| #define HAVE_TOWUPPER 1
| #define HAVE_ISWCTYPE 1
| #define HAVE_WCHAR_T 1
| #define HAVE_WCTYPE_T 1
| #define HAVE_WINT_T 1
| #define SIZEOF_WCHAR_T 4
| #define HAVE_LIBDL 1
| #define HAVE_DLOPEN 1
| #define HAVE_DLCLOSE 1
| #define HAVE_DLSYM 1
| #define GETGROUPS_T gid_t
| /* end confdefs.h.  */
| #include <stddef.h>
| #ifdef HAVE_STDIO_H
| # include <stdio.h>
| #endif
| #ifdef HAVE_STDLIB_H
| # include <stdlib.h>
| #endif
| #ifdef HAVE_STRING_H
| # include <string.h>
| #endif
| #ifdef HAVE_INTTYPES_H
| # include <inttypes.h>
| #endif
| #ifdef HAVE_STDINT_H
| # include <stdint.h>
| #endif
| #ifdef HAVE_STRINGS_H
| # include <strings.h>
| #endif
| #ifdef HAVE_SYS_TYPES_H
| # include <sys/types.h>
| #endif
| #ifdef HAVE_SYS_STAT_H
| # include <sys/stat.h>
| #endif
| #ifdef HAVE_UNISTD_H
| # include <unistd.h>
| #endif
| 
| int
| main (void)
| {
| if (sizeof ((pid_t)))
| 	    return 0;
|   ;
|   return 0;
| }
configure:18088: result: yes
configure:18126: checking for size_t
configure:18126: result: yes
configure:18138: checking for intptr_t
configure:18138: x86_64-unknown-linux-musl-gcc -c -g -O2 -I/home/samson/Projects/clojv3/./store/musl-1.2.6/include conftest.c >&5
configure:18138: $? = 0
configure:18138: x86_64-unknown-linux-musl-gcc -c -g -O2 -I/home/samson/Projects/clojv3/./store/musl-1.2.6/include conftest.c >&5
conftest.c: In function 'main':
conftest.c:383:23: error: expected expression before ')' token
  383 | if (sizeof ((intptr_t)))
      |                       ^
configure:18138: $? = 1
configure: failed program was:
| /* confdefs.h */
| #define PACKAGE_NAME "bash"
| #define PACKAGE_TARNAME "bash"
| #define PACKAGE_VERSION "5.3-release"
| #define PACKAGE_STRING "bash 5.3-release"
| #define PACKAGE_BUGREPORT "bug-bash@gnu.org"
| #define PACKAGE_URL ""
| #define ALIAS 1
| #define PUSHD_AND_POPD 1
| #define RESTRICTED_SHELL 1
| #define PROCESS_SUBSTITUTION 1
| #define PROMPT_STRING_DECODE 1
| #define SELECT_COMMAND 1
| #define HELP_BUILTIN 1
| #define ARRAY_VARS 1
| #define DPAREN_ARITHMETIC 1
| #define BRACE_EXPANSION 1
| #define COMMAND_TIMING 1
| #define EXTENDED_GLOB 1
| #define EXTGLOB_DEFAULT 0
| #define COND_COMMAND 1
| #define COND_REGEXP 1
| #define COPROCESS_SUPPORT 1
| #define ARITH_FOR_COMMAND 1
| #define NETWORK_REDIRECTIONS 1
| #define PROGRAMMABLE_COMPLETION 1
| #define DEBUGGER 1
| #define CASEMOD_ATTRS 1
| #define CASEMOD_EXPANSIONS 1
| #define GLOBASCII_DEFAULT 1
| #define FUNCTION_IMPORT 1
| #define TRANSLATABLE_STRINGS 1
| #define BASH_SOURCE_FULLPATH_DEFAULT 0
| #define MEMSCRAMBLE 1
| #define HAVE_STDIO_H 1
| #define HAVE_STDLIB_H 1
| #define HAVE_STRING_H 1
| #define HAVE_INTTYPES_H 1
| #define HAVE_STDINT_H 1
| #define HAVE_STRINGS_H 1
| #define HAVE_SYS_STAT_H 1
| #define HAVE_SYS_TYPES_H 1
| #define HAVE_UNISTD_H 1
| #define HAVE_WCHAR_H 1
| #define HAVE_STDBOOL_H 1
| #define HAVE_SYS_PARAM_H 1
| #define HAVE_THREADS_H 1
| #define HAVE_SYS_TIME_H 1
| #define STDC_HEADERS 1
| #define _ALL_SOURCE 1
| #define _DARWIN_C_SOURCE 1
| #define _GNU_SOURCE 1
| #define _HPUX_ALT_XOPEN_SOCKET_API 1
| #define _NETBSD_SOURCE 1
| #define _OPENBSD_SOURCE 1
| #define _POSIX_PTHREAD_SEMANTICS 1
| #define __STDC_WANT_IEC_60559_ATTRIBS_EXT__ 1
| #define __STDC_WANT_IEC_60559_BFP_EXT__ 1
| #define __STDC_WANT_IEC_60559_DFP_EXT__ 1
| #define __STDC_WANT_IEC_60559_EXT__ 1
| #define __STDC_WANT_IEC_60559_FUNCS_EXT__ 1
| #define __STDC_WANT_IEC_60559_TYPES_EXT__ 1
| #define __STDC_WANT_LIB_EXT2__ 1
| #define __STDC_WANT_MATH_SPEC_FUNCS__ 1
| #define _TANDEM_SOURCE 1
| #define __EXTENSIONS__ 1
| #define READLINE 1
| #define HISTORY 1
| #define BANG_HISTORY 1
| #define HAVE_STRINGIZE 1
| #define HAVE_LONG_DOUBLE 1
| #define restrict __restrict__
| #define HAVE_C_BOOL 1
| #define HAVE_VISIBILITY 1
| #define HAVE_STDINT_H_WITH_UINTMAX 1
| #define HAVE_ALLOCA_H 1
| #define HAVE_ALLOCA 1
| #define HAVE_GETPAGESIZE 1
| #define HAVE_SYMLINK 1
| #define HAVE_USELOCALE 1
| #define HAVE_VPRINTF 1
| #define HAVE_ALARM 1
| #define HAVE_FPURGE 1
| #define HAVE___FPURGE 1
| #define HAVE_SNPRINTF 1
| #define HAVE_VSNPRINTF 1
| #define HAVE_MMAP 1
| #define INTDIV0_RAISES_SIGFPE 1
| #define HAVE_INTTYPES_H_WITH_UINTMAX 1
| #define HAVE_UNSIGNED_LONG_LONG_INT 1
| #define HAVE_UINTMAX_T 1
| #define HAVE_WEAK_SYMBOLS 1
| #define HAVE_PTHREAD_API 1
| #define USE_POSIX_THREADS 1
| #define USE_POSIX_THREADS_WEAK 1
| #define HAVE_PTHREAD_RWLOCK 1
| #define HAVE_PTHREAD_MUTEX_RECURSIVE 1
| #define HAVE_ICONV 1
| #define ICONV_CONST 
| #define HAVE_BUILTIN_EXPECT 1
| #define HAVE_INTTYPES_H 1
| #define HAVE_UNISTD_H 1
| #define HAVE_SYS_PARAM_H 1
| #define HAVE_GETCWD 1
| #define HAVE_GETEGID 1
| #define HAVE_GETEUID 1
| #define HAVE_GETGID 1
| #define HAVE_GETUID 1
| #define HAVE_MEMPCPY 1
| #define HAVE_MUNMAP 1
| #define HAVE_STPCPY 1
| #define HAVE_STRCASECMP 1
| #define HAVE_TSEARCH 1
| #define HAVE___FSETLOCKING 1
| #define HAVE_DECL_FEOF_UNLOCKED 1
| #define HAVE_DECL_FGETS_UNLOCKED 1
| #define HAVE_LOCALECONV 1
| #define HAVE_LONG_LONG_INT 1
| #define HAVE_WCHAR_T 1
| #define HAVE_WINT_T 1
| #define HAVE_INTMAX_T 1
| #define HAVE_POSIX_PRINTF 1
| #define HAVE_STDINT_H 1
| #define HAVE_STDINT_H 1
| #define HAVE_WORKING_O_NOATIME 0
| #define HAVE_WORKING_O_NOFOLLOW 0
| #define HAVE_WORKING_USELOCALE 1
| #define HAVE_GOOD_USELOCALE 1
| #define FLEXIBLE_ARRAY_MEMBER /**/
| #define HAVE_FEATURES_H 1
| #define HAVE_STDDEF_H 1
| #define HAVE_STDLIB_H 1
| #define HAVE_STRING_H 1
| #define HAVE_ASPRINTF 1
| #define HAVE_WPRINTF 1
| #define HAVE_NEWLOCALE 1
| #define HAVE_PUTENV 1
| #define HAVE_SETENV 1
| #define HAVE_SNPRINTF 1
| #define HAVE_STRNLEN 1
| #define HAVE_USELOCALE 1
| #define HAVE_WCSLEN 1
| #define HAVE_WCSNLEN 1
| #define HAVE_MBRTOWC 1
| #define HAVE_WCRTOMB 1
| #define HAVE_DECL__SNPRINTF 0
| #define HAVE_DECL__SNWPRINTF 0
| #define HAVE_DECL_GETC_UNLOCKED 1
| #define HAVE_NL_LANGINFO 1
| #define HAVE_LANGINFO_CODESET 1
| #define HAVE_LC_MESSAGES 1
| #define ENABLE_NLS 1
| #define HAVE_GETTEXT 1
| #define HAVE_DCGETTEXT 1
| #define HAVE_DIRENT_H 1
| #define MAJOR_IN_SYSMACROS 1
| #define HAVE_INTTYPES_H 1
| #define HAVE_UNISTD_H 1
| #define HAVE_STDLIB_H 1
| #define HAVE_LIMITS_H 1
| #define HAVE_STRING_H 1
| #define HAVE_MEMORY_H 1
| #define HAVE_LOCALE_H 1
| #define HAVE_TERMIOS_H 1
| #define HAVE_DLFCN_H 1
| #define HAVE_STDDEF_H 1
| #define HAVE_STDINT_H 1
| #define HAVE_NETDB_H 1
| #define HAVE_PWD_H 1
| #define HAVE_GRP_H 1
| #define HAVE_STRINGS_H 1
| #define HAVE_STDCKDINT_H 1
| #define HAVE_REGEX_H 1
| #define HAVE_SYSLOG_H 1
| #define HAVE_ULIMIT_H 1
| #define HAVE_SYS_SELECT_H 1
| #define HAVE_SYS_FILE_H 1
| #define HAVE_SYS_IOCTL_H 1
| #define HAVE_SYS_MMAN_H 1
| #define HAVE_SYS_PARAM_H 1
| #define HAVE_SYS_RANDOM_H 1
| #define HAVE_SYS_SOCKET_H 1
| #define HAVE_SYS_STAT_H 1
| #define HAVE_SYS_TIME_H 1
| #define HAVE_SYS_TIMES_H 1
| #define HAVE_SYS_TYPES_H 1
| #define HAVE_SYS_WAIT_H 1
| #define HAVE_NETINET_IN_H 1
| #define HAVE_ARPA_INET_H 1
| #define HAVE_SYS_RESOURCE_H 1
| #define HAVE_ALLOCA_H 1
| #define HAVE_ALLOCA 1
| #define HAVE_CHOWN 1
| #define GETPGRP_VOID 1
| #define HAVE_STRCOLL 1
| #define HAVE_WAIT3 1
| #define HAVE_MKFIFO 1
| #define HAVE_DUP2 1
| #define HAVE_EACCESS 1
| #define HAVE_FCNTL 1
| #define HAVE_GETDTABLESIZE 1
| #define HAVE_GETENTROPY 1
| #define HAVE_GETGROUPS 1
| #define HAVE_GETHOSTNAME 1
| #define HAVE_GETPAGESIZE 1
| #define HAVE_GETPEERNAME 1
| #define HAVE_GETRANDOM 1
| #define HAVE_GETRLIMIT 1
| #define HAVE_GETRUSAGE 1
| #define HAVE_GETTIMEOFDAY 1
| #define HAVE_KILL 1
| #define HAVE_KILLPG 1
| #define HAVE_LSTAT 1
| #define HAVE_NANOSLEEP 1
| #define HAVE_PSELECT 1
| #define HAVE_READLINK 1
| #define HAVE_SELECT 1
| #define HAVE_SETITIMER 1
| #define HAVE_STATFS 1
| #define HAVE_TCGETPGRP 1
| #define HAVE_UNAME 1
| #define HAVE_ULIMIT 1
| #define HAVE_WAITPID 1
| #define HAVE_RENAME 1
| #define HAVE_BCOPY 1
| #define HAVE_BZERO 1
| #define HAVE_CLOCK_GETTIME 1
| #define HAVE_CONFSTR 1
| #define HAVE_FACCESSAT 1
| #define HAVE_FNMATCH 1
| #define HAVE_GETADDRINFO 1
| #define HAVE_GETHOSTBYNAME 1
| #define HAVE_GETSERVBYNAME 1
| #define HAVE_GETSERVENT 1
| #define HAVE_INET_ATON 1
| #define HAVE_IMAXDIV 1
| #define HAVE_MEMMOVE 1
| #define HAVE_PATHCONF 1
| #define HAVE_PUTENV 1
| #define HAVE_RAISE 1
| #define HAVE_RANDOM 1
| #define HAVE_REGCOMP 1
| #define HAVE_REGEXEC 1
| #define HAVE_SETENV 1
| #define HAVE_SETLINEBUF 1
| #define HAVE_SETLOCALE 1
| #define HAVE_SETVBUF 1
| #define HAVE_SIGINTERRUPT 1
| #define HAVE_STRCHR 1
| #define HAVE_SYSCONF 1
| #define HAVE_SYSLOG 1
| #define HAVE_TCGETATTR 1
| #define HAVE_TCGETWINSIZE 1
| #define HAVE_TCSETWINSIZE 1
| #define HAVE_TIMES 1
| #define HAVE_TTYNAME 1
| #define HAVE_TZSET 1
| #define HAVE_UNSETENV 1
| #define HAVE_VASPRINTF 1
| #define HAVE_ASPRINTF 1
| #define HAVE_ISASCII 1
| #define HAVE_ISBLANK 1
| #define HAVE_ISGRAPH 1
| #define HAVE_ISPRINT 1
| #define HAVE_ISSPACE 1
| #define HAVE_ISXDIGIT 1
| #define HAVE_GETPWENT 1
| #define HAVE_GETPWNAM 1
| #define HAVE_GETPWUID 1
| #define HAVE_MKSTEMP 1
| #define HAVE_MKDTEMP 1
| #define HAVE_STRLCAT 1
| #define HAVE_MEMFD_CREATE 1
| #define HAVE_SHM_OPEN 1
| #define HAVE_GETCWD 1
| #define HAVE_MEMSET 1
| #define HAVE_STRCASECMP 1
| #define HAVE_STRCASESTR 1
| #define HAVE_STRERROR 1
| #define HAVE_STRFTIME 1
| #define HAVE_STRNLEN 1
| #define HAVE_STRPBRK 1
| #define HAVE_STRSTR 1
| #define HAVE_STRTOD 1
| #define HAVE_STRTOL 1
| #define HAVE_STRTOUL 1
| #define HAVE_STRTOLL 1
| #define HAVE_STRTOULL 1
| #define HAVE_STRTOUMAX 1
| #define HAVE_DPRINTF 1
| #define HAVE_STRDUP 1
| #define HAVE_STRLCPY 1
| #define HAVE_REALLOCARRAY 1
| #define HAVE_DECL_AUDIT_USER_TTY 1
| #define HAVE_DECL_CONFSTR 1
| #define HAVE_DECL_PRINTF 1
| #define HAVE_DECL_BRK 1
| #define HAVE_DECL_SBRK 1
| #define HAVE_DECL_SETREGID 1
| #define HAVE_DECL_STRCPY 1
| #define HAVE_DECL_STRSIGNAL 1
| #define HAVE_SETRESUID 1
| #define HAVE_SETRESGID 1
| #define HAVE_DECL_STRTOLD 1
| #define HAVE_DECL_STRTOL 1
| #define HAVE_DECL_STRTOLL 1
| #define HAVE_DECL_STRTOUL 1
| #define HAVE_DECL_STRTOULL 1
| #define HAVE_DECL_STRTOUMAX 1
| #define HAVE_ERRNO_H 1
| #define HAVE_FCNTL_H 1
| #define HAVE_MALLOC_H 1
| #define HAVE_STDIO_EXT_H 1
| #define HAVE_MALLOC 1
| #define HAVE_MMAP 1
| #define HAVE_DCGETTEXT 1
| #define HAVE_MEMPCPY 1
| #define HAVE_MUNMAP 1
| #define HAVE_MREMAP 1
| #define HAVE_STPCPY 1
| #define HAVE_STRCSPN 1
| #define HAVE_WCTYPE_H 1
| #define HAVE_WCHAR_H 1
| #define HAVE_LANGINFO_H 1
| #define HAVE_MBRLEN 1
| #define HAVE_MBSNRTOWCS 1
| #define HAVE_MBSRTOWCS 1
| #define HAVE_WCRTOMB 1
| #define HAVE_WCSCOLL 1
| #define HAVE_WCSDUP 1
| #define HAVE_WCWIDTH 1
| #define HAVE_WCTYPE 1
| #define HAVE_WCSNRTOMBS 1
| #define HAVE_WCSWIDTH 1
| #define HAVE_MBRTOWC 1
| #define HAVE_MBSTATE_T 1
| #define HAVE_ISWLOWER 1
| #define HAVE_ISWUPPER 1
| #define HAVE_TOWLOWER 1
| #define HAVE_TOWUPPER 1
| #define HAVE_ISWCTYPE 1
| #define HAVE_WCHAR_T 1
| #define HAVE_WCTYPE_T 1
| #define HAVE_WINT_T 1
| #define SIZEOF_WCHAR_T 4
| #define HAVE_LIBDL 1
| #define HAVE_DLOPEN 1
| #define HAVE_DLCLOSE 1
| #define HAVE_DLSYM 1
| #define GETGROUPS_T gid_t
| /* end confdefs.h.  */
| #include <stddef.h>
| #ifdef HAVE_STDIO_H
| # include <stdio.h>
| #endif
| #ifdef HAVE_STDLIB_H
| # include <stdlib.h>
| #endif
| #ifdef HAVE_STRING_H
| # include <string.h>
| #endif
| #ifdef HAVE_INTTYPES_H
| # include <inttypes.h>
| #endif
| #ifdef HAVE_STDINT_H
| # include <stdint.h>
| #endif
| #ifdef HAVE_STRINGS_H
| # include <strings.h>
| #endif
| #ifdef HAVE_SYS_TYPES_H
| # include <sys/types.h>
| #endif
| #ifdef HAVE_SYS_STAT_H
| # include <sys/stat.h>
| #endif
| #ifdef HAVE_UNISTD_H
| # include <unistd.h>
| #endif
| int
| main (void)
| {
| if (sizeof ((intptr_t)))
| 	    return 0;
|   ;
|   return 0;
| }
configure:18138: result: yes
configure:18175: checking for uintptr_t
configure:18175: x86_64-unknown-linux-musl-gcc -c -g -O2 -I/home/samson/Projects/clojv3/./store/musl-1.2.6/include conftest.c >&5
configure:18175: $? = 0
configure:18175: x86_64-unknown-linux-musl-gcc -c -g -O2 -I/home/samson/Projects/clojv3/./store/musl-1.2.6/include conftest.c >&5
conftest.c: In function 'main':
conftest.c:384:24: error: expected expression before ')' token
  384 | if (sizeof ((uintptr_t)))
      |                        ^
configure:18175: $? = 1
configure: failed program was:
| /* confdefs.h */
| #define PACKAGE_NAME "bash"
| #define PACKAGE_TARNAME "bash"
| #define PACKAGE_VERSION "5.3-release"
| #define PACKAGE_STRING "bash 5.3-release"
| #define PACKAGE_BUGREPORT "bug-bash@gnu.org"
| #define PACKAGE_URL ""
| #define ALIAS 1
| #define PUSHD_AND_POPD 1
| #define RESTRICTED_SHELL 1
| #define PROCESS_SUBSTITUTION 1
| #define PROMPT_STRING_DECODE 1
| #define SELECT_COMMAND 1
| #define HELP_BUILTIN 1
| #define ARRAY_VARS 1
| #define DPAREN_ARITHMETIC 1
| #define BRACE_EXPANSION 1
| #define COMMAND_TIMING 1
| #define EXTENDED_GLOB 1
| #define EXTGLOB_DEFAULT 0
| #define COND_COMMAND 1
| #define COND_REGEXP 1
| #define COPROCESS_SUPPORT 1
| #define ARITH_FOR_COMMAND 1
| #define NETWORK_REDIRECTIONS 1
| #define PROGRAMMABLE_COMPLETION 1
| #define DEBUGGER 1
| #define CASEMOD_ATTRS 1
| #define CASEMOD_EXPANSIONS 1
| #define GLOBASCII_DEFAULT 1
| #define FUNCTION_IMPORT 1
| #define TRANSLATABLE_STRINGS 1
| #define BASH_SOURCE_FULLPATH_DEFAULT 0
| #define MEMSCRAMBLE 1
| #define HAVE_STDIO_H 1
| #define HAVE_STDLIB_H 1
| #define HAVE_STRING_H 1
| #define HAVE_INTTYPES_H 1
| #define HAVE_STDINT_H 1
| #define HAVE_STRINGS_H 1
| #define HAVE_SYS_STAT_H 1
| #define HAVE_SYS_TYPES_H 1
| #define HAVE_UNISTD_H 1
| #define HAVE_WCHAR_H 1
| #define HAVE_STDBOOL_H 1
| #define HAVE_SYS_PARAM_H 1
| #define HAVE_THREADS_H 1
| #define HAVE_SYS_TIME_H 1
| #define STDC_HEADERS 1
| #define _ALL_SOURCE 1
| #define _DARWIN_C_SOURCE 1
| #define _GNU_SOURCE 1
| #define _HPUX_ALT_XOPEN_SOCKET_API 1
| #define _NETBSD_SOURCE 1
| #define _OPENBSD_SOURCE 1
| #define _POSIX_PTHREAD_SEMANTICS 1
| #define __STDC_WANT_IEC_60559_ATTRIBS_EXT__ 1
| #define __STDC_WANT_IEC_60559_BFP_EXT__ 1
| #define __STDC_WANT_IEC_60559_DFP_EXT__ 1
| #define __STDC_WANT_IEC_60559_EXT__ 1
| #define __STDC_WANT_IEC_60559_FUNCS_EXT__ 1
| #define __STDC_WANT_IEC_60559_TYPES_EXT__ 1
| #define __STDC_WANT_LIB_EXT2__ 1
| #define __STDC_WANT_MATH_SPEC_FUNCS__ 1
| #define _TANDEM_SOURCE 1
| #define __EXTENSIONS__ 1
| #define READLINE 1
| #define HISTORY 1
| #define BANG_HISTORY 1
| #define HAVE_STRINGIZE 1
| #define HAVE_LONG_DOUBLE 1
| #define restrict __restrict__
| #define HAVE_C_BOOL 1
| #define HAVE_VISIBILITY 1
| #define HAVE_STDINT_H_WITH_UINTMAX 1
| #define HAVE_ALLOCA_H 1
| #define HAVE_ALLOCA 1
| #define HAVE_GETPAGESIZE 1
| #define HAVE_SYMLINK 1
| #define HAVE_USELOCALE 1
| #define HAVE_VPRINTF 1
| #define HAVE_ALARM 1
| #define HAVE_FPURGE 1
| #define HAVE___FPURGE 1
| #define HAVE_SNPRINTF 1
| #define HAVE_VSNPRINTF 1
| #define HAVE_MMAP 1
| #define INTDIV0_RAISES_SIGFPE 1
| #define HAVE_INTTYPES_H_WITH_UINTMAX 1
| #define HAVE_UNSIGNED_LONG_LONG_INT 1
| #define HAVE_UINTMAX_T 1
| #define HAVE_WEAK_SYMBOLS 1
| #define HAVE_PTHREAD_API 1
| #define USE_POSIX_THREADS 1
| #define USE_POSIX_THREADS_WEAK 1
| #define HAVE_PTHREAD_RWLOCK 1
| #define HAVE_PTHREAD_MUTEX_RECURSIVE 1
| #define HAVE_ICONV 1
| #define ICONV_CONST 
| #define HAVE_BUILTIN_EXPECT 1
| #define HAVE_INTTYPES_H 1
| #define HAVE_UNISTD_H 1
| #define HAVE_SYS_PARAM_H 1
| #define HAVE_GETCWD 1
| #define HAVE_GETEGID 1
| #define HAVE_GETEUID 1
| #define HAVE_GETGID 1
| #define HAVE_GETUID 1
| #define HAVE_MEMPCPY 1
| #define HAVE_MUNMAP 1
| #define HAVE_STPCPY 1
| #define HAVE_STRCASECMP 1
| #define HAVE_TSEARCH 1
| #define HAVE___FSETLOCKING 1
| #define HAVE_DECL_FEOF_UNLOCKED 1
| #define HAVE_DECL_FGETS_UNLOCKED 1
| #define HAVE_LOCALECONV 1
| #define HAVE_LONG_LONG_INT 1
| #define HAVE_WCHAR_T 1
| #define HAVE_WINT_T 1
| #define HAVE_INTMAX_T 1
| #define HAVE_POSIX_PRINTF 1
| #define HAVE_STDINT_H 1
| #define HAVE_STDINT_H 1
| #define HAVE_WORKING_O_NOATIME 0
| #define HAVE_WORKING_O_NOFOLLOW 0
| #define HAVE_WORKING_USELOCALE 1
| #define HAVE_GOOD_USELOCALE 1
| #define FLEXIBLE_ARRAY_MEMBER /**/
| #define HAVE_FEATURES_H 1
| #define HAVE_STDDEF_H 1
| #define HAVE_STDLIB_H 1
| #define HAVE_STRING_H 1
| #define HAVE_ASPRINTF 1
| #define HAVE_WPRINTF 1
| #define HAVE_NEWLOCALE 1
| #define HAVE_PUTENV 1
| #define HAVE_SETENV 1
| #define HAVE_SNPRINTF 1
| #define HAVE_STRNLEN 1
| #define HAVE_USELOCALE 1
| #define HAVE_WCSLEN 1
| #define HAVE_WCSNLEN 1
| #define HAVE_MBRTOWC 1
| #define HAVE_WCRTOMB 1
| #define HAVE_DECL__SNPRINTF 0
| #define HAVE_DECL__SNWPRINTF 0
| #define HAVE_DECL_GETC_UNLOCKED 1
| #define HAVE_NL_LANGINFO 1
| #define HAVE_LANGINFO_CODESET 1
| #define HAVE_LC_MESSAGES 1
| #define ENABLE_NLS 1
| #define HAVE_GETTEXT 1
| #define HAVE_DCGETTEXT 1
| #define HAVE_DIRENT_H 1
| #define MAJOR_IN_SYSMACROS 1
| #define HAVE_INTTYPES_H 1
| #define HAVE_UNISTD_H 1
| #define HAVE_STDLIB_H 1
| #define HAVE_LIMITS_H 1
| #define HAVE_STRING_H 1
| #define HAVE_MEMORY_H 1
| #define HAVE_LOCALE_H 1
| #define HAVE_TERMIOS_H 1
| #define HAVE_DLFCN_H 1
| #define HAVE_STDDEF_H 1
| #define HAVE_STDINT_H 1
| #define HAVE_NETDB_H 1
| #define HAVE_PWD_H 1
| #define HAVE_GRP_H 1
| #define HAVE_STRINGS_H 1
| #define HAVE_STDCKDINT_H 1
| #define HAVE_REGEX_H 1
| #define HAVE_SYSLOG_H 1
| #define HAVE_ULIMIT_H 1
| #define HAVE_SYS_SELECT_H 1
| #define HAVE_SYS_FILE_H 1
| #define HAVE_SYS_IOCTL_H 1
| #define HAVE_SYS_MMAN_H 1
| #define HAVE_SYS_PARAM_H 1
| #define HAVE_SYS_RANDOM_H 1
| #define HAVE_SYS_SOCKET_H 1
| #define HAVE_SYS_STAT_H 1
| #define HAVE_SYS_TIME_H 1
| #define HAVE_SYS_TIMES_H 1
| #define HAVE_SYS_TYPES_H 1
| #define HAVE_SYS_WAIT_H 1
| #define HAVE_NETINET_IN_H 1
| #define HAVE_ARPA_INET_H 1
| #define HAVE_SYS_RESOURCE_H 1
| #define HAVE_ALLOCA_H 1
| #define HAVE_ALLOCA 1
| #define HAVE_CHOWN 1
| #define GETPGRP_VOID 1
| #define HAVE_STRCOLL 1
| #define HAVE_WAIT3 1
| #define HAVE_MKFIFO 1
| #define HAVE_DUP2 1
| #define HAVE_EACCESS 1
| #define HAVE_FCNTL 1
| #define HAVE_GETDTABLESIZE 1
| #define HAVE_GETENTROPY 1
| #define HAVE_GETGROUPS 1
| #define HAVE_GETHOSTNAME 1
| #define HAVE_GETPAGESIZE 1
| #define HAVE_GETPEERNAME 1
| #define HAVE_GETRANDOM 1
| #define HAVE_GETRLIMIT 1
| #define HAVE_GETRUSAGE 1
| #define HAVE_GETTIMEOFDAY 1
| #define HAVE_KILL 1
| #define HAVE_KILLPG 1
| #define HAVE_LSTAT 1
| #define HAVE_NANOSLEEP 1
| #define HAVE_PSELECT 1
| #define HAVE_READLINK 1
| #define HAVE_SELECT 1
| #define HAVE_SETITIMER 1
| #define HAVE_STATFS 1
| #define HAVE_TCGETPGRP 1
| #define HAVE_UNAME 1
| #define HAVE_ULIMIT 1
| #define HAVE_WAITPID 1
| #define HAVE_RENAME 1
| #define HAVE_BCOPY 1
| #define HAVE_BZERO 1
| #define HAVE_CLOCK_GETTIME 1
| #define HAVE_CONFSTR 1
| #define HAVE_FACCESSAT 1
| #define HAVE_FNMATCH 1
| #define HAVE_GETADDRINFO 1
| #define HAVE_GETHOSTBYNAME 1
| #define HAVE_GETSERVBYNAME 1
| #define HAVE_GETSERVENT 1
| #define HAVE_INET_ATON 1
| #define HAVE_IMAXDIV 1
| #define HAVE_MEMMOVE 1
| #define HAVE_PATHCONF 1
| #define HAVE_PUTENV 1
| #define HAVE_RAISE 1
| #define HAVE_RANDOM 1
| #define HAVE_REGCOMP 1
| #define HAVE_REGEXEC 1
| #define HAVE_SETENV 1
| #define HAVE_SETLINEBUF 1
| #define HAVE_SETLOCALE 1
| #define HAVE_SETVBUF 1
| #define HAVE_SIGINTERRUPT 1
| #define HAVE_STRCHR 1
| #define HAVE_SYSCONF 1
| #define HAVE_SYSLOG 1
| #define HAVE_TCGETATTR 1
| #define HAVE_TCGETWINSIZE 1
| #define HAVE_TCSETWINSIZE 1
| #define HAVE_TIMES 1
| #define HAVE_TTYNAME 1
| #define HAVE_TZSET 1
| #define HAVE_UNSETENV 1
| #define HAVE_VASPRINTF 1
| #define HAVE_ASPRINTF 1
| #define HAVE_ISASCII 1
| #define HAVE_ISBLANK 1
| #define HAVE_ISGRAPH 1
| #define HAVE_ISPRINT 1
| #define HAVE_ISSPACE 1
| #define HAVE_ISXDIGIT 1
| #define HAVE_GETPWENT 1
| #define HAVE_GETPWNAM 1
| #define HAVE_GETPWUID 1
| #define HAVE_MKSTEMP 1
| #define HAVE_MKDTEMP 1
| #define HAVE_STRLCAT 1
| #define HAVE_MEMFD_CREATE 1
| #define HAVE_SHM_OPEN 1
| #define HAVE_GETCWD 1
| #define HAVE_MEMSET 1
| #define HAVE_STRCASECMP 1
| #define HAVE_STRCASESTR 1
| #define HAVE_STRERROR 1
| #define HAVE_STRFTIME 1
| #define HAVE_STRNLEN 1
| #define HAVE_STRPBRK 1
| #define HAVE_STRSTR 1
| #define HAVE_STRTOD 1
| #define HAVE_STRTOL 1
| #define HAVE_STRTOUL 1
| #define HAVE_STRTOLL 1
| #define HAVE_STRTOULL 1
| #define HAVE_STRTOUMAX 1
| #define HAVE_DPRINTF 1
| #define HAVE_STRDUP 1
| #define HAVE_STRLCPY 1
| #define HAVE_REALLOCARRAY 1
| #define HAVE_DECL_AUDIT_USER_TTY 1
| #define HAVE_DECL_CONFSTR 1
| #define HAVE_DECL_PRINTF 1
| #define HAVE_DECL_BRK 1
| #define HAVE_DECL_SBRK 1
| #define HAVE_DECL_SETREGID 1
| #define HAVE_DECL_STRCPY 1
| #define HAVE_DECL_STRSIGNAL 1
| #define HAVE_SETRESUID 1
| #define HAVE_SETRESGID 1
| #define HAVE_DECL_STRTOLD 1
| #define HAVE_DECL_STRTOL 1
| #define HAVE_DECL_STRTOLL 1
| #define HAVE_DECL_STRTOUL 1
| #define HAVE_DECL_STRTOULL 1
| #define HAVE_DECL_STRTOUMAX 1
| #define HAVE_ERRNO_H 1
| #define HAVE_FCNTL_H 1
| #define HAVE_MALLOC_H 1
| #define HAVE_STDIO_EXT_H 1
| #define HAVE_MALLOC 1
| #define HAVE_MMAP 1
| #define HAVE_DCGETTEXT 1
| #define HAVE_MEMPCPY 1
| #define HAVE_MUNMAP 1
| #define HAVE_MREMAP 1
| #define HAVE_STPCPY 1
| #define HAVE_STRCSPN 1
| #define HAVE_WCTYPE_H 1
| #define HAVE_WCHAR_H 1
| #define HAVE_LANGINFO_H 1
| #define HAVE_MBRLEN 1
| #define HAVE_MBSNRTOWCS 1
| #define HAVE_MBSRTOWCS 1
| #define HAVE_WCRTOMB 1
| #define HAVE_WCSCOLL 1
| #define HAVE_WCSDUP 1
| #define HAVE_WCWIDTH 1
| #define HAVE_WCTYPE 1
| #define HAVE_WCSNRTOMBS 1
| #define HAVE_WCSWIDTH 1
| #define HAVE_MBRTOWC 1
| #define HAVE_MBSTATE_T 1
| #define HAVE_ISWLOWER 1
| #define HAVE_ISWUPPER 1
| #define HAVE_TOWLOWER 1
| #define HAVE_TOWUPPER 1
| #define HAVE_ISWCTYPE 1
| #define HAVE_WCHAR_T 1
| #define HAVE_WCTYPE_T 1
| #define HAVE_WINT_T 1
| #define SIZEOF_WCHAR_T 4
| #define HAVE_LIBDL 1
| #define HAVE_DLOPEN 1
| #define HAVE_DLCLOSE 1
| #define HAVE_DLSYM 1
| #define GETGROUPS_T gid_t
| #define HAVE_INTPTR_T 1
| /* end confdefs.h.  */
| #include <stddef.h>
| #ifdef HAVE_STDIO_H
| # include <stdio.h>
| #endif
| #ifdef HAVE_STDLIB_H
| # include <stdlib.h>
| #endif
| #ifdef HAVE_STRING_H
| # include <string.h>
| #endif
| #ifdef HAVE_INTTYPES_H
| # include <inttypes.h>
| #endif
| #ifdef HAVE_STDINT_H
| # include <stdint.h>
| #endif
| #ifdef HAVE_STRINGS_H
| # include <strings.h>
| #endif
| #ifdef HAVE_SYS_TYPES_H
| # include <sys/types.h>
| #endif
| #ifdef HAVE_SYS_STAT_H
| # include <sys/stat.h>
| #endif
| #ifdef HAVE_UNISTD_H
| # include <unistd.h>
| #endif
| int
| main (void)
| {
| if (sizeof ((uintptr_t)))
| 	    return 0;
|   ;
|   return 0;
| }
configure:18175: result: yes
configure:18213: checking for ssize_t
configure:18213: x86_64-unknown-linux-musl-gcc -c -g -O2 -I/home/samson/Projects/clojv3/./store/musl-1.2.6/include conftest.c >&5
configure:18213: $? = 0
configure:18213: x86_64-unknown-linux-musl-gcc -c -g -O2 -I/home/samson/Projects/clojv3/./store/musl-1.2.6/include conftest.c >&5
conftest.c: In function 'main':
conftest.c:385:22: error: expected expression before ')' token
  385 | if (sizeof ((ssize_t)))
      |                      ^
configure:18213: $? = 1
configure: failed program was:
| /* confdefs.h */
| #define PACKAGE_NAME "bash"
| #define PACKAGE_TARNAME "bash"
| #define PACKAGE_VERSION "5.3-release"
| #define PACKAGE_STRING "bash 5.3-release"
| #define PACKAGE_BUGREPORT "bug-bash@gnu.org"
| #define PACKAGE_URL ""
| #define ALIAS 1
| #define PUSHD_AND_POPD 1
| #define RESTRICTED_SHELL 1
| #define PROCESS_SUBSTITUTION 1
| #define PROMPT_STRING_DECODE 1
| #define SELECT_COMMAND 1
| #define HELP_BUILTIN 1
| #define ARRAY_VARS 1
| #define DPAREN_ARITHMETIC 1
| #define BRACE_EXPANSION 1
| #define COMMAND_TIMING 1
| #define EXTENDED_GLOB 1
| #define EXTGLOB_DEFAULT 0
| #define COND_COMMAND 1
| #define COND_REGEXP 1
| #define COPROCESS_SUPPORT 1
| #define ARITH_FOR_COMMAND 1
| #define NETWORK_REDIRECTIONS 1
| #define PROGRAMMABLE_COMPLETION 1
| #define DEBUGGER 1
| #define CASEMOD_ATTRS 1
| #define CASEMOD_EXPANSIONS 1
| #define GLOBASCII_DEFAULT 1
| #define FUNCTION_IMPORT 1
| #define TRANSLATABLE_STRINGS 1
| #define BASH_SOURCE_FULLPATH_DEFAULT 0
| #define MEMSCRAMBLE 1
| #define HAVE_STDIO_H 1
| #define HAVE_STDLIB_H 1
| #define HAVE_STRING_H 1
| #define HAVE_INTTYPES_H 1
| #define HAVE_STDINT_H 1
| #define HAVE_STRINGS_H 1
| #define HAVE_SYS_STAT_H 1
| #define HAVE_SYS_TYPES_H 1
| #define HAVE_UNISTD_H 1
| #define HAVE_WCHAR_H 1
| #define HAVE_STDBOOL_H 1
| #define HAVE_SYS_PARAM_H 1
| #define HAVE_THREADS_H 1
| #define HAVE_SYS_TIME_H 1
| #define STDC_HEADERS 1
| #define _ALL_SOURCE 1
| #define _DARWIN_C_SOURCE 1
| #define _GNU_SOURCE 1
| #define _HPUX_ALT_XOPEN_SOCKET_API 1
| #define _NETBSD_SOURCE 1
| #define _OPENBSD_SOURCE 1
| #define _POSIX_PTHREAD_SEMANTICS 1
| #define __STDC_WANT_IEC_60559_ATTRIBS_EXT__ 1
| #define __STDC_WANT_IEC_60559_BFP_EXT__ 1
| #define __STDC_WANT_IEC_60559_DFP_EXT__ 1
| #define __STDC_WANT_IEC_60559_EXT__ 1
| #define __STDC_WANT_IEC_60559_FUNCS_EXT__ 1
| #define __STDC_WANT_IEC_60559_TYPES_EXT__ 1
| #define __STDC_WANT_LIB_EXT2__ 1
| #define __STDC_WANT_MATH_SPEC_FUNCS__ 1
| #define _TANDEM_SOURCE 1
| #define __EXTENSIONS__ 1
| #define READLINE 1
| #define HISTORY 1
| #define BANG_HISTORY 1
| #define HAVE_STRINGIZE 1
| #define HAVE_LONG_DOUBLE 1
| #define restrict __restrict__
| #define HAVE_C_BOOL 1
| #define HAVE_VISIBILITY 1
| #define HAVE_STDINT_H_WITH_UINTMAX 1
| #define HAVE_ALLOCA_H 1
| #define HAVE_ALLOCA 1
| #define HAVE_GETPAGESIZE 1
| #define HAVE_SYMLINK 1
| #define HAVE_USELOCALE 1
| #define HAVE_VPRINTF 1
| #define HAVE_ALARM 1
| #define HAVE_FPURGE 1
| #define HAVE___FPURGE 1
| #define HAVE_SNPRINTF 1
| #define HAVE_VSNPRINTF 1
| #define HAVE_MMAP 1
| #define INTDIV0_RAISES_SIGFPE 1
| #define HAVE_INTTYPES_H_WITH_UINTMAX 1
| #define HAVE_UNSIGNED_LONG_LONG_INT 1
| #define HAVE_UINTMAX_T 1
| #define HAVE_WEAK_SYMBOLS 1
| #define HAVE_PTHREAD_API 1
| #define USE_POSIX_THREADS 1
| #define USE_POSIX_THREADS_WEAK 1
| #define HAVE_PTHREAD_RWLOCK 1
| #define HAVE_PTHREAD_MUTEX_RECURSIVE 1
| #define HAVE_ICONV 1
| #define ICONV_CONST 
| #define HAVE_BUILTIN_EXPECT 1
| #define HAVE_INTTYPES_H 1
| #define HAVE_UNISTD_H 1
| #define HAVE_SYS_PARAM_H 1
| #define HAVE_GETCWD 1
| #define HAVE_GETEGID 1
| #define HAVE_GETEUID 1
| #define HAVE_GETGID 1
| #define HAVE_GETUID 1
| #define HAVE_MEMPCPY 1
| #define HAVE_MUNMAP 1
| #define HAVE_STPCPY 1
| #define HAVE_STRCASECMP 1
| #define HAVE_TSEARCH 1
| #define HAVE___FSETLOCKING 1
| #define HAVE_DECL_FEOF_UNLOCKED 1
| #define HAVE_DECL_FGETS_UNLOCKED 1
| #define HAVE_LOCALECONV 1
| #define HAVE_LONG_LONG_INT 1
| #define HAVE_WCHAR_T 1
| #define HAVE_WINT_T 1
| #define HAVE_INTMAX_T 1
| #define HAVE_POSIX_PRINTF 1
| #define HAVE_STDINT_H 1
| #define HAVE_STDINT_H 1
| #define HAVE_WORKING_O_NOATIME 0
| #define HAVE_WORKING_O_NOFOLLOW 0
| #define HAVE_WORKING_USELOCALE 1
| #define HAVE_GOOD_USELOCALE 1
| #define FLEXIBLE_ARRAY_MEMBER /**/
| #define HAVE_FEATURES_H 1
| #define HAVE_STDDEF_H 1
| #define HAVE_STDLIB_H 1
| #define HAVE_STRING_H 1
| #define HAVE_ASPRINTF 1
| #define HAVE_WPRINTF 1
| #define HAVE_NEWLOCALE 1
| #define HAVE_PUTENV 1
| #define HAVE_SETENV 1
| #define HAVE_SNPRINTF 1
| #define HAVE_STRNLEN 1
| #define HAVE_USELOCALE 1
| #define HAVE_WCSLEN 1
| #define HAVE_WCSNLEN 1
| #define HAVE_MBRTOWC 1
| #define HAVE_WCRTOMB 1
| #define HAVE_DECL__SNPRINTF 0
| #define HAVE_DECL__SNWPRINTF 0
| #define HAVE_DECL_GETC_UNLOCKED 1
| #define HAVE_NL_LANGINFO 1
| #define HAVE_LANGINFO_CODESET 1
| #define HAVE_LC_MESSAGES 1
| #define ENABLE_NLS 1
| #define HAVE_GETTEXT 1
| #define HAVE_DCGETTEXT 1
| #define HAVE_DIRENT_H 1
| #define MAJOR_IN_SYSMACROS 1
| #define HAVE_INTTYPES_H 1
| #define HAVE_UNISTD_H 1
| #define HAVE_STDLIB_H 1
| #define HAVE_LIMITS_H 1
| #define HAVE_STRING_H 1
| #define HAVE_MEMORY_H 1
| #define HAVE_LOCALE_H 1
| #define HAVE_TERMIOS_H 1
| #define HAVE_DLFCN_H 1
| #define HAVE_STDDEF_H 1
| #define HAVE_STDINT_H 1
| #define HAVE_NETDB_H 1
| #define HAVE_PWD_H 1
| #define HAVE_GRP_H 1
| #define HAVE_STRINGS_H 1
| #define HAVE_STDCKDINT_H 1
| #define HAVE_REGEX_H 1
| #define HAVE_SYSLOG_H 1
| #define HAVE_ULIMIT_H 1
| #define HAVE_SYS_SELECT_H 1
| #define HAVE_SYS_FILE_H 1
| #define HAVE_SYS_IOCTL_H 1
| #define HAVE_SYS_MMAN_H 1
| #define HAVE_SYS_PARAM_H 1
| #define HAVE_SYS_RANDOM_H 1
| #define HAVE_SYS_SOCKET_H 1
| #define HAVE_SYS_STAT_H 1
| #define HAVE_SYS_TIME_H 1
| #define HAVE_SYS_TIMES_H 1
| #define HAVE_SYS_TYPES_H 1
| #define HAVE_SYS_WAIT_H 1
| #define HAVE_NETINET_IN_H 1
| #define HAVE_ARPA_INET_H 1
| #define HAVE_SYS_RESOURCE_H 1
| #define HAVE_ALLOCA_H 1
| #define HAVE_ALLOCA 1
| #define HAVE_CHOWN 1
| #define GETPGRP_VOID 1
| #define HAVE_STRCOLL 1
| #define HAVE_WAIT3 1
| #define HAVE_MKFIFO 1
| #define HAVE_DUP2 1
| #define HAVE_EACCESS 1
| #define HAVE_FCNTL 1
| #define HAVE_GETDTABLESIZE 1
| #define HAVE_GETENTROPY 1
| #define HAVE_GETGROUPS 1
| #define HAVE_GETHOSTNAME 1
| #define HAVE_GETPAGESIZE 1
| #define HAVE_GETPEERNAME 1
| #define HAVE_GETRANDOM 1
| #define HAVE_GETRLIMIT 1
| #define HAVE_GETRUSAGE 1
| #define HAVE_GETTIMEOFDAY 1
| #define HAVE_KILL 1
| #define HAVE_KILLPG 1
| #define HAVE_LSTAT 1
| #define HAVE_NANOSLEEP 1
| #define HAVE_PSELECT 1
| #define HAVE_READLINK 1
| #define HAVE_SELECT 1
| #define HAVE_SETITIMER 1
| #define HAVE_STATFS 1
| #define HAVE_TCGETPGRP 1
| #define HAVE_UNAME 1
| #define HAVE_ULIMIT 1
| #define HAVE_WAITPID 1
| #define HAVE_RENAME 1
| #define HAVE_BCOPY 1
| #define HAVE_BZERO 1
| #define HAVE_CLOCK_GETTIME 1
| #define HAVE_CONFSTR 1
| #define HAVE_FACCESSAT 1
| #define HAVE_FNMATCH 1
| #define HAVE_GETADDRINFO 1
| #define HAVE_GETHOSTBYNAME 1
| #define HAVE_GETSERVBYNAME 1
| #define HAVE_GETSERVENT 1
| #define HAVE_INET_ATON 1
| #define HAVE_IMAXDIV 1
| #define HAVE_MEMMOVE 1
| #define HAVE_PATHCONF 1
| #define HAVE_PUTENV 1
| #define HAVE_RAISE 1
| #define HAVE_RANDOM 1
| #define HAVE_REGCOMP 1
| #define HAVE_REGEXEC 1
| #define HAVE_SETENV 1
| #define HAVE_SETLINEBUF 1
| #define HAVE_SETLOCALE 1
| #define HAVE_SETVBUF 1
| #define HAVE_SIGINTERRUPT 1
| #define HAVE_STRCHR 1
| #define HAVE_SYSCONF 1
| #define HAVE_SYSLOG 1
| #define HAVE_TCGETATTR 1
| #define HAVE_TCGETWINSIZE 1
| #define HAVE_TCSETWINSIZE 1
| #define HAVE_TIMES 1
| #define HAVE_TTYNAME 1
| #define HAVE_TZSET 1
| #define HAVE_UNSETENV 1
| #define HAVE_VASPRINTF 1
| #define HAVE_ASPRINTF 1
| #define HAVE_ISASCII 1
| #define HAVE_ISBLANK 1
| #define HAVE_ISGRAPH 1
| #define HAVE_ISPRINT 1
| #define HAVE_ISSPACE 1
| #define HAVE_ISXDIGIT 1
| #define HAVE_GETPWENT 1
| #define HAVE_GETPWNAM 1
| #define HAVE_GETPWUID 1
| #define HAVE_MKSTEMP 1
| #define HAVE_MKDTEMP 1
| #define HAVE_STRLCAT 1
| #define HAVE_MEMFD_CREATE 1
| #define HAVE_SHM_OPEN 1
| #define HAVE_GETCWD 1
| #define HAVE_MEMSET 1
| #define HAVE_STRCASECMP 1
| #define HAVE_STRCASESTR 1
| #define HAVE_STRERROR 1
| #define HAVE_STRFTIME 1
| #define HAVE_STRNLEN 1
| #define HAVE_STRPBRK 1
| #define HAVE_STRSTR 1
| #define HAVE_STRTOD 1
| #define HAVE_STRTOL 1
| #define HAVE_STRTOUL 1
| #define HAVE_STRTOLL 1
| #define HAVE_STRTOULL 1
| #define HAVE_STRTOUMAX 1
| #define HAVE_DPRINTF 1
| #define HAVE_STRDUP 1
| #define HAVE_STRLCPY 1
| #define HAVE_REALLOCARRAY 1
| #define HAVE_DECL_AUDIT_USER_TTY 1
| #define HAVE_DECL_CONFSTR 1
| #define HAVE_DECL_PRINTF 1
| #define HAVE_DECL_BRK 1
| #define HAVE_DECL_SBRK 1
| #define HAVE_DECL_SETREGID 1
| #define HAVE_DECL_STRCPY 1
| #define HAVE_DECL_STRSIGNAL 1
| #define HAVE_SETRESUID 1
| #define HAVE_SETRESGID 1
| #define HAVE_DECL_STRTOLD 1
| #define HAVE_DECL_STRTOL 1
| #define HAVE_DECL_STRTOLL 1
| #define HAVE_DECL_STRTOUL 1
| #define HAVE_DECL_STRTOULL 1
| #define HAVE_DECL_STRTOUMAX 1
| #define HAVE_ERRNO_H 1
| #define HAVE_FCNTL_H 1
| #define HAVE_MALLOC_H 1
| #define HAVE_STDIO_EXT_H 1
| #define HAVE_MALLOC 1
| #define HAVE_MMAP 1
| #define HAVE_DCGETTEXT 1
| #define HAVE_MEMPCPY 1
| #define HAVE_MUNMAP 1
| #define HAVE_MREMAP 1
| #define HAVE_STPCPY 1
| #define HAVE_STRCSPN 1
| #define HAVE_WCTYPE_H 1
| #define HAVE_WCHAR_H 1
| #define HAVE_LANGINFO_H 1
| #define HAVE_MBRLEN 1
| #define HAVE_MBSNRTOWCS 1
| #define HAVE_MBSRTOWCS 1
| #define HAVE_WCRTOMB 1
| #define HAVE_WCSCOLL 1
| #define HAVE_WCSDUP 1
| #define HAVE_WCWIDTH 1
| #define HAVE_WCTYPE 1
| #define HAVE_WCSNRTOMBS 1
| #define HAVE_WCSWIDTH 1
| #define HAVE_MBRTOWC 1
| #define HAVE_MBSTATE_T 1
| #define HAVE_ISWLOWER 1
| #define HAVE_ISWUPPER 1
| #define HAVE_TOWLOWER 1
| #define HAVE_TOWUPPER 1
| #define HAVE_ISWCTYPE 1
| #define HAVE_WCHAR_T 1
| #define HAVE_WCTYPE_T 1
| #define HAVE_WINT_T 1
| #define SIZEOF_WCHAR_T 4
| #define HAVE_LIBDL 1
| #define HAVE_DLOPEN 1
| #define HAVE_DLCLOSE 1
| #define HAVE_DLSYM 1
| #define GETGROUPS_T gid_t
| #define HAVE_INTPTR_T 1
| #define HAVE_UINTPTR_T 1
| /* end confdefs.h.  */
| #include <stddef.h>
| #ifdef HAVE_STDIO_H
| # include <stdio.h>
| #endif
| #ifdef HAVE_STDLIB_H
| # include <stdlib.h>
| #endif
| #ifdef HAVE_STRING_H
| # include <string.h>
| #endif
| #ifdef HAVE_INTTYPES_H
| # include <inttypes.h>
| #endif
| #ifdef HAVE_STDINT_H
| # include <stdint.h>
| #endif
| #ifdef HAVE_STRINGS_H
| # include <strings.h>
| #endif
| #ifdef HAVE_SYS_TYPES_H
| # include <sys/types.h>
| #endif
| #ifdef HAVE_SYS_STAT_H
| # include <sys/stat.h>
| #endif
| #ifdef HAVE_UNISTD_H
| # include <unistd.h>
| #endif
| int
| main (void)
| {
| if (sizeof ((ssize_t)))
| 	    return 0;
|   ;
|   return 0;
| }
configure:18213: result: yes
configure:18224: checking for time_t
configure:18224: x86_64-unknown-linux-musl-gcc -c -g -O2 -I/home/samson/Projects/clojv3/./store/musl-1.2.6/include conftest.c >&5
configure:18224: $? = 0
configure:18224: x86_64-unknown-linux-musl-gcc -c -g -O2 -I/home/samson/Projects/clojv3/./store/musl-1.2.6/include conftest.c >&5
conftest.c: In function 'main':
conftest.c:385:21: error: expected expression before ')' token
  385 | if (sizeof ((time_t)))
      |                     ^
configure:18224: $? = 1
configure: failed program was:
| /* confdefs.h */
| #define PACKAGE_NAME "bash"
| #define PACKAGE_TARNAME "bash"
| #define PACKAGE_VERSION "5.3-release"
| #define PACKAGE_STRING "bash 5.3-release"
| #define PACKAGE_BUGREPORT "bug-bash@gnu.org"
| #define PACKAGE_URL ""
| #define ALIAS 1
| #define PUSHD_AND_POPD 1
| #define RESTRICTED_SHELL 1
| #define PROCESS_SUBSTITUTION 1
| #define PROMPT_STRING_DECODE 1
| #define SELECT_COMMAND 1
| #define HELP_BUILTIN 1
| #define ARRAY_VARS 1
| #define DPAREN_ARITHMETIC 1
| #define BRACE_EXPANSION 1
| #define COMMAND_TIMING 1
| #define EXTENDED_GLOB 1
| #define EXTGLOB_DEFAULT 0
| #define COND_COMMAND 1
| #define COND_REGEXP 1
| #define COPROCESS_SUPPORT 1
| #define ARITH_FOR_COMMAND 1
| #define NETWORK_REDIRECTIONS 1
| #define PROGRAMMABLE_COMPLETION 1
| #define DEBUGGER 1
| #define CASEMOD_ATTRS 1
| #define CASEMOD_EXPANSIONS 1
| #define GLOBASCII_DEFAULT 1
| #define FUNCTION_IMPORT 1
| #define TRANSLATABLE_STRINGS 1
| #define BASH_SOURCE_FULLPATH_DEFAULT 0
| #define MEMSCRAMBLE 1
| #define HAVE_STDIO_H 1
| #define HAVE_STDLIB_H 1
| #define HAVE_STRING_H 1
| #define HAVE_INTTYPES_H 1
| #define HAVE_STDINT_H 1
| #define HAVE_STRINGS_H 1
| #define HAVE_SYS_STAT_H 1
| #define HAVE_SYS_TYPES_H 1
| #define HAVE_UNISTD_H 1
| #define HAVE_WCHAR_H 1
| #define HAVE_STDBOOL_H 1
| #define HAVE_SYS_PARAM_H 1
| #define HAVE_THREADS_H 1
| #define HAVE_SYS_TIME_H 1
| #define STDC_HEADERS 1
| #define _ALL_SOURCE 1
| #define _DARWIN_C_SOURCE 1
| #define _GNU_SOURCE 1
| #define _HPUX_ALT_XOPEN_SOCKET_API 1
| #define _NETBSD_SOURCE 1
| #define _OPENBSD_SOURCE 1
| #define _POSIX_PTHREAD_SEMANTICS 1
| #define __STDC_WANT_IEC_60559_ATTRIBS_EXT__ 1
| #define __STDC_WANT_IEC_60559_BFP_EXT__ 1
| #define __STDC_WANT_IEC_60559_DFP_EXT__ 1
| #define __STDC_WANT_IEC_60559_EXT__ 1
| #define __STDC_WANT_IEC_60559_FUNCS_EXT__ 1
| #define __STDC_WANT_IEC_60559_TYPES_EXT__ 1
| #define __STDC_WANT_LIB_EXT2__ 1
| #define __STDC_WANT_MATH_SPEC_FUNCS__ 1
| #define _TANDEM_SOURCE 1
| #define __EXTENSIONS__ 1
| #define READLINE 1
| #define HISTORY 1
| #define BANG_HISTORY 1
| #define HAVE_STRINGIZE 1
| #define HAVE_LONG_DOUBLE 1
| #define restrict __restrict__
| #define HAVE_C_BOOL 1
| #define HAVE_VISIBILITY 1
| #define HAVE_STDINT_H_WITH_UINTMAX 1
| #define HAVE_ALLOCA_H 1
| #define HAVE_ALLOCA 1
| #define HAVE_GETPAGESIZE 1
| #define HAVE_SYMLINK 1
| #define HAVE_USELOCALE 1
| #define HAVE_VPRINTF 1
| #define HAVE_ALARM 1
| #define HAVE_FPURGE 1
| #define HAVE___FPURGE 1
| #define HAVE_SNPRINTF 1
| #define HAVE_VSNPRINTF 1
| #define HAVE_MMAP 1
| #define INTDIV0_RAISES_SIGFPE 1
| #define HAVE_INTTYPES_H_WITH_UINTMAX 1
| #define HAVE_UNSIGNED_LONG_LONG_INT 1
| #define HAVE_UINTMAX_T 1
| #define HAVE_WEAK_SYMBOLS 1
| #define HAVE_PTHREAD_API 1
| #define USE_POSIX_THREADS 1
| #define USE_POSIX_THREADS_WEAK 1
| #define HAVE_PTHREAD_RWLOCK 1
| #define HAVE_PTHREAD_MUTEX_RECURSIVE 1
| #define HAVE_ICONV 1
| #define ICONV_CONST 
| #define HAVE_BUILTIN_EXPECT 1
| #define HAVE_INTTYPES_H 1
| #define HAVE_UNISTD_H 1
| #define HAVE_SYS_PARAM_H 1
| #define HAVE_GETCWD 1
| #define HAVE_GETEGID 1
| #define HAVE_GETEUID 1
| #define HAVE_GETGID 1
| #define HAVE_GETUID 1
| #define HAVE_MEMPCPY 1
| #define HAVE_MUNMAP 1
| #define HAVE_STPCPY 1
| #define HAVE_STRCASECMP 1
| #define HAVE_TSEARCH 1
| #define HAVE___FSETLOCKING 1
| #define HAVE_DECL_FEOF_UNLOCKED 1
| #define HAVE_DECL_FGETS_UNLOCKED 1
| #define HAVE_LOCALECONV 1
| #define HAVE_LONG_LONG_INT 1
| #define HAVE_WCHAR_T 1
| #define HAVE_WINT_T 1
| #define HAVE_INTMAX_T 1
| #define HAVE_POSIX_PRINTF 1
| #define HAVE_STDINT_H 1
| #define HAVE_STDINT_H 1
| #define HAVE_WORKING_O_NOATIME 0
| #define HAVE_WORKING_O_NOFOLLOW 0
| #define HAVE_WORKING_USELOCALE 1
| #define HAVE_GOOD_USELOCALE 1
| #define FLEXIBLE_ARRAY_MEMBER /**/
| #define HAVE_FEATURES_H 1
| #define HAVE_STDDEF_H 1
| #define HAVE_STDLIB_H 1
| #define HAVE_STRING_H 1
| #define HAVE_ASPRINTF 1
| #define HAVE_WPRINTF 1
| #define HAVE_NEWLOCALE 1
| #define HAVE_PUTENV 1
| #define HAVE_SETENV 1
| #define HAVE_SNPRINTF 1
| #define HAVE_STRNLEN 1
| #define HAVE_USELOCALE 1
| #define HAVE_WCSLEN 1
| #define HAVE_WCSNLEN 1
| #define HAVE_MBRTOWC 1
| #define HAVE_WCRTOMB 1
| #define HAVE_DECL__SNPRINTF 0
| #define HAVE_DECL__SNWPRINTF 0
| #define HAVE_DECL_GETC_UNLOCKED 1
| #define HAVE_NL_LANGINFO 1
| #define HAVE_LANGINFO_CODESET 1
| #define HAVE_LC_MESSAGES 1
| #define ENABLE_NLS 1
| #define HAVE_GETTEXT 1
| #define HAVE_DCGETTEXT 1
| #define HAVE_DIRENT_H 1
| #define MAJOR_IN_SYSMACROS 1
| #define HAVE_INTTYPES_H 1
| #define HAVE_UNISTD_H 1
| #define HAVE_STDLIB_H 1
| #define HAVE_LIMITS_H 1
| #define HAVE_STRING_H 1
| #define HAVE_MEMORY_H 1
| #define HAVE_LOCALE_H 1
| #define HAVE_TERMIOS_H 1
| #define HAVE_DLFCN_H 1
| #define HAVE_STDDEF_H 1
| #define HAVE_STDINT_H 1
| #define HAVE_NETDB_H 1
| #define HAVE_PWD_H 1
| #define HAVE_GRP_H 1
| #define HAVE_STRINGS_H 1
| #define HAVE_STDCKDINT_H 1
| #define HAVE_REGEX_H 1
| #define HAVE_SYSLOG_H 1
| #define HAVE_ULIMIT_H 1
| #define HAVE_SYS_SELECT_H 1
| #define HAVE_SYS_FILE_H 1
| #define HAVE_SYS_IOCTL_H 1
| #define HAVE_SYS_MMAN_H 1
| #define HAVE_SYS_PARAM_H 1
| #define HAVE_SYS_RANDOM_H 1
| #define HAVE_SYS_SOCKET_H 1
| #define HAVE_SYS_STAT_H 1
| #define HAVE_SYS_TIME_H 1
| #define HAVE_SYS_TIMES_H 1
| #define HAVE_SYS_TYPES_H 1
| #define HAVE_SYS_WAIT_H 1
| #define HAVE_NETINET_IN_H 1
| #define HAVE_ARPA_INET_H 1
| #define HAVE_SYS_RESOURCE_H 1
| #define HAVE_ALLOCA_H 1
| #define HAVE_ALLOCA 1
| #define HAVE_CHOWN 1
| #define GETPGRP_VOID 1
| #define HAVE_STRCOLL 1
| #define HAVE_WAIT3 1
| #define HAVE_MKFIFO 1
| #define HAVE_DUP2 1
| #define HAVE_EACCESS 1
| #define HAVE_FCNTL 1
| #define HAVE_GETDTABLESIZE 1
| #define HAVE_GETENTROPY 1
| #define HAVE_GETGROUPS 1
| #define HAVE_GETHOSTNAME 1
| #define HAVE_GETPAGESIZE 1
| #define HAVE_GETPEERNAME 1
| #define HAVE_GETRANDOM 1
| #define HAVE_GETRLIMIT 1
| #define HAVE_GETRUSAGE 1
| #define HAVE_GETTIMEOFDAY 1
| #define HAVE_KILL 1
| #define HAVE_KILLPG 1
| #define HAVE_LSTAT 1
| #define HAVE_NANOSLEEP 1
| #define HAVE_PSELECT 1
| #define HAVE_READLINK 1
| #define HAVE_SELECT 1
| #define HAVE_SETITIMER 1
| #define HAVE_STATFS 1
| #define HAVE_TCGETPGRP 1
| #define HAVE_UNAME 1
| #define HAVE_ULIMIT 1
| #define HAVE_WAITPID 1
| #define HAVE_RENAME 1
| #define HAVE_BCOPY 1
| #define HAVE_BZERO 1
| #define HAVE_CLOCK_GETTIME 1
| #define HAVE_CONFSTR 1
| #define HAVE_FACCESSAT 1
| #define HAVE_FNMATCH 1
| #define HAVE_GETADDRINFO 1
| #define HAVE_GETHOSTBYNAME 1
| #define HAVE_GETSERVBYNAME 1
| #define HAVE_GETSERVENT 1
| #define HAVE_INET_ATON 1
| #define HAVE_IMAXDIV 1
| #define HAVE_MEMMOVE 1
| #define HAVE_PATHCONF 1
| #define HAVE_PUTENV 1
| #define HAVE_RAISE 1
| #define HAVE_RANDOM 1
| #define HAVE_REGCOMP 1
| #define HAVE_REGEXEC 1
| #define HAVE_SETENV 1
| #define HAVE_SETLINEBUF 1
| #define HAVE_SETLOCALE 1
| #define HAVE_SETVBUF 1
| #define HAVE_SIGINTERRUPT 1
| #define HAVE_STRCHR 1
| #define HAVE_SYSCONF 1
| #define HAVE_SYSLOG 1
| #define HAVE_TCGETATTR 1
| #define HAVE_TCGETWINSIZE 1
| #define HAVE_TCSETWINSIZE 1
| #define HAVE_TIMES 1
| #define HAVE_TTYNAME 1
| #define HAVE_TZSET 1
| #define HAVE_UNSETENV 1
| #define HAVE_VASPRINTF 1
| #define HAVE_ASPRINTF 1
| #define HAVE_ISASCII 1
| #define HAVE_ISBLANK 1
| #define HAVE_ISGRAPH 1
| #define HAVE_ISPRINT 1
| #define HAVE_ISSPACE 1
| #define HAVE_ISXDIGIT 1
| #define HAVE_GETPWENT 1
| #define HAVE_GETPWNAM 1
| #define HAVE_GETPWUID 1
| #define HAVE_MKSTEMP 1
| #define HAVE_MKDTEMP 1
| #define HAVE_STRLCAT 1
| #define HAVE_MEMFD_CREATE 1
| #define HAVE_SHM_OPEN 1
| #define HAVE_GETCWD 1
| #define HAVE_MEMSET 1
| #define HAVE_STRCASECMP 1
| #define HAVE_STRCASESTR 1
| #define HAVE_STRERROR 1
| #define HAVE_STRFTIME 1
| #define HAVE_STRNLEN 1
| #define HAVE_STRPBRK 1
| #define HAVE_STRSTR 1
| #define HAVE_STRTOD 1
| #define HAVE_STRTOL 1
| #define HAVE_STRTOUL 1
| #define HAVE_STRTOLL 1
| #define HAVE_STRTOULL 1
| #define HAVE_STRTOUMAX 1
| #define HAVE_DPRINTF 1
| #define HAVE_STRDUP 1
| #define HAVE_STRLCPY 1
| #define HAVE_REALLOCARRAY 1
| #define HAVE_DECL_AUDIT_USER_TTY 1
| #define HAVE_DECL_CONFSTR 1
| #define HAVE_DECL_PRINTF 1
| #define HAVE_DECL_BRK 1
| #define HAVE_DECL_SBRK 1
| #define HAVE_DECL_SETREGID 1
| #define HAVE_DECL_STRCPY 1
| #define HAVE_DECL_STRSIGNAL 1
| #define HAVE_SETRESUID 1
| #define HAVE_SETRESGID 1
| #define HAVE_DECL_STRTOLD 1
| #define HAVE_DECL_STRTOL 1
| #define HAVE_DECL_STRTOLL 1
| #define HAVE_DECL_STRTOUL 1
| #define HAVE_DECL_STRTOULL 1
| #define HAVE_DECL_STRTOUMAX 1
| #define HAVE_ERRNO_H 1
| #define HAVE_FCNTL_H 1
| #define HAVE_MALLOC_H 1
| #define HAVE_STDIO_EXT_H 1
| #define HAVE_MALLOC 1
| #define HAVE_MMAP 1
| #define HAVE_DCGETTEXT 1
| #define HAVE_MEMPCPY 1
| #define HAVE_MUNMAP 1
| #define HAVE_MREMAP 1
| #define HAVE_STPCPY 1
| #define HAVE_STRCSPN 1
| #define HAVE_WCTYPE_H 1
| #define HAVE_WCHAR_H 1
| #define HAVE_LANGINFO_H 1
| #define HAVE_MBRLEN 1
| #define HAVE_MBSNRTOWCS 1
| #define HAVE_MBSRTOWCS 1
| #define HAVE_WCRTOMB 1
| #define HAVE_WCSCOLL 1
| #define HAVE_WCSDUP 1
| #define HAVE_WCWIDTH 1
| #define HAVE_WCTYPE 1
| #define HAVE_WCSNRTOMBS 1
| #define HAVE_WCSWIDTH 1
| #define HAVE_MBRTOWC 1
| #define HAVE_MBSTATE_T 1
| #define HAVE_ISWLOWER 1
| #define HAVE_ISWUPPER 1
| #define HAVE_TOWLOWER 1
| #define HAVE_TOWUPPER 1
| #define HAVE_ISWCTYPE 1
| #define HAVE_WCHAR_T 1
| #define HAVE_WCTYPE_T 1
| #define HAVE_WINT_T 1
| #define SIZEOF_WCHAR_T 4
| #define HAVE_LIBDL 1
| #define HAVE_DLOPEN 1
| #define HAVE_DLCLOSE 1
| #define HAVE_DLSYM 1
| #define GETGROUPS_T gid_t
| #define HAVE_INTPTR_T 1
| #define HAVE_UINTPTR_T 1
| /* end confdefs.h.  */
| #include <stddef.h>
| #ifdef HAVE_STDIO_H
| # include <stdio.h>
| #endif
| #ifdef HAVE_STDLIB_H
| # include <stdlib.h>
| #endif
| #ifdef HAVE_STRING_H
| # include <string.h>
| #endif
| #ifdef HAVE_INTTYPES_H
| # include <inttypes.h>
| #endif
| #ifdef HAVE_STDINT_H
| # include <stdint.h>
| #endif
| #ifdef HAVE_STRINGS_H
| # include <strings.h>
| #endif
| #ifdef HAVE_SYS_TYPES_H
| # include <sys/types.h>
| #endif
| #ifdef HAVE_SYS_STAT_H
| # include <sys/stat.h>
| #endif
| #ifdef HAVE_UNISTD_H
| # include <unistd.h>
| #endif
| int
| main (void)
| {
| if (sizeof ((time_t)))
| 	    return 0;
|   ;
|   return 0;
| }
configure:18224: result: yes
configure:18238: checking for long long int
configure:18296: result: yes
configure:18305: checking for unsigned long long int
configure:18359: result: yes
configure:18368: checking for sig_atomic_t in signal.h
configure:18385: x86_64-unknown-linux-musl-gcc -o conftest -g -O2 -I/home/samson/Projects/clojv3/./store/musl-1.2.6/include -B/home/samson/Projects/clojv3/./store/musl-1.2.6/lib -L/home/samson/Projects/clojv3/./store/musl-1.2.6/lib -Wl,-rpath,/home/samson/Projects/clojv3/./store/musl-1.2.6/lib -Wl,-dynamic-linker,/home/samson/Projects/clojv3/./store/musl-1.2.6/lib/libc.so conftest.c -ldl  >&5
configure:18385: $? = 0
configure:18396: result: yes
configure:18454: checking size of char
configure:18460: x86_64-unknown-linux-musl-gcc -o conftest -g -O2 -I/home/samson/Projects/clojv3/./store/musl-1.2.6/include -B/home/samson/Projects/clojv3/./store/musl-1.2.6/lib -L/home/samson/Projects/clojv3/./store/musl-1.2.6/lib -Wl,-rpath,/home/samson/Projects/clojv3/./store/musl-1.2.6/lib -Wl,-dynamic-linker,/home/samson/Projects/clojv3/./store/musl-1.2.6/lib/libc.so conftest.c -ldl  >&5
configure:18460: $? = 0
configure:18460: ./conftest
configure:18460: $? = 0
configure:18477: result: 1
configure:18489: checking size of short
configure:18495: x86_64-unknown-linux-musl-gcc -o conftest -g -O2 -I/home/samson/Projects/clojv3/./store/musl-1.2.6/include -B/home/samson/Projects/clojv3/./store/musl-1.2.6/lib -L/home/samson/Projects/clojv3/./store/musl-1.2.6/lib -Wl,-rpath,/home/samson/Projects/clojv3/./store/musl-1.2.6/lib -Wl,-dynamic-linker,/home/samson/Projects/clojv3/./store/musl-1.2.6/lib/libc.so conftest.c -ldl  >&5
configure:18495: $? = 0
configure:18495: ./conftest
configure:18495: $? = 0
configure:18512: result: 2
configure:18524: checking size of int
configure:18530: x86_64-unknown-linux-musl-gcc -o conftest -g -O2 -I/home/samson/Projects/clojv3/./store/musl-1.2.6/include -B/home/samson/Projects/clojv3/./store/musl-1.2.6/lib -L/home/samson/Projects/clojv3/./store/musl-1.2.6/lib -Wl,-rpath,/home/samson/Projects/clojv3/./store/musl-1.2.6/lib -Wl,-dynamic-linker,/home/samson/Projects/clojv3/./store/musl-1.2.6/lib/libc.so conftest.c -ldl  >&5
configure:18530: $? = 0
configure:18530: ./conftest
configure:18530: $? = 0
configure:18547: result: 4
configure:18559: checking size of long
configure:18565: x86_64-unknown-linux-musl-gcc -o conftest -g -O2 -I/home/samson/Projects/clojv3/./store/musl-1.2.6/include -B/home/samson/Projects/clojv3/./store/musl-1.2.6/lib -L/home/samson/Projects/clojv3/./store/musl-1.2.6/lib -Wl,-rpath,/home/samson/Projects/clojv3/./store/musl-1.2.6/lib -Wl,-dynamic-linker,/home/samson/Projects/clojv3/./store/musl-1.2.6/lib/libc.so conftest.c -ldl  >&5
configure:18565: $? = 0
configure:18565: ./conftest
configure:18565: $? = 0
configure:18582: result: 8
configure:18594: checking size of char *
configure:18600: x86_64-unknown-linux-musl-gcc -o conftest -g -O2 -I/home/samson/Projects/clojv3/./store/musl-1.2.6/include -B/home/samson/Projects/clojv3/./store/musl-1.2.6/lib -L/home/samson/Projects/clojv3/./store/musl-1.2.6/lib -Wl,-rpath,/home/samson/Projects/clojv3/./store/musl-1.2.6/lib -Wl,-dynamic-linker,/home/samson/Projects/clojv3/./store/musl-1.2.6/lib/libc.so conftest.c -ldl  >&5
configure:18600: $? = 0
configure:18600: ./conftest
configure:18600: $? = 0
configure:18617: result: 8
configure:18629: checking size of size_t
configure:18635: x86_64-unknown-linux-musl-gcc -o conftest -g -O2 -I/home/samson/Projects/clojv3/./store/musl-1.2.6/include -B/home/samson/Projects/clojv3/./store/musl-1.2.6/lib -L/home/samson/Projects/clojv3/./store/musl-1.2.6/lib -Wl,-rpath,/home/samson/Projects/clojv3/./store/musl-1.2.6/lib -Wl,-dynamic-linker,/home/samson/Projects/clojv3/./store/musl-1.2.6/lib/libc.so conftest.c -ldl  >&5
configure:18635: $? = 0
configure:18635: ./conftest
configure:18635: $? = 0
configure:18652: result: 8
configure:18664: checking size of double
configure:18670: x86_64-unknown-linux-musl-gcc -o conftest -g -O2 -I/home/samson/Projects/clojv3/./store/musl-1.2.6/include -B/home/samson/Projects/clojv3/./store/musl-1.2.6/lib -L/home/samson/Projects/clojv3/./store/musl-1.2.6/lib -Wl,-rpath,/home/samson/Projects/clojv3/./store/musl-1.2.6/lib -Wl,-dynamic-linker,/home/samson/Projects/clojv3/./store/musl-1.2.6/lib/libc.so conftest.c -ldl  >&5
configure:18670: $? = 0
configure:18670: ./conftest
configure:18670: $? = 0
configure:18687: result: 8
configure:18699: checking size of long long
configure:18705: x86_64-unknown-linux-musl-gcc -o conftest -g -O2 -I/home/samson/Projects/clojv3/./store/musl-1.2.6/include -B/home/samson/Projects/clojv3/./store/musl-1.2.6/lib -L/home/samson/Projects/clojv3/./store/musl-1.2.6/lib -Wl,-rpath,/home/samson/Projects/clojv3/./store/musl-1.2.6/lib -Wl,-dynamic-linker,/home/samson/Projects/clojv3/./store/musl-1.2.6/lib/libc.so conftest.c -ldl  >&5
configure:18705: $? = 0
configure:18705: ./conftest
configure:18705: $? = 0
configure:18722: result: 8
configure:18733: checking for bits16_t
configure:18733: x86_64-unknown-linux-musl-gcc -c -g -O2 -I/home/samson/Projects/clojv3/./store/musl-1.2.6/include conftest.c >&5
conftest.c: In function 'main':
conftest.c:395:13: error: 'bits16_t' undeclared (first use in this function)
  395 | if (sizeof (bits16_t))
      |             ^~~~~~~~
conftest.c:395:13: note: each undeclared identifier is reported only once for each function it appears in
configure:18733: $? = 1
configure: failed program was:
| /* confdefs.h */
| #define PACKAGE_NAME "bash"
| #define PACKAGE_TARNAME "bash"
| #define PACKAGE_VERSION "5.3-release"
| #define PACKAGE_STRING "bash 5.3-release"
| #define PACKAGE_BUGREPORT "bug-bash@gnu.org"
| #define PACKAGE_URL ""
| #define ALIAS 1
| #define PUSHD_AND_POPD 1
| #define RESTRICTED_SHELL 1
| #define PROCESS_SUBSTITUTION 1
| #define PROMPT_STRING_DECODE 1
| #define SELECT_COMMAND 1
| #define HELP_BUILTIN 1
| #define ARRAY_VARS 1
| #define DPAREN_ARITHMETIC 1
| #define BRACE_EXPANSION 1
| #define COMMAND_TIMING 1
| #define EXTENDED_GLOB 1
| #define EXTGLOB_DEFAULT 0
| #define COND_COMMAND 1
| #define COND_REGEXP 1
| #define COPROCESS_SUPPORT 1
| #define ARITH_FOR_COMMAND 1
| #define NETWORK_REDIRECTIONS 1
| #define PROGRAMMABLE_COMPLETION 1
| #define DEBUGGER 1
| #define CASEMOD_ATTRS 1
| #define CASEMOD_EXPANSIONS 1
| #define GLOBASCII_DEFAULT 1
| #define FUNCTION_IMPORT 1
| #define TRANSLATABLE_STRINGS 1
| #define BASH_SOURCE_FULLPATH_DEFAULT 0
| #define MEMSCRAMBLE 1
| #define HAVE_STDIO_H 1
| #define HAVE_STDLIB_H 1
| #define HAVE_STRING_H 1
| #define HAVE_INTTYPES_H 1
| #define HAVE_STDINT_H 1
| #define HAVE_STRINGS_H 1
| #define HAVE_SYS_STAT_H 1
| #define HAVE_SYS_TYPES_H 1
| #define HAVE_UNISTD_H 1
| #define HAVE_WCHAR_H 1
| #define HAVE_STDBOOL_H 1
| #define HAVE_SYS_PARAM_H 1
| #define HAVE_THREADS_H 1
| #define HAVE_SYS_TIME_H 1
| #define STDC_HEADERS 1
| #define _ALL_SOURCE 1
| #define _DARWIN_C_SOURCE 1
| #define _GNU_SOURCE 1
| #define _HPUX_ALT_XOPEN_SOCKET_API 1
| #define _NETBSD_SOURCE 1
| #define _OPENBSD_SOURCE 1
| #define _POSIX_PTHREAD_SEMANTICS 1
| #define __STDC_WANT_IEC_60559_ATTRIBS_EXT__ 1
| #define __STDC_WANT_IEC_60559_BFP_EXT__ 1
| #define __STDC_WANT_IEC_60559_DFP_EXT__ 1
| #define __STDC_WANT_IEC_60559_EXT__ 1
| #define __STDC_WANT_IEC_60559_FUNCS_EXT__ 1
| #define __STDC_WANT_IEC_60559_TYPES_EXT__ 1
| #define __STDC_WANT_LIB_EXT2__ 1
| #define __STDC_WANT_MATH_SPEC_FUNCS__ 1
| #define _TANDEM_SOURCE 1
| #define __EXTENSIONS__ 1
| #define READLINE 1
| #define HISTORY 1
| #define BANG_HISTORY 1
| #define HAVE_STRINGIZE 1
| #define HAVE_LONG_DOUBLE 1
| #define restrict __restrict__
| #define HAVE_C_BOOL 1
| #define HAVE_VISIBILITY 1
| #define HAVE_STDINT_H_WITH_UINTMAX 1
| #define HAVE_ALLOCA_H 1
| #define HAVE_ALLOCA 1
| #define HAVE_GETPAGESIZE 1
| #define HAVE_SYMLINK 1
| #define HAVE_USELOCALE 1
| #define HAVE_VPRINTF 1
| #define HAVE_ALARM 1
| #define HAVE_FPURGE 1
| #define HAVE___FPURGE 1
| #define HAVE_SNPRINTF 1
| #define HAVE_VSNPRINTF 1
| #define HAVE_MMAP 1
| #define INTDIV0_RAISES_SIGFPE 1
| #define HAVE_INTTYPES_H_WITH_UINTMAX 1
| #define HAVE_UNSIGNED_LONG_LONG_INT 1
| #define HAVE_UINTMAX_T 1
| #define HAVE_WEAK_SYMBOLS 1
| #define HAVE_PTHREAD_API 1
| #define USE_POSIX_THREADS 1
| #define USE_POSIX_THREADS_WEAK 1
| #define HAVE_PTHREAD_RWLOCK 1
| #define HAVE_PTHREAD_MUTEX_RECURSIVE 1
| #define HAVE_ICONV 1
| #define ICONV_CONST 
| #define HAVE_BUILTIN_EXPECT 1
| #define HAVE_INTTYPES_H 1
| #define HAVE_UNISTD_H 1
| #define HAVE_SYS_PARAM_H 1
| #define HAVE_GETCWD 1
| #define HAVE_GETEGID 1
| #define HAVE_GETEUID 1
| #define HAVE_GETGID 1
| #define HAVE_GETUID 1
| #define HAVE_MEMPCPY 1
| #define HAVE_MUNMAP 1
| #define HAVE_STPCPY 1
| #define HAVE_STRCASECMP 1
| #define HAVE_TSEARCH 1
| #define HAVE___FSETLOCKING 1
| #define HAVE_DECL_FEOF_UNLOCKED 1
| #define HAVE_DECL_FGETS_UNLOCKED 1
| #define HAVE_LOCALECONV 1
| #define HAVE_LONG_LONG_INT 1
| #define HAVE_WCHAR_T 1
| #define HAVE_WINT_T 1
| #define HAVE_INTMAX_T 1
| #define HAVE_POSIX_PRINTF 1
| #define HAVE_STDINT_H 1
| #define HAVE_STDINT_H 1
| #define HAVE_WORKING_O_NOATIME 0
| #define HAVE_WORKING_O_NOFOLLOW 0
| #define HAVE_WORKING_USELOCALE 1
| #define HAVE_GOOD_USELOCALE 1
| #define FLEXIBLE_ARRAY_MEMBER /**/
| #define HAVE_FEATURES_H 1
| #define HAVE_STDDEF_H 1
| #define HAVE_STDLIB_H 1
| #define HAVE_STRING_H 1
| #define HAVE_ASPRINTF 1
| #define HAVE_WPRINTF 1
| #define HAVE_NEWLOCALE 1
| #define HAVE_PUTENV 1
| #define HAVE_SETENV 1
| #define HAVE_SNPRINTF 1
| #define HAVE_STRNLEN 1
| #define HAVE_USELOCALE 1
| #define HAVE_WCSLEN 1
| #define HAVE_WCSNLEN 1
| #define HAVE_MBRTOWC 1
| #define HAVE_WCRTOMB 1
| #define HAVE_DECL__SNPRINTF 0
| #define HAVE_DECL__SNWPRINTF 0
| #define HAVE_DECL_GETC_UNLOCKED 1
| #define HAVE_NL_LANGINFO 1
| #define HAVE_LANGINFO_CODESET 1
| #define HAVE_LC_MESSAGES 1
| #define ENABLE_NLS 1
| #define HAVE_GETTEXT 1
| #define HAVE_DCGETTEXT 1
| #define HAVE_DIRENT_H 1
| #define MAJOR_IN_SYSMACROS 1
| #define HAVE_INTTYPES_H 1
| #define HAVE_UNISTD_H 1
| #define HAVE_STDLIB_H 1
| #define HAVE_LIMITS_H 1
| #define HAVE_STRING_H 1
| #define HAVE_MEMORY_H 1
| #define HAVE_LOCALE_H 1
| #define HAVE_TERMIOS_H 1
| #define HAVE_DLFCN_H 1
| #define HAVE_STDDEF_H 1
| #define HAVE_STDINT_H 1
| #define HAVE_NETDB_H 1
| #define HAVE_PWD_H 1
| #define HAVE_GRP_H 1
| #define HAVE_STRINGS_H 1
| #define HAVE_STDCKDINT_H 1
| #define HAVE_REGEX_H 1
| #define HAVE_SYSLOG_H 1
| #define HAVE_ULIMIT_H 1
| #define HAVE_SYS_SELECT_H 1
| #define HAVE_SYS_FILE_H 1
| #define HAVE_SYS_IOCTL_H 1
| #define HAVE_SYS_MMAN_H 1
| #define HAVE_SYS_PARAM_H 1
| #define HAVE_SYS_RANDOM_H 1
| #define HAVE_SYS_SOCKET_H 1
| #define HAVE_SYS_STAT_H 1
| #define HAVE_SYS_TIME_H 1
| #define HAVE_SYS_TIMES_H 1
| #define HAVE_SYS_TYPES_H 1
| #define HAVE_SYS_WAIT_H 1
| #define HAVE_NETINET_IN_H 1
| #define HAVE_ARPA_INET_H 1
| #define HAVE_SYS_RESOURCE_H 1
| #define HAVE_ALLOCA_H 1
| #define HAVE_ALLOCA 1
| #define HAVE_CHOWN 1
| #define GETPGRP_VOID 1
| #define HAVE_STRCOLL 1
| #define HAVE_WAIT3 1
| #define HAVE_MKFIFO 1
| #define HAVE_DUP2 1
| #define HAVE_EACCESS 1
| #define HAVE_FCNTL 1
| #define HAVE_GETDTABLESIZE 1
| #define HAVE_GETENTROPY 1
| #define HAVE_GETGROUPS 1
| #define HAVE_GETHOSTNAME 1
| #define HAVE_GETPAGESIZE 1
| #define HAVE_GETPEERNAME 1
| #define HAVE_GETRANDOM 1
| #define HAVE_GETRLIMIT 1
| #define HAVE_GETRUSAGE 1
| #define HAVE_GETTIMEOFDAY 1
| #define HAVE_KILL 1
| #define HAVE_KILLPG 1
| #define HAVE_LSTAT 1
| #define HAVE_NANOSLEEP 1
| #define HAVE_PSELECT 1
| #define HAVE_READLINK 1
| #define HAVE_SELECT 1
| #define HAVE_SETITIMER 1
| #define HAVE_STATFS 1
| #define HAVE_TCGETPGRP 1
| #define HAVE_UNAME 1
| #define HAVE_ULIMIT 1
| #define HAVE_WAITPID 1
| #define HAVE_RENAME 1
| #define HAVE_BCOPY 1
| #define HAVE_BZERO 1
| #define HAVE_CLOCK_GETTIME 1
| #define HAVE_CONFSTR 1
| #define HAVE_FACCESSAT 1
| #define HAVE_FNMATCH 1
| #define HAVE_GETADDRINFO 1
| #define HAVE_GETHOSTBYNAME 1
| #define HAVE_GETSERVBYNAME 1
| #define HAVE_GETSERVENT 1
| #define HAVE_INET_ATON 1
| #define HAVE_IMAXDIV 1
| #define HAVE_MEMMOVE 1
| #define HAVE_PATHCONF 1
| #define HAVE_PUTENV 1
| #define HAVE_RAISE 1
| #define HAVE_RANDOM 1
| #define HAVE_REGCOMP 1
| #define HAVE_REGEXEC 1
| #define HAVE_SETENV 1
| #define HAVE_SETLINEBUF 1
| #define HAVE_SETLOCALE 1
| #define HAVE_SETVBUF 1
| #define HAVE_SIGINTERRUPT 1
| #define HAVE_STRCHR 1
| #define HAVE_SYSCONF 1
| #define HAVE_SYSLOG 1
| #define HAVE_TCGETATTR 1
| #define HAVE_TCGETWINSIZE 1
| #define HAVE_TCSETWINSIZE 1
| #define HAVE_TIMES 1
| #define HAVE_TTYNAME 1
| #define HAVE_TZSET 1
| #define HAVE_UNSETENV 1
| #define HAVE_VASPRINTF 1
| #define HAVE_ASPRINTF 1
| #define HAVE_ISASCII 1
| #define HAVE_ISBLANK 1
| #define HAVE_ISGRAPH 1
| #define HAVE_ISPRINT 1
| #define HAVE_ISSPACE 1
| #define HAVE_ISXDIGIT 1
| #define HAVE_GETPWENT 1
| #define HAVE_GETPWNAM 1
| #define HAVE_GETPWUID 1
| #define HAVE_MKSTEMP 1
| #define HAVE_MKDTEMP 1
| #define HAVE_STRLCAT 1
| #define HAVE_MEMFD_CREATE 1
| #define HAVE_SHM_OPEN 1
| #define HAVE_GETCWD 1
| #define HAVE_MEMSET 1
| #define HAVE_STRCASECMP 1
| #define HAVE_STRCASESTR 1
| #define HAVE_STRERROR 1
| #define HAVE_STRFTIME 1
| #define HAVE_STRNLEN 1
| #define HAVE_STRPBRK 1
| #define HAVE_STRSTR 1
| #define HAVE_STRTOD 1
| #define HAVE_STRTOL 1
| #define HAVE_STRTOUL 1
| #define HAVE_STRTOLL 1
| #define HAVE_STRTOULL 1
| #define HAVE_STRTOUMAX 1
| #define HAVE_DPRINTF 1
| #define HAVE_STRDUP 1
| #define HAVE_STRLCPY 1
| #define HAVE_REALLOCARRAY 1
| #define HAVE_DECL_AUDIT_USER_TTY 1
| #define HAVE_DECL_CONFSTR 1
| #define HAVE_DECL_PRINTF 1
| #define HAVE_DECL_BRK 1
| #define HAVE_DECL_SBRK 1
| #define HAVE_DECL_SETREGID 1
| #define HAVE_DECL_STRCPY 1
| #define HAVE_DECL_STRSIGNAL 1
| #define HAVE_SETRESUID 1
| #define HAVE_SETRESGID 1
| #define HAVE_DECL_STRTOLD 1
| #define HAVE_DECL_STRTOL 1
| #define HAVE_DECL_STRTOLL 1
| #define HAVE_DECL_STRTOUL 1
| #define HAVE_DECL_STRTOULL 1
| #define HAVE_DECL_STRTOUMAX 1
| #define HAVE_ERRNO_H 1
| #define HAVE_FCNTL_H 1
| #define HAVE_MALLOC_H 1
| #define HAVE_STDIO_EXT_H 1
| #define HAVE_MALLOC 1
| #define HAVE_MMAP 1
| #define HAVE_DCGETTEXT 1
| #define HAVE_MEMPCPY 1
| #define HAVE_MUNMAP 1
| #define HAVE_MREMAP 1
| #define HAVE_STPCPY 1
| #define HAVE_STRCSPN 1
| #define HAVE_WCTYPE_H 1
| #define HAVE_WCHAR_H 1
| #define HAVE_LANGINFO_H 1
| #define HAVE_MBRLEN 1
| #define HAVE_MBSNRTOWCS 1
| #define HAVE_MBSRTOWCS 1
| #define HAVE_WCRTOMB 1
| #define HAVE_WCSCOLL 1
| #define HAVE_WCSDUP 1
| #define HAVE_WCWIDTH 1
| #define HAVE_WCTYPE 1
| #define HAVE_WCSNRTOMBS 1
| #define HAVE_WCSWIDTH 1
| #define HAVE_MBRTOWC 1
| #define HAVE_MBSTATE_T 1
| #define HAVE_ISWLOWER 1
| #define HAVE_ISWUPPER 1
| #define HAVE_TOWLOWER 1
| #define HAVE_TOWUPPER 1
| #define HAVE_ISWCTYPE 1
| #define HAVE_WCHAR_T 1
| #define HAVE_WCTYPE_T 1
| #define HAVE_WINT_T 1
| #define SIZEOF_WCHAR_T 4
| #define HAVE_LIBDL 1
| #define HAVE_DLOPEN 1
| #define HAVE_DLCLOSE 1
| #define HAVE_DLSYM 1
| #define GETGROUPS_T gid_t
| #define HAVE_INTPTR_T 1
| #define HAVE_UINTPTR_T 1
| #define HAVE_LONG_LONG_INT 1
| #define HAVE_UNSIGNED_LONG_LONG_INT 1
| #define SIZEOF_CHAR 1
| #define SIZEOF_SHORT 2
| #define SIZEOF_INT 4
| #define SIZEOF_LONG 8
| #define SIZEOF_CHAR_P 8
| #define SIZEOF_SIZE_T 8
| #define SIZEOF_DOUBLE 8
| #define SIZEOF_LONG_LONG 8
| /* end confdefs.h.  */
| #include <stddef.h>
| #ifdef HAVE_STDIO_H
| # include <stdio.h>
| #endif
| #ifdef HAVE_STDLIB_H
| # include <stdlib.h>
| #endif
| #ifdef HAVE_STRING_H
| # include <string.h>
| #endif
| #ifdef HAVE_INTTYPES_H
| # include <inttypes.h>
| #endif
| #ifdef HAVE_STDINT_H
| # include <stdint.h>
| #endif
| #ifdef HAVE_STRINGS_H
| # include <strings.h>
| #endif
| #ifdef HAVE_SYS_TYPES_H
| # include <sys/types.h>
| #endif
| #ifdef HAVE_SYS_STAT_H
| # include <sys/stat.h>
| #endif
| #ifdef HAVE_UNISTD_H
| # include <unistd.h>
| #endif
| int
| main (void)
| {
| if (sizeof (bits16_t))
| 	 return 0;
|   ;
|   return 0;
| }
configure:18733: result: no
configure:18772: checking for u_bits16_t
configure:18772: x86_64-unknown-linux-musl-gcc -c -g -O2 -I/home/samson/Projects/clojv3/./store/musl-1.2.6/include conftest.c >&5
conftest.c: In function 'main':
conftest.c:396:13: error: 'u_bits16_t' undeclared (first use in this function); did you mean 'bits16_t'?
  396 | if (sizeof (u_bits16_t))
      |             ^~~~~~~~~~
      |             bits16_t
conftest.c:396:13: note: each undeclared identifier is reported only once for each function it appears in
configure:18772: $? = 1
configure: failed program was:
| /* confdefs.h */
| #define PACKAGE_NAME "bash"
| #define PACKAGE_TARNAME "bash"
| #define PACKAGE_VERSION "5.3-release"
| #define PACKAGE_STRING "bash 5.3-release"
| #define PACKAGE_BUGREPORT "bug-bash@gnu.org"
| #define PACKAGE_URL ""
| #define ALIAS 1
| #define PUSHD_AND_POPD 1
| #define RESTRICTED_SHELL 1
| #define PROCESS_SUBSTITUTION 1
| #define PROMPT_STRING_DECODE 1
| #define SELECT_COMMAND 1
| #define HELP_BUILTIN 1
| #define ARRAY_VARS 1
| #define DPAREN_ARITHMETIC 1
| #define BRACE_EXPANSION 1
| #define COMMAND_TIMING 1
| #define EXTENDED_GLOB 1
| #define EXTGLOB_DEFAULT 0
| #define COND_COMMAND 1
| #define COND_REGEXP 1
| #define COPROCESS_SUPPORT 1
| #define ARITH_FOR_COMMAND 1
| #define NETWORK_REDIRECTIONS 1
| #define PROGRAMMABLE_COMPLETION 1
| #define DEBUGGER 1
| #define CASEMOD_ATTRS 1
| #define CASEMOD_EXPANSIONS 1
| #define GLOBASCII_DEFAULT 1
| #define FUNCTION_IMPORT 1
| #define TRANSLATABLE_STRINGS 1
| #define BASH_SOURCE_FULLPATH_DEFAULT 0
| #define MEMSCRAMBLE 1
| #define HAVE_STDIO_H 1
| #define HAVE_STDLIB_H 1
| #define HAVE_STRING_H 1
| #define HAVE_INTTYPES_H 1
| #define HAVE_STDINT_H 1
| #define HAVE_STRINGS_H 1
| #define HAVE_SYS_STAT_H 1
| #define HAVE_SYS_TYPES_H 1
| #define HAVE_UNISTD_H 1
| #define HAVE_WCHAR_H 1
| #define HAVE_STDBOOL_H 1
| #define HAVE_SYS_PARAM_H 1
| #define HAVE_THREADS_H 1
| #define HAVE_SYS_TIME_H 1
| #define STDC_HEADERS 1
| #define _ALL_SOURCE 1
| #define _DARWIN_C_SOURCE 1
| #define _GNU_SOURCE 1
| #define _HPUX_ALT_XOPEN_SOCKET_API 1
| #define _NETBSD_SOURCE 1
| #define _OPENBSD_SOURCE 1
| #define _POSIX_PTHREAD_SEMANTICS 1
| #define __STDC_WANT_IEC_60559_ATTRIBS_EXT__ 1
| #define __STDC_WANT_IEC_60559_BFP_EXT__ 1
| #define __STDC_WANT_IEC_60559_DFP_EXT__ 1
| #define __STDC_WANT_IEC_60559_EXT__ 1
| #define __STDC_WANT_IEC_60559_FUNCS_EXT__ 1
| #define __STDC_WANT_IEC_60559_TYPES_EXT__ 1
| #define __STDC_WANT_LIB_EXT2__ 1
| #define __STDC_WANT_MATH_SPEC_FUNCS__ 1
| #define _TANDEM_SOURCE 1
| #define __EXTENSIONS__ 1
| #define READLINE 1
| #define HISTORY 1
| #define BANG_HISTORY 1
| #define HAVE_STRINGIZE 1
| #define HAVE_LONG_DOUBLE 1
| #define restrict __restrict__
| #define HAVE_C_BOOL 1
| #define HAVE_VISIBILITY 1
| #define HAVE_STDINT_H_WITH_UINTMAX 1
| #define HAVE_ALLOCA_H 1
| #define HAVE_ALLOCA 1
| #define HAVE_GETPAGESIZE 1
| #define HAVE_SYMLINK 1
| #define HAVE_USELOCALE 1
| #define HAVE_VPRINTF 1
| #define HAVE_ALARM 1
| #define HAVE_FPURGE 1
| #define HAVE___FPURGE 1
| #define HAVE_SNPRINTF 1
| #define HAVE_VSNPRINTF 1
| #define HAVE_MMAP 1
| #define INTDIV0_RAISES_SIGFPE 1
| #define HAVE_INTTYPES_H_WITH_UINTMAX 1
| #define HAVE_UNSIGNED_LONG_LONG_INT 1
| #define HAVE_UINTMAX_T 1
| #define HAVE_WEAK_SYMBOLS 1
| #define HAVE_PTHREAD_API 1
| #define USE_POSIX_THREADS 1
| #define USE_POSIX_THREADS_WEAK 1
| #define HAVE_PTHREAD_RWLOCK 1
| #define HAVE_PTHREAD_MUTEX_RECURSIVE 1
| #define HAVE_ICONV 1
| #define ICONV_CONST 
| #define HAVE_BUILTIN_EXPECT 1
| #define HAVE_INTTYPES_H 1
| #define HAVE_UNISTD_H 1
| #define HAVE_SYS_PARAM_H 1
| #define HAVE_GETCWD 1
| #define HAVE_GETEGID 1
| #define HAVE_GETEUID 1
| #define HAVE_GETGID 1
| #define HAVE_GETUID 1
| #define HAVE_MEMPCPY 1
| #define HAVE_MUNMAP 1
| #define HAVE_STPCPY 1
| #define HAVE_STRCASECMP 1
| #define HAVE_TSEARCH 1
| #define HAVE___FSETLOCKING 1
| #define HAVE_DECL_FEOF_UNLOCKED 1
| #define HAVE_DECL_FGETS_UNLOCKED 1
| #define HAVE_LOCALECONV 1
| #define HAVE_LONG_LONG_INT 1
| #define HAVE_WCHAR_T 1
| #define HAVE_WINT_T 1
| #define HAVE_INTMAX_T 1
| #define HAVE_POSIX_PRINTF 1
| #define HAVE_STDINT_H 1
| #define HAVE_STDINT_H 1
| #define HAVE_WORKING_O_NOATIME 0
| #define HAVE_WORKING_O_NOFOLLOW 0
| #define HAVE_WORKING_USELOCALE 1
| #define HAVE_GOOD_USELOCALE 1
| #define FLEXIBLE_ARRAY_MEMBER /**/
| #define HAVE_FEATURES_H 1
| #define HAVE_STDDEF_H 1
| #define HAVE_STDLIB_H 1
| #define HAVE_STRING_H 1
| #define HAVE_ASPRINTF 1
| #define HAVE_WPRINTF 1
| #define HAVE_NEWLOCALE 1
| #define HAVE_PUTENV 1
| #define HAVE_SETENV 1
| #define HAVE_SNPRINTF 1
| #define HAVE_STRNLEN 1
| #define HAVE_USELOCALE 1
| #define HAVE_WCSLEN 1
| #define HAVE_WCSNLEN 1
| #define HAVE_MBRTOWC 1
| #define HAVE_WCRTOMB 1
| #define HAVE_DECL__SNPRINTF 0
| #define HAVE_DECL__SNWPRINTF 0
| #define HAVE_DECL_GETC_UNLOCKED 1
| #define HAVE_NL_LANGINFO 1
| #define HAVE_LANGINFO_CODESET 1
| #define HAVE_LC_MESSAGES 1
| #define ENABLE_NLS 1
| #define HAVE_GETTEXT 1
| #define HAVE_DCGETTEXT 1
| #define HAVE_DIRENT_H 1
| #define MAJOR_IN_SYSMACROS 1
| #define HAVE_INTTYPES_H 1
| #define HAVE_UNISTD_H 1
| #define HAVE_STDLIB_H 1
| #define HAVE_LIMITS_H 1
| #define HAVE_STRING_H 1
| #define HAVE_MEMORY_H 1
| #define HAVE_LOCALE_H 1
| #define HAVE_TERMIOS_H 1
| #define HAVE_DLFCN_H 1
| #define HAVE_STDDEF_H 1
| #define HAVE_STDINT_H 1
| #define HAVE_NETDB_H 1
| #define HAVE_PWD_H 1
| #define HAVE_GRP_H 1
| #define HAVE_STRINGS_H 1
| #define HAVE_STDCKDINT_H 1
| #define HAVE_REGEX_H 1
| #define HAVE_SYSLOG_H 1
| #define HAVE_ULIMIT_H 1
| #define HAVE_SYS_SELECT_H 1
| #define HAVE_SYS_FILE_H 1
| #define HAVE_SYS_IOCTL_H 1
| #define HAVE_SYS_MMAN_H 1
| #define HAVE_SYS_PARAM_H 1
| #define HAVE_SYS_RANDOM_H 1
| #define HAVE_SYS_SOCKET_H 1
| #define HAVE_SYS_STAT_H 1
| #define HAVE_SYS_TIME_H 1
| #define HAVE_SYS_TIMES_H 1
| #define HAVE_SYS_TYPES_H 1
| #define HAVE_SYS_WAIT_H 1
| #define HAVE_NETINET_IN_H 1
| #define HAVE_ARPA_INET_H 1
| #define HAVE_SYS_RESOURCE_H 1
| #define HAVE_ALLOCA_H 1
| #define HAVE_ALLOCA 1
| #define HAVE_CHOWN 1
| #define GETPGRP_VOID 1
| #define HAVE_STRCOLL 1
| #define HAVE_WAIT3 1
| #define HAVE_MKFIFO 1
| #define HAVE_DUP2 1
| #define HAVE_EACCESS 1
| #define HAVE_FCNTL 1
| #define HAVE_GETDTABLESIZE 1
| #define HAVE_GETENTROPY 1
| #define HAVE_GETGROUPS 1
| #define HAVE_GETHOSTNAME 1
| #define HAVE_GETPAGESIZE 1
| #define HAVE_GETPEERNAME 1
| #define HAVE_GETRANDOM 1
| #define HAVE_GETRLIMIT 1
| #define HAVE_GETRUSAGE 1
| #define HAVE_GETTIMEOFDAY 1
| #define HAVE_KILL 1
| #define HAVE_KILLPG 1
| #define HAVE_LSTAT 1
| #define HAVE_NANOSLEEP 1
| #define HAVE_PSELECT 1
| #define HAVE_READLINK 1
| #define HAVE_SELECT 1
| #define HAVE_SETITIMER 1
| #define HAVE_STATFS 1
| #define HAVE_TCGETPGRP 1
| #define HAVE_UNAME 1
| #define HAVE_ULIMIT 1
| #define HAVE_WAITPID 1
| #define HAVE_RENAME 1
| #define HAVE_BCOPY 1
| #define HAVE_BZERO 1
| #define HAVE_CLOCK_GETTIME 1
| #define HAVE_CONFSTR 1
| #define HAVE_FACCESSAT 1
| #define HAVE_FNMATCH 1
| #define HAVE_GETADDRINFO 1
| #define HAVE_GETHOSTBYNAME 1
| #define HAVE_GETSERVBYNAME 1
| #define HAVE_GETSERVENT 1
| #define HAVE_INET_ATON 1
| #define HAVE_IMAXDIV 1
| #define HAVE_MEMMOVE 1
| #define HAVE_PATHCONF 1
| #define HAVE_PUTENV 1
| #define HAVE_RAISE 1
| #define HAVE_RANDOM 1
| #define HAVE_REGCOMP 1
| #define HAVE_REGEXEC 1
| #define HAVE_SETENV 1
| #define HAVE_SETLINEBUF 1
| #define HAVE_SETLOCALE 1
| #define HAVE_SETVBUF 1
| #define HAVE_SIGINTERRUPT 1
| #define HAVE_STRCHR 1
| #define HAVE_SYSCONF 1
| #define HAVE_SYSLOG 1
| #define HAVE_TCGETATTR 1
| #define HAVE_TCGETWINSIZE 1
| #define HAVE_TCSETWINSIZE 1
| #define HAVE_TIMES 1
| #define HAVE_TTYNAME 1
| #define HAVE_TZSET 1
| #define HAVE_UNSETENV 1
| #define HAVE_VASPRINTF 1
| #define HAVE_ASPRINTF 1
| #define HAVE_ISASCII 1
| #define HAVE_ISBLANK 1
| #define HAVE_ISGRAPH 1
| #define HAVE_ISPRINT 1
| #define HAVE_ISSPACE 1
| #define HAVE_ISXDIGIT 1
| #define HAVE_GETPWENT 1
| #define HAVE_GETPWNAM 1
| #define HAVE_GETPWUID 1
| #define HAVE_MKSTEMP 1
| #define HAVE_MKDTEMP 1
| #define HAVE_STRLCAT 1
| #define HAVE_MEMFD_CREATE 1
| #define HAVE_SHM_OPEN 1
| #define HAVE_GETCWD 1
| #define HAVE_MEMSET 1
| #define HAVE_STRCASECMP 1
| #define HAVE_STRCASESTR 1
| #define HAVE_STRERROR 1
| #define HAVE_STRFTIME 1
| #define HAVE_STRNLEN 1
| #define HAVE_STRPBRK 1
| #define HAVE_STRSTR 1
| #define HAVE_STRTOD 1
| #define HAVE_STRTOL 1
| #define HAVE_STRTOUL 1
| #define HAVE_STRTOLL 1
| #define HAVE_STRTOULL 1
| #define HAVE_STRTOUMAX 1
| #define HAVE_DPRINTF 1
| #define HAVE_STRDUP 1
| #define HAVE_STRLCPY 1
| #define HAVE_REALLOCARRAY 1
| #define HAVE_DECL_AUDIT_USER_TTY 1
| #define HAVE_DECL_CONFSTR 1
| #define HAVE_DECL_PRINTF 1
| #define HAVE_DECL_BRK 1
| #define HAVE_DECL_SBRK 1
| #define HAVE_DECL_SETREGID 1
| #define HAVE_DECL_STRCPY 1
| #define HAVE_DECL_STRSIGNAL 1
| #define HAVE_SETRESUID 1
| #define HAVE_SETRESGID 1
| #define HAVE_DECL_STRTOLD 1
| #define HAVE_DECL_STRTOL 1
| #define HAVE_DECL_STRTOLL 1
| #define HAVE_DECL_STRTOUL 1
| #define HAVE_DECL_STRTOULL 1
| #define HAVE_DECL_STRTOUMAX 1
| #define HAVE_ERRNO_H 1
| #define HAVE_FCNTL_H 1
| #define HAVE_MALLOC_H 1
| #define HAVE_STDIO_EXT_H 1
| #define HAVE_MALLOC 1
| #define HAVE_MMAP 1
| #define HAVE_DCGETTEXT 1
| #define HAVE_MEMPCPY 1
| #define HAVE_MUNMAP 1
| #define HAVE_MREMAP 1
| #define HAVE_STPCPY 1
| #define HAVE_STRCSPN 1
| #define HAVE_WCTYPE_H 1
| #define HAVE_WCHAR_H 1
| #define HAVE_LANGINFO_H 1
| #define HAVE_MBRLEN 1
| #define HAVE_MBSNRTOWCS 1
| #define HAVE_MBSRTOWCS 1
| #define HAVE_WCRTOMB 1
| #define HAVE_WCSCOLL 1
| #define HAVE_WCSDUP 1
| #define HAVE_WCWIDTH 1
| #define HAVE_WCTYPE 1
| #define HAVE_WCSNRTOMBS 1
| #define HAVE_WCSWIDTH 1
| #define HAVE_MBRTOWC 1
| #define HAVE_MBSTATE_T 1
| #define HAVE_ISWLOWER 1
| #define HAVE_ISWUPPER 1
| #define HAVE_TOWLOWER 1
| #define HAVE_TOWUPPER 1
| #define HAVE_ISWCTYPE 1
| #define HAVE_WCHAR_T 1
| #define HAVE_WCTYPE_T 1
| #define HAVE_WINT_T 1
| #define SIZEOF_WCHAR_T 4
| #define HAVE_LIBDL 1
| #define HAVE_DLOPEN 1
| #define HAVE_DLCLOSE 1
| #define HAVE_DLSYM 1
| #define GETGROUPS_T gid_t
| #define HAVE_INTPTR_T 1
| #define HAVE_UINTPTR_T 1
| #define HAVE_LONG_LONG_INT 1
| #define HAVE_UNSIGNED_LONG_LONG_INT 1
| #define SIZEOF_CHAR 1
| #define SIZEOF_SHORT 2
| #define SIZEOF_INT 4
| #define SIZEOF_LONG 8
| #define SIZEOF_CHAR_P 8
| #define SIZEOF_SIZE_T 8
| #define SIZEOF_DOUBLE 8
| #define SIZEOF_LONG_LONG 8
| #define bits16_t short
| /* end confdefs.h.  */
| #include <stddef.h>
| #ifdef HAVE_STDIO_H
| # include <stdio.h>
| #endif
| #ifdef HAVE_STDLIB_H
| # include <stdlib.h>
| #endif
| #ifdef HAVE_STRING_H
| # include <string.h>
| #endif
| #ifdef HAVE_INTTYPES_H
| # include <inttypes.h>
| #endif
| #ifdef HAVE_STDINT_H
| # include <stdint.h>
| #endif
| #ifdef HAVE_STRINGS_H
| # include <strings.h>
| #endif
| #ifdef HAVE_SYS_TYPES_H
| # include <sys/types.h>
| #endif
| #ifdef HAVE_SYS_STAT_H
| # include <sys/stat.h>
| #endif
| #ifdef HAVE_UNISTD_H
| # include <unistd.h>
| #endif
| int
| main (void)
| {
| if (sizeof (u_bits16_t))
| 	 return 0;
|   ;
|   return 0;
| }
configure:18772: result: no
configure:18811: checking for bits32_t
configure:18811: x86_64-unknown-linux-musl-gcc -c -g -O2 -I/home/samson/Projects/clojv3/./store/musl-1.2.6/include conftest.c >&5
conftest.c: In function 'main':
conftest.c:397:13: error: 'bits32_t' undeclared (first use in this function); did you mean 'bits16_t'?
  397 | if (sizeof (bits32_t))
      |             ^~~~~~~~
      |             bits16_t
conftest.c:397:13: note: each undeclared identifier is reported only once for each function it appears in
configure:18811: $? = 1
configure: failed program was:
| /* confdefs.h */
| #define PACKAGE_NAME "bash"
| #define PACKAGE_TARNAME "bash"
| #define PACKAGE_VERSION "5.3-release"
| #define PACKAGE_STRING "bash 5.3-release"
| #define PACKAGE_BUGREPORT "bug-bash@gnu.org"
| #define PACKAGE_URL ""
| #define ALIAS 1
| #define PUSHD_AND_POPD 1
| #define RESTRICTED_SHELL 1
| #define PROCESS_SUBSTITUTION 1
| #define PROMPT_STRING_DECODE 1
| #define SELECT_COMMAND 1
| #define HELP_BUILTIN 1
| #define ARRAY_VARS 1
| #define DPAREN_ARITHMETIC 1
| #define BRACE_EXPANSION 1
| #define COMMAND_TIMING 1
| #define EXTENDED_GLOB 1
| #define EXTGLOB_DEFAULT 0
| #define COND_COMMAND 1
| #define COND_REGEXP 1
| #define COPROCESS_SUPPORT 1
| #define ARITH_FOR_COMMAND 1
| #define NETWORK_REDIRECTIONS 1
| #define PROGRAMMABLE_COMPLETION 1
| #define DEBUGGER 1
| #define CASEMOD_ATTRS 1
| #define CASEMOD_EXPANSIONS 1
| #define GLOBASCII_DEFAULT 1
| #define FUNCTION_IMPORT 1
| #define TRANSLATABLE_STRINGS 1
| #define BASH_SOURCE_FULLPATH_DEFAULT 0
| #define MEMSCRAMBLE 1
| #define HAVE_STDIO_H 1
| #define HAVE_STDLIB_H 1
| #define HAVE_STRING_H 1
| #define HAVE_INTTYPES_H 1
| #define HAVE_STDINT_H 1
| #define HAVE_STRINGS_H 1
| #define HAVE_SYS_STAT_H 1
| #define HAVE_SYS_TYPES_H 1
| #define HAVE_UNISTD_H 1
| #define HAVE_WCHAR_H 1
| #define HAVE_STDBOOL_H 1
| #define HAVE_SYS_PARAM_H 1
| #define HAVE_THREADS_H 1
| #define HAVE_SYS_TIME_H 1
| #define STDC_HEADERS 1
| #define _ALL_SOURCE 1
| #define _DARWIN_C_SOURCE 1
| #define _GNU_SOURCE 1
| #define _HPUX_ALT_XOPEN_SOCKET_API 1
| #define _NETBSD_SOURCE 1
| #define _OPENBSD_SOURCE 1
| #define _POSIX_PTHREAD_SEMANTICS 1
| #define __STDC_WANT_IEC_60559_ATTRIBS_EXT__ 1
| #define __STDC_WANT_IEC_60559_BFP_EXT__ 1
| #define __STDC_WANT_IEC_60559_DFP_EXT__ 1
| #define __STDC_WANT_IEC_60559_EXT__ 1
| #define __STDC_WANT_IEC_60559_FUNCS_EXT__ 1
| #define __STDC_WANT_IEC_60559_TYPES_EXT__ 1
| #define __STDC_WANT_LIB_EXT2__ 1
| #define __STDC_WANT_MATH_SPEC_FUNCS__ 1
| #define _TANDEM_SOURCE 1
| #define __EXTENSIONS__ 1
| #define READLINE 1
| #define HISTORY 1
| #define BANG_HISTORY 1
| #define HAVE_STRINGIZE 1
| #define HAVE_LONG_DOUBLE 1
| #define restrict __restrict__
| #define HAVE_C_BOOL 1
| #define HAVE_VISIBILITY 1
| #define HAVE_STDINT_H_WITH_UINTMAX 1
| #define HAVE_ALLOCA_H 1
| #define HAVE_ALLOCA 1
| #define HAVE_GETPAGESIZE 1
| #define HAVE_SYMLINK 1
| #define HAVE_USELOCALE 1
| #define HAVE_VPRINTF 1
| #define HAVE_ALARM 1
| #define HAVE_FPURGE 1
| #define HAVE___FPURGE 1
| #define HAVE_SNPRINTF 1
| #define HAVE_VSNPRINTF 1
| #define HAVE_MMAP 1
| #define INTDIV0_RAISES_SIGFPE 1
| #define HAVE_INTTYPES_H_WITH_UINTMAX 1
| #define HAVE_UNSIGNED_LONG_LONG_INT 1
| #define HAVE_UINTMAX_T 1
| #define HAVE_WEAK_SYMBOLS 1
| #define HAVE_PTHREAD_API 1
| #define USE_POSIX_THREADS 1
| #define USE_POSIX_THREADS_WEAK 1
| #define HAVE_PTHREAD_RWLOCK 1
| #define HAVE_PTHREAD_MUTEX_RECURSIVE 1
| #define HAVE_ICONV 1
| #define ICONV_CONST 
| #define HAVE_BUILTIN_EXPECT 1
| #define HAVE_INTTYPES_H 1
| #define HAVE_UNISTD_H 1
| #define HAVE_SYS_PARAM_H 1
| #define HAVE_GETCWD 1
| #define HAVE_GETEGID 1
| #define HAVE_GETEUID 1
| #define HAVE_GETGID 1
| #define HAVE_GETUID 1
| #define HAVE_MEMPCPY 1
| #define HAVE_MUNMAP 1
| #define HAVE_STPCPY 1
| #define HAVE_STRCASECMP 1
| #define HAVE_TSEARCH 1
| #define HAVE___FSETLOCKING 1
| #define HAVE_DECL_FEOF_UNLOCKED 1
| #define HAVE_DECL_FGETS_UNLOCKED 1
| #define HAVE_LOCALECONV 1
| #define HAVE_LONG_LONG_INT 1
| #define HAVE_WCHAR_T 1
| #define HAVE_WINT_T 1
| #define HAVE_INTMAX_T 1
| #define HAVE_POSIX_PRINTF 1
| #define HAVE_STDINT_H 1
| #define HAVE_STDINT_H 1
| #define HAVE_WORKING_O_NOATIME 0
| #define HAVE_WORKING_O_NOFOLLOW 0
| #define HAVE_WORKING_USELOCALE 1
| #define HAVE_GOOD_USELOCALE 1
| #define FLEXIBLE_ARRAY_MEMBER /**/
| #define HAVE_FEATURES_H 1
| #define HAVE_STDDEF_H 1
| #define HAVE_STDLIB_H 1
| #define HAVE_STRING_H 1
| #define HAVE_ASPRINTF 1
| #define HAVE_WPRINTF 1
| #define HAVE_NEWLOCALE 1
| #define HAVE_PUTENV 1
| #define HAVE_SETENV 1
| #define HAVE_SNPRINTF 1
| #define HAVE_STRNLEN 1
| #define HAVE_USELOCALE 1
| #define HAVE_WCSLEN 1
| #define HAVE_WCSNLEN 1
| #define HAVE_MBRTOWC 1
| #define HAVE_WCRTOMB 1
| #define HAVE_DECL__SNPRINTF 0
| #define HAVE_DECL__SNWPRINTF 0
| #define HAVE_DECL_GETC_UNLOCKED 1
| #define HAVE_NL_LANGINFO 1
| #define HAVE_LANGINFO_CODESET 1
| #define HAVE_LC_MESSAGES 1
| #define ENABLE_NLS 1
| #define HAVE_GETTEXT 1
| #define HAVE_DCGETTEXT 1
| #define HAVE_DIRENT_H 1
| #define MAJOR_IN_SYSMACROS 1
| #define HAVE_INTTYPES_H 1
| #define HAVE_UNISTD_H 1
| #define HAVE_STDLIB_H 1
| #define HAVE_LIMITS_H 1
| #define HAVE_STRING_H 1
| #define HAVE_MEMORY_H 1
| #define HAVE_LOCALE_H 1
| #define HAVE_TERMIOS_H 1
| #define HAVE_DLFCN_H 1
| #define HAVE_STDDEF_H 1
| #define HAVE_STDINT_H 1
| #define HAVE_NETDB_H 1
| #define HAVE_PWD_H 1
| #define HAVE_GRP_H 1
| #define HAVE_STRINGS_H 1
| #define HAVE_STDCKDINT_H 1
| #define HAVE_REGEX_H 1
| #define HAVE_SYSLOG_H 1
| #define HAVE_ULIMIT_H 1
| #define HAVE_SYS_SELECT_H 1
| #define HAVE_SYS_FILE_H 1
| #define HAVE_SYS_IOCTL_H 1
| #define HAVE_SYS_MMAN_H 1
| #define HAVE_SYS_PARAM_H 1
| #define HAVE_SYS_RANDOM_H 1
| #define HAVE_SYS_SOCKET_H 1
| #define HAVE_SYS_STAT_H 1
| #define HAVE_SYS_TIME_H 1
| #define HAVE_SYS_TIMES_H 1
| #define HAVE_SYS_TYPES_H 1
| #define HAVE_SYS_WAIT_H 1
| #define HAVE_NETINET_IN_H 1
| #define HAVE_ARPA_INET_H 1
| #define HAVE_SYS_RESOURCE_H 1
| #define HAVE_ALLOCA_H 1
| #define HAVE_ALLOCA 1
| #define HAVE_CHOWN 1
| #define GETPGRP_VOID 1
| #define HAVE_STRCOLL 1
| #define HAVE_WAIT3 1
| #define HAVE_MKFIFO 1
| #define HAVE_DUP2 1
| #define HAVE_EACCESS 1
| #define HAVE_FCNTL 1
| #define HAVE_GETDTABLESIZE 1
| #define HAVE_GETENTROPY 1
| #define HAVE_GETGROUPS 1
| #define HAVE_GETHOSTNAME 1
| #define HAVE_GETPAGESIZE 1
| #define HAVE_GETPEERNAME 1
| #define HAVE_GETRANDOM 1
| #define HAVE_GETRLIMIT 1
| #define HAVE_GETRUSAGE 1
| #define HAVE_GETTIMEOFDAY 1
| #define HAVE_KILL 1
| #define HAVE_KILLPG 1
| #define HAVE_LSTAT 1
| #define HAVE_NANOSLEEP 1
| #define HAVE_PSELECT 1
| #define HAVE_READLINK 1
| #define HAVE_SELECT 1
| #define HAVE_SETITIMER 1
| #define HAVE_STATFS 1
| #define HAVE_TCGETPGRP 1
| #define HAVE_UNAME 1
| #define HAVE_ULIMIT 1
| #define HAVE_WAITPID 1
| #define HAVE_RENAME 1
| #define HAVE_BCOPY 1
| #define HAVE_BZERO 1
| #define HAVE_CLOCK_GETTIME 1
| #define HAVE_CONFSTR 1
| #define HAVE_FACCESSAT 1
| #define HAVE_FNMATCH 1
| #define HAVE_GETADDRINFO 1
| #define HAVE_GETHOSTBYNAME 1
| #define HAVE_GETSERVBYNAME 1
| #define HAVE_GETSERVENT 1
| #define HAVE_INET_ATON 1
| #define HAVE_IMAXDIV 1
| #define HAVE_MEMMOVE 1
| #define HAVE_PATHCONF 1
| #define HAVE_PUTENV 1
| #define HAVE_RAISE 1
| #define HAVE_RANDOM 1
| #define HAVE_REGCOMP 1
| #define HAVE_REGEXEC 1
| #define HAVE_SETENV 1
| #define HAVE_SETLINEBUF 1
| #define HAVE_SETLOCALE 1
| #define HAVE_SETVBUF 1
| #define HAVE_SIGINTERRUPT 1
| #define HAVE_STRCHR 1
| #define HAVE_SYSCONF 1
| #define HAVE_SYSLOG 1
| #define HAVE_TCGETATTR 1
| #define HAVE_TCGETWINSIZE 1
| #define HAVE_TCSETWINSIZE 1
| #define HAVE_TIMES 1
| #define HAVE_TTYNAME 1
| #define HAVE_TZSET 1
| #define HAVE_UNSETENV 1
| #define HAVE_VASPRINTF 1
| #define HAVE_ASPRINTF 1
| #define HAVE_ISASCII 1
| #define HAVE_ISBLANK 1
| #define HAVE_ISGRAPH 1
| #define HAVE_ISPRINT 1
| #define HAVE_ISSPACE 1
| #define HAVE_ISXDIGIT 1
| #define HAVE_GETPWENT 1
| #define HAVE_GETPWNAM 1
| #define HAVE_GETPWUID 1
| #define HAVE_MKSTEMP 1
| #define HAVE_MKDTEMP 1
| #define HAVE_STRLCAT 1
| #define HAVE_MEMFD_CREATE 1
| #define HAVE_SHM_OPEN 1
| #define HAVE_GETCWD 1
| #define HAVE_MEMSET 1
| #define HAVE_STRCASECMP 1
| #define HAVE_STRCASESTR 1
| #define HAVE_STRERROR 1
| #define HAVE_STRFTIME 1
| #define HAVE_STRNLEN 1
| #define HAVE_STRPBRK 1
| #define HAVE_STRSTR 1
| #define HAVE_STRTOD 1
| #define HAVE_STRTOL 1
| #define HAVE_STRTOUL 1
| #define HAVE_STRTOLL 1
| #define HAVE_STRTOULL 1
| #define HAVE_STRTOUMAX 1
| #define HAVE_DPRINTF 1
| #define HAVE_STRDUP 1
| #define HAVE_STRLCPY 1
| #define HAVE_REALLOCARRAY 1
| #define HAVE_DECL_AUDIT_USER_TTY 1
| #define HAVE_DECL_CONFSTR 1
| #define HAVE_DECL_PRINTF 1
| #define HAVE_DECL_BRK 1
| #define HAVE_DECL_SBRK 1
| #define HAVE_DECL_SETREGID 1
| #define HAVE_DECL_STRCPY 1
| #define HAVE_DECL_STRSIGNAL 1
| #define HAVE_SETRESUID 1
| #define HAVE_SETRESGID 1
| #define HAVE_DECL_STRTOLD 1
| #define HAVE_DECL_STRTOL 1
| #define HAVE_DECL_STRTOLL 1
| #define HAVE_DECL_STRTOUL 1
| #define HAVE_DECL_STRTOULL 1
| #define HAVE_DECL_STRTOUMAX 1
| #define HAVE_ERRNO_H 1
| #define HAVE_FCNTL_H 1
| #define HAVE_MALLOC_H 1
| #define HAVE_STDIO_EXT_H 1
| #define HAVE_MALLOC 1
| #define HAVE_MMAP 1
| #define HAVE_DCGETTEXT 1
| #define HAVE_MEMPCPY 1
| #define HAVE_MUNMAP 1
| #define HAVE_MREMAP 1
| #define HAVE_STPCPY 1
| #define HAVE_STRCSPN 1
| #define HAVE_WCTYPE_H 1
| #define HAVE_WCHAR_H 1
| #define HAVE_LANGINFO_H 1
| #define HAVE_MBRLEN 1
| #define HAVE_MBSNRTOWCS 1
| #define HAVE_MBSRTOWCS 1
| #define HAVE_WCRTOMB 1
| #define HAVE_WCSCOLL 1
| #define HAVE_WCSDUP 1
| #define HAVE_WCWIDTH 1
| #define HAVE_WCTYPE 1
| #define HAVE_WCSNRTOMBS 1
| #define HAVE_WCSWIDTH 1
| #define HAVE_MBRTOWC 1
| #define HAVE_MBSTATE_T 1
| #define HAVE_ISWLOWER 1
| #define HAVE_ISWUPPER 1
| #define HAVE_TOWLOWER 1
| #define HAVE_TOWUPPER 1
| #define HAVE_ISWCTYPE 1
| #define HAVE_WCHAR_T 1
| #define HAVE_WCTYPE_T 1
| #define HAVE_WINT_T 1
| #define SIZEOF_WCHAR_T 4
| #define HAVE_LIBDL 1
| #define HAVE_DLOPEN 1
| #define HAVE_DLCLOSE 1
| #define HAVE_DLSYM 1
| #define GETGROUPS_T gid_t
| #define HAVE_INTPTR_T 1
| #define HAVE_UINTPTR_T 1
| #define HAVE_LONG_LONG_INT 1
| #define HAVE_UNSIGNED_LONG_LONG_INT 1
| #define SIZEOF_CHAR 1
| #define SIZEOF_SHORT 2
| #define SIZEOF_INT 4
| #define SIZEOF_LONG 8
| #define SIZEOF_CHAR_P 8
| #define SIZEOF_SIZE_T 8
| #define SIZEOF_DOUBLE 8
| #define SIZEOF_LONG_LONG 8
| #define bits16_t short
| #define u_bits16_t unsigned short
| /* end confdefs.h.  */
| #include <stddef.h>
| #ifdef HAVE_STDIO_H
| # include <stdio.h>
| #endif
| #ifdef HAVE_STDLIB_H
| # include <stdlib.h>
| #endif
| #ifdef HAVE_STRING_H
| # include <string.h>
| #endif
| #ifdef HAVE_INTTYPES_H
| # include <inttypes.h>
| #endif
| #ifdef HAVE_STDINT_H
| # include <stdint.h>
| #endif
| #ifdef HAVE_STRINGS_H
| # include <strings.h>
| #endif
| #ifdef HAVE_SYS_TYPES_H
| # include <sys/types.h>
| #endif
| #ifdef HAVE_SYS_STAT_H
| # include <sys/stat.h>
| #endif
| #ifdef HAVE_UNISTD_H
| # include <unistd.h>
| #endif
| int
| main (void)
| {
| if (sizeof (bits32_t))
| 	 return 0;
|   ;
|   return 0;
| }
configure:18811: result: no
configure:18850: checking for u_bits32_t
configure:18850: x86_64-unknown-linux-musl-gcc -c -g -O2 -I/home/samson/Projects/clojv3/./store/musl-1.2.6/include conftest.c >&5
conftest.c: In function 'main':
conftest.c:398:13: error: 'u_bits32_t' undeclared (first use in this function); did you mean 'bits32_t'?
  398 | if (sizeof (u_bits32_t))
      |             ^~~~~~~~~~
      |             bits32_t
conftest.c:398:13: note: each undeclared identifier is reported only once for each function it appears in
configure:18850: $? = 1
configure: failed program was:
| /* confdefs.h */
| #define PACKAGE_NAME "bash"
| #define PACKAGE_TARNAME "bash"
| #define PACKAGE_VERSION "5.3-release"
| #define PACKAGE_STRING "bash 5.3-release"
| #define PACKAGE_BUGREPORT "bug-bash@gnu.org"
| #define PACKAGE_URL ""
| #define ALIAS 1
| #define PUSHD_AND_POPD 1
| #define RESTRICTED_SHELL 1
| #define PROCESS_SUBSTITUTION 1
| #define PROMPT_STRING_DECODE 1
| #define SELECT_COMMAND 1
| #define HELP_BUILTIN 1
| #define ARRAY_VARS 1
| #define DPAREN_ARITHMETIC 1
| #define BRACE_EXPANSION 1
| #define COMMAND_TIMING 1
| #define EXTENDED_GLOB 1
| #define EXTGLOB_DEFAULT 0
| #define COND_COMMAND 1
| #define COND_REGEXP 1
| #define COPROCESS_SUPPORT 1
| #define ARITH_FOR_COMMAND 1
| #define NETWORK_REDIRECTIONS 1
| #define PROGRAMMABLE_COMPLETION 1
| #define DEBUGGER 1
| #define CASEMOD_ATTRS 1
| #define CASEMOD_EXPANSIONS 1
| #define GLOBASCII_DEFAULT 1
| #define FUNCTION_IMPORT 1
| #define TRANSLATABLE_STRINGS 1
| #define BASH_SOURCE_FULLPATH_DEFAULT 0
| #define MEMSCRAMBLE 1
| #define HAVE_STDIO_H 1
| #define HAVE_STDLIB_H 1
| #define HAVE_STRING_H 1
| #define HAVE_INTTYPES_H 1
| #define HAVE_STDINT_H 1
| #define HAVE_STRINGS_H 1
| #define HAVE_SYS_STAT_H 1
| #define HAVE_SYS_TYPES_H 1
| #define HAVE_UNISTD_H 1
| #define HAVE_WCHAR_H 1
| #define HAVE_STDBOOL_H 1
| #define HAVE_SYS_PARAM_H 1
| #define HAVE_THREADS_H 1
| #define HAVE_SYS_TIME_H 1
| #define STDC_HEADERS 1
| #define _ALL_SOURCE 1
| #define _DARWIN_C_SOURCE 1
| #define _GNU_SOURCE 1
| #define _HPUX_ALT_XOPEN_SOCKET_API 1
| #define _NETBSD_SOURCE 1
| #define _OPENBSD_SOURCE 1
| #define _POSIX_PTHREAD_SEMANTICS 1
| #define __STDC_WANT_IEC_60559_ATTRIBS_EXT__ 1
| #define __STDC_WANT_IEC_60559_BFP_EXT__ 1
| #define __STDC_WANT_IEC_60559_DFP_EXT__ 1
| #define __STDC_WANT_IEC_60559_EXT__ 1
| #define __STDC_WANT_IEC_60559_FUNCS_EXT__ 1
| #define __STDC_WANT_IEC_60559_TYPES_EXT__ 1
| #define __STDC_WANT_LIB_EXT2__ 1
| #define __STDC_WANT_MATH_SPEC_FUNCS__ 1
| #define _TANDEM_SOURCE 1
| #define __EXTENSIONS__ 1
| #define READLINE 1
| #define HISTORY 1
| #define BANG_HISTORY 1
| #define HAVE_STRINGIZE 1
| #define HAVE_LONG_DOUBLE 1
| #define restrict __restrict__
| #define HAVE_C_BOOL 1
| #define HAVE_VISIBILITY 1
| #define HAVE_STDINT_H_WITH_UINTMAX 1
| #define HAVE_ALLOCA_H 1
| #define HAVE_ALLOCA 1
| #define HAVE_GETPAGESIZE 1
| #define HAVE_SYMLINK 1
| #define HAVE_USELOCALE 1
| #define HAVE_VPRINTF 1
| #define HAVE_ALARM 1
| #define HAVE_FPURGE 1
| #define HAVE___FPURGE 1
| #define HAVE_SNPRINTF 1
| #define HAVE_VSNPRINTF 1
| #define HAVE_MMAP 1
| #define INTDIV0_RAISES_SIGFPE 1
| #define HAVE_INTTYPES_H_WITH_UINTMAX 1
| #define HAVE_UNSIGNED_LONG_LONG_INT 1
| #define HAVE_UINTMAX_T 1
| #define HAVE_WEAK_SYMBOLS 1
| #define HAVE_PTHREAD_API 1
| #define USE_POSIX_THREADS 1
| #define USE_POSIX_THREADS_WEAK 1
| #define HAVE_PTHREAD_RWLOCK 1
| #define HAVE_PTHREAD_MUTEX_RECURSIVE 1
| #define HAVE_ICONV 1
| #define ICONV_CONST 
| #define HAVE_BUILTIN_EXPECT 1
| #define HAVE_INTTYPES_H 1
| #define HAVE_UNISTD_H 1
| #define HAVE_SYS_PARAM_H 1
| #define HAVE_GETCWD 1
| #define HAVE_GETEGID 1
| #define HAVE_GETEUID 1
| #define HAVE_GETGID 1
| #define HAVE_GETUID 1
| #define HAVE_MEMPCPY 1
| #define HAVE_MUNMAP 1
| #define HAVE_STPCPY 1
| #define HAVE_STRCASECMP 1
| #define HAVE_TSEARCH 1
| #define HAVE___FSETLOCKING 1
| #define HAVE_DECL_FEOF_UNLOCKED 1
| #define HAVE_DECL_FGETS_UNLOCKED 1
| #define HAVE_LOCALECONV 1
| #define HAVE_LONG_LONG_INT 1
| #define HAVE_WCHAR_T 1
| #define HAVE_WINT_T 1
| #define HAVE_INTMAX_T 1
| #define HAVE_POSIX_PRINTF 1
| #define HAVE_STDINT_H 1
| #define HAVE_STDINT_H 1
| #define HAVE_WORKING_O_NOATIME 0
| #define HAVE_WORKING_O_NOFOLLOW 0
| #define HAVE_WORKING_USELOCALE 1
| #define HAVE_GOOD_USELOCALE 1
| #define FLEXIBLE_ARRAY_MEMBER /**/
| #define HAVE_FEATURES_H 1
| #define HAVE_STDDEF_H 1
| #define HAVE_STDLIB_H 1
| #define HAVE_STRING_H 1
| #define HAVE_ASPRINTF 1
| #define HAVE_WPRINTF 1
| #define HAVE_NEWLOCALE 1
| #define HAVE_PUTENV 1
| #define HAVE_SETENV 1
| #define HAVE_SNPRINTF 1
| #define HAVE_STRNLEN 1
| #define HAVE_USELOCALE 1
| #define HAVE_WCSLEN 1
| #define HAVE_WCSNLEN 1
| #define HAVE_MBRTOWC 1
| #define HAVE_WCRTOMB 1
| #define HAVE_DECL__SNPRINTF 0
| #define HAVE_DECL__SNWPRINTF 0
| #define HAVE_DECL_GETC_UNLOCKED 1
| #define HAVE_NL_LANGINFO 1
| #define HAVE_LANGINFO_CODESET 1
| #define HAVE_LC_MESSAGES 1
| #define ENABLE_NLS 1
| #define HAVE_GETTEXT 1
| #define HAVE_DCGETTEXT 1
| #define HAVE_DIRENT_H 1
| #define MAJOR_IN_SYSMACROS 1
| #define HAVE_INTTYPES_H 1
| #define HAVE_UNISTD_H 1
| #define HAVE_STDLIB_H 1
| #define HAVE_LIMITS_H 1
| #define HAVE_STRING_H 1
| #define HAVE_MEMORY_H 1
| #define HAVE_LOCALE_H 1
| #define HAVE_TERMIOS_H 1
| #define HAVE_DLFCN_H 1
| #define HAVE_STDDEF_H 1
| #define HAVE_STDINT_H 1
| #define HAVE_NETDB_H 1
| #define HAVE_PWD_H 1
| #define HAVE_GRP_H 1
| #define HAVE_STRINGS_H 1
| #define HAVE_STDCKDINT_H 1
| #define HAVE_REGEX_H 1
| #define HAVE_SYSLOG_H 1
| #define HAVE_ULIMIT_H 1
| #define HAVE_SYS_SELECT_H 1
| #define HAVE_SYS_FILE_H 1
| #define HAVE_SYS_IOCTL_H 1
| #define HAVE_SYS_MMAN_H 1
| #define HAVE_SYS_PARAM_H 1
| #define HAVE_SYS_RANDOM_H 1
| #define HAVE_SYS_SOCKET_H 1
| #define HAVE_SYS_STAT_H 1
| #define HAVE_SYS_TIME_H 1
| #define HAVE_SYS_TIMES_H 1
| #define HAVE_SYS_TYPES_H 1
| #define HAVE_SYS_WAIT_H 1
| #define HAVE_NETINET_IN_H 1
| #define HAVE_ARPA_INET_H 1
| #define HAVE_SYS_RESOURCE_H 1
| #define HAVE_ALLOCA_H 1
| #define HAVE_ALLOCA 1
| #define HAVE_CHOWN 1
| #define GETPGRP_VOID 1
| #define HAVE_STRCOLL 1
| #define HAVE_WAIT3 1
| #define HAVE_MKFIFO 1
| #define HAVE_DUP2 1
| #define HAVE_EACCESS 1
| #define HAVE_FCNTL 1
| #define HAVE_GETDTABLESIZE 1
| #define HAVE_GETENTROPY 1
| #define HAVE_GETGROUPS 1
| #define HAVE_GETHOSTNAME 1
| #define HAVE_GETPAGESIZE 1
| #define HAVE_GETPEERNAME 1
| #define HAVE_GETRANDOM 1
| #define HAVE_GETRLIMIT 1
| #define HAVE_GETRUSAGE 1
| #define HAVE_GETTIMEOFDAY 1
| #define HAVE_KILL 1
| #define HAVE_KILLPG 1
| #define HAVE_LSTAT 1
| #define HAVE_NANOSLEEP 1
| #define HAVE_PSELECT 1
| #define HAVE_READLINK 1
| #define HAVE_SELECT 1
| #define HAVE_SETITIMER 1
| #define HAVE_STATFS 1
| #define HAVE_TCGETPGRP 1
| #define HAVE_UNAME 1
| #define HAVE_ULIMIT 1
| #define HAVE_WAITPID 1
| #define HAVE_RENAME 1
| #define HAVE_BCOPY 1
| #define HAVE_BZERO 1
| #define HAVE_CLOCK_GETTIME 1
| #define HAVE_CONFSTR 1
| #define HAVE_FACCESSAT 1
| #define HAVE_FNMATCH 1
| #define HAVE_GETADDRINFO 1
| #define HAVE_GETHOSTBYNAME 1
| #define HAVE_GETSERVBYNAME 1
| #define HAVE_GETSERVENT 1
| #define HAVE_INET_ATON 1
| #define HAVE_IMAXDIV 1
| #define HAVE_MEMMOVE 1
| #define HAVE_PATHCONF 1
| #define HAVE_PUTENV 1
| #define HAVE_RAISE 1
| #define HAVE_RANDOM 1
| #define HAVE_REGCOMP 1
| #define HAVE_REGEXEC 1
| #define HAVE_SETENV 1
| #define HAVE_SETLINEBUF 1
| #define HAVE_SETLOCALE 1
| #define HAVE_SETVBUF 1
| #define HAVE_SIGINTERRUPT 1
| #define HAVE_STRCHR 1
| #define HAVE_SYSCONF 1
| #define HAVE_SYSLOG 1
| #define HAVE_TCGETATTR 1
| #define HAVE_TCGETWINSIZE 1
| #define HAVE_TCSETWINSIZE 1
| #define HAVE_TIMES 1
| #define HAVE_TTYNAME 1
| #define HAVE_TZSET 1
| #define HAVE_UNSETENV 1
| #define HAVE_VASPRINTF 1
| #define HAVE_ASPRINTF 1
| #define HAVE_ISASCII 1
| #define HAVE_ISBLANK 1
| #define HAVE_ISGRAPH 1
| #define HAVE_ISPRINT 1
| #define HAVE_ISSPACE 1
| #define HAVE_ISXDIGIT 1
| #define HAVE_GETPWENT 1
| #define HAVE_GETPWNAM 1
| #define HAVE_GETPWUID 1
| #define HAVE_MKSTEMP 1
| #define HAVE_MKDTEMP 1
| #define HAVE_STRLCAT 1
| #define HAVE_MEMFD_CREATE 1
| #define HAVE_SHM_OPEN 1
| #define HAVE_GETCWD 1
| #define HAVE_MEMSET 1
| #define HAVE_STRCASECMP 1
| #define HAVE_STRCASESTR 1
| #define HAVE_STRERROR 1
| #define HAVE_STRFTIME 1
| #define HAVE_STRNLEN 1
| #define HAVE_STRPBRK 1
| #define HAVE_STRSTR 1
| #define HAVE_STRTOD 1
| #define HAVE_STRTOL 1
| #define HAVE_STRTOUL 1
| #define HAVE_STRTOLL 1
| #define HAVE_STRTOULL 1
| #define HAVE_STRTOUMAX 1
| #define HAVE_DPRINTF 1
| #define HAVE_STRDUP 1
| #define HAVE_STRLCPY 1
| #define HAVE_REALLOCARRAY 1
| #define HAVE_DECL_AUDIT_USER_TTY 1
| #define HAVE_DECL_CONFSTR 1
| #define HAVE_DECL_PRINTF 1
| #define HAVE_DECL_BRK 1
| #define HAVE_DECL_SBRK 1
| #define HAVE_DECL_SETREGID 1
| #define HAVE_DECL_STRCPY 1
| #define HAVE_DECL_STRSIGNAL 1
| #define HAVE_SETRESUID 1
| #define HAVE_SETRESGID 1
| #define HAVE_DECL_STRTOLD 1
| #define HAVE_DECL_STRTOL 1
| #define HAVE_DECL_STRTOLL 1
| #define HAVE_DECL_STRTOUL 1
| #define HAVE_DECL_STRTOULL 1
| #define HAVE_DECL_STRTOUMAX 1
| #define HAVE_ERRNO_H 1
| #define HAVE_FCNTL_H 1
| #define HAVE_MALLOC_H 1
| #define HAVE_STDIO_EXT_H 1
| #define HAVE_MALLOC 1
| #define HAVE_MMAP 1
| #define HAVE_DCGETTEXT 1
| #define HAVE_MEMPCPY 1
| #define HAVE_MUNMAP 1
| #define HAVE_MREMAP 1
| #define HAVE_STPCPY 1
| #define HAVE_STRCSPN 1
| #define HAVE_WCTYPE_H 1
| #define HAVE_WCHAR_H 1
| #define HAVE_LANGINFO_H 1
| #define HAVE_MBRLEN 1
| #define HAVE_MBSNRTOWCS 1
| #define HAVE_MBSRTOWCS 1
| #define HAVE_WCRTOMB 1
| #define HAVE_WCSCOLL 1
| #define HAVE_WCSDUP 1
| #define HAVE_WCWIDTH 1
| #define HAVE_WCTYPE 1
| #define HAVE_WCSNRTOMBS 1
| #define HAVE_WCSWIDTH 1
| #define HAVE_MBRTOWC 1
| #define HAVE_MBSTATE_T 1
| #define HAVE_ISWLOWER 1
| #define HAVE_ISWUPPER 1
| #define HAVE_TOWLOWER 1
| #define HAVE_TOWUPPER 1
| #define HAVE_ISWCTYPE 1
| #define HAVE_WCHAR_T 1
| #define HAVE_WCTYPE_T 1
| #define HAVE_WINT_T 1
| #define SIZEOF_WCHAR_T 4
| #define HAVE_LIBDL 1
| #define HAVE_DLOPEN 1
| #define HAVE_DLCLOSE 1
| #define HAVE_DLSYM 1
| #define GETGROUPS_T gid_t
| #define HAVE_INTPTR_T 1
| #define HAVE_UINTPTR_T 1
| #define HAVE_LONG_LONG_INT 1
| #define HAVE_UNSIGNED_LONG_LONG_INT 1
| #define SIZEOF_CHAR 1
| #define SIZEOF_SHORT 2
| #define SIZEOF_INT 4
| #define SIZEOF_LONG 8
| #define SIZEOF_CHAR_P 8
| #define SIZEOF_SIZE_T 8
| #define SIZEOF_DOUBLE 8
| #define SIZEOF_LONG_LONG 8
| #define bits16_t short
| #define u_bits16_t unsigned short
| #define bits32_t int
| /* end confdefs.h.  */
| #include <stddef.h>
| #ifdef HAVE_STDIO_H
| # include <stdio.h>
| #endif
| #ifdef HAVE_STDLIB_H
| # include <stdlib.h>
| #endif
| #ifdef HAVE_STRING_H
| # include <string.h>
| #endif
| #ifdef HAVE_INTTYPES_H
| # include <inttypes.h>
| #endif
| #ifdef HAVE_STDINT_H
| # include <stdint.h>
| #endif
| #ifdef HAVE_STRINGS_H
| # include <strings.h>
| #endif
| #ifdef HAVE_SYS_TYPES_H
| # include <sys/types.h>
| #endif
| #ifdef HAVE_SYS_STAT_H
| # include <sys/stat.h>
| #endif
| #ifdef HAVE_UNISTD_H
| # include <unistd.h>
| #endif
| int
| main (void)
| {
| if (sizeof (u_bits32_t))
| 	 return 0;
|   ;
|   return 0;
| }
configure:18850: result: no
configure:18889: checking for bits64_t
configure:18889: x86_64-unknown-linux-musl-gcc -c -g -O2 -I/home/samson/Projects/clojv3/./store/musl-1.2.6/include conftest.c >&5
conftest.c: In function 'main':
conftest.c:399:13: error: 'bits64_t' undeclared (first use in this function); did you mean 'bits32_t'?
  399 | if (sizeof (bits64_t))
      |             ^~~~~~~~
      |             bits32_t
conftest.c:399:13: note: each undeclared identifier is reported only once for each function it appears in
configure:18889: $? = 1
configure: failed program was:
| /* confdefs.h */
| #define PACKAGE_NAME "bash"
| #define PACKAGE_TARNAME "bash"
| #define PACKAGE_VERSION "5.3-release"
| #define PACKAGE_STRING "bash 5.3-release"
| #define PACKAGE_BUGREPORT "bug-bash@gnu.org"
| #define PACKAGE_URL ""
| #define ALIAS 1
| #define PUSHD_AND_POPD 1
| #define RESTRICTED_SHELL 1
| #define PROCESS_SUBSTITUTION 1
| #define PROMPT_STRING_DECODE 1
| #define SELECT_COMMAND 1
| #define HELP_BUILTIN 1
| #define ARRAY_VARS 1
| #define DPAREN_ARITHMETIC 1
| #define BRACE_EXPANSION 1
| #define COMMAND_TIMING 1
| #define EXTENDED_GLOB 1
| #define EXTGLOB_DEFAULT 0
| #define COND_COMMAND 1
| #define COND_REGEXP 1
| #define COPROCESS_SUPPORT 1
| #define ARITH_FOR_COMMAND 1
| #define NETWORK_REDIRECTIONS 1
| #define PROGRAMMABLE_COMPLETION 1
| #define DEBUGGER 1
| #define CASEMOD_ATTRS 1
| #define CASEMOD_EXPANSIONS 1
| #define GLOBASCII_DEFAULT 1
| #define FUNCTION_IMPORT 1
| #define TRANSLATABLE_STRINGS 1
| #define BASH_SOURCE_FULLPATH_DEFAULT 0
| #define MEMSCRAMBLE 1
| #define HAVE_STDIO_H 1
| #define HAVE_STDLIB_H 1
| #define HAVE_STRING_H 1
| #define HAVE_INTTYPES_H 1
| #define HAVE_STDINT_H 1
| #define HAVE_STRINGS_H 1
| #define HAVE_SYS_STAT_H 1
| #define HAVE_SYS_TYPES_H 1
| #define HAVE_UNISTD_H 1
| #define HAVE_WCHAR_H 1
| #define HAVE_STDBOOL_H 1
| #define HAVE_SYS_PARAM_H 1
| #define HAVE_THREADS_H 1
| #define HAVE_SYS_TIME_H 1
| #define STDC_HEADERS 1
| #define _ALL_SOURCE 1
| #define _DARWIN_C_SOURCE 1
| #define _GNU_SOURCE 1
| #define _HPUX_ALT_XOPEN_SOCKET_API 1
| #define _NETBSD_SOURCE 1
| #define _OPENBSD_SOURCE 1
| #define _POSIX_PTHREAD_SEMANTICS 1
| #define __STDC_WANT_IEC_60559_ATTRIBS_EXT__ 1
| #define __STDC_WANT_IEC_60559_BFP_EXT__ 1
| #define __STDC_WANT_IEC_60559_DFP_EXT__ 1
| #define __STDC_WANT_IEC_60559_EXT__ 1
| #define __STDC_WANT_IEC_60559_FUNCS_EXT__ 1
| #define __STDC_WANT_IEC_60559_TYPES_EXT__ 1
| #define __STDC_WANT_LIB_EXT2__ 1
| #define __STDC_WANT_MATH_SPEC_FUNCS__ 1
| #define _TANDEM_SOURCE 1
| #define __EXTENSIONS__ 1
| #define READLINE 1
| #define HISTORY 1
| #define BANG_HISTORY 1
| #define HAVE_STRINGIZE 1
| #define HAVE_LONG_DOUBLE 1
| #define restrict __restrict__
| #define HAVE_C_BOOL 1
| #define HAVE_VISIBILITY 1
| #define HAVE_STDINT_H_WITH_UINTMAX 1
| #define HAVE_ALLOCA_H 1
| #define HAVE_ALLOCA 1
| #define HAVE_GETPAGESIZE 1
| #define HAVE_SYMLINK 1
| #define HAVE_USELOCALE 1
| #define HAVE_VPRINTF 1
| #define HAVE_ALARM 1
| #define HAVE_FPURGE 1
| #define HAVE___FPURGE 1
| #define HAVE_SNPRINTF 1
| #define HAVE_VSNPRINTF 1
| #define HAVE_MMAP 1
| #define INTDIV0_RAISES_SIGFPE 1
| #define HAVE_INTTYPES_H_WITH_UINTMAX 1
| #define HAVE_UNSIGNED_LONG_LONG_INT 1
| #define HAVE_UINTMAX_T 1
| #define HAVE_WEAK_SYMBOLS 1
| #define HAVE_PTHREAD_API 1
| #define USE_POSIX_THREADS 1
| #define USE_POSIX_THREADS_WEAK 1
| #define HAVE_PTHREAD_RWLOCK 1
| #define HAVE_PTHREAD_MUTEX_RECURSIVE 1
| #define HAVE_ICONV 1
| #define ICONV_CONST 
| #define HAVE_BUILTIN_EXPECT 1
| #define HAVE_INTTYPES_H 1
| #define HAVE_UNISTD_H 1
| #define HAVE_SYS_PARAM_H 1
| #define HAVE_GETCWD 1
| #define HAVE_GETEGID 1
| #define HAVE_GETEUID 1
| #define HAVE_GETGID 1
| #define HAVE_GETUID 1
| #define HAVE_MEMPCPY 1
| #define HAVE_MUNMAP 1
| #define HAVE_STPCPY 1
| #define HAVE_STRCASECMP 1
| #define HAVE_TSEARCH 1
| #define HAVE___FSETLOCKING 1
| #define HAVE_DECL_FEOF_UNLOCKED 1
| #define HAVE_DECL_FGETS_UNLOCKED 1
| #define HAVE_LOCALECONV 1
| #define HAVE_LONG_LONG_INT 1
| #define HAVE_WCHAR_T 1
| #define HAVE_WINT_T 1
| #define HAVE_INTMAX_T 1
| #define HAVE_POSIX_PRINTF 1
| #define HAVE_STDINT_H 1
| #define HAVE_STDINT_H 1
| #define HAVE_WORKING_O_NOATIME 0
| #define HAVE_WORKING_O_NOFOLLOW 0
| #define HAVE_WORKING_USELOCALE 1
| #define HAVE_GOOD_USELOCALE 1
| #define FLEXIBLE_ARRAY_MEMBER /**/
| #define HAVE_FEATURES_H 1
| #define HAVE_STDDEF_H 1
| #define HAVE_STDLIB_H 1
| #define HAVE_STRING_H 1
| #define HAVE_ASPRINTF 1
| #define HAVE_WPRINTF 1
| #define HAVE_NEWLOCALE 1
| #define HAVE_PUTENV 1
| #define HAVE_SETENV 1
| #define HAVE_SNPRINTF 1
| #define HAVE_STRNLEN 1
| #define HAVE_USELOCALE 1
| #define HAVE_WCSLEN 1
| #define HAVE_WCSNLEN 1
| #define HAVE_MBRTOWC 1
| #define HAVE_WCRTOMB 1
| #define HAVE_DECL__SNPRINTF 0
| #define HAVE_DECL__SNWPRINTF 0
| #define HAVE_DECL_GETC_UNLOCKED 1
| #define HAVE_NL_LANGINFO 1
| #define HAVE_LANGINFO_CODESET 1
| #define HAVE_LC_MESSAGES 1
| #define ENABLE_NLS 1
| #define HAVE_GETTEXT 1
| #define HAVE_DCGETTEXT 1
| #define HAVE_DIRENT_H 1
| #define MAJOR_IN_SYSMACROS 1
| #define HAVE_INTTYPES_H 1
| #define HAVE_UNISTD_H 1
| #define HAVE_STDLIB_H 1
| #define HAVE_LIMITS_H 1
| #define HAVE_STRING_H 1
| #define HAVE_MEMORY_H 1
| #define HAVE_LOCALE_H 1
| #define HAVE_TERMIOS_H 1
| #define HAVE_DLFCN_H 1
| #define HAVE_STDDEF_H 1
| #define HAVE_STDINT_H 1
| #define HAVE_NETDB_H 1
| #define HAVE_PWD_H 1
| #define HAVE_GRP_H 1
| #define HAVE_STRINGS_H 1
| #define HAVE_STDCKDINT_H 1
| #define HAVE_REGEX_H 1
| #define HAVE_SYSLOG_H 1
| #define HAVE_ULIMIT_H 1
| #define HAVE_SYS_SELECT_H 1
| #define HAVE_SYS_FILE_H 1
| #define HAVE_SYS_IOCTL_H 1
| #define HAVE_SYS_MMAN_H 1
| #define HAVE_SYS_PARAM_H 1
| #define HAVE_SYS_RANDOM_H 1
| #define HAVE_SYS_SOCKET_H 1
| #define HAVE_SYS_STAT_H 1
| #define HAVE_SYS_TIME_H 1
| #define HAVE_SYS_TIMES_H 1
| #define HAVE_SYS_TYPES_H 1
| #define HAVE_SYS_WAIT_H 1
| #define HAVE_NETINET_IN_H 1
| #define HAVE_ARPA_INET_H 1
| #define HAVE_SYS_RESOURCE_H 1
| #define HAVE_ALLOCA_H 1
| #define HAVE_ALLOCA 1
| #define HAVE_CHOWN 1
| #define GETPGRP_VOID 1
| #define HAVE_STRCOLL 1
| #define HAVE_WAIT3 1
| #define HAVE_MKFIFO 1
| #define HAVE_DUP2 1
| #define HAVE_EACCESS 1
| #define HAVE_FCNTL 1
| #define HAVE_GETDTABLESIZE 1
| #define HAVE_GETENTROPY 1
| #define HAVE_GETGROUPS 1
| #define HAVE_GETHOSTNAME 1
| #define HAVE_GETPAGESIZE 1
| #define HAVE_GETPEERNAME 1
| #define HAVE_GETRANDOM 1
| #define HAVE_GETRLIMIT 1
| #define HAVE_GETRUSAGE 1
| #define HAVE_GETTIMEOFDAY 1
| #define HAVE_KILL 1
| #define HAVE_KILLPG 1
| #define HAVE_LSTAT 1
| #define HAVE_NANOSLEEP 1
| #define HAVE_PSELECT 1
| #define HAVE_READLINK 1
| #define HAVE_SELECT 1
| #define HAVE_SETITIMER 1
| #define HAVE_STATFS 1
| #define HAVE_TCGETPGRP 1
| #define HAVE_UNAME 1
| #define HAVE_ULIMIT 1
| #define HAVE_WAITPID 1
| #define HAVE_RENAME 1
| #define HAVE_BCOPY 1
| #define HAVE_BZERO 1
| #define HAVE_CLOCK_GETTIME 1
| #define HAVE_CONFSTR 1
| #define HAVE_FACCESSAT 1
| #define HAVE_FNMATCH 1
| #define HAVE_GETADDRINFO 1
| #define HAVE_GETHOSTBYNAME 1
| #define HAVE_GETSERVBYNAME 1
| #define HAVE_GETSERVENT 1
| #define HAVE_INET_ATON 1
| #define HAVE_IMAXDIV 1
| #define HAVE_MEMMOVE 1
| #define HAVE_PATHCONF 1
| #define HAVE_PUTENV 1
| #define HAVE_RAISE 1
| #define HAVE_RANDOM 1
| #define HAVE_REGCOMP 1
| #define HAVE_REGEXEC 1
| #define HAVE_SETENV 1
| #define HAVE_SETLINEBUF 1
| #define HAVE_SETLOCALE 1
| #define HAVE_SETVBUF 1
| #define HAVE_SIGINTERRUPT 1
| #define HAVE_STRCHR 1
| #define HAVE_SYSCONF 1
| #define HAVE_SYSLOG 1
| #define HAVE_TCGETATTR 1
| #define HAVE_TCGETWINSIZE 1
| #define HAVE_TCSETWINSIZE 1
| #define HAVE_TIMES 1
| #define HAVE_TTYNAME 1
| #define HAVE_TZSET 1
| #define HAVE_UNSETENV 1
| #define HAVE_VASPRINTF 1
| #define HAVE_ASPRINTF 1
| #define HAVE_ISASCII 1
| #define HAVE_ISBLANK 1
| #define HAVE_ISGRAPH 1
| #define HAVE_ISPRINT 1
| #define HAVE_ISSPACE 1
| #define HAVE_ISXDIGIT 1
| #define HAVE_GETPWENT 1
| #define HAVE_GETPWNAM 1
| #define HAVE_GETPWUID 1
| #define HAVE_MKSTEMP 1
| #define HAVE_MKDTEMP 1
| #define HAVE_STRLCAT 1
| #define HAVE_MEMFD_CREATE 1
| #define HAVE_SHM_OPEN 1
| #define HAVE_GETCWD 1
| #define HAVE_MEMSET 1
| #define HAVE_STRCASECMP 1
| #define HAVE_STRCASESTR 1
| #define HAVE_STRERROR 1
| #define HAVE_STRFTIME 1
| #define HAVE_STRNLEN 1
| #define HAVE_STRPBRK 1
| #define HAVE_STRSTR 1
| #define HAVE_STRTOD 1
| #define HAVE_STRTOL 1
| #define HAVE_STRTOUL 1
| #define HAVE_STRTOLL 1
| #define HAVE_STRTOULL 1
| #define HAVE_STRTOUMAX 1
| #define HAVE_DPRINTF 1
| #define HAVE_STRDUP 1
| #define HAVE_STRLCPY 1
| #define HAVE_REALLOCARRAY 1
| #define HAVE_DECL_AUDIT_USER_TTY 1
| #define HAVE_DECL_CONFSTR 1
| #define HAVE_DECL_PRINTF 1
| #define HAVE_DECL_BRK 1
| #define HAVE_DECL_SBRK 1
| #define HAVE_DECL_SETREGID 1
| #define HAVE_DECL_STRCPY 1
| #define HAVE_DECL_STRSIGNAL 1
| #define HAVE_SETRESUID 1
| #define HAVE_SETRESGID 1
| #define HAVE_DECL_STRTOLD 1
| #define HAVE_DECL_STRTOL 1
| #define HAVE_DECL_STRTOLL 1
| #define HAVE_DECL_STRTOUL 1
| #define HAVE_DECL_STRTOULL 1
| #define HAVE_DECL_STRTOUMAX 1
| #define HAVE_ERRNO_H 1
| #define HAVE_FCNTL_H 1
| #define HAVE_MALLOC_H 1
| #define HAVE_STDIO_EXT_H 1
| #define HAVE_MALLOC 1
| #define HAVE_MMAP 1
| #define HAVE_DCGETTEXT 1
| #define HAVE_MEMPCPY 1
| #define HAVE_MUNMAP 1
| #define HAVE_MREMAP 1
| #define HAVE_STPCPY 1
| #define HAVE_STRCSPN 1
| #define HAVE_WCTYPE_H 1
| #define HAVE_WCHAR_H 1
| #define HAVE_LANGINFO_H 1
| #define HAVE_MBRLEN 1
| #define HAVE_MBSNRTOWCS 1
| #define HAVE_MBSRTOWCS 1
| #define HAVE_WCRTOMB 1
| #define HAVE_WCSCOLL 1
| #define HAVE_WCSDUP 1
| #define HAVE_WCWIDTH 1
| #define HAVE_WCTYPE 1
| #define HAVE_WCSNRTOMBS 1
| #define HAVE_WCSWIDTH 1
| #define HAVE_MBRTOWC 1
| #define HAVE_MBSTATE_T 1
| #define HAVE_ISWLOWER 1
| #define HAVE_ISWUPPER 1
| #define HAVE_TOWLOWER 1
| #define HAVE_TOWUPPER 1
| #define HAVE_ISWCTYPE 1
| #define HAVE_WCHAR_T 1
| #define HAVE_WCTYPE_T 1
| #define HAVE_WINT_T 1
| #define SIZEOF_WCHAR_T 4
| #define HAVE_LIBDL 1
| #define HAVE_DLOPEN 1
| #define HAVE_DLCLOSE 1
| #define HAVE_DLSYM 1
| #define GETGROUPS_T gid_t
| #define HAVE_INTPTR_T 1
| #define HAVE_UINTPTR_T 1
| #define HAVE_LONG_LONG_INT 1
| #define HAVE_UNSIGNED_LONG_LONG_INT 1
| #define SIZEOF_CHAR 1
| #define SIZEOF_SHORT 2
| #define SIZEOF_INT 4
| #define SIZEOF_LONG 8
| #define SIZEOF_CHAR_P 8
| #define SIZEOF_SIZE_T 8
| #define SIZEOF_DOUBLE 8
| #define SIZEOF_LONG_LONG 8
| #define bits16_t short
| #define u_bits16_t unsigned short
| #define bits32_t int
| #define u_bits32_t unsigned int
| /* end confdefs.h.  */
| #include <stddef.h>
| #ifdef HAVE_STDIO_H
| # include <stdio.h>
| #endif
| #ifdef HAVE_STDLIB_H
| # include <stdlib.h>
| #endif
| #ifdef HAVE_STRING_H
| # include <string.h>
| #endif
| #ifdef HAVE_INTTYPES_H
| # include <inttypes.h>
| #endif
| #ifdef HAVE_STDINT_H
| # include <stdint.h>
| #endif
| #ifdef HAVE_STRINGS_H
| # include <strings.h>
| #endif
| #ifdef HAVE_SYS_TYPES_H
| # include <sys/types.h>
| #endif
| #ifdef HAVE_SYS_STAT_H
| # include <sys/stat.h>
| #endif
| #ifdef HAVE_UNISTD_H
| # include <unistd.h>
| #endif
| int
| main (void)
| {
| if (sizeof (bits64_t))
| 	 return 0;
|   ;
|   return 0;
| }
configure:18889: result: no
configure:18965: checking for ptrdiff_t
configure:18965: result: yes
configure:19003: checking whether stat file-mode macros are broken
configure:19031: x86_64-unknown-linux-musl-gcc -c -g -O2 -I/home/samson/Projects/clojv3/./store/musl-1.2.6/include conftest.c >&5
configure:19031: $? = 0
configure:19041: result: no
configure:19050: checking whether #! works in shell scripts
configure:19069: result: yes
configure:19121: checking whether strchrnul works
configure:19148: x86_64-unknown-linux-musl-gcc -o conftest -g -O2 -I/home/samson/Projects/clojv3/./store/musl-1.2.6/include -B/home/samson/Projects/clojv3/./store/musl-1.2.6/lib -L/home/samson/Projects/clojv3/./store/musl-1.2.6/lib -Wl,-rpath,/home/samson/Projects/clojv3/./store/musl-1.2.6/lib -Wl,-dynamic-linker,/home/samson/Projects/clojv3/./store/musl-1.2.6/lib/libc.so conftest.c -ldl  >&5
configure:19148: $? = 0
configure:19148: ./conftest
configure:19148: $? = 0
configure:19162: result: yes
configure:19175: checking if dup2 fails to clear the close-on-exec flag
configure:19213: x86_64-unknown-linux-musl-gcc -o conftest -g -O2 -I/home/samson/Projects/clojv3/./store/musl-1.2.6/include -B/home/samson/Projects/clojv3/./store/musl-1.2.6/lib -L/home/samson/Projects/clojv3/./store/musl-1.2.6/lib -Wl,-rpath,/home/samson/Projects/clojv3/./store/musl-1.2.6/lib -Wl,-dynamic-linker,/home/samson/Projects/clojv3/./store/musl-1.2.6/lib/libc.so conftest.c -ldl  >&5
configure:19213: $? = 0
configure:19213: ./conftest
configure:19213: $? = 1
configure: program exited with status 1
configure: failed program was:
| /* confdefs.h */
| #define PACKAGE_NAME "bash"
| #define PACKAGE_TARNAME "bash"
| #define PACKAGE_VERSION "5.3-release"
| #define PACKAGE_STRING "bash 5.3-release"
| #define PACKAGE_BUGREPORT "bug-bash@gnu.org"
| #define PACKAGE_URL ""
| #define ALIAS 1
| #define PUSHD_AND_POPD 1
| #define RESTRICTED_SHELL 1
| #define PROCESS_SUBSTITUTION 1
| #define PROMPT_STRING_DECODE 1
| #define SELECT_COMMAND 1
| #define HELP_BUILTIN 1
| #define ARRAY_VARS 1
| #define DPAREN_ARITHMETIC 1
| #define BRACE_EXPANSION 1
| #define COMMAND_TIMING 1
| #define EXTENDED_GLOB 1
| #define EXTGLOB_DEFAULT 0
| #define COND_COMMAND 1
| #define COND_REGEXP 1
| #define COPROCESS_SUPPORT 1
| #define ARITH_FOR_COMMAND 1
| #define NETWORK_REDIRECTIONS 1
| #define PROGRAMMABLE_COMPLETION 1
| #define DEBUGGER 1
| #define CASEMOD_ATTRS 1
| #define CASEMOD_EXPANSIONS 1
| #define GLOBASCII_DEFAULT 1
| #define FUNCTION_IMPORT 1
| #define TRANSLATABLE_STRINGS 1
| #define BASH_SOURCE_FULLPATH_DEFAULT 0
| #define MEMSCRAMBLE 1
| #define HAVE_STDIO_H 1
| #define HAVE_STDLIB_H 1
| #define HAVE_STRING_H 1
| #define HAVE_INTTYPES_H 1
| #define HAVE_STDINT_H 1
| #define HAVE_STRINGS_H 1
| #define HAVE_SYS_STAT_H 1
| #define HAVE_SYS_TYPES_H 1
| #define HAVE_UNISTD_H 1
| #define HAVE_WCHAR_H 1
| #define HAVE_STDBOOL_H 1
| #define HAVE_SYS_PARAM_H 1
| #define HAVE_THREADS_H 1
| #define HAVE_SYS_TIME_H 1
| #define STDC_HEADERS 1
| #define _ALL_SOURCE 1
| #define _DARWIN_C_SOURCE 1
| #define _GNU_SOURCE 1
| #define _HPUX_ALT_XOPEN_SOCKET_API 1
| #define _NETBSD_SOURCE 1
| #define _OPENBSD_SOURCE 1
| #define _POSIX_PTHREAD_SEMANTICS 1
| #define __STDC_WANT_IEC_60559_ATTRIBS_EXT__ 1
| #define __STDC_WANT_IEC_60559_BFP_EXT__ 1
| #define __STDC_WANT_IEC_60559_DFP_EXT__ 1
| #define __STDC_WANT_IEC_60559_EXT__ 1
| #define __STDC_WANT_IEC_60559_FUNCS_EXT__ 1
| #define __STDC_WANT_IEC_60559_TYPES_EXT__ 1
| #define __STDC_WANT_LIB_EXT2__ 1
| #define __STDC_WANT_MATH_SPEC_FUNCS__ 1
| #define _TANDEM_SOURCE 1
| #define __EXTENSIONS__ 1
| #define READLINE 1
| #define HISTORY 1
| #define BANG_HISTORY 1
| #define HAVE_STRINGIZE 1
| #define HAVE_LONG_DOUBLE 1
| #define restrict __restrict__
| #define HAVE_C_BOOL 1
| #define HAVE_VISIBILITY 1
| #define HAVE_STDINT_H_WITH_UINTMAX 1
| #define HAVE_ALLOCA_H 1
| #define HAVE_ALLOCA 1
| #define HAVE_GETPAGESIZE 1
| #define HAVE_SYMLINK 1
| #define HAVE_USELOCALE 1
| #define HAVE_VPRINTF 1
| #define HAVE_ALARM 1
| #define HAVE_FPURGE 1
| #define HAVE___FPURGE 1
| #define HAVE_SNPRINTF 1
| #define HAVE_VSNPRINTF 1
| #define HAVE_MMAP 1
| #define INTDIV0_RAISES_SIGFPE 1
| #define HAVE_INTTYPES_H_WITH_UINTMAX 1
| #define HAVE_UNSIGNED_LONG_LONG_INT 1
| #define HAVE_UINTMAX_T 1
| #define HAVE_WEAK_SYMBOLS 1
| #define HAVE_PTHREAD_API 1
| #define USE_POSIX_THREADS 1
| #define USE_POSIX_THREADS_WEAK 1
| #define HAVE_PTHREAD_RWLOCK 1
| #define HAVE_PTHREAD_MUTEX_RECURSIVE 1
| #define HAVE_ICONV 1
| #define ICONV_CONST 
| #define HAVE_BUILTIN_EXPECT 1
| #define HAVE_INTTYPES_H 1
| #define HAVE_UNISTD_H 1
| #define HAVE_SYS_PARAM_H 1
| #define HAVE_GETCWD 1
| #define HAVE_GETEGID 1
| #define HAVE_GETEUID 1
| #define HAVE_GETGID 1
| #define HAVE_GETUID 1
| #define HAVE_MEMPCPY 1
| #define HAVE_MUNMAP 1
| #define HAVE_STPCPY 1
| #define HAVE_STRCASECMP 1
| #define HAVE_TSEARCH 1
| #define HAVE___FSETLOCKING 1
| #define HAVE_DECL_FEOF_UNLOCKED 1
| #define HAVE_DECL_FGETS_UNLOCKED 1
| #define HAVE_LOCALECONV 1
| #define HAVE_LONG_LONG_INT 1
| #define HAVE_WCHAR_T 1
| #define HAVE_WINT_T 1
| #define HAVE_INTMAX_T 1
| #define HAVE_POSIX_PRINTF 1
| #define HAVE_STDINT_H 1
| #define HAVE_STDINT_H 1
| #define HAVE_WORKING_O_NOATIME 0
| #define HAVE_WORKING_O_NOFOLLOW 0
| #define HAVE_WORKING_USELOCALE 1
| #define HAVE_GOOD_USELOCALE 1
| #define FLEXIBLE_ARRAY_MEMBER /**/
| #define HAVE_FEATURES_H 1
| #define HAVE_STDDEF_H 1
| #define HAVE_STDLIB_H 1
| #define HAVE_STRING_H 1
| #define HAVE_ASPRINTF 1
| #define HAVE_WPRINTF 1
| #define HAVE_NEWLOCALE 1
| #define HAVE_PUTENV 1
| #define HAVE_SETENV 1
| #define HAVE_SNPRINTF 1
| #define HAVE_STRNLEN 1
| #define HAVE_USELOCALE 1
| #define HAVE_WCSLEN 1
| #define HAVE_WCSNLEN 1
| #define HAVE_MBRTOWC 1
| #define HAVE_WCRTOMB 1
| #define HAVE_DECL__SNPRINTF 0
| #define HAVE_DECL__SNWPRINTF 0
| #define HAVE_DECL_GETC_UNLOCKED 1
| #define HAVE_NL_LANGINFO 1
| #define HAVE_LANGINFO_CODESET 1
| #define HAVE_LC_MESSAGES 1
| #define ENABLE_NLS 1
| #define HAVE_GETTEXT 1
| #define HAVE_DCGETTEXT 1
| #define HAVE_DIRENT_H 1
| #define MAJOR_IN_SYSMACROS 1
| #define HAVE_INTTYPES_H 1
| #define HAVE_UNISTD_H 1
| #define HAVE_STDLIB_H 1
| #define HAVE_LIMITS_H 1
| #define HAVE_STRING_H 1
| #define HAVE_MEMORY_H 1
| #define HAVE_LOCALE_H 1
| #define HAVE_TERMIOS_H 1
| #define HAVE_DLFCN_H 1
| #define HAVE_STDDEF_H 1
| #define HAVE_STDINT_H 1
| #define HAVE_NETDB_H 1
| #define HAVE_PWD_H 1
| #define HAVE_GRP_H 1
| #define HAVE_STRINGS_H 1
| #define HAVE_STDCKDINT_H 1
| #define HAVE_REGEX_H 1
| #define HAVE_SYSLOG_H 1
| #define HAVE_ULIMIT_H 1
| #define HAVE_SYS_SELECT_H 1
| #define HAVE_SYS_FILE_H 1
| #define HAVE_SYS_IOCTL_H 1
| #define HAVE_SYS_MMAN_H 1
| #define HAVE_SYS_PARAM_H 1
| #define HAVE_SYS_RANDOM_H 1
| #define HAVE_SYS_SOCKET_H 1
| #define HAVE_SYS_STAT_H 1
| #define HAVE_SYS_TIME_H 1
| #define HAVE_SYS_TIMES_H 1
| #define HAVE_SYS_TYPES_H 1
| #define HAVE_SYS_WAIT_H 1
| #define HAVE_NETINET_IN_H 1
| #define HAVE_ARPA_INET_H 1
| #define HAVE_SYS_RESOURCE_H 1
| #define HAVE_ALLOCA_H 1
| #define HAVE_ALLOCA 1
| #define HAVE_CHOWN 1
| #define GETPGRP_VOID 1
| #define HAVE_STRCOLL 1
| #define HAVE_WAIT3 1
| #define HAVE_MKFIFO 1
| #define HAVE_DUP2 1
| #define HAVE_EACCESS 1
| #define HAVE_FCNTL 1
| #define HAVE_GETDTABLESIZE 1
| #define HAVE_GETENTROPY 1
| #define HAVE_GETGROUPS 1
| #define HAVE_GETHOSTNAME 1
| #define HAVE_GETPAGESIZE 1
| #define HAVE_GETPEERNAME 1
| #define HAVE_GETRANDOM 1
| #define HAVE_GETRLIMIT 1
| #define HAVE_GETRUSAGE 1
| #define HAVE_GETTIMEOFDAY 1
| #define HAVE_KILL 1
| #define HAVE_KILLPG 1
| #define HAVE_LSTAT 1
| #define HAVE_NANOSLEEP 1
| #define HAVE_PSELECT 1
| #define HAVE_READLINK 1
| #define HAVE_SELECT 1
| #define HAVE_SETITIMER 1
| #define HAVE_STATFS 1
| #define HAVE_TCGETPGRP 1
| #define HAVE_UNAME 1
| #define HAVE_ULIMIT 1
| #define HAVE_WAITPID 1
| #define HAVE_RENAME 1
| #define HAVE_BCOPY 1
| #define HAVE_BZERO 1
| #define HAVE_CLOCK_GETTIME 1
| #define HAVE_CONFSTR 1
| #define HAVE_FACCESSAT 1
| #define HAVE_FNMATCH 1
| #define HAVE_GETADDRINFO 1
| #define HAVE_GETHOSTBYNAME 1
| #define HAVE_GETSERVBYNAME 1
| #define HAVE_GETSERVENT 1
| #define HAVE_INET_ATON 1
| #define HAVE_IMAXDIV 1
| #define HAVE_MEMMOVE 1
| #define HAVE_PATHCONF 1
| #define HAVE_PUTENV 1
| #define HAVE_RAISE 1
| #define HAVE_RANDOM 1
| #define HAVE_REGCOMP 1
| #define HAVE_REGEXEC 1
| #define HAVE_SETENV 1
| #define HAVE_SETLINEBUF 1
| #define HAVE_SETLOCALE 1
| #define HAVE_SETVBUF 1
| #define HAVE_SIGINTERRUPT 1
| #define HAVE_STRCHR 1
| #define HAVE_SYSCONF 1
| #define HAVE_SYSLOG 1
| #define HAVE_TCGETATTR 1
| #define HAVE_TCGETWINSIZE 1
| #define HAVE_TCSETWINSIZE 1
| #define HAVE_TIMES 1
| #define HAVE_TTYNAME 1
| #define HAVE_TZSET 1
| #define HAVE_UNSETENV 1
| #define HAVE_VASPRINTF 1
| #define HAVE_ASPRINTF 1
| #define HAVE_ISASCII 1
| #define HAVE_ISBLANK 1
| #define HAVE_ISGRAPH 1
| #define HAVE_ISPRINT 1
| #define HAVE_ISSPACE 1
| #define HAVE_ISXDIGIT 1
| #define HAVE_GETPWENT 1
| #define HAVE_GETPWNAM 1
| #define HAVE_GETPWUID 1
| #define HAVE_MKSTEMP 1
| #define HAVE_MKDTEMP 1
| #define HAVE_STRLCAT 1
| #define HAVE_MEMFD_CREATE 1
| #define HAVE_SHM_OPEN 1
| #define HAVE_GETCWD 1
| #define HAVE_MEMSET 1
| #define HAVE_STRCASECMP 1
| #define HAVE_STRCASESTR 1
| #define HAVE_STRERROR 1
| #define HAVE_STRFTIME 1
| #define HAVE_STRNLEN 1
| #define HAVE_STRPBRK 1
| #define HAVE_STRSTR 1
| #define HAVE_STRTOD 1
| #define HAVE_STRTOL 1
| #define HAVE_STRTOUL 1
| #define HAVE_STRTOLL 1
| #define HAVE_STRTOULL 1
| #define HAVE_STRTOUMAX 1
| #define HAVE_DPRINTF 1
| #define HAVE_STRDUP 1
| #define HAVE_STRLCPY 1
| #define HAVE_REALLOCARRAY 1
| #define HAVE_DECL_AUDIT_USER_TTY 1
| #define HAVE_DECL_CONFSTR 1
| #define HAVE_DECL_PRINTF 1
| #define HAVE_DECL_BRK 1
| #define HAVE_DECL_SBRK 1
| #define HAVE_DECL_SETREGID 1
| #define HAVE_DECL_STRCPY 1
| #define HAVE_DECL_STRSIGNAL 1
| #define HAVE_SETRESUID 1
| #define HAVE_SETRESGID 1
| #define HAVE_DECL_STRTOLD 1
| #define HAVE_DECL_STRTOL 1
| #define HAVE_DECL_STRTOLL 1
| #define HAVE_DECL_STRTOUL 1
| #define HAVE_DECL_STRTOULL 1
| #define HAVE_DECL_STRTOUMAX 1
| #define HAVE_ERRNO_H 1
| #define HAVE_FCNTL_H 1
| #define HAVE_MALLOC_H 1
| #define HAVE_STDIO_EXT_H 1
| #define HAVE_MALLOC 1
| #define HAVE_MMAP 1
| #define HAVE_DCGETTEXT 1
| #define HAVE_MEMPCPY 1
| #define HAVE_MUNMAP 1
| #define HAVE_MREMAP 1
| #define HAVE_STPCPY 1
| #define HAVE_STRCSPN 1
| #define HAVE_WCTYPE_H 1
| #define HAVE_WCHAR_H 1
| #define HAVE_LANGINFO_H 1
| #define HAVE_MBRLEN 1
| #define HAVE_MBSNRTOWCS 1
| #define HAVE_MBSRTOWCS 1
| #define HAVE_WCRTOMB 1
| #define HAVE_WCSCOLL 1
| #define HAVE_WCSDUP 1
| #define HAVE_WCWIDTH 1
| #define HAVE_WCTYPE 1
| #define HAVE_WCSNRTOMBS 1
| #define HAVE_WCSWIDTH 1
| #define HAVE_MBRTOWC 1
| #define HAVE_MBSTATE_T 1
| #define HAVE_ISWLOWER 1
| #define HAVE_ISWUPPER 1
| #define HAVE_TOWLOWER 1
| #define HAVE_TOWUPPER 1
| #define HAVE_ISWCTYPE 1
| #define HAVE_WCHAR_T 1
| #define HAVE_WCTYPE_T 1
| #define HAVE_WINT_T 1
| #define SIZEOF_WCHAR_T 4
| #define HAVE_LIBDL 1
| #define HAVE_DLOPEN 1
| #define HAVE_DLCLOSE 1
| #define HAVE_DLSYM 1
| #define GETGROUPS_T gid_t
| #define HAVE_INTPTR_T 1
| #define HAVE_UINTPTR_T 1
| #define HAVE_LONG_LONG_INT 1
| #define HAVE_UNSIGNED_LONG_LONG_INT 1
| #define SIZEOF_CHAR 1
| #define SIZEOF_SHORT 2
| #define SIZEOF_INT 4
| #define SIZEOF_LONG 8
| #define SIZEOF_CHAR_P 8
| #define SIZEOF_SIZE_T 8
| #define SIZEOF_DOUBLE 8
| #define SIZEOF_LONG_LONG 8
| #define bits16_t short
| #define u_bits16_t unsigned short
| #define bits32_t int
| #define u_bits32_t unsigned int
| #define bits64_t char *
| #define HAVE_HASH_BANG_EXEC 1
| /* end confdefs.h.  */
| 
| #include <sys/types.h>
| #include <fcntl.h>
| #include <stdlib.h>
| #ifdef HAVE_UNISTD_H
| # include <unistd.h>
| #endif /* HAVE_UNISTD_H */
| int
| main()
| {
|   int fd1, fd2, fl;
|   fd1 = open("/dev/null", 2);
|   if (fcntl(fd1, 2, 1) < 0)
|     exit(1);
|   fd2 = dup2(fd1, 1);
|   if (fd2 < 0)
|     exit(2);
|   fl = fcntl(fd2, 1, 0);
|   /* fl will be 1 if dup2 did not reset the close-on-exec flag. */
|   exit(fl != 1);
| }
| 
configure:19228: result: no
configure:19236: checking whether pgrps need synchronization
configure:19306: x86_64-unknown-linux-musl-gcc -o conftest -g -O2 -I/home/samson/Projects/clojv3/./store/musl-1.2.6/include -B/home/samson/Projects/clojv3/./store/musl-1.2.6/lib -L/home/samson/Projects/clojv3/./store/musl-1.2.6/lib -Wl,-rpath,/home/samson/Projects/clojv3/./store/musl-1.2.6/lib -Wl,-dynamic-linker,/home/samson/Projects/clojv3/./store/musl-1.2.6/lib/libc.so conftest.c -ldl  >&5
configure:19306: $? = 0
configure:19306: ./conftest
configure:19306: $? = 0
configure:19321: result: no
configure:19328: checking for type of signal functions
configure:19358: x86_64-unknown-linux-musl-gcc -o conftest -g -O2 -I/home/samson/Projects/clojv3/./store/musl-1.2.6/include -B/home/samson/Projects/clojv3/./store/musl-1.2.6/lib -L/home/samson/Projects/clojv3/./store/musl-1.2.6/lib -Wl,-rpath,/home/samson/Projects/clojv3/./store/musl-1.2.6/lib -Wl,-dynamic-linker,/home/samson/Projects/clojv3/./store/musl-1.2.6/lib/libc.so conftest.c -ldl  >&5
configure:19358: $? = 0
configure:19459: result: posix
configure:19473: checking for sys_errlist and sys_nerr
configure:19496: x86_64-unknown-linux-musl-gcc -o conftest -g -O2 -I/home/samson/Projects/clojv3/./store/musl-1.2.6/include -B/home/samson/Projects/clojv3/./store/musl-1.2.6/lib -L/home/samson/Projects/clojv3/./store/musl-1.2.6/lib -Wl,-rpath,/home/samson/Projects/clojv3/./store/musl-1.2.6/lib -Wl,-dynamic-linker,/home/samson/Projects/clojv3/./store/musl-1.2.6/lib/libc.so conftest.c -ldl  >&5
configure:19496: $? = 0
configure:19509: result: yes
configure:19516: checking whether sys_siglist is declared
configure:19516: x86_64-unknown-linux-musl-gcc -c -g -O2  -I/home/samson/Projects/clojv3/./store/musl-1.2.6/include conftest.c >&5
conftest.c: In function 'main':
conftest.c:386:10: error: 'sys_siglist' undeclared (first use in this function)
  386 |   (void) sys_siglist;
      |          ^~~~~~~~~~~
conftest.c:386:10: note: each undeclared identifier is reported only once for each function it appears in
configure:19516: $? = 1
configure: failed program was:
| /* confdefs.h */
| #define PACKAGE_NAME "bash"
| #define PACKAGE_TARNAME "bash"
| #define PACKAGE_VERSION "5.3-release"
| #define PACKAGE_STRING "bash 5.3-release"
| #define PACKAGE_BUGREPORT "bug-bash@gnu.org"
| #define PACKAGE_URL ""
| #define ALIAS 1
| #define PUSHD_AND_POPD 1
| #define RESTRICTED_SHELL 1
| #define PROCESS_SUBSTITUTION 1
| #define PROMPT_STRING_DECODE 1
| #define SELECT_COMMAND 1
| #define HELP_BUILTIN 1
| #define ARRAY_VARS 1
| #define DPAREN_ARITHMETIC 1
| #define BRACE_EXPANSION 1
| #define COMMAND_TIMING 1
| #define EXTENDED_GLOB 1
| #define EXTGLOB_DEFAULT 0
| #define COND_COMMAND 1
| #define COND_REGEXP 1
| #define COPROCESS_SUPPORT 1
| #define ARITH_FOR_COMMAND 1
| #define NETWORK_REDIRECTIONS 1
| #define PROGRAMMABLE_COMPLETION 1
| #define DEBUGGER 1
| #define CASEMOD_ATTRS 1
| #define CASEMOD_EXPANSIONS 1
| #define GLOBASCII_DEFAULT 1
| #define FUNCTION_IMPORT 1
| #define TRANSLATABLE_STRINGS 1
| #define BASH_SOURCE_FULLPATH_DEFAULT 0
| #define MEMSCRAMBLE 1
| #define HAVE_STDIO_H 1
| #define HAVE_STDLIB_H 1
| #define HAVE_STRING_H 1
| #define HAVE_INTTYPES_H 1
| #define HAVE_STDINT_H 1
| #define HAVE_STRINGS_H 1
| #define HAVE_SYS_STAT_H 1
| #define HAVE_SYS_TYPES_H 1
| #define HAVE_UNISTD_H 1
| #define HAVE_WCHAR_H 1
| #define HAVE_STDBOOL_H 1
| #define HAVE_SYS_PARAM_H 1
| #define HAVE_THREADS_H 1
| #define HAVE_SYS_TIME_H 1
| #define STDC_HEADERS 1
| #define _ALL_SOURCE 1
| #define _DARWIN_C_SOURCE 1
| #define _GNU_SOURCE 1
| #define _HPUX_ALT_XOPEN_SOCKET_API 1
| #define _NETBSD_SOURCE 1
| #define _OPENBSD_SOURCE 1
| #define _POSIX_PTHREAD_SEMANTICS 1
| #define __STDC_WANT_IEC_60559_ATTRIBS_EXT__ 1
| #define __STDC_WANT_IEC_60559_BFP_EXT__ 1
| #define __STDC_WANT_IEC_60559_DFP_EXT__ 1
| #define __STDC_WANT_IEC_60559_EXT__ 1
| #define __STDC_WANT_IEC_60559_FUNCS_EXT__ 1
| #define __STDC_WANT_IEC_60559_TYPES_EXT__ 1
| #define __STDC_WANT_LIB_EXT2__ 1
| #define __STDC_WANT_MATH_SPEC_FUNCS__ 1
| #define _TANDEM_SOURCE 1
| #define __EXTENSIONS__ 1
| #define READLINE 1
| #define HISTORY 1
| #define BANG_HISTORY 1
| #define HAVE_STRINGIZE 1
| #define HAVE_LONG_DOUBLE 1
| #define restrict __restrict__
| #define HAVE_C_BOOL 1
| #define HAVE_VISIBILITY 1
| #define HAVE_STDINT_H_WITH_UINTMAX 1
| #define HAVE_ALLOCA_H 1
| #define HAVE_ALLOCA 1
| #define HAVE_GETPAGESIZE 1
| #define HAVE_SYMLINK 1
| #define HAVE_USELOCALE 1
| #define HAVE_VPRINTF 1
| #define HAVE_ALARM 1
| #define HAVE_FPURGE 1
| #define HAVE___FPURGE 1
| #define HAVE_SNPRINTF 1
| #define HAVE_VSNPRINTF 1
| #define HAVE_MMAP 1
| #define INTDIV0_RAISES_SIGFPE 1
| #define HAVE_INTTYPES_H_WITH_UINTMAX 1
| #define HAVE_UNSIGNED_LONG_LONG_INT 1
| #define HAVE_UINTMAX_T 1
| #define HAVE_WEAK_SYMBOLS 1
| #define HAVE_PTHREAD_API 1
| #define USE_POSIX_THREADS 1
| #define USE_POSIX_THREADS_WEAK 1
| #define HAVE_PTHREAD_RWLOCK 1
| #define HAVE_PTHREAD_MUTEX_RECURSIVE 1
| #define HAVE_ICONV 1
| #define ICONV_CONST 
| #define HAVE_BUILTIN_EXPECT 1
| #define HAVE_INTTYPES_H 1
| #define HAVE_UNISTD_H 1
| #define HAVE_SYS_PARAM_H 1
| #define HAVE_GETCWD 1
| #define HAVE_GETEGID 1
| #define HAVE_GETEUID 1
| #define HAVE_GETGID 1
| #define HAVE_GETUID 1
| #define HAVE_MEMPCPY 1
| #define HAVE_MUNMAP 1
| #define HAVE_STPCPY 1
| #define HAVE_STRCASECMP 1
| #define HAVE_TSEARCH 1
| #define HAVE___FSETLOCKING 1
| #define HAVE_DECL_FEOF_UNLOCKED 1
| #define HAVE_DECL_FGETS_UNLOCKED 1
| #define HAVE_LOCALECONV 1
| #define HAVE_LONG_LONG_INT 1
| #define HAVE_WCHAR_T 1
| #define HAVE_WINT_T 1
| #define HAVE_INTMAX_T 1
| #define HAVE_POSIX_PRINTF 1
| #define HAVE_STDINT_H 1
| #define HAVE_STDINT_H 1
| #define HAVE_WORKING_O_NOATIME 0
| #define HAVE_WORKING_O_NOFOLLOW 0
| #define HAVE_WORKING_USELOCALE 1
| #define HAVE_GOOD_USELOCALE 1
| #define FLEXIBLE_ARRAY_MEMBER /**/
| #define HAVE_FEATURES_H 1
| #define HAVE_STDDEF_H 1
| #define HAVE_STDLIB_H 1
| #define HAVE_STRING_H 1
| #define HAVE_ASPRINTF 1
| #define HAVE_WPRINTF 1
| #define HAVE_NEWLOCALE 1
| #define HAVE_PUTENV 1
| #define HAVE_SETENV 1
| #define HAVE_SNPRINTF 1
| #define HAVE_STRNLEN 1
| #define HAVE_USELOCALE 1
| #define HAVE_WCSLEN 1
| #define HAVE_WCSNLEN 1
| #define HAVE_MBRTOWC 1
| #define HAVE_WCRTOMB 1
| #define HAVE_DECL__SNPRINTF 0
| #define HAVE_DECL__SNWPRINTF 0
| #define HAVE_DECL_GETC_UNLOCKED 1
| #define HAVE_NL_LANGINFO 1
| #define HAVE_LANGINFO_CODESET 1
| #define HAVE_LC_MESSAGES 1
| #define ENABLE_NLS 1
| #define HAVE_GETTEXT 1
| #define HAVE_DCGETTEXT 1
| #define HAVE_DIRENT_H 1
| #define MAJOR_IN_SYSMACROS 1
| #define HAVE_INTTYPES_H 1
| #define HAVE_UNISTD_H 1
| #define HAVE_STDLIB_H 1
| #define HAVE_LIMITS_H 1
| #define HAVE_STRING_H 1
| #define HAVE_MEMORY_H 1
| #define HAVE_LOCALE_H 1
| #define HAVE_TERMIOS_H 1
| #define HAVE_DLFCN_H 1
| #define HAVE_STDDEF_H 1
| #define HAVE_STDINT_H 1
| #define HAVE_NETDB_H 1
| #define HAVE_PWD_H 1
| #define HAVE_GRP_H 1
| #define HAVE_STRINGS_H 1
| #define HAVE_STDCKDINT_H 1
| #define HAVE_REGEX_H 1
| #define HAVE_SYSLOG_H 1
| #define HAVE_ULIMIT_H 1
| #define HAVE_SYS_SELECT_H 1
| #define HAVE_SYS_FILE_H 1
| #define HAVE_SYS_IOCTL_H 1
| #define HAVE_SYS_MMAN_H 1
| #define HAVE_SYS_PARAM_H 1
| #define HAVE_SYS_RANDOM_H 1
| #define HAVE_SYS_SOCKET_H 1
| #define HAVE_SYS_STAT_H 1
| #define HAVE_SYS_TIME_H 1
| #define HAVE_SYS_TIMES_H 1
| #define HAVE_SYS_TYPES_H 1
| #define HAVE_SYS_WAIT_H 1
| #define HAVE_NETINET_IN_H 1
| #define HAVE_ARPA_INET_H 1
| #define HAVE_SYS_RESOURCE_H 1
| #define HAVE_ALLOCA_H 1
| #define HAVE_ALLOCA 1
| #define HAVE_CHOWN 1
| #define GETPGRP_VOID 1
| #define HAVE_STRCOLL 1
| #define HAVE_WAIT3 1
| #define HAVE_MKFIFO 1
| #define HAVE_DUP2 1
| #define HAVE_EACCESS 1
| #define HAVE_FCNTL 1
| #define HAVE_GETDTABLESIZE 1
| #define HAVE_GETENTROPY 1
| #define HAVE_GETGROUPS 1
| #define HAVE_GETHOSTNAME 1
| #define HAVE_GETPAGESIZE 1
| #define HAVE_GETPEERNAME 1
| #define HAVE_GETRANDOM 1
| #define HAVE_GETRLIMIT 1
| #define HAVE_GETRUSAGE 1
| #define HAVE_GETTIMEOFDAY 1
| #define HAVE_KILL 1
| #define HAVE_KILLPG 1
| #define HAVE_LSTAT 1
| #define HAVE_NANOSLEEP 1
| #define HAVE_PSELECT 1
| #define HAVE_READLINK 1
| #define HAVE_SELECT 1
| #define HAVE_SETITIMER 1
| #define HAVE_STATFS 1
| #define HAVE_TCGETPGRP 1
| #define HAVE_UNAME 1
| #define HAVE_ULIMIT 1
| #define HAVE_WAITPID 1
| #define HAVE_RENAME 1
| #define HAVE_BCOPY 1
| #define HAVE_BZERO 1
| #define HAVE_CLOCK_GETTIME 1
| #define HAVE_CONFSTR 1
| #define HAVE_FACCESSAT 1
| #define HAVE_FNMATCH 1
| #define HAVE_GETADDRINFO 1
| #define HAVE_GETHOSTBYNAME 1
| #define HAVE_GETSERVBYNAME 1
| #define HAVE_GETSERVENT 1
| #define HAVE_INET_ATON 1
| #define HAVE_IMAXDIV 1
| #define HAVE_MEMMOVE 1
| #define HAVE_PATHCONF 1
| #define HAVE_PUTENV 1
| #define HAVE_RAISE 1
| #define HAVE_RANDOM 1
| #define HAVE_REGCOMP 1
| #define HAVE_REGEXEC 1
| #define HAVE_SETENV 1
| #define HAVE_SETLINEBUF 1
| #define HAVE_SETLOCALE 1
| #define HAVE_SETVBUF 1
| #define HAVE_SIGINTERRUPT 1
| #define HAVE_STRCHR 1
| #define HAVE_SYSCONF 1
| #define HAVE_SYSLOG 1
| #define HAVE_TCGETATTR 1
| #define HAVE_TCGETWINSIZE 1
| #define HAVE_TCSETWINSIZE 1
| #define HAVE_TIMES 1
| #define HAVE_TTYNAME 1
| #define HAVE_TZSET 1
| #define HAVE_UNSETENV 1
| #define HAVE_VASPRINTF 1
| #define HAVE_ASPRINTF 1
| #define HAVE_ISASCII 1
| #define HAVE_ISBLANK 1
| #define HAVE_ISGRAPH 1
| #define HAVE_ISPRINT 1
| #define HAVE_ISSPACE 1
| #define HAVE_ISXDIGIT 1
| #define HAVE_GETPWENT 1
| #define HAVE_GETPWNAM 1
| #define HAVE_GETPWUID 1
| #define HAVE_MKSTEMP 1
| #define HAVE_MKDTEMP 1
| #define HAVE_STRLCAT 1
| #define HAVE_MEMFD_CREATE 1
| #define HAVE_SHM_OPEN 1
| #define HAVE_GETCWD 1
| #define HAVE_MEMSET 1
| #define HAVE_STRCASECMP 1
| #define HAVE_STRCASESTR 1
| #define HAVE_STRERROR 1
| #define HAVE_STRFTIME 1
| #define HAVE_STRNLEN 1
| #define HAVE_STRPBRK 1
| #define HAVE_STRSTR 1
| #define HAVE_STRTOD 1
| #define HAVE_STRTOL 1
| #define HAVE_STRTOUL 1
| #define HAVE_STRTOLL 1
| #define HAVE_STRTOULL 1
| #define HAVE_STRTOUMAX 1
| #define HAVE_DPRINTF 1
| #define HAVE_STRDUP 1
| #define HAVE_STRLCPY 1
| #define HAVE_REALLOCARRAY 1
| #define HAVE_DECL_AUDIT_USER_TTY 1
| #define HAVE_DECL_CONFSTR 1
| #define HAVE_DECL_PRINTF 1
| #define HAVE_DECL_BRK 1
| #define HAVE_DECL_SBRK 1
| #define HAVE_DECL_SETREGID 1
| #define HAVE_DECL_STRCPY 1
| #define HAVE_DECL_STRSIGNAL 1
| #define HAVE_SETRESUID 1
| #define HAVE_SETRESGID 1
| #define HAVE_DECL_STRTOLD 1
| #define HAVE_DECL_STRTOL 1
| #define HAVE_DECL_STRTOLL 1
| #define HAVE_DECL_STRTOUL 1
| #define HAVE_DECL_STRTOULL 1
| #define HAVE_DECL_STRTOUMAX 1
| #define HAVE_ERRNO_H 1
| #define HAVE_FCNTL_H 1
| #define HAVE_MALLOC_H 1
| #define HAVE_STDIO_EXT_H 1
| #define HAVE_MALLOC 1
| #define HAVE_MMAP 1
| #define HAVE_DCGETTEXT 1
| #define HAVE_MEMPCPY 1
| #define HAVE_MUNMAP 1
| #define HAVE_MREMAP 1
| #define HAVE_STPCPY 1
| #define HAVE_STRCSPN 1
| #define HAVE_WCTYPE_H 1
| #define HAVE_WCHAR_H 1
| #define HAVE_LANGINFO_H 1
| #define HAVE_MBRLEN 1
| #define HAVE_MBSNRTOWCS 1
| #define HAVE_MBSRTOWCS 1
| #define HAVE_WCRTOMB 1
| #define HAVE_WCSCOLL 1
| #define HAVE_WCSDUP 1
| #define HAVE_WCWIDTH 1
| #define HAVE_WCTYPE 1
| #define HAVE_WCSNRTOMBS 1
| #define HAVE_WCSWIDTH 1
| #define HAVE_MBRTOWC 1
| #define HAVE_MBSTATE_T 1
| #define HAVE_ISWLOWER 1
| #define HAVE_ISWUPPER 1
| #define HAVE_TOWLOWER 1
| #define HAVE_TOWUPPER 1
| #define HAVE_ISWCTYPE 1
| #define HAVE_WCHAR_T 1
| #define HAVE_WCTYPE_T 1
| #define HAVE_WINT_T 1
| #define SIZEOF_WCHAR_T 4
| #define HAVE_LIBDL 1
| #define HAVE_DLOPEN 1
| #define HAVE_DLCLOSE 1
| #define HAVE_DLSYM 1
| #define GETGROUPS_T gid_t
| #define HAVE_INTPTR_T 1
| #define HAVE_UINTPTR_T 1
| #define HAVE_LONG_LONG_INT 1
| #define HAVE_UNSIGNED_LONG_LONG_INT 1
| #define SIZEOF_CHAR 1
| #define SIZEOF_SHORT 2
| #define SIZEOF_INT 4
| #define SIZEOF_LONG 8
| #define SIZEOF_CHAR_P 8
| #define SIZEOF_SIZE_T 8
| #define SIZEOF_DOUBLE 8
| #define SIZEOF_LONG_LONG 8
| #define bits16_t short
| #define u_bits16_t unsigned short
| #define bits32_t int
| #define u_bits32_t unsigned int
| #define bits64_t char *
| #define HAVE_HASH_BANG_EXEC 1
| #define HAVE_POSIX_SIGNALS 1
| #define HAVE_SYS_ERRLIST 1
| /* end confdefs.h.  */
| #include <signal.h>
| /* NetBSD declares sys_siglist in unistd.h.  */
| #ifdef HAVE_UNISTD_H
| # include <unistd.h>
| #endif
| 
| 
| int
| main (void)
| {
| #ifndef sys_siglist
| #ifdef __cplusplus
|   (void) sys_siglist;
| #else
|   (void) sys_siglist;
| #endif
| #endif
| 
|   ;
|   return 0;
| }
configure:19516: result: no
configure:19534: checking for sys_siglist in system C library
configure:19567: x86_64-unknown-linux-musl-gcc -o conftest -g -O2 -I/home/samson/Projects/clojv3/./store/musl-1.2.6/include -B/home/samson/Projects/clojv3/./store/musl-1.2.6/lib -L/home/samson/Projects/clojv3/./store/musl-1.2.6/lib -Wl,-rpath,/home/samson/Projects/clojv3/./store/musl-1.2.6/lib -Wl,-dynamic-linker,/home/samson/Projects/clojv3/./store/musl-1.2.6/lib/libc.so conftest.c -ldl  >&5
/nix/store/60lv8wlcr99wv4ck3sk9fzcbb4jbk2n6-x86_64-unknown-linux-musl-binutils-2.46/bin/x86_64-unknown-linux-musl-ld.bfd: /tmp/ccavxpTU.o: in function `main':
/home/samson/Projects/clojv3/store/tmp/sh-5.3/bash-5.3/conftest.c:386:(.text.startup+0x4): undefined reference to `sys_siglist'
collect2: error: ld returned 1 exit status
configure:19567: $? = 1
configure: program exited with status 1
configure: failed program was:
| /* confdefs.h */
| #define PACKAGE_NAME "bash"
| #define PACKAGE_TARNAME "bash"
| #define PACKAGE_VERSION "5.3-release"
| #define PACKAGE_STRING "bash 5.3-release"
| #define PACKAGE_BUGREPORT "bug-bash@gnu.org"
| #define PACKAGE_URL ""
| #define ALIAS 1
| #define PUSHD_AND_POPD 1
| #define RESTRICTED_SHELL 1
| #define PROCESS_SUBSTITUTION 1
| #define PROMPT_STRING_DECODE 1
| #define SELECT_COMMAND 1
| #define HELP_BUILTIN 1
| #define ARRAY_VARS 1
| #define DPAREN_ARITHMETIC 1
| #define BRACE_EXPANSION 1
| #define COMMAND_TIMING 1
| #define EXTENDED_GLOB 1
| #define EXTGLOB_DEFAULT 0
| #define COND_COMMAND 1
| #define COND_REGEXP 1
| #define COPROCESS_SUPPORT 1
| #define ARITH_FOR_COMMAND 1
| #define NETWORK_REDIRECTIONS 1
| #define PROGRAMMABLE_COMPLETION 1
| #define DEBUGGER 1
| #define CASEMOD_ATTRS 1
| #define CASEMOD_EXPANSIONS 1
| #define GLOBASCII_DEFAULT 1
| #define FUNCTION_IMPORT 1
| #define TRANSLATABLE_STRINGS 1
| #define BASH_SOURCE_FULLPATH_DEFAULT 0
| #define MEMSCRAMBLE 1
| #define HAVE_STDIO_H 1
| #define HAVE_STDLIB_H 1
| #define HAVE_STRING_H 1
| #define HAVE_INTTYPES_H 1
| #define HAVE_STDINT_H 1
| #define HAVE_STRINGS_H 1
| #define HAVE_SYS_STAT_H 1
| #define HAVE_SYS_TYPES_H 1
| #define HAVE_UNISTD_H 1
| #define HAVE_WCHAR_H 1
| #define HAVE_STDBOOL_H 1
| #define HAVE_SYS_PARAM_H 1
| #define HAVE_THREADS_H 1
| #define HAVE_SYS_TIME_H 1
| #define STDC_HEADERS 1
| #define _ALL_SOURCE 1
| #define _DARWIN_C_SOURCE 1
| #define _GNU_SOURCE 1
| #define _HPUX_ALT_XOPEN_SOCKET_API 1
| #define _NETBSD_SOURCE 1
| #define _OPENBSD_SOURCE 1
| #define _POSIX_PTHREAD_SEMANTICS 1
| #define __STDC_WANT_IEC_60559_ATTRIBS_EXT__ 1
| #define __STDC_WANT_IEC_60559_BFP_EXT__ 1
| #define __STDC_WANT_IEC_60559_DFP_EXT__ 1
| #define __STDC_WANT_IEC_60559_EXT__ 1
| #define __STDC_WANT_IEC_60559_FUNCS_EXT__ 1
| #define __STDC_WANT_IEC_60559_TYPES_EXT__ 1
| #define __STDC_WANT_LIB_EXT2__ 1
| #define __STDC_WANT_MATH_SPEC_FUNCS__ 1
| #define _TANDEM_SOURCE 1
| #define __EXTENSIONS__ 1
| #define READLINE 1
| #define HISTORY 1
| #define BANG_HISTORY 1
| #define HAVE_STRINGIZE 1
| #define HAVE_LONG_DOUBLE 1
| #define restrict __restrict__
| #define HAVE_C_BOOL 1
| #define HAVE_VISIBILITY 1
| #define HAVE_STDINT_H_WITH_UINTMAX 1
| #define HAVE_ALLOCA_H 1
| #define HAVE_ALLOCA 1
| #define HAVE_GETPAGESIZE 1
| #define HAVE_SYMLINK 1
| #define HAVE_USELOCALE 1
| #define HAVE_VPRINTF 1
| #define HAVE_ALARM 1
| #define HAVE_FPURGE 1
| #define HAVE___FPURGE 1
| #define HAVE_SNPRINTF 1
| #define HAVE_VSNPRINTF 1
| #define HAVE_MMAP 1
| #define INTDIV0_RAISES_SIGFPE 1
| #define HAVE_INTTYPES_H_WITH_UINTMAX 1
| #define HAVE_UNSIGNED_LONG_LONG_INT 1
| #define HAVE_UINTMAX_T 1
| #define HAVE_WEAK_SYMBOLS 1
| #define HAVE_PTHREAD_API 1
| #define USE_POSIX_THREADS 1
| #define USE_POSIX_THREADS_WEAK 1
| #define HAVE_PTHREAD_RWLOCK 1
| #define HAVE_PTHREAD_MUTEX_RECURSIVE 1
| #define HAVE_ICONV 1
| #define ICONV_CONST 
| #define HAVE_BUILTIN_EXPECT 1
| #define HAVE_INTTYPES_H 1
| #define HAVE_UNISTD_H 1
| #define HAVE_SYS_PARAM_H 1
| #define HAVE_GETCWD 1
| #define HAVE_GETEGID 1
| #define HAVE_GETEUID 1
| #define HAVE_GETGID 1
| #define HAVE_GETUID 1
| #define HAVE_MEMPCPY 1
| #define HAVE_MUNMAP 1
| #define HAVE_STPCPY 1
| #define HAVE_STRCASECMP 1
| #define HAVE_TSEARCH 1
| #define HAVE___FSETLOCKING 1
| #define HAVE_DECL_FEOF_UNLOCKED 1
| #define HAVE_DECL_FGETS_UNLOCKED 1
| #define HAVE_LOCALECONV 1
| #define HAVE_LONG_LONG_INT 1
| #define HAVE_WCHAR_T 1
| #define HAVE_WINT_T 1
| #define HAVE_INTMAX_T 1
| #define HAVE_POSIX_PRINTF 1
| #define HAVE_STDINT_H 1
| #define HAVE_STDINT_H 1
| #define HAVE_WORKING_O_NOATIME 0
| #define HAVE_WORKING_O_NOFOLLOW 0
| #define HAVE_WORKING_USELOCALE 1
| #define HAVE_GOOD_USELOCALE 1
| #define FLEXIBLE_ARRAY_MEMBER /**/
| #define HAVE_FEATURES_H 1
| #define HAVE_STDDEF_H 1
| #define HAVE_STDLIB_H 1
| #define HAVE_STRING_H 1
| #define HAVE_ASPRINTF 1
| #define HAVE_WPRINTF 1
| #define HAVE_NEWLOCALE 1
| #define HAVE_PUTENV 1
| #define HAVE_SETENV 1
| #define HAVE_SNPRINTF 1
| #define HAVE_STRNLEN 1
| #define HAVE_USELOCALE 1
| #define HAVE_WCSLEN 1
| #define HAVE_WCSNLEN 1
| #define HAVE_MBRTOWC 1
| #define HAVE_WCRTOMB 1
| #define HAVE_DECL__SNPRINTF 0
| #define HAVE_DECL__SNWPRINTF 0
| #define HAVE_DECL_GETC_UNLOCKED 1
| #define HAVE_NL_LANGINFO 1
| #define HAVE_LANGINFO_CODESET 1
| #define HAVE_LC_MESSAGES 1
| #define ENABLE_NLS 1
| #define HAVE_GETTEXT 1
| #define HAVE_DCGETTEXT 1
| #define HAVE_DIRENT_H 1
| #define MAJOR_IN_SYSMACROS 1
| #define HAVE_INTTYPES_H 1
| #define HAVE_UNISTD_H 1
| #define HAVE_STDLIB_H 1
| #define HAVE_LIMITS_H 1
| #define HAVE_STRING_H 1
| #define HAVE_MEMORY_H 1
| #define HAVE_LOCALE_H 1
| #define HAVE_TERMIOS_H 1
| #define HAVE_DLFCN_H 1
| #define HAVE_STDDEF_H 1
| #define HAVE_STDINT_H 1
| #define HAVE_NETDB_H 1
| #define HAVE_PWD_H 1
| #define HAVE_GRP_H 1
| #define HAVE_STRINGS_H 1
| #define HAVE_STDCKDINT_H 1
| #define HAVE_REGEX_H 1
| #define HAVE_SYSLOG_H 1
| #define HAVE_ULIMIT_H 1
| #define HAVE_SYS_SELECT_H 1
| #define HAVE_SYS_FILE_H 1
| #define HAVE_SYS_IOCTL_H 1
| #define HAVE_SYS_MMAN_H 1
| #define HAVE_SYS_PARAM_H 1
| #define HAVE_SYS_RANDOM_H 1
| #define HAVE_SYS_SOCKET_H 1
| #define HAVE_SYS_STAT_H 1
| #define HAVE_SYS_TIME_H 1
| #define HAVE_SYS_TIMES_H 1
| #define HAVE_SYS_TYPES_H 1
| #define HAVE_SYS_WAIT_H 1
| #define HAVE_NETINET_IN_H 1
| #define HAVE_ARPA_INET_H 1
| #define HAVE_SYS_RESOURCE_H 1
| #define HAVE_ALLOCA_H 1
| #define HAVE_ALLOCA 1
| #define HAVE_CHOWN 1
| #define GETPGRP_VOID 1
| #define HAVE_STRCOLL 1
| #define HAVE_WAIT3 1
| #define HAVE_MKFIFO 1
| #define HAVE_DUP2 1
| #define HAVE_EACCESS 1
| #define HAVE_FCNTL 1
| #define HAVE_GETDTABLESIZE 1
| #define HAVE_GETENTROPY 1
| #define HAVE_GETGROUPS 1
| #define HAVE_GETHOSTNAME 1
| #define HAVE_GETPAGESIZE 1
| #define HAVE_GETPEERNAME 1
| #define HAVE_GETRANDOM 1
| #define HAVE_GETRLIMIT 1
| #define HAVE_GETRUSAGE 1
| #define HAVE_GETTIMEOFDAY 1
| #define HAVE_KILL 1
| #define HAVE_KILLPG 1
| #define HAVE_LSTAT 1
| #define HAVE_NANOSLEEP 1
| #define HAVE_PSELECT 1
| #define HAVE_READLINK 1
| #define HAVE_SELECT 1
| #define HAVE_SETITIMER 1
| #define HAVE_STATFS 1
| #define HAVE_TCGETPGRP 1
| #define HAVE_UNAME 1
| #define HAVE_ULIMIT 1
| #define HAVE_WAITPID 1
| #define HAVE_RENAME 1
| #define HAVE_BCOPY 1
| #define HAVE_BZERO 1
| #define HAVE_CLOCK_GETTIME 1
| #define HAVE_CONFSTR 1
| #define HAVE_FACCESSAT 1
| #define HAVE_FNMATCH 1
| #define HAVE_GETADDRINFO 1
| #define HAVE_GETHOSTBYNAME 1
| #define HAVE_GETSERVBYNAME 1
| #define HAVE_GETSERVENT 1
| #define HAVE_INET_ATON 1
| #define HAVE_IMAXDIV 1
| #define HAVE_MEMMOVE 1
| #define HAVE_PATHCONF 1
| #define HAVE_PUTENV 1
| #define HAVE_RAISE 1
| #define HAVE_RANDOM 1
| #define HAVE_REGCOMP 1
| #define HAVE_REGEXEC 1
| #define HAVE_SETENV 1
| #define HAVE_SETLINEBUF 1
| #define HAVE_SETLOCALE 1
| #define HAVE_SETVBUF 1
| #define HAVE_SIGINTERRUPT 1
| #define HAVE_STRCHR 1
| #define HAVE_SYSCONF 1
| #define HAVE_SYSLOG 1
| #define HAVE_TCGETATTR 1
| #define HAVE_TCGETWINSIZE 1
| #define HAVE_TCSETWINSIZE 1
| #define HAVE_TIMES 1
| #define HAVE_TTYNAME 1
| #define HAVE_TZSET 1
| #define HAVE_UNSETENV 1
| #define HAVE_VASPRINTF 1
| #define HAVE_ASPRINTF 1
| #define HAVE_ISASCII 1
| #define HAVE_ISBLANK 1
| #define HAVE_ISGRAPH 1
| #define HAVE_ISPRINT 1
| #define HAVE_ISSPACE 1
| #define HAVE_ISXDIGIT 1
| #define HAVE_GETPWENT 1
| #define HAVE_GETPWNAM 1
| #define HAVE_GETPWUID 1
| #define HAVE_MKSTEMP 1
| #define HAVE_MKDTEMP 1
| #define HAVE_STRLCAT 1
| #define HAVE_MEMFD_CREATE 1
| #define HAVE_SHM_OPEN 1
| #define HAVE_GETCWD 1
| #define HAVE_MEMSET 1
| #define HAVE_STRCASECMP 1
| #define HAVE_STRCASESTR 1
| #define HAVE_STRERROR 1
| #define HAVE_STRFTIME 1
| #define HAVE_STRNLEN 1
| #define HAVE_STRPBRK 1
| #define HAVE_STRSTR 1
| #define HAVE_STRTOD 1
| #define HAVE_STRTOL 1
| #define HAVE_STRTOUL 1
| #define HAVE_STRTOLL 1
| #define HAVE_STRTOULL 1
| #define HAVE_STRTOUMAX 1
| #define HAVE_DPRINTF 1
| #define HAVE_STRDUP 1
| #define HAVE_STRLCPY 1
| #define HAVE_REALLOCARRAY 1
| #define HAVE_DECL_AUDIT_USER_TTY 1
| #define HAVE_DECL_CONFSTR 1
| #define HAVE_DECL_PRINTF 1
| #define HAVE_DECL_BRK 1
| #define HAVE_DECL_SBRK 1
| #define HAVE_DECL_SETREGID 1
| #define HAVE_DECL_STRCPY 1
| #define HAVE_DECL_STRSIGNAL 1
| #define HAVE_SETRESUID 1
| #define HAVE_SETRESGID 1
| #define HAVE_DECL_STRTOLD 1
| #define HAVE_DECL_STRTOL 1
| #define HAVE_DECL_STRTOLL 1
| #define HAVE_DECL_STRTOUL 1
| #define HAVE_DECL_STRTOULL 1
| #define HAVE_DECL_STRTOUMAX 1
| #define HAVE_ERRNO_H 1
| #define HAVE_FCNTL_H 1
| #define HAVE_MALLOC_H 1
| #define HAVE_STDIO_EXT_H 1
| #define HAVE_MALLOC 1
| #define HAVE_MMAP 1
| #define HAVE_DCGETTEXT 1
| #define HAVE_MEMPCPY 1
| #define HAVE_MUNMAP 1
| #define HAVE_MREMAP 1
| #define HAVE_STPCPY 1
| #define HAVE_STRCSPN 1
| #define HAVE_WCTYPE_H 1
| #define HAVE_WCHAR_H 1
| #define HAVE_LANGINFO_H 1
| #define HAVE_MBRLEN 1
| #define HAVE_MBSNRTOWCS 1
| #define HAVE_MBSRTOWCS 1
| #define HAVE_WCRTOMB 1
| #define HAVE_WCSCOLL 1
| #define HAVE_WCSDUP 1
| #define HAVE_WCWIDTH 1
| #define HAVE_WCTYPE 1
| #define HAVE_WCSNRTOMBS 1
| #define HAVE_WCSWIDTH 1
| #define HAVE_MBRTOWC 1
| #define HAVE_MBSTATE_T 1
| #define HAVE_ISWLOWER 1
| #define HAVE_ISWUPPER 1
| #define HAVE_TOWLOWER 1
| #define HAVE_TOWUPPER 1
| #define HAVE_ISWCTYPE 1
| #define HAVE_WCHAR_T 1
| #define HAVE_WCTYPE_T 1
| #define HAVE_WINT_T 1
| #define SIZEOF_WCHAR_T 4
| #define HAVE_LIBDL 1
| #define HAVE_DLOPEN 1
| #define HAVE_DLCLOSE 1
| #define HAVE_DLSYM 1
| #define GETGROUPS_T gid_t
| #define HAVE_INTPTR_T 1
| #define HAVE_UINTPTR_T 1
| #define HAVE_LONG_LONG_INT 1
| #define HAVE_UNSIGNED_LONG_LONG_INT 1
| #define SIZEOF_CHAR 1
| #define SIZEOF_SHORT 2
| #define SIZEOF_INT 4
| #define SIZEOF_LONG 8
| #define SIZEOF_CHAR_P 8
| #define SIZEOF_SIZE_T 8
| #define SIZEOF_DOUBLE 8
| #define SIZEOF_LONG_LONG 8
| #define bits16_t short
| #define u_bits16_t unsigned short
| #define bits32_t int
| #define u_bits32_t unsigned int
| #define bits64_t char *
| #define HAVE_HASH_BANG_EXEC 1
| #define HAVE_POSIX_SIGNALS 1
| #define HAVE_SYS_ERRLIST 1
| #define HAVE_DECL_SYS_SIGLIST 0
| /* end confdefs.h.  */
| 
| #include <sys/types.h>
| #include <signal.h>
| #ifdef HAVE_UNISTD_H
| #include <unistd.h>
| #endif
| #include <stdlib.h>
| #if !HAVE_DECL_SYS_SIGLIST
| extern char *sys_siglist[];
| #endif
| int
| main()
| {
| char *msg = sys_siglist[2];
| exit(msg == 0);
| }
| 
configure:19582: result: no
configure:19589: checking for _sys_siglist in signal.h or unistd.h
configure:19611: x86_64-unknown-linux-musl-gcc -c -g -O2 -I/home/samson/Projects/clojv3/./store/musl-1.2.6/include conftest.c >&5
conftest.c: In function 'main':
conftest.c:382:14: error: '_sys_siglist' undeclared (first use in this function)
  382 |  char *msg = _sys_siglist[2];
      |              ^~~~~~~~~~~~
conftest.c:382:14: note: each undeclared identifier is reported only once for each function it appears in
configure:19611: $? = 1
configure: failed program was:
| /* confdefs.h */
| #define PACKAGE_NAME "bash"
| #define PACKAGE_TARNAME "bash"
| #define PACKAGE_VERSION "5.3-release"
| #define PACKAGE_STRING "bash 5.3-release"
| #define PACKAGE_BUGREPORT "bug-bash@gnu.org"
| #define PACKAGE_URL ""
| #define ALIAS 1
| #define PUSHD_AND_POPD 1
| #define RESTRICTED_SHELL 1
| #define PROCESS_SUBSTITUTION 1
| #define PROMPT_STRING_DECODE 1
| #define SELECT_COMMAND 1
| #define HELP_BUILTIN 1
| #define ARRAY_VARS 1
| #define DPAREN_ARITHMETIC 1
| #define BRACE_EXPANSION 1
| #define COMMAND_TIMING 1
| #define EXTENDED_GLOB 1
| #define EXTGLOB_DEFAULT 0
| #define COND_COMMAND 1
| #define COND_REGEXP 1
| #define COPROCESS_SUPPORT 1
| #define ARITH_FOR_COMMAND 1
| #define NETWORK_REDIRECTIONS 1
| #define PROGRAMMABLE_COMPLETION 1
| #define DEBUGGER 1
| #define CASEMOD_ATTRS 1
| #define CASEMOD_EXPANSIONS 1
| #define GLOBASCII_DEFAULT 1
| #define FUNCTION_IMPORT 1
| #define TRANSLATABLE_STRINGS 1
| #define BASH_SOURCE_FULLPATH_DEFAULT 0
| #define MEMSCRAMBLE 1
| #define HAVE_STDIO_H 1
| #define HAVE_STDLIB_H 1
| #define HAVE_STRING_H 1
| #define HAVE_INTTYPES_H 1
| #define HAVE_STDINT_H 1
| #define HAVE_STRINGS_H 1
| #define HAVE_SYS_STAT_H 1
| #define HAVE_SYS_TYPES_H 1
| #define HAVE_UNISTD_H 1
| #define HAVE_WCHAR_H 1
| #define HAVE_STDBOOL_H 1
| #define HAVE_SYS_PARAM_H 1
| #define HAVE_THREADS_H 1
| #define HAVE_SYS_TIME_H 1
| #define STDC_HEADERS 1
| #define _ALL_SOURCE 1
| #define _DARWIN_C_SOURCE 1
| #define _GNU_SOURCE 1
| #define _HPUX_ALT_XOPEN_SOCKET_API 1
| #define _NETBSD_SOURCE 1
| #define _OPENBSD_SOURCE 1
| #define _POSIX_PTHREAD_SEMANTICS 1
| #define __STDC_WANT_IEC_60559_ATTRIBS_EXT__ 1
| #define __STDC_WANT_IEC_60559_BFP_EXT__ 1
| #define __STDC_WANT_IEC_60559_DFP_EXT__ 1
| #define __STDC_WANT_IEC_60559_EXT__ 1
| #define __STDC_WANT_IEC_60559_FUNCS_EXT__ 1
| #define __STDC_WANT_IEC_60559_TYPES_EXT__ 1
| #define __STDC_WANT_LIB_EXT2__ 1
| #define __STDC_WANT_MATH_SPEC_FUNCS__ 1
| #define _TANDEM_SOURCE 1
| #define __EXTENSIONS__ 1
| #define READLINE 1
| #define HISTORY 1
| #define BANG_HISTORY 1
| #define HAVE_STRINGIZE 1
| #define HAVE_LONG_DOUBLE 1
| #define restrict __restrict__
| #define HAVE_C_BOOL 1
| #define HAVE_VISIBILITY 1
| #define HAVE_STDINT_H_WITH_UINTMAX 1
| #define HAVE_ALLOCA_H 1
| #define HAVE_ALLOCA 1
| #define HAVE_GETPAGESIZE 1
| #define HAVE_SYMLINK 1
| #define HAVE_USELOCALE 1
| #define HAVE_VPRINTF 1
| #define HAVE_ALARM 1
| #define HAVE_FPURGE 1
| #define HAVE___FPURGE 1
| #define HAVE_SNPRINTF 1
| #define HAVE_VSNPRINTF 1
| #define HAVE_MMAP 1
| #define INTDIV0_RAISES_SIGFPE 1
| #define HAVE_INTTYPES_H_WITH_UINTMAX 1
| #define HAVE_UNSIGNED_LONG_LONG_INT 1
| #define HAVE_UINTMAX_T 1
| #define HAVE_WEAK_SYMBOLS 1
| #define HAVE_PTHREAD_API 1
| #define USE_POSIX_THREADS 1
| #define USE_POSIX_THREADS_WEAK 1
| #define HAVE_PTHREAD_RWLOCK 1
| #define HAVE_PTHREAD_MUTEX_RECURSIVE 1
| #define HAVE_ICONV 1
| #define ICONV_CONST 
| #define HAVE_BUILTIN_EXPECT 1
| #define HAVE_INTTYPES_H 1
| #define HAVE_UNISTD_H 1
| #define HAVE_SYS_PARAM_H 1
| #define HAVE_GETCWD 1
| #define HAVE_GETEGID 1
| #define HAVE_GETEUID 1
| #define HAVE_GETGID 1
| #define HAVE_GETUID 1
| #define HAVE_MEMPCPY 1
| #define HAVE_MUNMAP 1
| #define HAVE_STPCPY 1
| #define HAVE_STRCASECMP 1
| #define HAVE_TSEARCH 1
| #define HAVE___FSETLOCKING 1
| #define HAVE_DECL_FEOF_UNLOCKED 1
| #define HAVE_DECL_FGETS_UNLOCKED 1
| #define HAVE_LOCALECONV 1
| #define HAVE_LONG_LONG_INT 1
| #define HAVE_WCHAR_T 1
| #define HAVE_WINT_T 1
| #define HAVE_INTMAX_T 1
| #define HAVE_POSIX_PRINTF 1
| #define HAVE_STDINT_H 1
| #define HAVE_STDINT_H 1
| #define HAVE_WORKING_O_NOATIME 0
| #define HAVE_WORKING_O_NOFOLLOW 0
| #define HAVE_WORKING_USELOCALE 1
| #define HAVE_GOOD_USELOCALE 1
| #define FLEXIBLE_ARRAY_MEMBER /**/
| #define HAVE_FEATURES_H 1
| #define HAVE_STDDEF_H 1
| #define HAVE_STDLIB_H 1
| #define HAVE_STRING_H 1
| #define HAVE_ASPRINTF 1
| #define HAVE_WPRINTF 1
| #define HAVE_NEWLOCALE 1
| #define HAVE_PUTENV 1
| #define HAVE_SETENV 1
| #define HAVE_SNPRINTF 1
| #define HAVE_STRNLEN 1
| #define HAVE_USELOCALE 1
| #define HAVE_WCSLEN 1
| #define HAVE_WCSNLEN 1
| #define HAVE_MBRTOWC 1
| #define HAVE_WCRTOMB 1
| #define HAVE_DECL__SNPRINTF 0
| #define HAVE_DECL__SNWPRINTF 0
| #define HAVE_DECL_GETC_UNLOCKED 1
| #define HAVE_NL_LANGINFO 1
| #define HAVE_LANGINFO_CODESET 1
| #define HAVE_LC_MESSAGES 1
| #define ENABLE_NLS 1
| #define HAVE_GETTEXT 1
| #define HAVE_DCGETTEXT 1
| #define HAVE_DIRENT_H 1
| #define MAJOR_IN_SYSMACROS 1
| #define HAVE_INTTYPES_H 1
| #define HAVE_UNISTD_H 1
| #define HAVE_STDLIB_H 1
| #define HAVE_LIMITS_H 1
| #define HAVE_STRING_H 1
| #define HAVE_MEMORY_H 1
| #define HAVE_LOCALE_H 1
| #define HAVE_TERMIOS_H 1
| #define HAVE_DLFCN_H 1
| #define HAVE_STDDEF_H 1
| #define HAVE_STDINT_H 1
| #define HAVE_NETDB_H 1
| #define HAVE_PWD_H 1
| #define HAVE_GRP_H 1
| #define HAVE_STRINGS_H 1
| #define HAVE_STDCKDINT_H 1
| #define HAVE_REGEX_H 1
| #define HAVE_SYSLOG_H 1
| #define HAVE_ULIMIT_H 1
| #define HAVE_SYS_SELECT_H 1
| #define HAVE_SYS_FILE_H 1
| #define HAVE_SYS_IOCTL_H 1
| #define HAVE_SYS_MMAN_H 1
| #define HAVE_SYS_PARAM_H 1
| #define HAVE_SYS_RANDOM_H 1
| #define HAVE_SYS_SOCKET_H 1
| #define HAVE_SYS_STAT_H 1
| #define HAVE_SYS_TIME_H 1
| #define HAVE_SYS_TIMES_H 1
| #define HAVE_SYS_TYPES_H 1
| #define HAVE_SYS_WAIT_H 1
| #define HAVE_NETINET_IN_H 1
| #define HAVE_ARPA_INET_H 1
| #define HAVE_SYS_RESOURCE_H 1
| #define HAVE_ALLOCA_H 1
| #define HAVE_ALLOCA 1
| #define HAVE_CHOWN 1
| #define GETPGRP_VOID 1
| #define HAVE_STRCOLL 1
| #define HAVE_WAIT3 1
| #define HAVE_MKFIFO 1
| #define HAVE_DUP2 1
| #define HAVE_EACCESS 1
| #define HAVE_FCNTL 1
| #define HAVE_GETDTABLESIZE 1
| #define HAVE_GETENTROPY 1
| #define HAVE_GETGROUPS 1
| #define HAVE_GETHOSTNAME 1
| #define HAVE_GETPAGESIZE 1
| #define HAVE_GETPEERNAME 1
| #define HAVE_GETRANDOM 1
| #define HAVE_GETRLIMIT 1
| #define HAVE_GETRUSAGE 1
| #define HAVE_GETTIMEOFDAY 1
| #define HAVE_KILL 1
| #define HAVE_KILLPG 1
| #define HAVE_LSTAT 1
| #define HAVE_NANOSLEEP 1
| #define HAVE_PSELECT 1
| #define HAVE_READLINK 1
| #define HAVE_SELECT 1
| #define HAVE_SETITIMER 1
| #define HAVE_STATFS 1
| #define HAVE_TCGETPGRP 1
| #define HAVE_UNAME 1
| #define HAVE_ULIMIT 1
| #define HAVE_WAITPID 1
| #define HAVE_RENAME 1
| #define HAVE_BCOPY 1
| #define HAVE_BZERO 1
| #define HAVE_CLOCK_GETTIME 1
| #define HAVE_CONFSTR 1
| #define HAVE_FACCESSAT 1
| #define HAVE_FNMATCH 1
| #define HAVE_GETADDRINFO 1
| #define HAVE_GETHOSTBYNAME 1
| #define HAVE_GETSERVBYNAME 1
| #define HAVE_GETSERVENT 1
| #define HAVE_INET_ATON 1
| #define HAVE_IMAXDIV 1
| #define HAVE_MEMMOVE 1
| #define HAVE_PATHCONF 1
| #define HAVE_PUTENV 1
| #define HAVE_RAISE 1
| #define HAVE_RANDOM 1
| #define HAVE_REGCOMP 1
| #define HAVE_REGEXEC 1
| #define HAVE_SETENV 1
| #define HAVE_SETLINEBUF 1
| #define HAVE_SETLOCALE 1
| #define HAVE_SETVBUF 1
| #define HAVE_SIGINTERRUPT 1
| #define HAVE_STRCHR 1
| #define HAVE_SYSCONF 1
| #define HAVE_SYSLOG 1
| #define HAVE_TCGETATTR 1
| #define HAVE_TCGETWINSIZE 1
| #define HAVE_TCSETWINSIZE 1
| #define HAVE_TIMES 1
| #define HAVE_TTYNAME 1
| #define HAVE_TZSET 1
| #define HAVE_UNSETENV 1
| #define HAVE_VASPRINTF 1
| #define HAVE_ASPRINTF 1
| #define HAVE_ISASCII 1
| #define HAVE_ISBLANK 1
| #define HAVE_ISGRAPH 1
| #define HAVE_ISPRINT 1
| #define HAVE_ISSPACE 1
| #define HAVE_ISXDIGIT 1
| #define HAVE_GETPWENT 1
| #define HAVE_GETPWNAM 1
| #define HAVE_GETPWUID 1
| #define HAVE_MKSTEMP 1
| #define HAVE_MKDTEMP 1
| #define HAVE_STRLCAT 1
| #define HAVE_MEMFD_CREATE 1
| #define HAVE_SHM_OPEN 1
| #define HAVE_GETCWD 1
| #define HAVE_MEMSET 1
| #define HAVE_STRCASECMP 1
| #define HAVE_STRCASESTR 1
| #define HAVE_STRERROR 1
| #define HAVE_STRFTIME 1
| #define HAVE_STRNLEN 1
| #define HAVE_STRPBRK 1
| #define HAVE_STRSTR 1
| #define HAVE_STRTOD 1
| #define HAVE_STRTOL 1
| #define HAVE_STRTOUL 1
| #define HAVE_STRTOLL 1
| #define HAVE_STRTOULL 1
| #define HAVE_STRTOUMAX 1
| #define HAVE_DPRINTF 1
| #define HAVE_STRDUP 1
| #define HAVE_STRLCPY 1
| #define HAVE_REALLOCARRAY 1
| #define HAVE_DECL_AUDIT_USER_TTY 1
| #define HAVE_DECL_CONFSTR 1
| #define HAVE_DECL_PRINTF 1
| #define HAVE_DECL_BRK 1
| #define HAVE_DECL_SBRK 1
| #define HAVE_DECL_SETREGID 1
| #define HAVE_DECL_STRCPY 1
| #define HAVE_DECL_STRSIGNAL 1
| #define HAVE_SETRESUID 1
| #define HAVE_SETRESGID 1
| #define HAVE_DECL_STRTOLD 1
| #define HAVE_DECL_STRTOL 1
| #define HAVE_DECL_STRTOLL 1
| #define HAVE_DECL_STRTOUL 1
| #define HAVE_DECL_STRTOULL 1
| #define HAVE_DECL_STRTOUMAX 1
| #define HAVE_ERRNO_H 1
| #define HAVE_FCNTL_H 1
| #define HAVE_MALLOC_H 1
| #define HAVE_STDIO_EXT_H 1
| #define HAVE_MALLOC 1
| #define HAVE_MMAP 1
| #define HAVE_DCGETTEXT 1
| #define HAVE_MEMPCPY 1
| #define HAVE_MUNMAP 1
| #define HAVE_MREMAP 1
| #define HAVE_STPCPY 1
| #define HAVE_STRCSPN 1
| #define HAVE_WCTYPE_H 1
| #define HAVE_WCHAR_H 1
| #define HAVE_LANGINFO_H 1
| #define HAVE_MBRLEN 1
| #define HAVE_MBSNRTOWCS 1
| #define HAVE_MBSRTOWCS 1
| #define HAVE_WCRTOMB 1
| #define HAVE_WCSCOLL 1
| #define HAVE_WCSDUP 1
| #define HAVE_WCWIDTH 1
| #define HAVE_WCTYPE 1
| #define HAVE_WCSNRTOMBS 1
| #define HAVE_WCSWIDTH 1
| #define HAVE_MBRTOWC 1
| #define HAVE_MBSTATE_T 1
| #define HAVE_ISWLOWER 1
| #define HAVE_ISWUPPER 1
| #define HAVE_TOWLOWER 1
| #define HAVE_TOWUPPER 1
| #define HAVE_ISWCTYPE 1
| #define HAVE_WCHAR_T 1
| #define HAVE_WCTYPE_T 1
| #define HAVE_WINT_T 1
| #define SIZEOF_WCHAR_T 4
| #define HAVE_LIBDL 1
| #define HAVE_DLOPEN 1
| #define HAVE_DLCLOSE 1
| #define HAVE_DLSYM 1
| #define GETGROUPS_T gid_t
| #define HAVE_INTPTR_T 1
| #define HAVE_UINTPTR_T 1
| #define HAVE_LONG_LONG_INT 1
| #define HAVE_UNSIGNED_LONG_LONG_INT 1
| #define SIZEOF_CHAR 1
| #define SIZEOF_SHORT 2
| #define SIZEOF_INT 4
| #define SIZEOF_LONG 8
| #define SIZEOF_CHAR_P 8
| #define SIZEOF_SIZE_T 8
| #define SIZEOF_DOUBLE 8
| #define SIZEOF_LONG_LONG 8
| #define bits16_t short
| #define u_bits16_t unsigned short
| #define bits32_t int
| #define u_bits32_t unsigned int
| #define bits64_t char *
| #define HAVE_HASH_BANG_EXEC 1
| #define HAVE_POSIX_SIGNALS 1
| #define HAVE_SYS_ERRLIST 1
| #define HAVE_DECL_SYS_SIGLIST 0
| /* end confdefs.h.  */
| 
| #include <sys/types.h>
| #include <signal.h>
| #ifdef HAVE_UNISTD_H
| #include <unistd.h>
| #endif
| int
| main (void)
| {
|  char *msg = _sys_siglist[2];
|   ;
|   return 0;
| }
configure:19621: result: no
configure:19629: checking for _sys_siglist in system C library
configure:19662: x86_64-unknown-linux-musl-gcc -o conftest -g -O2 -I/home/samson/Projects/clojv3/./store/musl-1.2.6/include -B/home/samson/Projects/clojv3/./store/musl-1.2.6/lib -L/home/samson/Projects/clojv3/./store/musl-1.2.6/lib -Wl,-rpath,/home/samson/Projects/clojv3/./store/musl-1.2.6/lib -Wl,-dynamic-linker,/home/samson/Projects/clojv3/./store/musl-1.2.6/lib/libc.so conftest.c -ldl  >&5
/nix/store/60lv8wlcr99wv4ck3sk9fzcbb4jbk2n6-x86_64-unknown-linux-musl-binutils-2.46/bin/x86_64-unknown-linux-musl-ld.bfd: /tmp/cctHSOtZ.o: in function `main':
/home/samson/Projects/clojv3/store/tmp/sh-5.3/bash-5.3/conftest.c:386:(.text.startup+0x4): undefined reference to `_sys_siglist'
collect2: error: ld returned 1 exit status
configure:19662: $? = 1
configure: program exited with status 1
configure: failed program was:
| /* confdefs.h */
| #define PACKAGE_NAME "bash"
| #define PACKAGE_TARNAME "bash"
| #define PACKAGE_VERSION "5.3-release"
| #define PACKAGE_STRING "bash 5.3-release"
| #define PACKAGE_BUGREPORT "bug-bash@gnu.org"
| #define PACKAGE_URL ""
| #define ALIAS 1
| #define PUSHD_AND_POPD 1
| #define RESTRICTED_SHELL 1
| #define PROCESS_SUBSTITUTION 1
| #define PROMPT_STRING_DECODE 1
| #define SELECT_COMMAND 1
| #define HELP_BUILTIN 1
| #define ARRAY_VARS 1
| #define DPAREN_ARITHMETIC 1
| #define BRACE_EXPANSION 1
| #define COMMAND_TIMING 1
| #define EXTENDED_GLOB 1
| #define EXTGLOB_DEFAULT 0
| #define COND_COMMAND 1
| #define COND_REGEXP 1
| #define COPROCESS_SUPPORT 1
| #define ARITH_FOR_COMMAND 1
| #define NETWORK_REDIRECTIONS 1
| #define PROGRAMMABLE_COMPLETION 1
| #define DEBUGGER 1
| #define CASEMOD_ATTRS 1
| #define CASEMOD_EXPANSIONS 1
| #define GLOBASCII_DEFAULT 1
| #define FUNCTION_IMPORT 1
| #define TRANSLATABLE_STRINGS 1
| #define BASH_SOURCE_FULLPATH_DEFAULT 0
| #define MEMSCRAMBLE 1
| #define HAVE_STDIO_H 1
| #define HAVE_STDLIB_H 1
| #define HAVE_STRING_H 1
| #define HAVE_INTTYPES_H 1
| #define HAVE_STDINT_H 1
| #define HAVE_STRINGS_H 1
| #define HAVE_SYS_STAT_H 1
| #define HAVE_SYS_TYPES_H 1
| #define HAVE_UNISTD_H 1
| #define HAVE_WCHAR_H 1
| #define HAVE_STDBOOL_H 1
| #define HAVE_SYS_PARAM_H 1
| #define HAVE_THREADS_H 1
| #define HAVE_SYS_TIME_H 1
| #define STDC_HEADERS 1
| #define _ALL_SOURCE 1
| #define _DARWIN_C_SOURCE 1
| #define _GNU_SOURCE 1
| #define _HPUX_ALT_XOPEN_SOCKET_API 1
| #define _NETBSD_SOURCE 1
| #define _OPENBSD_SOURCE 1
| #define _POSIX_PTHREAD_SEMANTICS 1
| #define __STDC_WANT_IEC_60559_ATTRIBS_EXT__ 1
| #define __STDC_WANT_IEC_60559_BFP_EXT__ 1
| #define __STDC_WANT_IEC_60559_DFP_EXT__ 1
| #define __STDC_WANT_IEC_60559_EXT__ 1
| #define __STDC_WANT_IEC_60559_FUNCS_EXT__ 1
| #define __STDC_WANT_IEC_60559_TYPES_EXT__ 1
| #define __STDC_WANT_LIB_EXT2__ 1
| #define __STDC_WANT_MATH_SPEC_FUNCS__ 1
| #define _TANDEM_SOURCE 1
| #define __EXTENSIONS__ 1
| #define READLINE 1
| #define HISTORY 1
| #define BANG_HISTORY 1
| #define HAVE_STRINGIZE 1
| #define HAVE_LONG_DOUBLE 1
| #define restrict __restrict__
| #define HAVE_C_BOOL 1
| #define HAVE_VISIBILITY 1
| #define HAVE_STDINT_H_WITH_UINTMAX 1
| #define HAVE_ALLOCA_H 1
| #define HAVE_ALLOCA 1
| #define HAVE_GETPAGESIZE 1
| #define HAVE_SYMLINK 1
| #define HAVE_USELOCALE 1
| #define HAVE_VPRINTF 1
| #define HAVE_ALARM 1
| #define HAVE_FPURGE 1
| #define HAVE___FPURGE 1
| #define HAVE_SNPRINTF 1
| #define HAVE_VSNPRINTF 1
| #define HAVE_MMAP 1
| #define INTDIV0_RAISES_SIGFPE 1
| #define HAVE_INTTYPES_H_WITH_UINTMAX 1
| #define HAVE_UNSIGNED_LONG_LONG_INT 1
| #define HAVE_UINTMAX_T 1
| #define HAVE_WEAK_SYMBOLS 1
| #define HAVE_PTHREAD_API 1
| #define USE_POSIX_THREADS 1
| #define USE_POSIX_THREADS_WEAK 1
| #define HAVE_PTHREAD_RWLOCK 1
| #define HAVE_PTHREAD_MUTEX_RECURSIVE 1
| #define HAVE_ICONV 1
| #define ICONV_CONST 
| #define HAVE_BUILTIN_EXPECT 1
| #define HAVE_INTTYPES_H 1
| #define HAVE_UNISTD_H 1
| #define HAVE_SYS_PARAM_H 1
| #define HAVE_GETCWD 1
| #define HAVE_GETEGID 1
| #define HAVE_GETEUID 1
| #define HAVE_GETGID 1
| #define HAVE_GETUID 1
| #define HAVE_MEMPCPY 1
| #define HAVE_MUNMAP 1
| #define HAVE_STPCPY 1
| #define HAVE_STRCASECMP 1
| #define HAVE_TSEARCH 1
| #define HAVE___FSETLOCKING 1
| #define HAVE_DECL_FEOF_UNLOCKED 1
| #define HAVE_DECL_FGETS_UNLOCKED 1
| #define HAVE_LOCALECONV 1
| #define HAVE_LONG_LONG_INT 1
| #define HAVE_WCHAR_T 1
| #define HAVE_WINT_T 1
| #define HAVE_INTMAX_T 1
| #define HAVE_POSIX_PRINTF 1
| #define HAVE_STDINT_H 1
| #define HAVE_STDINT_H 1
| #define HAVE_WORKING_O_NOATIME 0
| #define HAVE_WORKING_O_NOFOLLOW 0
| #define HAVE_WORKING_USELOCALE 1
| #define HAVE_GOOD_USELOCALE 1
| #define FLEXIBLE_ARRAY_MEMBER /**/
| #define HAVE_FEATURES_H 1
| #define HAVE_STDDEF_H 1
| #define HAVE_STDLIB_H 1
| #define HAVE_STRING_H 1
| #define HAVE_ASPRINTF 1
| #define HAVE_WPRINTF 1
| #define HAVE_NEWLOCALE 1
| #define HAVE_PUTENV 1
| #define HAVE_SETENV 1
| #define HAVE_SNPRINTF 1
| #define HAVE_STRNLEN 1
| #define HAVE_USELOCALE 1
| #define HAVE_WCSLEN 1
| #define HAVE_WCSNLEN 1
| #define HAVE_MBRTOWC 1
| #define HAVE_WCRTOMB 1
| #define HAVE_DECL__SNPRINTF 0
| #define HAVE_DECL__SNWPRINTF 0
| #define HAVE_DECL_GETC_UNLOCKED 1
| #define HAVE_NL_LANGINFO 1
| #define HAVE_LANGINFO_CODESET 1
| #define HAVE_LC_MESSAGES 1
| #define ENABLE_NLS 1
| #define HAVE_GETTEXT 1
| #define HAVE_DCGETTEXT 1
| #define HAVE_DIRENT_H 1
| #define MAJOR_IN_SYSMACROS 1
| #define HAVE_INTTYPES_H 1
| #define HAVE_UNISTD_H 1
| #define HAVE_STDLIB_H 1
| #define HAVE_LIMITS_H 1
| #define HAVE_STRING_H 1
| #define HAVE_MEMORY_H 1
| #define HAVE_LOCALE_H 1
| #define HAVE_TERMIOS_H 1
| #define HAVE_DLFCN_H 1
| #define HAVE_STDDEF_H 1
| #define HAVE_STDINT_H 1
| #define HAVE_NETDB_H 1
| #define HAVE_PWD_H 1
| #define HAVE_GRP_H 1
| #define HAVE_STRINGS_H 1
| #define HAVE_STDCKDINT_H 1
| #define HAVE_REGEX_H 1
| #define HAVE_SYSLOG_H 1
| #define HAVE_ULIMIT_H 1
| #define HAVE_SYS_SELECT_H 1
| #define HAVE_SYS_FILE_H 1
| #define HAVE_SYS_IOCTL_H 1
| #define HAVE_SYS_MMAN_H 1
| #define HAVE_SYS_PARAM_H 1
| #define HAVE_SYS_RANDOM_H 1
| #define HAVE_SYS_SOCKET_H 1
| #define HAVE_SYS_STAT_H 1
| #define HAVE_SYS_TIME_H 1
| #define HAVE_SYS_TIMES_H 1
| #define HAVE_SYS_TYPES_H 1
| #define HAVE_SYS_WAIT_H 1
| #define HAVE_NETINET_IN_H 1
| #define HAVE_ARPA_INET_H 1
| #define HAVE_SYS_RESOURCE_H 1
| #define HAVE_ALLOCA_H 1
| #define HAVE_ALLOCA 1
| #define HAVE_CHOWN 1
| #define GETPGRP_VOID 1
| #define HAVE_STRCOLL 1
| #define HAVE_WAIT3 1
| #define HAVE_MKFIFO 1
| #define HAVE_DUP2 1
| #define HAVE_EACCESS 1
| #define HAVE_FCNTL 1
| #define HAVE_GETDTABLESIZE 1
| #define HAVE_GETENTROPY 1
| #define HAVE_GETGROUPS 1
| #define HAVE_GETHOSTNAME 1
| #define HAVE_GETPAGESIZE 1
| #define HAVE_GETPEERNAME 1
| #define HAVE_GETRANDOM 1
| #define HAVE_GETRLIMIT 1
| #define HAVE_GETRUSAGE 1
| #define HAVE_GETTIMEOFDAY 1
| #define HAVE_KILL 1
| #define HAVE_KILLPG 1
| #define HAVE_LSTAT 1
| #define HAVE_NANOSLEEP 1
| #define HAVE_PSELECT 1
| #define HAVE_READLINK 1
| #define HAVE_SELECT 1
| #define HAVE_SETITIMER 1
| #define HAVE_STATFS 1
| #define HAVE_TCGETPGRP 1
| #define HAVE_UNAME 1
| #define HAVE_ULIMIT 1
| #define HAVE_WAITPID 1
| #define HAVE_RENAME 1
| #define HAVE_BCOPY 1
| #define HAVE_BZERO 1
| #define HAVE_CLOCK_GETTIME 1
| #define HAVE_CONFSTR 1
| #define HAVE_FACCESSAT 1
| #define HAVE_FNMATCH 1
| #define HAVE_GETADDRINFO 1
| #define HAVE_GETHOSTBYNAME 1
| #define HAVE_GETSERVBYNAME 1
| #define HAVE_GETSERVENT 1
| #define HAVE_INET_ATON 1
| #define HAVE_IMAXDIV 1
| #define HAVE_MEMMOVE 1
| #define HAVE_PATHCONF 1
| #define HAVE_PUTENV 1
| #define HAVE_RAISE 1
| #define HAVE_RANDOM 1
| #define HAVE_REGCOMP 1
| #define HAVE_REGEXEC 1
| #define HAVE_SETENV 1
| #define HAVE_SETLINEBUF 1
| #define HAVE_SETLOCALE 1
| #define HAVE_SETVBUF 1
| #define HAVE_SIGINTERRUPT 1
| #define HAVE_STRCHR 1
| #define HAVE_SYSCONF 1
| #define HAVE_SYSLOG 1
| #define HAVE_TCGETATTR 1
| #define HAVE_TCGETWINSIZE 1
| #define HAVE_TCSETWINSIZE 1
| #define HAVE_TIMES 1
| #define HAVE_TTYNAME 1
| #define HAVE_TZSET 1
| #define HAVE_UNSETENV 1
| #define HAVE_VASPRINTF 1
| #define HAVE_ASPRINTF 1
| #define HAVE_ISASCII 1
| #define HAVE_ISBLANK 1
| #define HAVE_ISGRAPH 1
| #define HAVE_ISPRINT 1
| #define HAVE_ISSPACE 1
| #define HAVE_ISXDIGIT 1
| #define HAVE_GETPWENT 1
| #define HAVE_GETPWNAM 1
| #define HAVE_GETPWUID 1
| #define HAVE_MKSTEMP 1
| #define HAVE_MKDTEMP 1
| #define HAVE_STRLCAT 1
| #define HAVE_MEMFD_CREATE 1
| #define HAVE_SHM_OPEN 1
| #define HAVE_GETCWD 1
| #define HAVE_MEMSET 1
| #define HAVE_STRCASECMP 1
| #define HAVE_STRCASESTR 1
| #define HAVE_STRERROR 1
| #define HAVE_STRFTIME 1
| #define HAVE_STRNLEN 1
| #define HAVE_STRPBRK 1
| #define HAVE_STRSTR 1
| #define HAVE_STRTOD 1
| #define HAVE_STRTOL 1
| #define HAVE_STRTOUL 1
| #define HAVE_STRTOLL 1
| #define HAVE_STRTOULL 1
| #define HAVE_STRTOUMAX 1
| #define HAVE_DPRINTF 1
| #define HAVE_STRDUP 1
| #define HAVE_STRLCPY 1
| #define HAVE_REALLOCARRAY 1
| #define HAVE_DECL_AUDIT_USER_TTY 1
| #define HAVE_DECL_CONFSTR 1
| #define HAVE_DECL_PRINTF 1
| #define HAVE_DECL_BRK 1
| #define HAVE_DECL_SBRK 1
| #define HAVE_DECL_SETREGID 1
| #define HAVE_DECL_STRCPY 1
| #define HAVE_DECL_STRSIGNAL 1
| #define HAVE_SETRESUID 1
| #define HAVE_SETRESGID 1
| #define HAVE_DECL_STRTOLD 1
| #define HAVE_DECL_STRTOL 1
| #define HAVE_DECL_STRTOLL 1
| #define HAVE_DECL_STRTOUL 1
| #define HAVE_DECL_STRTOULL 1
| #define HAVE_DECL_STRTOUMAX 1
| #define HAVE_ERRNO_H 1
| #define HAVE_FCNTL_H 1
| #define HAVE_MALLOC_H 1
| #define HAVE_STDIO_EXT_H 1
| #define HAVE_MALLOC 1
| #define HAVE_MMAP 1
| #define HAVE_DCGETTEXT 1
| #define HAVE_MEMPCPY 1
| #define HAVE_MUNMAP 1
| #define HAVE_MREMAP 1
| #define HAVE_STPCPY 1
| #define HAVE_STRCSPN 1
| #define HAVE_WCTYPE_H 1
| #define HAVE_WCHAR_H 1
| #define HAVE_LANGINFO_H 1
| #define HAVE_MBRLEN 1
| #define HAVE_MBSNRTOWCS 1
| #define HAVE_MBSRTOWCS 1
| #define HAVE_WCRTOMB 1
| #define HAVE_WCSCOLL 1
| #define HAVE_WCSDUP 1
| #define HAVE_WCWIDTH 1
| #define HAVE_WCTYPE 1
| #define HAVE_WCSNRTOMBS 1
| #define HAVE_WCSWIDTH 1
| #define HAVE_MBRTOWC 1
| #define HAVE_MBSTATE_T 1
| #define HAVE_ISWLOWER 1
| #define HAVE_ISWUPPER 1
| #define HAVE_TOWLOWER 1
| #define HAVE_TOWUPPER 1
| #define HAVE_ISWCTYPE 1
| #define HAVE_WCHAR_T 1
| #define HAVE_WCTYPE_T 1
| #define HAVE_WINT_T 1
| #define SIZEOF_WCHAR_T 4
| #define HAVE_LIBDL 1
| #define HAVE_DLOPEN 1
| #define HAVE_DLCLOSE 1
| #define HAVE_DLSYM 1
| #define GETGROUPS_T gid_t
| #define HAVE_INTPTR_T 1
| #define HAVE_UINTPTR_T 1
| #define HAVE_LONG_LONG_INT 1
| #define HAVE_UNSIGNED_LONG_LONG_INT 1
| #define SIZEOF_CHAR 1
| #define SIZEOF_SHORT 2
| #define SIZEOF_INT 4
| #define SIZEOF_LONG 8
| #define SIZEOF_CHAR_P 8
| #define SIZEOF_SIZE_T 8
| #define SIZEOF_DOUBLE 8
| #define SIZEOF_LONG_LONG 8
| #define bits16_t short
| #define u_bits16_t unsigned short
| #define bits32_t int
| #define u_bits32_t unsigned int
| #define bits64_t char *
| #define HAVE_HASH_BANG_EXEC 1
| #define HAVE_POSIX_SIGNALS 1
| #define HAVE_SYS_ERRLIST 1
| #define HAVE_DECL_SYS_SIGLIST 0
| /* end confdefs.h.  */
| 
| #include <sys/types.h>
| #include <signal.h>
| #ifdef HAVE_UNISTD_H
| #include <unistd.h>
| #endif
| #include <stdlib.h>
| #ifndef UNDER_SYS_SIGLIST_DECLARED
| extern char *_sys_siglist[];
| #endif
| int
| main()
| {
| char *msg = (char *)_sys_siglist[2];
| exit(msg == 0);
| }
| 
configure:19677: result: no
configure:19687: checking for clock_t
configure:19724: result: yes
configure:19734: checking for sigset_t
configure:19771: result: yes
configure:19782: checking for socklen_t
configure:19819: result: yes
configure:19832: checking for quad_t
configure:19832: x86_64-unknown-linux-musl-gcc -c -g -O2 -I/home/samson/Projects/clojv3/./store/musl-1.2.6/include conftest.c >&5
configure:19832: $? = 0
configure:19832: x86_64-unknown-linux-musl-gcc -c -g -O2 -I/home/samson/Projects/clojv3/./store/musl-1.2.6/include conftest.c >&5
conftest.c: In function 'main':
conftest.c:405:21: error: expected expression before ')' token
  405 | if (sizeof ((quad_t)))
      |                     ^
configure:19832: $? = 1
configure: failed program was:
| /* confdefs.h */
| #define PACKAGE_NAME "bash"
| #define PACKAGE_TARNAME "bash"
| #define PACKAGE_VERSION "5.3-release"
| #define PACKAGE_STRING "bash 5.3-release"
| #define PACKAGE_BUGREPORT "bug-bash@gnu.org"
| #define PACKAGE_URL ""
| #define ALIAS 1
| #define PUSHD_AND_POPD 1
| #define RESTRICTED_SHELL 1
| #define PROCESS_SUBSTITUTION 1
| #define PROMPT_STRING_DECODE 1
| #define SELECT_COMMAND 1
| #define HELP_BUILTIN 1
| #define ARRAY_VARS 1
| #define DPAREN_ARITHMETIC 1
| #define BRACE_EXPANSION 1
| #define COMMAND_TIMING 1
| #define EXTENDED_GLOB 1
| #define EXTGLOB_DEFAULT 0
| #define COND_COMMAND 1
| #define COND_REGEXP 1
| #define COPROCESS_SUPPORT 1
| #define ARITH_FOR_COMMAND 1
| #define NETWORK_REDIRECTIONS 1
| #define PROGRAMMABLE_COMPLETION 1
| #define DEBUGGER 1
| #define CASEMOD_ATTRS 1
| #define CASEMOD_EXPANSIONS 1
| #define GLOBASCII_DEFAULT 1
| #define FUNCTION_IMPORT 1
| #define TRANSLATABLE_STRINGS 1
| #define BASH_SOURCE_FULLPATH_DEFAULT 0
| #define MEMSCRAMBLE 1
| #define HAVE_STDIO_H 1
| #define HAVE_STDLIB_H 1
| #define HAVE_STRING_H 1
| #define HAVE_INTTYPES_H 1
| #define HAVE_STDINT_H 1
| #define HAVE_STRINGS_H 1
| #define HAVE_SYS_STAT_H 1
| #define HAVE_SYS_TYPES_H 1
| #define HAVE_UNISTD_H 1
| #define HAVE_WCHAR_H 1
| #define HAVE_STDBOOL_H 1
| #define HAVE_SYS_PARAM_H 1
| #define HAVE_THREADS_H 1
| #define HAVE_SYS_TIME_H 1
| #define STDC_HEADERS 1
| #define _ALL_SOURCE 1
| #define _DARWIN_C_SOURCE 1
| #define _GNU_SOURCE 1
| #define _HPUX_ALT_XOPEN_SOCKET_API 1
| #define _NETBSD_SOURCE 1
| #define _OPENBSD_SOURCE 1
| #define _POSIX_PTHREAD_SEMANTICS 1
| #define __STDC_WANT_IEC_60559_ATTRIBS_EXT__ 1
| #define __STDC_WANT_IEC_60559_BFP_EXT__ 1
| #define __STDC_WANT_IEC_60559_DFP_EXT__ 1
| #define __STDC_WANT_IEC_60559_EXT__ 1
| #define __STDC_WANT_IEC_60559_FUNCS_EXT__ 1
| #define __STDC_WANT_IEC_60559_TYPES_EXT__ 1
| #define __STDC_WANT_LIB_EXT2__ 1
| #define __STDC_WANT_MATH_SPEC_FUNCS__ 1
| #define _TANDEM_SOURCE 1
| #define __EXTENSIONS__ 1
| #define READLINE 1
| #define HISTORY 1
| #define BANG_HISTORY 1
| #define HAVE_STRINGIZE 1
| #define HAVE_LONG_DOUBLE 1
| #define restrict __restrict__
| #define HAVE_C_BOOL 1
| #define HAVE_VISIBILITY 1
| #define HAVE_STDINT_H_WITH_UINTMAX 1
| #define HAVE_ALLOCA_H 1
| #define HAVE_ALLOCA 1
| #define HAVE_GETPAGESIZE 1
| #define HAVE_SYMLINK 1
| #define HAVE_USELOCALE 1
| #define HAVE_VPRINTF 1
| #define HAVE_ALARM 1
| #define HAVE_FPURGE 1
| #define HAVE___FPURGE 1
| #define HAVE_SNPRINTF 1
| #define HAVE_VSNPRINTF 1
| #define HAVE_MMAP 1
| #define INTDIV0_RAISES_SIGFPE 1
| #define HAVE_INTTYPES_H_WITH_UINTMAX 1
| #define HAVE_UNSIGNED_LONG_LONG_INT 1
| #define HAVE_UINTMAX_T 1
| #define HAVE_WEAK_SYMBOLS 1
| #define HAVE_PTHREAD_API 1
| #define USE_POSIX_THREADS 1
| #define USE_POSIX_THREADS_WEAK 1
| #define HAVE_PTHREAD_RWLOCK 1
| #define HAVE_PTHREAD_MUTEX_RECURSIVE 1
| #define HAVE_ICONV 1
| #define ICONV_CONST 
| #define HAVE_BUILTIN_EXPECT 1
| #define HAVE_INTTYPES_H 1
| #define HAVE_UNISTD_H 1
| #define HAVE_SYS_PARAM_H 1
| #define HAVE_GETCWD 1
| #define HAVE_GETEGID 1
| #define HAVE_GETEUID 1
| #define HAVE_GETGID 1
| #define HAVE_GETUID 1
| #define HAVE_MEMPCPY 1
| #define HAVE_MUNMAP 1
| #define HAVE_STPCPY 1
| #define HAVE_STRCASECMP 1
| #define HAVE_TSEARCH 1
| #define HAVE___FSETLOCKING 1
| #define HAVE_DECL_FEOF_UNLOCKED 1
| #define HAVE_DECL_FGETS_UNLOCKED 1
| #define HAVE_LOCALECONV 1
| #define HAVE_LONG_LONG_INT 1
| #define HAVE_WCHAR_T 1
| #define HAVE_WINT_T 1
| #define HAVE_INTMAX_T 1
| #define HAVE_POSIX_PRINTF 1
| #define HAVE_STDINT_H 1
| #define HAVE_STDINT_H 1
| #define HAVE_WORKING_O_NOATIME 0
| #define HAVE_WORKING_O_NOFOLLOW 0
| #define HAVE_WORKING_USELOCALE 1
| #define HAVE_GOOD_USELOCALE 1
| #define FLEXIBLE_ARRAY_MEMBER /**/
| #define HAVE_FEATURES_H 1
| #define HAVE_STDDEF_H 1
| #define HAVE_STDLIB_H 1
| #define HAVE_STRING_H 1
| #define HAVE_ASPRINTF 1
| #define HAVE_WPRINTF 1
| #define HAVE_NEWLOCALE 1
| #define HAVE_PUTENV 1
| #define HAVE_SETENV 1
| #define HAVE_SNPRINTF 1
| #define HAVE_STRNLEN 1
| #define HAVE_USELOCALE 1
| #define HAVE_WCSLEN 1
| #define HAVE_WCSNLEN 1
| #define HAVE_MBRTOWC 1
| #define HAVE_WCRTOMB 1
| #define HAVE_DECL__SNPRINTF 0
| #define HAVE_DECL__SNWPRINTF 0
| #define HAVE_DECL_GETC_UNLOCKED 1
| #define HAVE_NL_LANGINFO 1
| #define HAVE_LANGINFO_CODESET 1
| #define HAVE_LC_MESSAGES 1
| #define ENABLE_NLS 1
| #define HAVE_GETTEXT 1
| #define HAVE_DCGETTEXT 1
| #define HAVE_DIRENT_H 1
| #define MAJOR_IN_SYSMACROS 1
| #define HAVE_INTTYPES_H 1
| #define HAVE_UNISTD_H 1
| #define HAVE_STDLIB_H 1
| #define HAVE_LIMITS_H 1
| #define HAVE_STRING_H 1
| #define HAVE_MEMORY_H 1
| #define HAVE_LOCALE_H 1
| #define HAVE_TERMIOS_H 1
| #define HAVE_DLFCN_H 1
| #define HAVE_STDDEF_H 1
| #define HAVE_STDINT_H 1
| #define HAVE_NETDB_H 1
| #define HAVE_PWD_H 1
| #define HAVE_GRP_H 1
| #define HAVE_STRINGS_H 1
| #define HAVE_STDCKDINT_H 1
| #define HAVE_REGEX_H 1
| #define HAVE_SYSLOG_H 1
| #define HAVE_ULIMIT_H 1
| #define HAVE_SYS_SELECT_H 1
| #define HAVE_SYS_FILE_H 1
| #define HAVE_SYS_IOCTL_H 1
| #define HAVE_SYS_MMAN_H 1
| #define HAVE_SYS_PARAM_H 1
| #define HAVE_SYS_RANDOM_H 1
| #define HAVE_SYS_SOCKET_H 1
| #define HAVE_SYS_STAT_H 1
| #define HAVE_SYS_TIME_H 1
| #define HAVE_SYS_TIMES_H 1
| #define HAVE_SYS_TYPES_H 1
| #define HAVE_SYS_WAIT_H 1
| #define HAVE_NETINET_IN_H 1
| #define HAVE_ARPA_INET_H 1
| #define HAVE_SYS_RESOURCE_H 1
| #define HAVE_ALLOCA_H 1
| #define HAVE_ALLOCA 1
| #define HAVE_CHOWN 1
| #define GETPGRP_VOID 1
| #define HAVE_STRCOLL 1
| #define HAVE_WAIT3 1
| #define HAVE_MKFIFO 1
| #define HAVE_DUP2 1
| #define HAVE_EACCESS 1
| #define HAVE_FCNTL 1
| #define HAVE_GETDTABLESIZE 1
| #define HAVE_GETENTROPY 1
| #define HAVE_GETGROUPS 1
| #define HAVE_GETHOSTNAME 1
| #define HAVE_GETPAGESIZE 1
| #define HAVE_GETPEERNAME 1
| #define HAVE_GETRANDOM 1
| #define HAVE_GETRLIMIT 1
| #define HAVE_GETRUSAGE 1
| #define HAVE_GETTIMEOFDAY 1
| #define HAVE_KILL 1
| #define HAVE_KILLPG 1
| #define HAVE_LSTAT 1
| #define HAVE_NANOSLEEP 1
| #define HAVE_PSELECT 1
| #define HAVE_READLINK 1
| #define HAVE_SELECT 1
| #define HAVE_SETITIMER 1
| #define HAVE_STATFS 1
| #define HAVE_TCGETPGRP 1
| #define HAVE_UNAME 1
| #define HAVE_ULIMIT 1
| #define HAVE_WAITPID 1
| #define HAVE_RENAME 1
| #define HAVE_BCOPY 1
| #define HAVE_BZERO 1
| #define HAVE_CLOCK_GETTIME 1
| #define HAVE_CONFSTR 1
| #define HAVE_FACCESSAT 1
| #define HAVE_FNMATCH 1
| #define HAVE_GETADDRINFO 1
| #define HAVE_GETHOSTBYNAME 1
| #define HAVE_GETSERVBYNAME 1
| #define HAVE_GETSERVENT 1
| #define HAVE_INET_ATON 1
| #define HAVE_IMAXDIV 1
| #define HAVE_MEMMOVE 1
| #define HAVE_PATHCONF 1
| #define HAVE_PUTENV 1
| #define HAVE_RAISE 1
| #define HAVE_RANDOM 1
| #define HAVE_REGCOMP 1
| #define HAVE_REGEXEC 1
| #define HAVE_SETENV 1
| #define HAVE_SETLINEBUF 1
| #define HAVE_SETLOCALE 1
| #define HAVE_SETVBUF 1
| #define HAVE_SIGINTERRUPT 1
| #define HAVE_STRCHR 1
| #define HAVE_SYSCONF 1
| #define HAVE_SYSLOG 1
| #define HAVE_TCGETATTR 1
| #define HAVE_TCGETWINSIZE 1
| #define HAVE_TCSETWINSIZE 1
| #define HAVE_TIMES 1
| #define HAVE_TTYNAME 1
| #define HAVE_TZSET 1
| #define HAVE_UNSETENV 1
| #define HAVE_VASPRINTF 1
| #define HAVE_ASPRINTF 1
| #define HAVE_ISASCII 1
| #define HAVE_ISBLANK 1
| #define HAVE_ISGRAPH 1
| #define HAVE_ISPRINT 1
| #define HAVE_ISSPACE 1
| #define HAVE_ISXDIGIT 1
| #define HAVE_GETPWENT 1
| #define HAVE_GETPWNAM 1
| #define HAVE_GETPWUID 1
| #define HAVE_MKSTEMP 1
| #define HAVE_MKDTEMP 1
| #define HAVE_STRLCAT 1
| #define HAVE_MEMFD_CREATE 1
| #define HAVE_SHM_OPEN 1
| #define HAVE_GETCWD 1
| #define HAVE_MEMSET 1
| #define HAVE_STRCASECMP 1
| #define HAVE_STRCASESTR 1
| #define HAVE_STRERROR 1
| #define HAVE_STRFTIME 1
| #define HAVE_STRNLEN 1
| #define HAVE_STRPBRK 1
| #define HAVE_STRSTR 1
| #define HAVE_STRTOD 1
| #define HAVE_STRTOL 1
| #define HAVE_STRTOUL 1
| #define HAVE_STRTOLL 1
| #define HAVE_STRTOULL 1
| #define HAVE_STRTOUMAX 1
| #define HAVE_DPRINTF 1
| #define HAVE_STRDUP 1
| #define HAVE_STRLCPY 1
| #define HAVE_REALLOCARRAY 1
| #define HAVE_DECL_AUDIT_USER_TTY 1
| #define HAVE_DECL_CONFSTR 1
| #define HAVE_DECL_PRINTF 1
| #define HAVE_DECL_BRK 1
| #define HAVE_DECL_SBRK 1
| #define HAVE_DECL_SETREGID 1
| #define HAVE_DECL_STRCPY 1
| #define HAVE_DECL_STRSIGNAL 1
| #define HAVE_SETRESUID 1
| #define HAVE_SETRESGID 1
| #define HAVE_DECL_STRTOLD 1
| #define HAVE_DECL_STRTOL 1
| #define HAVE_DECL_STRTOLL 1
| #define HAVE_DECL_STRTOUL 1
| #define HAVE_DECL_STRTOULL 1
| #define HAVE_DECL_STRTOUMAX 1
| #define HAVE_ERRNO_H 1
| #define HAVE_FCNTL_H 1
| #define HAVE_MALLOC_H 1
| #define HAVE_STDIO_EXT_H 1
| #define HAVE_MALLOC 1
| #define HAVE_MMAP 1
| #define HAVE_DCGETTEXT 1
| #define HAVE_MEMPCPY 1
| #define HAVE_MUNMAP 1
| #define HAVE_MREMAP 1
| #define HAVE_STPCPY 1
| #define HAVE_STRCSPN 1
| #define HAVE_WCTYPE_H 1
| #define HAVE_WCHAR_H 1
| #define HAVE_LANGINFO_H 1
| #define HAVE_MBRLEN 1
| #define HAVE_MBSNRTOWCS 1
| #define HAVE_MBSRTOWCS 1
| #define HAVE_WCRTOMB 1
| #define HAVE_WCSCOLL 1
| #define HAVE_WCSDUP 1
| #define HAVE_WCWIDTH 1
| #define HAVE_WCTYPE 1
| #define HAVE_WCSNRTOMBS 1
| #define HAVE_WCSWIDTH 1
| #define HAVE_MBRTOWC 1
| #define HAVE_MBSTATE_T 1
| #define HAVE_ISWLOWER 1
| #define HAVE_ISWUPPER 1
| #define HAVE_TOWLOWER 1
| #define HAVE_TOWUPPER 1
| #define HAVE_ISWCTYPE 1
| #define HAVE_WCHAR_T 1
| #define HAVE_WCTYPE_T 1
| #define HAVE_WINT_T 1
| #define SIZEOF_WCHAR_T 4
| #define HAVE_LIBDL 1
| #define HAVE_DLOPEN 1
| #define HAVE_DLCLOSE 1
| #define HAVE_DLSYM 1
| #define GETGROUPS_T gid_t
| #define HAVE_INTPTR_T 1
| #define HAVE_UINTPTR_T 1
| #define HAVE_LONG_LONG_INT 1
| #define HAVE_UNSIGNED_LONG_LONG_INT 1
| #define SIZEOF_CHAR 1
| #define SIZEOF_SHORT 2
| #define SIZEOF_INT 4
| #define SIZEOF_LONG 8
| #define SIZEOF_CHAR_P 8
| #define SIZEOF_SIZE_T 8
| #define SIZEOF_DOUBLE 8
| #define SIZEOF_LONG_LONG 8
| #define bits16_t short
| #define u_bits16_t unsigned short
| #define bits32_t int
| #define u_bits32_t unsigned int
| #define bits64_t char *
| #define HAVE_HASH_BANG_EXEC 1
| #define HAVE_POSIX_SIGNALS 1
| #define HAVE_SYS_ERRLIST 1
| #define HAVE_DECL_SYS_SIGLIST 0
| #define HAVE_SOCKLEN_T 1
| /* end confdefs.h.  */
| #include <stddef.h>
| #ifdef HAVE_STDIO_H
| # include <stdio.h>
| #endif
| #ifdef HAVE_STDLIB_H
| # include <stdlib.h>
| #endif
| #ifdef HAVE_STRING_H
| # include <string.h>
| #endif
| #ifdef HAVE_INTTYPES_H
| # include <inttypes.h>
| #endif
| #ifdef HAVE_STDINT_H
| # include <stdint.h>
| #endif
| #ifdef HAVE_STRINGS_H
| # include <strings.h>
| #endif
| #ifdef HAVE_SYS_TYPES_H
| # include <sys/types.h>
| #endif
| #ifdef HAVE_SYS_STAT_H
| # include <sys/stat.h>
| #endif
| #ifdef HAVE_UNISTD_H
| # include <unistd.h>
| #endif
| int
| main (void)
| {
| if (sizeof ((quad_t)))
| 	    return 0;
|   ;
|   return 0;
| }
configure:19832: result: yes
configure:19839: checking for type of struct rlimit fields
configure:19859: x86_64-unknown-linux-musl-gcc -c -g -O2 -I/home/samson/Projects/clojv3/./store/musl-1.2.6/include conftest.c >&5
configure:19859: $? = 0
configure:19985: result: rlim_t
configure:19993: checking for intmax_t
configure:19993: x86_64-unknown-linux-musl-gcc -c -g -O2 -I/home/samson/Projects/clojv3/./store/musl-1.2.6/include conftest.c >&5
configure:19993: $? = 0
configure:19993: x86_64-unknown-linux-musl-gcc -c -g -O2 -I/home/samson/Projects/clojv3/./store/musl-1.2.6/include conftest.c >&5
conftest.c: In function 'main':
conftest.c:407:23: error: expected expression before ')' token
  407 | if (sizeof ((intmax_t)))
      |                       ^
configure:19993: $? = 1
configure: failed program was:
| /* confdefs.h */
| #define PACKAGE_NAME "bash"
| #define PACKAGE_TARNAME "bash"
| #define PACKAGE_VERSION "5.3-release"
| #define PACKAGE_STRING "bash 5.3-release"
| #define PACKAGE_BUGREPORT "bug-bash@gnu.org"
| #define PACKAGE_URL ""
| #define ALIAS 1
| #define PUSHD_AND_POPD 1
| #define RESTRICTED_SHELL 1
| #define PROCESS_SUBSTITUTION 1
| #define PROMPT_STRING_DECODE 1
| #define SELECT_COMMAND 1
| #define HELP_BUILTIN 1
| #define ARRAY_VARS 1
| #define DPAREN_ARITHMETIC 1
| #define BRACE_EXPANSION 1
| #define COMMAND_TIMING 1
| #define EXTENDED_GLOB 1
| #define EXTGLOB_DEFAULT 0
| #define COND_COMMAND 1
| #define COND_REGEXP 1
| #define COPROCESS_SUPPORT 1
| #define ARITH_FOR_COMMAND 1
| #define NETWORK_REDIRECTIONS 1
| #define PROGRAMMABLE_COMPLETION 1
| #define DEBUGGER 1
| #define CASEMOD_ATTRS 1
| #define CASEMOD_EXPANSIONS 1
| #define GLOBASCII_DEFAULT 1
| #define FUNCTION_IMPORT 1
| #define TRANSLATABLE_STRINGS 1
| #define BASH_SOURCE_FULLPATH_DEFAULT 0
| #define MEMSCRAMBLE 1
| #define HAVE_STDIO_H 1
| #define HAVE_STDLIB_H 1
| #define HAVE_STRING_H 1
| #define HAVE_INTTYPES_H 1
| #define HAVE_STDINT_H 1
| #define HAVE_STRINGS_H 1
| #define HAVE_SYS_STAT_H 1
| #define HAVE_SYS_TYPES_H 1
| #define HAVE_UNISTD_H 1
| #define HAVE_WCHAR_H 1
| #define HAVE_STDBOOL_H 1
| #define HAVE_SYS_PARAM_H 1
| #define HAVE_THREADS_H 1
| #define HAVE_SYS_TIME_H 1
| #define STDC_HEADERS 1
| #define _ALL_SOURCE 1
| #define _DARWIN_C_SOURCE 1
| #define _GNU_SOURCE 1
| #define _HPUX_ALT_XOPEN_SOCKET_API 1
| #define _NETBSD_SOURCE 1
| #define _OPENBSD_SOURCE 1
| #define _POSIX_PTHREAD_SEMANTICS 1
| #define __STDC_WANT_IEC_60559_ATTRIBS_EXT__ 1
| #define __STDC_WANT_IEC_60559_BFP_EXT__ 1
| #define __STDC_WANT_IEC_60559_DFP_EXT__ 1
| #define __STDC_WANT_IEC_60559_EXT__ 1
| #define __STDC_WANT_IEC_60559_FUNCS_EXT__ 1
| #define __STDC_WANT_IEC_60559_TYPES_EXT__ 1
| #define __STDC_WANT_LIB_EXT2__ 1
| #define __STDC_WANT_MATH_SPEC_FUNCS__ 1
| #define _TANDEM_SOURCE 1
| #define __EXTENSIONS__ 1
| #define READLINE 1
| #define HISTORY 1
| #define BANG_HISTORY 1
| #define HAVE_STRINGIZE 1
| #define HAVE_LONG_DOUBLE 1
| #define restrict __restrict__
| #define HAVE_C_BOOL 1
| #define HAVE_VISIBILITY 1
| #define HAVE_STDINT_H_WITH_UINTMAX 1
| #define HAVE_ALLOCA_H 1
| #define HAVE_ALLOCA 1
| #define HAVE_GETPAGESIZE 1
| #define HAVE_SYMLINK 1
| #define HAVE_USELOCALE 1
| #define HAVE_VPRINTF 1
| #define HAVE_ALARM 1
| #define HAVE_FPURGE 1
| #define HAVE___FPURGE 1
| #define HAVE_SNPRINTF 1
| #define HAVE_VSNPRINTF 1
| #define HAVE_MMAP 1
| #define INTDIV0_RAISES_SIGFPE 1
| #define HAVE_INTTYPES_H_WITH_UINTMAX 1
| #define HAVE_UNSIGNED_LONG_LONG_INT 1
| #define HAVE_UINTMAX_T 1
| #define HAVE_WEAK_SYMBOLS 1
| #define HAVE_PTHREAD_API 1
| #define USE_POSIX_THREADS 1
| #define USE_POSIX_THREADS_WEAK 1
| #define HAVE_PTHREAD_RWLOCK 1
| #define HAVE_PTHREAD_MUTEX_RECURSIVE 1
| #define HAVE_ICONV 1
| #define ICONV_CONST 
| #define HAVE_BUILTIN_EXPECT 1
| #define HAVE_INTTYPES_H 1
| #define HAVE_UNISTD_H 1
| #define HAVE_SYS_PARAM_H 1
| #define HAVE_GETCWD 1
| #define HAVE_GETEGID 1
| #define HAVE_GETEUID 1
| #define HAVE_GETGID 1
| #define HAVE_GETUID 1
| #define HAVE_MEMPCPY 1
| #define HAVE_MUNMAP 1
| #define HAVE_STPCPY 1
| #define HAVE_STRCASECMP 1
| #define HAVE_TSEARCH 1
| #define HAVE___FSETLOCKING 1
| #define HAVE_DECL_FEOF_UNLOCKED 1
| #define HAVE_DECL_FGETS_UNLOCKED 1
| #define HAVE_LOCALECONV 1
| #define HAVE_LONG_LONG_INT 1
| #define HAVE_WCHAR_T 1
| #define HAVE_WINT_T 1
| #define HAVE_INTMAX_T 1
| #define HAVE_POSIX_PRINTF 1
| #define HAVE_STDINT_H 1
| #define HAVE_STDINT_H 1
| #define HAVE_WORKING_O_NOATIME 0
| #define HAVE_WORKING_O_NOFOLLOW 0
| #define HAVE_WORKING_USELOCALE 1
| #define HAVE_GOOD_USELOCALE 1
| #define FLEXIBLE_ARRAY_MEMBER /**/
| #define HAVE_FEATURES_H 1
| #define HAVE_STDDEF_H 1
| #define HAVE_STDLIB_H 1
| #define HAVE_STRING_H 1
| #define HAVE_ASPRINTF 1
| #define HAVE_WPRINTF 1
| #define HAVE_NEWLOCALE 1
| #define HAVE_PUTENV 1
| #define HAVE_SETENV 1
| #define HAVE_SNPRINTF 1
| #define HAVE_STRNLEN 1
| #define HAVE_USELOCALE 1
| #define HAVE_WCSLEN 1
| #define HAVE_WCSNLEN 1
| #define HAVE_MBRTOWC 1
| #define HAVE_WCRTOMB 1
| #define HAVE_DECL__SNPRINTF 0
| #define HAVE_DECL__SNWPRINTF 0
| #define HAVE_DECL_GETC_UNLOCKED 1
| #define HAVE_NL_LANGINFO 1
| #define HAVE_LANGINFO_CODESET 1
| #define HAVE_LC_MESSAGES 1
| #define ENABLE_NLS 1
| #define HAVE_GETTEXT 1
| #define HAVE_DCGETTEXT 1
| #define HAVE_DIRENT_H 1
| #define MAJOR_IN_SYSMACROS 1
| #define HAVE_INTTYPES_H 1
| #define HAVE_UNISTD_H 1
| #define HAVE_STDLIB_H 1
| #define HAVE_LIMITS_H 1
| #define HAVE_STRING_H 1
| #define HAVE_MEMORY_H 1
| #define HAVE_LOCALE_H 1
| #define HAVE_TERMIOS_H 1
| #define HAVE_DLFCN_H 1
| #define HAVE_STDDEF_H 1
| #define HAVE_STDINT_H 1
| #define HAVE_NETDB_H 1
| #define HAVE_PWD_H 1
| #define HAVE_GRP_H 1
| #define HAVE_STRINGS_H 1
| #define HAVE_STDCKDINT_H 1
| #define HAVE_REGEX_H 1
| #define HAVE_SYSLOG_H 1
| #define HAVE_ULIMIT_H 1
| #define HAVE_SYS_SELECT_H 1
| #define HAVE_SYS_FILE_H 1
| #define HAVE_SYS_IOCTL_H 1
| #define HAVE_SYS_MMAN_H 1
| #define HAVE_SYS_PARAM_H 1
| #define HAVE_SYS_RANDOM_H 1
| #define HAVE_SYS_SOCKET_H 1
| #define HAVE_SYS_STAT_H 1
| #define HAVE_SYS_TIME_H 1
| #define HAVE_SYS_TIMES_H 1
| #define HAVE_SYS_TYPES_H 1
| #define HAVE_SYS_WAIT_H 1
| #define HAVE_NETINET_IN_H 1
| #define HAVE_ARPA_INET_H 1
| #define HAVE_SYS_RESOURCE_H 1
| #define HAVE_ALLOCA_H 1
| #define HAVE_ALLOCA 1
| #define HAVE_CHOWN 1
| #define GETPGRP_VOID 1
| #define HAVE_STRCOLL 1
| #define HAVE_WAIT3 1
| #define HAVE_MKFIFO 1
| #define HAVE_DUP2 1
| #define HAVE_EACCESS 1
| #define HAVE_FCNTL 1
| #define HAVE_GETDTABLESIZE 1
| #define HAVE_GETENTROPY 1
| #define HAVE_GETGROUPS 1
| #define HAVE_GETHOSTNAME 1
| #define HAVE_GETPAGESIZE 1
| #define HAVE_GETPEERNAME 1
| #define HAVE_GETRANDOM 1
| #define HAVE_GETRLIMIT 1
| #define HAVE_GETRUSAGE 1
| #define HAVE_GETTIMEOFDAY 1
| #define HAVE_KILL 1
| #define HAVE_KILLPG 1
| #define HAVE_LSTAT 1
| #define HAVE_NANOSLEEP 1
| #define HAVE_PSELECT 1
| #define HAVE_READLINK 1
| #define HAVE_SELECT 1
| #define HAVE_SETITIMER 1
| #define HAVE_STATFS 1
| #define HAVE_TCGETPGRP 1
| #define HAVE_UNAME 1
| #define HAVE_ULIMIT 1
| #define HAVE_WAITPID 1
| #define HAVE_RENAME 1
| #define HAVE_BCOPY 1
| #define HAVE_BZERO 1
| #define HAVE_CLOCK_GETTIME 1
| #define HAVE_CONFSTR 1
| #define HAVE_FACCESSAT 1
| #define HAVE_FNMATCH 1
| #define HAVE_GETADDRINFO 1
| #define HAVE_GETHOSTBYNAME 1
| #define HAVE_GETSERVBYNAME 1
| #define HAVE_GETSERVENT 1
| #define HAVE_INET_ATON 1
| #define HAVE_IMAXDIV 1
| #define HAVE_MEMMOVE 1
| #define HAVE_PATHCONF 1
| #define HAVE_PUTENV 1
| #define HAVE_RAISE 1
| #define HAVE_RANDOM 1
| #define HAVE_REGCOMP 1
| #define HAVE_REGEXEC 1
| #define HAVE_SETENV 1
| #define HAVE_SETLINEBUF 1
| #define HAVE_SETLOCALE 1
| #define HAVE_SETVBUF 1
| #define HAVE_SIGINTERRUPT 1
| #define HAVE_STRCHR 1
| #define HAVE_SYSCONF 1
| #define HAVE_SYSLOG 1
| #define HAVE_TCGETATTR 1
| #define HAVE_TCGETWINSIZE 1
| #define HAVE_TCSETWINSIZE 1
| #define HAVE_TIMES 1
| #define HAVE_TTYNAME 1
| #define HAVE_TZSET 1
| #define HAVE_UNSETENV 1
| #define HAVE_VASPRINTF 1
| #define HAVE_ASPRINTF 1
| #define HAVE_ISASCII 1
| #define HAVE_ISBLANK 1
| #define HAVE_ISGRAPH 1
| #define HAVE_ISPRINT 1
| #define HAVE_ISSPACE 1
| #define HAVE_ISXDIGIT 1
| #define HAVE_GETPWENT 1
| #define HAVE_GETPWNAM 1
| #define HAVE_GETPWUID 1
| #define HAVE_MKSTEMP 1
| #define HAVE_MKDTEMP 1
| #define HAVE_STRLCAT 1
| #define HAVE_MEMFD_CREATE 1
| #define HAVE_SHM_OPEN 1
| #define HAVE_GETCWD 1
| #define HAVE_MEMSET 1
| #define HAVE_STRCASECMP 1
| #define HAVE_STRCASESTR 1
| #define HAVE_STRERROR 1
| #define HAVE_STRFTIME 1
| #define HAVE_STRNLEN 1
| #define HAVE_STRPBRK 1
| #define HAVE_STRSTR 1
| #define HAVE_STRTOD 1
| #define HAVE_STRTOL 1
| #define HAVE_STRTOUL 1
| #define HAVE_STRTOLL 1
| #define HAVE_STRTOULL 1
| #define HAVE_STRTOUMAX 1
| #define HAVE_DPRINTF 1
| #define HAVE_STRDUP 1
| #define HAVE_STRLCPY 1
| #define HAVE_REALLOCARRAY 1
| #define HAVE_DECL_AUDIT_USER_TTY 1
| #define HAVE_DECL_CONFSTR 1
| #define HAVE_DECL_PRINTF 1
| #define HAVE_DECL_BRK 1
| #define HAVE_DECL_SBRK 1
| #define HAVE_DECL_SETREGID 1
| #define HAVE_DECL_STRCPY 1
| #define HAVE_DECL_STRSIGNAL 1
| #define HAVE_SETRESUID 1
| #define HAVE_SETRESGID 1
| #define HAVE_DECL_STRTOLD 1
| #define HAVE_DECL_STRTOL 1
| #define HAVE_DECL_STRTOLL 1
| #define HAVE_DECL_STRTOUL 1
| #define HAVE_DECL_STRTOULL 1
| #define HAVE_DECL_STRTOUMAX 1
| #define HAVE_ERRNO_H 1
| #define HAVE_FCNTL_H 1
| #define HAVE_MALLOC_H 1
| #define HAVE_STDIO_EXT_H 1
| #define HAVE_MALLOC 1
| #define HAVE_MMAP 1
| #define HAVE_DCGETTEXT 1
| #define HAVE_MEMPCPY 1
| #define HAVE_MUNMAP 1
| #define HAVE_MREMAP 1
| #define HAVE_STPCPY 1
| #define HAVE_STRCSPN 1
| #define HAVE_WCTYPE_H 1
| #define HAVE_WCHAR_H 1
| #define HAVE_LANGINFO_H 1
| #define HAVE_MBRLEN 1
| #define HAVE_MBSNRTOWCS 1
| #define HAVE_MBSRTOWCS 1
| #define HAVE_WCRTOMB 1
| #define HAVE_WCSCOLL 1
| #define HAVE_WCSDUP 1
| #define HAVE_WCWIDTH 1
| #define HAVE_WCTYPE 1
| #define HAVE_WCSNRTOMBS 1
| #define HAVE_WCSWIDTH 1
| #define HAVE_MBRTOWC 1
| #define HAVE_MBSTATE_T 1
| #define HAVE_ISWLOWER 1
| #define HAVE_ISWUPPER 1
| #define HAVE_TOWLOWER 1
| #define HAVE_TOWUPPER 1
| #define HAVE_ISWCTYPE 1
| #define HAVE_WCHAR_T 1
| #define HAVE_WCTYPE_T 1
| #define HAVE_WINT_T 1
| #define SIZEOF_WCHAR_T 4
| #define HAVE_LIBDL 1
| #define HAVE_DLOPEN 1
| #define HAVE_DLCLOSE 1
| #define HAVE_DLSYM 1
| #define GETGROUPS_T gid_t
| #define HAVE_INTPTR_T 1
| #define HAVE_UINTPTR_T 1
| #define HAVE_LONG_LONG_INT 1
| #define HAVE_UNSIGNED_LONG_LONG_INT 1
| #define SIZEOF_CHAR 1
| #define SIZEOF_SHORT 2
| #define SIZEOF_INT 4
| #define SIZEOF_LONG 8
| #define SIZEOF_CHAR_P 8
| #define SIZEOF_SIZE_T 8
| #define SIZEOF_DOUBLE 8
| #define SIZEOF_LONG_LONG 8
| #define bits16_t short
| #define u_bits16_t unsigned short
| #define bits32_t int
| #define u_bits32_t unsigned int
| #define bits64_t char *
| #define HAVE_HASH_BANG_EXEC 1
| #define HAVE_POSIX_SIGNALS 1
| #define HAVE_SYS_ERRLIST 1
| #define HAVE_DECL_SYS_SIGLIST 0
| #define HAVE_SOCKLEN_T 1
| #define HAVE_QUAD_T 1
| #define RLIMTYPE rlim_t
| /* end confdefs.h.  */
| #include <stddef.h>
| #ifdef HAVE_STDIO_H
| # include <stdio.h>
| #endif
| #ifdef HAVE_STDLIB_H
| # include <stdlib.h>
| #endif
| #ifdef HAVE_STRING_H
| # include <string.h>
| #endif
| #ifdef HAVE_INTTYPES_H
| # include <inttypes.h>
| #endif
| #ifdef HAVE_STDINT_H
| # include <stdint.h>
| #endif
| #ifdef HAVE_STRINGS_H
| # include <strings.h>
| #endif
| #ifdef HAVE_SYS_TYPES_H
| # include <sys/types.h>
| #endif
| #ifdef HAVE_SYS_STAT_H
| # include <sys/stat.h>
| #endif
| #ifdef HAVE_UNISTD_H
| # include <unistd.h>
| #endif
| int
| main (void)
| {
| if (sizeof ((intmax_t)))
| 	    return 0;
|   ;
|   return 0;
| }
configure:19993: result: yes
configure:20012: checking for uintmax_t
configure:20012: x86_64-unknown-linux-musl-gcc -c -g -O2 -I/home/samson/Projects/clojv3/./store/musl-1.2.6/include conftest.c >&5
configure:20012: $? = 0
configure:20012: x86_64-unknown-linux-musl-gcc -c -g -O2 -I/home/samson/Projects/clojv3/./store/musl-1.2.6/include conftest.c >&5
conftest.c: In function 'main':
conftest.c:408:24: error: expected expression before ')' token
  408 | if (sizeof ((uintmax_t)))
      |                        ^
configure:20012: $? = 1
configure: failed program was:
| /* confdefs.h */
| #define PACKAGE_NAME "bash"
| #define PACKAGE_TARNAME "bash"
| #define PACKAGE_VERSION "5.3-release"
| #define PACKAGE_STRING "bash 5.3-release"
| #define PACKAGE_BUGREPORT "bug-bash@gnu.org"
| #define PACKAGE_URL ""
| #define ALIAS 1
| #define PUSHD_AND_POPD 1
| #define RESTRICTED_SHELL 1
| #define PROCESS_SUBSTITUTION 1
| #define PROMPT_STRING_DECODE 1
| #define SELECT_COMMAND 1
| #define HELP_BUILTIN 1
| #define ARRAY_VARS 1
| #define DPAREN_ARITHMETIC 1
| #define BRACE_EXPANSION 1
| #define COMMAND_TIMING 1
| #define EXTENDED_GLOB 1
| #define EXTGLOB_DEFAULT 0
| #define COND_COMMAND 1
| #define COND_REGEXP 1
| #define COPROCESS_SUPPORT 1
| #define ARITH_FOR_COMMAND 1
| #define NETWORK_REDIRECTIONS 1
| #define PROGRAMMABLE_COMPLETION 1
| #define DEBUGGER 1
| #define CASEMOD_ATTRS 1
| #define CASEMOD_EXPANSIONS 1
| #define GLOBASCII_DEFAULT 1
| #define FUNCTION_IMPORT 1
| #define TRANSLATABLE_STRINGS 1
| #define BASH_SOURCE_FULLPATH_DEFAULT 0
| #define MEMSCRAMBLE 1
| #define HAVE_STDIO_H 1
| #define HAVE_STDLIB_H 1
| #define HAVE_STRING_H 1
| #define HAVE_INTTYPES_H 1
| #define HAVE_STDINT_H 1
| #define HAVE_STRINGS_H 1
| #define HAVE_SYS_STAT_H 1
| #define HAVE_SYS_TYPES_H 1
| #define HAVE_UNISTD_H 1
| #define HAVE_WCHAR_H 1
| #define HAVE_STDBOOL_H 1
| #define HAVE_SYS_PARAM_H 1
| #define HAVE_THREADS_H 1
| #define HAVE_SYS_TIME_H 1
| #define STDC_HEADERS 1
| #define _ALL_SOURCE 1
| #define _DARWIN_C_SOURCE 1
| #define _GNU_SOURCE 1
| #define _HPUX_ALT_XOPEN_SOCKET_API 1
| #define _NETBSD_SOURCE 1
| #define _OPENBSD_SOURCE 1
| #define _POSIX_PTHREAD_SEMANTICS 1
| #define __STDC_WANT_IEC_60559_ATTRIBS_EXT__ 1
| #define __STDC_WANT_IEC_60559_BFP_EXT__ 1
| #define __STDC_WANT_IEC_60559_DFP_EXT__ 1
| #define __STDC_WANT_IEC_60559_EXT__ 1
| #define __STDC_WANT_IEC_60559_FUNCS_EXT__ 1
| #define __STDC_WANT_IEC_60559_TYPES_EXT__ 1
| #define __STDC_WANT_LIB_EXT2__ 1
| #define __STDC_WANT_MATH_SPEC_FUNCS__ 1
| #define _TANDEM_SOURCE 1
| #define __EXTENSIONS__ 1
| #define READLINE 1
| #define HISTORY 1
| #define BANG_HISTORY 1
| #define HAVE_STRINGIZE 1
| #define HAVE_LONG_DOUBLE 1
| #define restrict __restrict__
| #define HAVE_C_BOOL 1
| #define HAVE_VISIBILITY 1
| #define HAVE_STDINT_H_WITH_UINTMAX 1
| #define HAVE_ALLOCA_H 1
| #define HAVE_ALLOCA 1
| #define HAVE_GETPAGESIZE 1
| #define HAVE_SYMLINK 1
| #define HAVE_USELOCALE 1
| #define HAVE_VPRINTF 1
| #define HAVE_ALARM 1
| #define HAVE_FPURGE 1
| #define HAVE___FPURGE 1
| #define HAVE_SNPRINTF 1
| #define HAVE_VSNPRINTF 1
| #define HAVE_MMAP 1
| #define INTDIV0_RAISES_SIGFPE 1
| #define HAVE_INTTYPES_H_WITH_UINTMAX 1
| #define HAVE_UNSIGNED_LONG_LONG_INT 1
| #define HAVE_UINTMAX_T 1
| #define HAVE_WEAK_SYMBOLS 1
| #define HAVE_PTHREAD_API 1
| #define USE_POSIX_THREADS 1
| #define USE_POSIX_THREADS_WEAK 1
| #define HAVE_PTHREAD_RWLOCK 1
| #define HAVE_PTHREAD_MUTEX_RECURSIVE 1
| #define HAVE_ICONV 1
| #define ICONV_CONST 
| #define HAVE_BUILTIN_EXPECT 1
| #define HAVE_INTTYPES_H 1
| #define HAVE_UNISTD_H 1
| #define HAVE_SYS_PARAM_H 1
| #define HAVE_GETCWD 1
| #define HAVE_GETEGID 1
| #define HAVE_GETEUID 1
| #define HAVE_GETGID 1
| #define HAVE_GETUID 1
| #define HAVE_MEMPCPY 1
| #define HAVE_MUNMAP 1
| #define HAVE_STPCPY 1
| #define HAVE_STRCASECMP 1
| #define HAVE_TSEARCH 1
| #define HAVE___FSETLOCKING 1
| #define HAVE_DECL_FEOF_UNLOCKED 1
| #define HAVE_DECL_FGETS_UNLOCKED 1
| #define HAVE_LOCALECONV 1
| #define HAVE_LONG_LONG_INT 1
| #define HAVE_WCHAR_T 1
| #define HAVE_WINT_T 1
| #define HAVE_INTMAX_T 1
| #define HAVE_POSIX_PRINTF 1
| #define HAVE_STDINT_H 1
| #define HAVE_STDINT_H 1
| #define HAVE_WORKING_O_NOATIME 0
| #define HAVE_WORKING_O_NOFOLLOW 0
| #define HAVE_WORKING_USELOCALE 1
| #define HAVE_GOOD_USELOCALE 1
| #define FLEXIBLE_ARRAY_MEMBER /**/
| #define HAVE_FEATURES_H 1
| #define HAVE_STDDEF_H 1
| #define HAVE_STDLIB_H 1
| #define HAVE_STRING_H 1
| #define HAVE_ASPRINTF 1
| #define HAVE_WPRINTF 1
| #define HAVE_NEWLOCALE 1
| #define HAVE_PUTENV 1
| #define HAVE_SETENV 1
| #define HAVE_SNPRINTF 1
| #define HAVE_STRNLEN 1
| #define HAVE_USELOCALE 1
| #define HAVE_WCSLEN 1
| #define HAVE_WCSNLEN 1
| #define HAVE_MBRTOWC 1
| #define HAVE_WCRTOMB 1
| #define HAVE_DECL__SNPRINTF 0
| #define HAVE_DECL__SNWPRINTF 0
| #define HAVE_DECL_GETC_UNLOCKED 1
| #define HAVE_NL_LANGINFO 1
| #define HAVE_LANGINFO_CODESET 1
| #define HAVE_LC_MESSAGES 1
| #define ENABLE_NLS 1
| #define HAVE_GETTEXT 1
| #define HAVE_DCGETTEXT 1
| #define HAVE_DIRENT_H 1
| #define MAJOR_IN_SYSMACROS 1
| #define HAVE_INTTYPES_H 1
| #define HAVE_UNISTD_H 1
| #define HAVE_STDLIB_H 1
| #define HAVE_LIMITS_H 1
| #define HAVE_STRING_H 1
| #define HAVE_MEMORY_H 1
| #define HAVE_LOCALE_H 1
| #define HAVE_TERMIOS_H 1
| #define HAVE_DLFCN_H 1
| #define HAVE_STDDEF_H 1
| #define HAVE_STDINT_H 1
| #define HAVE_NETDB_H 1
| #define HAVE_PWD_H 1
| #define HAVE_GRP_H 1
| #define HAVE_STRINGS_H 1
| #define HAVE_STDCKDINT_H 1
| #define HAVE_REGEX_H 1
| #define HAVE_SYSLOG_H 1
| #define HAVE_ULIMIT_H 1
| #define HAVE_SYS_SELECT_H 1
| #define HAVE_SYS_FILE_H 1
| #define HAVE_SYS_IOCTL_H 1
| #define HAVE_SYS_MMAN_H 1
| #define HAVE_SYS_PARAM_H 1
| #define HAVE_SYS_RANDOM_H 1
| #define HAVE_SYS_SOCKET_H 1
| #define HAVE_SYS_STAT_H 1
| #define HAVE_SYS_TIME_H 1
| #define HAVE_SYS_TIMES_H 1
| #define HAVE_SYS_TYPES_H 1
| #define HAVE_SYS_WAIT_H 1
| #define HAVE_NETINET_IN_H 1
| #define HAVE_ARPA_INET_H 1
| #define HAVE_SYS_RESOURCE_H 1
| #define HAVE_ALLOCA_H 1
| #define HAVE_ALLOCA 1
| #define HAVE_CHOWN 1
| #define GETPGRP_VOID 1
| #define HAVE_STRCOLL 1
| #define HAVE_WAIT3 1
| #define HAVE_MKFIFO 1
| #define HAVE_DUP2 1
| #define HAVE_EACCESS 1
| #define HAVE_FCNTL 1
| #define HAVE_GETDTABLESIZE 1
| #define HAVE_GETENTROPY 1
| #define HAVE_GETGROUPS 1
| #define HAVE_GETHOSTNAME 1
| #define HAVE_GETPAGESIZE 1
| #define HAVE_GETPEERNAME 1
| #define HAVE_GETRANDOM 1
| #define HAVE_GETRLIMIT 1
| #define HAVE_GETRUSAGE 1
| #define HAVE_GETTIMEOFDAY 1
| #define HAVE_KILL 1
| #define HAVE_KILLPG 1
| #define HAVE_LSTAT 1
| #define HAVE_NANOSLEEP 1
| #define HAVE_PSELECT 1
| #define HAVE_READLINK 1
| #define HAVE_SELECT 1
| #define HAVE_SETITIMER 1
| #define HAVE_STATFS 1
| #define HAVE_TCGETPGRP 1
| #define HAVE_UNAME 1
| #define HAVE_ULIMIT 1
| #define HAVE_WAITPID 1
| #define HAVE_RENAME 1
| #define HAVE_BCOPY 1
| #define HAVE_BZERO 1
| #define HAVE_CLOCK_GETTIME 1
| #define HAVE_CONFSTR 1
| #define HAVE_FACCESSAT 1
| #define HAVE_FNMATCH 1
| #define HAVE_GETADDRINFO 1
| #define HAVE_GETHOSTBYNAME 1
| #define HAVE_GETSERVBYNAME 1
| #define HAVE_GETSERVENT 1
| #define HAVE_INET_ATON 1
| #define HAVE_IMAXDIV 1
| #define HAVE_MEMMOVE 1
| #define HAVE_PATHCONF 1
| #define HAVE_PUTENV 1
| #define HAVE_RAISE 1
| #define HAVE_RANDOM 1
| #define HAVE_REGCOMP 1
| #define HAVE_REGEXEC 1
| #define HAVE_SETENV 1
| #define HAVE_SETLINEBUF 1
| #define HAVE_SETLOCALE 1
| #define HAVE_SETVBUF 1
| #define HAVE_SIGINTERRUPT 1
| #define HAVE_STRCHR 1
| #define HAVE_SYSCONF 1
| #define HAVE_SYSLOG 1
| #define HAVE_TCGETATTR 1
| #define HAVE_TCGETWINSIZE 1
| #define HAVE_TCSETWINSIZE 1
| #define HAVE_TIMES 1
| #define HAVE_TTYNAME 1
| #define HAVE_TZSET 1
| #define HAVE_UNSETENV 1
| #define HAVE_VASPRINTF 1
| #define HAVE_ASPRINTF 1
| #define HAVE_ISASCII 1
| #define HAVE_ISBLANK 1
| #define HAVE_ISGRAPH 1
| #define HAVE_ISPRINT 1
| #define HAVE_ISSPACE 1
| #define HAVE_ISXDIGIT 1
| #define HAVE_GETPWENT 1
| #define HAVE_GETPWNAM 1
| #define HAVE_GETPWUID 1
| #define HAVE_MKSTEMP 1
| #define HAVE_MKDTEMP 1
| #define HAVE_STRLCAT 1
| #define HAVE_MEMFD_CREATE 1
| #define HAVE_SHM_OPEN 1
| #define HAVE_GETCWD 1
| #define HAVE_MEMSET 1
| #define HAVE_STRCASECMP 1
| #define HAVE_STRCASESTR 1
| #define HAVE_STRERROR 1
| #define HAVE_STRFTIME 1
| #define HAVE_STRNLEN 1
| #define HAVE_STRPBRK 1
| #define HAVE_STRSTR 1
| #define HAVE_STRTOD 1
| #define HAVE_STRTOL 1
| #define HAVE_STRTOUL 1
| #define HAVE_STRTOLL 1
| #define HAVE_STRTOULL 1
| #define HAVE_STRTOUMAX 1
| #define HAVE_DPRINTF 1
| #define HAVE_STRDUP 1
| #define HAVE_STRLCPY 1
| #define HAVE_REALLOCARRAY 1
| #define HAVE_DECL_AUDIT_USER_TTY 1
| #define HAVE_DECL_CONFSTR 1
| #define HAVE_DECL_PRINTF 1
| #define HAVE_DECL_BRK 1
| #define HAVE_DECL_SBRK 1
| #define HAVE_DECL_SETREGID 1
| #define HAVE_DECL_STRCPY 1
| #define HAVE_DECL_STRSIGNAL 1
| #define HAVE_SETRESUID 1
| #define HAVE_SETRESGID 1
| #define HAVE_DECL_STRTOLD 1
| #define HAVE_DECL_STRTOL 1
| #define HAVE_DECL_STRTOLL 1
| #define HAVE_DECL_STRTOUL 1
| #define HAVE_DECL_STRTOULL 1
| #define HAVE_DECL_STRTOUMAX 1
| #define HAVE_ERRNO_H 1
| #define HAVE_FCNTL_H 1
| #define HAVE_MALLOC_H 1
| #define HAVE_STDIO_EXT_H 1
| #define HAVE_MALLOC 1
| #define HAVE_MMAP 1
| #define HAVE_DCGETTEXT 1
| #define HAVE_MEMPCPY 1
| #define HAVE_MUNMAP 1
| #define HAVE_MREMAP 1
| #define HAVE_STPCPY 1
| #define HAVE_STRCSPN 1
| #define HAVE_WCTYPE_H 1
| #define HAVE_WCHAR_H 1
| #define HAVE_LANGINFO_H 1
| #define HAVE_MBRLEN 1
| #define HAVE_MBSNRTOWCS 1
| #define HAVE_MBSRTOWCS 1
| #define HAVE_WCRTOMB 1
| #define HAVE_WCSCOLL 1
| #define HAVE_WCSDUP 1
| #define HAVE_WCWIDTH 1
| #define HAVE_WCTYPE 1
| #define HAVE_WCSNRTOMBS 1
| #define HAVE_WCSWIDTH 1
| #define HAVE_MBRTOWC 1
| #define HAVE_MBSTATE_T 1
| #define HAVE_ISWLOWER 1
| #define HAVE_ISWUPPER 1
| #define HAVE_TOWLOWER 1
| #define HAVE_TOWUPPER 1
| #define HAVE_ISWCTYPE 1
| #define HAVE_WCHAR_T 1
| #define HAVE_WCTYPE_T 1
| #define HAVE_WINT_T 1
| #define SIZEOF_WCHAR_T 4
| #define HAVE_LIBDL 1
| #define HAVE_DLOPEN 1
| #define HAVE_DLCLOSE 1
| #define HAVE_DLSYM 1
| #define GETGROUPS_T gid_t
| #define HAVE_INTPTR_T 1
| #define HAVE_UINTPTR_T 1
| #define HAVE_LONG_LONG_INT 1
| #define HAVE_UNSIGNED_LONG_LONG_INT 1
| #define SIZEOF_CHAR 1
| #define SIZEOF_SHORT 2
| #define SIZEOF_INT 4
| #define SIZEOF_LONG 8
| #define SIZEOF_CHAR_P 8
| #define SIZEOF_SIZE_T 8
| #define SIZEOF_DOUBLE 8
| #define SIZEOF_LONG_LONG 8
| #define bits16_t short
| #define u_bits16_t unsigned short
| #define bits32_t int
| #define u_bits32_t unsigned int
| #define bits64_t char *
| #define HAVE_HASH_BANG_EXEC 1
| #define HAVE_POSIX_SIGNALS 1
| #define HAVE_SYS_ERRLIST 1
| #define HAVE_DECL_SYS_SIGLIST 0
| #define HAVE_SOCKLEN_T 1
| #define HAVE_QUAD_T 1
| #define RLIMTYPE rlim_t
| #define HAVE_INTMAX_T 1
| /* end confdefs.h.  */
| #include <stddef.h>
| #ifdef HAVE_STDIO_H
| # include <stdio.h>
| #endif
| #ifdef HAVE_STDLIB_H
| # include <stdlib.h>
| #endif
| #ifdef HAVE_STRING_H
| # include <string.h>
| #endif
| #ifdef HAVE_INTTYPES_H
| # include <inttypes.h>
| #endif
| #ifdef HAVE_STDINT_H
| # include <stdint.h>
| #endif
| #ifdef HAVE_STRINGS_H
| # include <strings.h>
| #endif
| #ifdef HAVE_SYS_TYPES_H
| # include <sys/types.h>
| #endif
| #ifdef HAVE_SYS_STAT_H
| # include <sys/stat.h>
| #endif
| #ifdef HAVE_UNISTD_H
| # include <unistd.h>
| #endif
| int
| main (void)
| {
| if (sizeof ((uintmax_t)))
| 	    return 0;
|   ;
|   return 0;
| }
configure:20012: result: yes
configure:20034: checking size of intmax_t
configure:20040: x86_64-unknown-linux-musl-gcc -o conftest -g -O2 -I/home/samson/Projects/clojv3/./store/musl-1.2.6/include -B/home/samson/Projects/clojv3/./store/musl-1.2.6/lib -L/home/samson/Projects/clojv3/./store/musl-1.2.6/lib -Wl,-rpath,/home/samson/Projects/clojv3/./store/musl-1.2.6/lib -Wl,-dynamic-linker,/home/samson/Projects/clojv3/./store/musl-1.2.6/lib/libc.so conftest.c -ldl  >&5
configure:20040: $? = 0
configure:20040: ./conftest
configure:20040: $? = 0
configure:20057: result: 8
configure:20067: checking for struct termios.c_line
configure:20067: x86_64-unknown-linux-musl-gcc -c -g -O2 -I/home/samson/Projects/clojv3/./store/musl-1.2.6/include conftest.c >&5
configure:20067: $? = 0
configure:20067: result: yes
configure:20080: checking for struct termio.c_line
configure:20080: x86_64-unknown-linux-musl-gcc -c -g -O2 -I/home/samson/Projects/clojv3/./store/musl-1.2.6/include conftest.c >&5
conftest.c:382:10: fatal error: termio.h: No such file or directory
  382 | #include <termio.h>
      |          ^~~~~~~~~~
compilation terminated.
configure:20080: $? = 1
configure: failed program was:
| /* confdefs.h */
| #define PACKAGE_NAME "bash"
| #define PACKAGE_TARNAME "bash"
| #define PACKAGE_VERSION "5.3-release"
| #define PACKAGE_STRING "bash 5.3-release"
| #define PACKAGE_BUGREPORT "bug-bash@gnu.org"
| #define PACKAGE_URL ""
| #define ALIAS 1
| #define PUSHD_AND_POPD 1
| #define RESTRICTED_SHELL 1
| #define PROCESS_SUBSTITUTION 1
| #define PROMPT_STRING_DECODE 1
| #define SELECT_COMMAND 1
| #define HELP_BUILTIN 1
| #define ARRAY_VARS 1
| #define DPAREN_ARITHMETIC 1
| #define BRACE_EXPANSION 1
| #define COMMAND_TIMING 1
| #define EXTENDED_GLOB 1
| #define EXTGLOB_DEFAULT 0
| #define COND_COMMAND 1
| #define COND_REGEXP 1
| #define COPROCESS_SUPPORT 1
| #define ARITH_FOR_COMMAND 1
| #define NETWORK_REDIRECTIONS 1
| #define PROGRAMMABLE_COMPLETION 1
| #define DEBUGGER 1
| #define CASEMOD_ATTRS 1
| #define CASEMOD_EXPANSIONS 1
| #define GLOBASCII_DEFAULT 1
| #define FUNCTION_IMPORT 1
| #define TRANSLATABLE_STRINGS 1
| #define BASH_SOURCE_FULLPATH_DEFAULT 0
| #define MEMSCRAMBLE 1
| #define HAVE_STDIO_H 1
| #define HAVE_STDLIB_H 1
| #define HAVE_STRING_H 1
| #define HAVE_INTTYPES_H 1
| #define HAVE_STDINT_H 1
| #define HAVE_STRINGS_H 1
| #define HAVE_SYS_STAT_H 1
| #define HAVE_SYS_TYPES_H 1
| #define HAVE_UNISTD_H 1
| #define HAVE_WCHAR_H 1
| #define HAVE_STDBOOL_H 1
| #define HAVE_SYS_PARAM_H 1
| #define HAVE_THREADS_H 1
| #define HAVE_SYS_TIME_H 1
| #define STDC_HEADERS 1
| #define _ALL_SOURCE 1
| #define _DARWIN_C_SOURCE 1
| #define _GNU_SOURCE 1
| #define _HPUX_ALT_XOPEN_SOCKET_API 1
| #define _NETBSD_SOURCE 1
| #define _OPENBSD_SOURCE 1
| #define _POSIX_PTHREAD_SEMANTICS 1
| #define __STDC_WANT_IEC_60559_ATTRIBS_EXT__ 1
| #define __STDC_WANT_IEC_60559_BFP_EXT__ 1
| #define __STDC_WANT_IEC_60559_DFP_EXT__ 1
| #define __STDC_WANT_IEC_60559_EXT__ 1
| #define __STDC_WANT_IEC_60559_FUNCS_EXT__ 1
| #define __STDC_WANT_IEC_60559_TYPES_EXT__ 1
| #define __STDC_WANT_LIB_EXT2__ 1
| #define __STDC_WANT_MATH_SPEC_FUNCS__ 1
| #define _TANDEM_SOURCE 1
| #define __EXTENSIONS__ 1
| #define READLINE 1
| #define HISTORY 1
| #define BANG_HISTORY 1
| #define HAVE_STRINGIZE 1
| #define HAVE_LONG_DOUBLE 1
| #define restrict __restrict__
| #define HAVE_C_BOOL 1
| #define HAVE_VISIBILITY 1
| #define HAVE_STDINT_H_WITH_UINTMAX 1
| #define HAVE_ALLOCA_H 1
| #define HAVE_ALLOCA 1
| #define HAVE_GETPAGESIZE 1
| #define HAVE_SYMLINK 1
| #define HAVE_USELOCALE 1
| #define HAVE_VPRINTF 1
| #define HAVE_ALARM 1
| #define HAVE_FPURGE 1
| #define HAVE___FPURGE 1
| #define HAVE_SNPRINTF 1
| #define HAVE_VSNPRINTF 1
| #define HAVE_MMAP 1
| #define INTDIV0_RAISES_SIGFPE 1
| #define HAVE_INTTYPES_H_WITH_UINTMAX 1
| #define HAVE_UNSIGNED_LONG_LONG_INT 1
| #define HAVE_UINTMAX_T 1
| #define HAVE_WEAK_SYMBOLS 1
| #define HAVE_PTHREAD_API 1
| #define USE_POSIX_THREADS 1
| #define USE_POSIX_THREADS_WEAK 1
| #define HAVE_PTHREAD_RWLOCK 1
| #define HAVE_PTHREAD_MUTEX_RECURSIVE 1
| #define HAVE_ICONV 1
| #define ICONV_CONST 
| #define HAVE_BUILTIN_EXPECT 1
| #define HAVE_INTTYPES_H 1
| #define HAVE_UNISTD_H 1
| #define HAVE_SYS_PARAM_H 1
| #define HAVE_GETCWD 1
| #define HAVE_GETEGID 1
| #define HAVE_GETEUID 1
| #define HAVE_GETGID 1
| #define HAVE_GETUID 1
| #define HAVE_MEMPCPY 1
| #define HAVE_MUNMAP 1
| #define HAVE_STPCPY 1
| #define HAVE_STRCASECMP 1
| #define HAVE_TSEARCH 1
| #define HAVE___FSETLOCKING 1
| #define HAVE_DECL_FEOF_UNLOCKED 1
| #define HAVE_DECL_FGETS_UNLOCKED 1
| #define HAVE_LOCALECONV 1
| #define HAVE_LONG_LONG_INT 1
| #define HAVE_WCHAR_T 1
| #define HAVE_WINT_T 1
| #define HAVE_INTMAX_T 1
| #define HAVE_POSIX_PRINTF 1
| #define HAVE_STDINT_H 1
| #define HAVE_STDINT_H 1
| #define HAVE_WORKING_O_NOATIME 0
| #define HAVE_WORKING_O_NOFOLLOW 0
| #define HAVE_WORKING_USELOCALE 1
| #define HAVE_GOOD_USELOCALE 1
| #define FLEXIBLE_ARRAY_MEMBER /**/
| #define HAVE_FEATURES_H 1
| #define HAVE_STDDEF_H 1
| #define HAVE_STDLIB_H 1
| #define HAVE_STRING_H 1
| #define HAVE_ASPRINTF 1
| #define HAVE_WPRINTF 1
| #define HAVE_NEWLOCALE 1
| #define HAVE_PUTENV 1
| #define HAVE_SETENV 1
| #define HAVE_SNPRINTF 1
| #define HAVE_STRNLEN 1
| #define HAVE_USELOCALE 1
| #define HAVE_WCSLEN 1
| #define HAVE_WCSNLEN 1
| #define HAVE_MBRTOWC 1
| #define HAVE_WCRTOMB 1
| #define HAVE_DECL__SNPRINTF 0
| #define HAVE_DECL__SNWPRINTF 0
| #define HAVE_DECL_GETC_UNLOCKED 1
| #define HAVE_NL_LANGINFO 1
| #define HAVE_LANGINFO_CODESET 1
| #define HAVE_LC_MESSAGES 1
| #define ENABLE_NLS 1
| #define HAVE_GETTEXT 1
| #define HAVE_DCGETTEXT 1
| #define HAVE_DIRENT_H 1
| #define MAJOR_IN_SYSMACROS 1
| #define HAVE_INTTYPES_H 1
| #define HAVE_UNISTD_H 1
| #define HAVE_STDLIB_H 1
| #define HAVE_LIMITS_H 1
| #define HAVE_STRING_H 1
| #define HAVE_MEMORY_H 1
| #define HAVE_LOCALE_H 1
| #define HAVE_TERMIOS_H 1
| #define HAVE_DLFCN_H 1
| #define HAVE_STDDEF_H 1
| #define HAVE_STDINT_H 1
| #define HAVE_NETDB_H 1
| #define HAVE_PWD_H 1
| #define HAVE_GRP_H 1
| #define HAVE_STRINGS_H 1
| #define HAVE_STDCKDINT_H 1
| #define HAVE_REGEX_H 1
| #define HAVE_SYSLOG_H 1
| #define HAVE_ULIMIT_H 1
| #define HAVE_SYS_SELECT_H 1
| #define HAVE_SYS_FILE_H 1
| #define HAVE_SYS_IOCTL_H 1
| #define HAVE_SYS_MMAN_H 1
| #define HAVE_SYS_PARAM_H 1
| #define HAVE_SYS_RANDOM_H 1
| #define HAVE_SYS_SOCKET_H 1
| #define HAVE_SYS_STAT_H 1
| #define HAVE_SYS_TIME_H 1
| #define HAVE_SYS_TIMES_H 1
| #define HAVE_SYS_TYPES_H 1
| #define HAVE_SYS_WAIT_H 1
| #define HAVE_NETINET_IN_H 1
| #define HAVE_ARPA_INET_H 1
| #define HAVE_SYS_RESOURCE_H 1
| #define HAVE_ALLOCA_H 1
| #define HAVE_ALLOCA 1
| #define HAVE_CHOWN 1
| #define GETPGRP_VOID 1
| #define HAVE_STRCOLL 1
| #define HAVE_WAIT3 1
| #define HAVE_MKFIFO 1
| #define HAVE_DUP2 1
| #define HAVE_EACCESS 1
| #define HAVE_FCNTL 1
| #define HAVE_GETDTABLESIZE 1
| #define HAVE_GETENTROPY 1
| #define HAVE_GETGROUPS 1
| #define HAVE_GETHOSTNAME 1
| #define HAVE_GETPAGESIZE 1
| #define HAVE_GETPEERNAME 1
| #define HAVE_GETRANDOM 1
| #define HAVE_GETRLIMIT 1
| #define HAVE_GETRUSAGE 1
| #define HAVE_GETTIMEOFDAY 1
| #define HAVE_KILL 1
| #define HAVE_KILLPG 1
| #define HAVE_LSTAT 1
| #define HAVE_NANOSLEEP 1
| #define HAVE_PSELECT 1
| #define HAVE_READLINK 1
| #define HAVE_SELECT 1
| #define HAVE_SETITIMER 1
| #define HAVE_STATFS 1
| #define HAVE_TCGETPGRP 1
| #define HAVE_UNAME 1
| #define HAVE_ULIMIT 1
| #define HAVE_WAITPID 1
| #define HAVE_RENAME 1
| #define HAVE_BCOPY 1
| #define HAVE_BZERO 1
| #define HAVE_CLOCK_GETTIME 1
| #define HAVE_CONFSTR 1
| #define HAVE_FACCESSAT 1
| #define HAVE_FNMATCH 1
| #define HAVE_GETADDRINFO 1
| #define HAVE_GETHOSTBYNAME 1
| #define HAVE_GETSERVBYNAME 1
| #define HAVE_GETSERVENT 1
| #define HAVE_INET_ATON 1
| #define HAVE_IMAXDIV 1
| #define HAVE_MEMMOVE 1
| #define HAVE_PATHCONF 1
| #define HAVE_PUTENV 1
| #define HAVE_RAISE 1
| #define HAVE_RANDOM 1
| #define HAVE_REGCOMP 1
| #define HAVE_REGEXEC 1
| #define HAVE_SETENV 1
| #define HAVE_SETLINEBUF 1
| #define HAVE_SETLOCALE 1
| #define HAVE_SETVBUF 1
| #define HAVE_SIGINTERRUPT 1
| #define HAVE_STRCHR 1
| #define HAVE_SYSCONF 1
| #define HAVE_SYSLOG 1
| #define HAVE_TCGETATTR 1
| #define HAVE_TCGETWINSIZE 1
| #define HAVE_TCSETWINSIZE 1
| #define HAVE_TIMES 1
| #define HAVE_TTYNAME 1
| #define HAVE_TZSET 1
| #define HAVE_UNSETENV 1
| #define HAVE_VASPRINTF 1
| #define HAVE_ASPRINTF 1
| #define HAVE_ISASCII 1
| #define HAVE_ISBLANK 1
| #define HAVE_ISGRAPH 1
| #define HAVE_ISPRINT 1
| #define HAVE_ISSPACE 1
| #define HAVE_ISXDIGIT 1
| #define HAVE_GETPWENT 1
| #define HAVE_GETPWNAM 1
| #define HAVE_GETPWUID 1
| #define HAVE_MKSTEMP 1
| #define HAVE_MKDTEMP 1
| #define HAVE_STRLCAT 1
| #define HAVE_MEMFD_CREATE 1
| #define HAVE_SHM_OPEN 1
| #define HAVE_GETCWD 1
| #define HAVE_MEMSET 1
| #define HAVE_STRCASECMP 1
| #define HAVE_STRCASESTR 1
| #define HAVE_STRERROR 1
| #define HAVE_STRFTIME 1
| #define HAVE_STRNLEN 1
| #define HAVE_STRPBRK 1
| #define HAVE_STRSTR 1
| #define HAVE_STRTOD 1
| #define HAVE_STRTOL 1
| #define HAVE_STRTOUL 1
| #define HAVE_STRTOLL 1
| #define HAVE_STRTOULL 1
| #define HAVE_STRTOUMAX 1
| #define HAVE_DPRINTF 1
| #define HAVE_STRDUP 1
| #define HAVE_STRLCPY 1
| #define HAVE_REALLOCARRAY 1
| #define HAVE_DECL_AUDIT_USER_TTY 1
| #define HAVE_DECL_CONFSTR 1
| #define HAVE_DECL_PRINTF 1
| #define HAVE_DECL_BRK 1
| #define HAVE_DECL_SBRK 1
| #define HAVE_DECL_SETREGID 1
| #define HAVE_DECL_STRCPY 1
| #define HAVE_DECL_STRSIGNAL 1
| #define HAVE_SETRESUID 1
| #define HAVE_SETRESGID 1
| #define HAVE_DECL_STRTOLD 1
| #define HAVE_DECL_STRTOL 1
| #define HAVE_DECL_STRTOLL 1
| #define HAVE_DECL_STRTOUL 1
| #define HAVE_DECL_STRTOULL 1
| #define HAVE_DECL_STRTOUMAX 1
| #define HAVE_ERRNO_H 1
| #define HAVE_FCNTL_H 1
| #define HAVE_MALLOC_H 1
| #define HAVE_STDIO_EXT_H 1
| #define HAVE_MALLOC 1
| #define HAVE_MMAP 1
| #define HAVE_DCGETTEXT 1
| #define HAVE_MEMPCPY 1
| #define HAVE_MUNMAP 1
| #define HAVE_MREMAP 1
| #define HAVE_STPCPY 1
| #define HAVE_STRCSPN 1
| #define HAVE_WCTYPE_H 1
| #define HAVE_WCHAR_H 1
| #define HAVE_LANGINFO_H 1
| #define HAVE_MBRLEN 1
| #define HAVE_MBSNRTOWCS 1
| #define HAVE_MBSRTOWCS 1
| #define HAVE_WCRTOMB 1
| #define HAVE_WCSCOLL 1
| #define HAVE_WCSDUP 1
| #define HAVE_WCWIDTH 1
| #define HAVE_WCTYPE 1
| #define HAVE_WCSNRTOMBS 1
| #define HAVE_WCSWIDTH 1
| #define HAVE_MBRTOWC 1
| #define HAVE_MBSTATE_T 1
| #define HAVE_ISWLOWER 1
| #define HAVE_ISWUPPER 1
| #define HAVE_TOWLOWER 1
| #define HAVE_TOWUPPER 1
| #define HAVE_ISWCTYPE 1
| #define HAVE_WCHAR_T 1
| #define HAVE_WCTYPE_T 1
| #define HAVE_WINT_T 1
| #define SIZEOF_WCHAR_T 4
| #define HAVE_LIBDL 1
| #define HAVE_DLOPEN 1
| #define HAVE_DLCLOSE 1
| #define HAVE_DLSYM 1
| #define GETGROUPS_T gid_t
| #define HAVE_INTPTR_T 1
| #define HAVE_UINTPTR_T 1
| #define HAVE_LONG_LONG_INT 1
| #define HAVE_UNSIGNED_LONG_LONG_INT 1
| #define SIZEOF_CHAR 1
| #define SIZEOF_SHORT 2
| #define SIZEOF_INT 4
| #define SIZEOF_LONG 8
| #define SIZEOF_CHAR_P 8
| #define SIZEOF_SIZE_T 8
| #define SIZEOF_DOUBLE 8
| #define SIZEOF_LONG_LONG 8
| #define bits16_t short
| #define u_bits16_t unsigned short
| #define bits32_t int
| #define u_bits32_t unsigned int
| #define bits64_t char *
| #define HAVE_HASH_BANG_EXEC 1
| #define HAVE_POSIX_SIGNALS 1
| #define HAVE_SYS_ERRLIST 1
| #define HAVE_DECL_SYS_SIGLIST 0
| #define HAVE_SOCKLEN_T 1
| #define HAVE_QUAD_T 1
| #define RLIMTYPE rlim_t
| #define HAVE_INTMAX_T 1
| #define HAVE_UINTMAX_T 1
| #define SIZEOF_INTMAX_T 8
| #define TERMIOS_LDISC 1
| /* end confdefs.h.  */
| 
| #include <sys/types.h>
| #include <termio.h>
| 
| 
| int
| main (void)
| {
| static struct termio ac_aggr;
| if (ac_aggr.c_line)
| return 0;
|   ;
|   return 0;
| }
configure:20080: x86_64-unknown-linux-musl-gcc -c -g -O2 -I/home/samson/Projects/clojv3/./store/musl-1.2.6/include conftest.c >&5
conftest.c:382:10: fatal error: termio.h: No such file or directory
  382 | #include <termio.h>
      |          ^~~~~~~~~~
compilation terminated.
configure:20080: $? = 1
configure: failed program was:
| /* confdefs.h */
| #define PACKAGE_NAME "bash"
| #define PACKAGE_TARNAME "bash"
| #define PACKAGE_VERSION "5.3-release"
| #define PACKAGE_STRING "bash 5.3-release"
| #define PACKAGE_BUGREPORT "bug-bash@gnu.org"
| #define PACKAGE_URL ""
| #define ALIAS 1
| #define PUSHD_AND_POPD 1
| #define RESTRICTED_SHELL 1
| #define PROCESS_SUBSTITUTION 1
| #define PROMPT_STRING_DECODE 1
| #define SELECT_COMMAND 1
| #define HELP_BUILTIN 1
| #define ARRAY_VARS 1
| #define DPAREN_ARITHMETIC 1
| #define BRACE_EXPANSION 1
| #define COMMAND_TIMING 1
| #define EXTENDED_GLOB 1
| #define EXTGLOB_DEFAULT 0
| #define COND_COMMAND 1
| #define COND_REGEXP 1
| #define COPROCESS_SUPPORT 1
| #define ARITH_FOR_COMMAND 1
| #define NETWORK_REDIRECTIONS 1
| #define PROGRAMMABLE_COMPLETION 1
| #define DEBUGGER 1
| #define CASEMOD_ATTRS 1
| #define CASEMOD_EXPANSIONS 1
| #define GLOBASCII_DEFAULT 1
| #define FUNCTION_IMPORT 1
| #define TRANSLATABLE_STRINGS 1
| #define BASH_SOURCE_FULLPATH_DEFAULT 0
| #define MEMSCRAMBLE 1
| #define HAVE_STDIO_H 1
| #define HAVE_STDLIB_H 1
| #define HAVE_STRING_H 1
| #define HAVE_INTTYPES_H 1
| #define HAVE_STDINT_H 1
| #define HAVE_STRINGS_H 1
| #define HAVE_SYS_STAT_H 1
| #define HAVE_SYS_TYPES_H 1
| #define HAVE_UNISTD_H 1
| #define HAVE_WCHAR_H 1
| #define HAVE_STDBOOL_H 1
| #define HAVE_SYS_PARAM_H 1
| #define HAVE_THREADS_H 1
| #define HAVE_SYS_TIME_H 1
| #define STDC_HEADERS 1
| #define _ALL_SOURCE 1
| #define _DARWIN_C_SOURCE 1
| #define _GNU_SOURCE 1
| #define _HPUX_ALT_XOPEN_SOCKET_API 1
| #define _NETBSD_SOURCE 1
| #define _OPENBSD_SOURCE 1
| #define _POSIX_PTHREAD_SEMANTICS 1
| #define __STDC_WANT_IEC_60559_ATTRIBS_EXT__ 1
| #define __STDC_WANT_IEC_60559_BFP_EXT__ 1
| #define __STDC_WANT_IEC_60559_DFP_EXT__ 1
| #define __STDC_WANT_IEC_60559_EXT__ 1
| #define __STDC_WANT_IEC_60559_FUNCS_EXT__ 1
| #define __STDC_WANT_IEC_60559_TYPES_EXT__ 1
| #define __STDC_WANT_LIB_EXT2__ 1
| #define __STDC_WANT_MATH_SPEC_FUNCS__ 1
| #define _TANDEM_SOURCE 1
| #define __EXTENSIONS__ 1
| #define READLINE 1
| #define HISTORY 1
| #define BANG_HISTORY 1
| #define HAVE_STRINGIZE 1
| #define HAVE_LONG_DOUBLE 1
| #define restrict __restrict__
| #define HAVE_C_BOOL 1
| #define HAVE_VISIBILITY 1
| #define HAVE_STDINT_H_WITH_UINTMAX 1
| #define HAVE_ALLOCA_H 1
| #define HAVE_ALLOCA 1
| #define HAVE_GETPAGESIZE 1
| #define HAVE_SYMLINK 1
| #define HAVE_USELOCALE 1
| #define HAVE_VPRINTF 1
| #define HAVE_ALARM 1
| #define HAVE_FPURGE 1
| #define HAVE___FPURGE 1
| #define HAVE_SNPRINTF 1
| #define HAVE_VSNPRINTF 1
| #define HAVE_MMAP 1
| #define INTDIV0_RAISES_SIGFPE 1
| #define HAVE_INTTYPES_H_WITH_UINTMAX 1
| #define HAVE_UNSIGNED_LONG_LONG_INT 1
| #define HAVE_UINTMAX_T 1
| #define HAVE_WEAK_SYMBOLS 1
| #define HAVE_PTHREAD_API 1
| #define USE_POSIX_THREADS 1
| #define USE_POSIX_THREADS_WEAK 1
| #define HAVE_PTHREAD_RWLOCK 1
| #define HAVE_PTHREAD_MUTEX_RECURSIVE 1
| #define HAVE_ICONV 1
| #define ICONV_CONST 
| #define HAVE_BUILTIN_EXPECT 1
| #define HAVE_INTTYPES_H 1
| #define HAVE_UNISTD_H 1
| #define HAVE_SYS_PARAM_H 1
| #define HAVE_GETCWD 1
| #define HAVE_GETEGID 1
| #define HAVE_GETEUID 1
| #define HAVE_GETGID 1
| #define HAVE_GETUID 1
| #define HAVE_MEMPCPY 1
| #define HAVE_MUNMAP 1
| #define HAVE_STPCPY 1
| #define HAVE_STRCASECMP 1
| #define HAVE_TSEARCH 1
| #define HAVE___FSETLOCKING 1
| #define HAVE_DECL_FEOF_UNLOCKED 1
| #define HAVE_DECL_FGETS_UNLOCKED 1
| #define HAVE_LOCALECONV 1
| #define HAVE_LONG_LONG_INT 1
| #define HAVE_WCHAR_T 1
| #define HAVE_WINT_T 1
| #define HAVE_INTMAX_T 1
| #define HAVE_POSIX_PRINTF 1
| #define HAVE_STDINT_H 1
| #define HAVE_STDINT_H 1
| #define HAVE_WORKING_O_NOATIME 0
| #define HAVE_WORKING_O_NOFOLLOW 0
| #define HAVE_WORKING_USELOCALE 1
| #define HAVE_GOOD_USELOCALE 1
| #define FLEXIBLE_ARRAY_MEMBER /**/
| #define HAVE_FEATURES_H 1
| #define HAVE_STDDEF_H 1
| #define HAVE_STDLIB_H 1
| #define HAVE_STRING_H 1
| #define HAVE_ASPRINTF 1
| #define HAVE_WPRINTF 1
| #define HAVE_NEWLOCALE 1
| #define HAVE_PUTENV 1
| #define HAVE_SETENV 1
| #define HAVE_SNPRINTF 1
| #define HAVE_STRNLEN 1
| #define HAVE_USELOCALE 1
| #define HAVE_WCSLEN 1
| #define HAVE_WCSNLEN 1
| #define HAVE_MBRTOWC 1
| #define HAVE_WCRTOMB 1
| #define HAVE_DECL__SNPRINTF 0
| #define HAVE_DECL__SNWPRINTF 0
| #define HAVE_DECL_GETC_UNLOCKED 1
| #define HAVE_NL_LANGINFO 1
| #define HAVE_LANGINFO_CODESET 1
| #define HAVE_LC_MESSAGES 1
| #define ENABLE_NLS 1
| #define HAVE_GETTEXT 1
| #define HAVE_DCGETTEXT 1
| #define HAVE_DIRENT_H 1
| #define MAJOR_IN_SYSMACROS 1
| #define HAVE_INTTYPES_H 1
| #define HAVE_UNISTD_H 1
| #define HAVE_STDLIB_H 1
| #define HAVE_LIMITS_H 1
| #define HAVE_STRING_H 1
| #define HAVE_MEMORY_H 1
| #define HAVE_LOCALE_H 1
| #define HAVE_TERMIOS_H 1
| #define HAVE_DLFCN_H 1
| #define HAVE_STDDEF_H 1
| #define HAVE_STDINT_H 1
| #define HAVE_NETDB_H 1
| #define HAVE_PWD_H 1
| #define HAVE_GRP_H 1
| #define HAVE_STRINGS_H 1
| #define HAVE_STDCKDINT_H 1
| #define HAVE_REGEX_H 1
| #define HAVE_SYSLOG_H 1
| #define HAVE_ULIMIT_H 1
| #define HAVE_SYS_SELECT_H 1
| #define HAVE_SYS_FILE_H 1
| #define HAVE_SYS_IOCTL_H 1
| #define HAVE_SYS_MMAN_H 1
| #define HAVE_SYS_PARAM_H 1
| #define HAVE_SYS_RANDOM_H 1
| #define HAVE_SYS_SOCKET_H 1
| #define HAVE_SYS_STAT_H 1
| #define HAVE_SYS_TIME_H 1
| #define HAVE_SYS_TIMES_H 1
| #define HAVE_SYS_TYPES_H 1
| #define HAVE_SYS_WAIT_H 1
| #define HAVE_NETINET_IN_H 1
| #define HAVE_ARPA_INET_H 1
| #define HAVE_SYS_RESOURCE_H 1
| #define HAVE_ALLOCA_H 1
| #define HAVE_ALLOCA 1
| #define HAVE_CHOWN 1
| #define GETPGRP_VOID 1
| #define HAVE_STRCOLL 1
| #define HAVE_WAIT3 1
| #define HAVE_MKFIFO 1
| #define HAVE_DUP2 1
| #define HAVE_EACCESS 1
| #define HAVE_FCNTL 1
| #define HAVE_GETDTABLESIZE 1
| #define HAVE_GETENTROPY 1
| #define HAVE_GETGROUPS 1
| #define HAVE_GETHOSTNAME 1
| #define HAVE_GETPAGESIZE 1
| #define HAVE_GETPEERNAME 1
| #define HAVE_GETRANDOM 1
| #define HAVE_GETRLIMIT 1
| #define HAVE_GETRUSAGE 1
| #define HAVE_GETTIMEOFDAY 1
| #define HAVE_KILL 1
| #define HAVE_KILLPG 1
| #define HAVE_LSTAT 1
| #define HAVE_NANOSLEEP 1
| #define HAVE_PSELECT 1
| #define HAVE_READLINK 1
| #define HAVE_SELECT 1
| #define HAVE_SETITIMER 1
| #define HAVE_STATFS 1
| #define HAVE_TCGETPGRP 1
| #define HAVE_UNAME 1
| #define HAVE_ULIMIT 1
| #define HAVE_WAITPID 1
| #define HAVE_RENAME 1
| #define HAVE_BCOPY 1
| #define HAVE_BZERO 1
| #define HAVE_CLOCK_GETTIME 1
| #define HAVE_CONFSTR 1
| #define HAVE_FACCESSAT 1
| #define HAVE_FNMATCH 1
| #define HAVE_GETADDRINFO 1
| #define HAVE_GETHOSTBYNAME 1
| #define HAVE_GETSERVBYNAME 1
| #define HAVE_GETSERVENT 1
| #define HAVE_INET_ATON 1
| #define HAVE_IMAXDIV 1
| #define HAVE_MEMMOVE 1
| #define HAVE_PATHCONF 1
| #define HAVE_PUTENV 1
| #define HAVE_RAISE 1
| #define HAVE_RANDOM 1
| #define HAVE_REGCOMP 1
| #define HAVE_REGEXEC 1
| #define HAVE_SETENV 1
| #define HAVE_SETLINEBUF 1
| #define HAVE_SETLOCALE 1
| #define HAVE_SETVBUF 1
| #define HAVE_SIGINTERRUPT 1
| #define HAVE_STRCHR 1
| #define HAVE_SYSCONF 1
| #define HAVE_SYSLOG 1
| #define HAVE_TCGETATTR 1
| #define HAVE_TCGETWINSIZE 1
| #define HAVE_TCSETWINSIZE 1
| #define HAVE_TIMES 1
| #define HAVE_TTYNAME 1
| #define HAVE_TZSET 1
| #define HAVE_UNSETENV 1
| #define HAVE_VASPRINTF 1
| #define HAVE_ASPRINTF 1
| #define HAVE_ISASCII 1
| #define HAVE_ISBLANK 1
| #define HAVE_ISGRAPH 1
| #define HAVE_ISPRINT 1
| #define HAVE_ISSPACE 1
| #define HAVE_ISXDIGIT 1
| #define HAVE_GETPWENT 1
| #define HAVE_GETPWNAM 1
| #define HAVE_GETPWUID 1
| #define HAVE_MKSTEMP 1
| #define HAVE_MKDTEMP 1
| #define HAVE_STRLCAT 1
| #define HAVE_MEMFD_CREATE 1
| #define HAVE_SHM_OPEN 1
| #define HAVE_GETCWD 1
| #define HAVE_MEMSET 1
| #define HAVE_STRCASECMP 1
| #define HAVE_STRCASESTR 1
| #define HAVE_STRERROR 1
| #define HAVE_STRFTIME 1
| #define HAVE_STRNLEN 1
| #define HAVE_STRPBRK 1
| #define HAVE_STRSTR 1
| #define HAVE_STRTOD 1
| #define HAVE_STRTOL 1
| #define HAVE_STRTOUL 1
| #define HAVE_STRTOLL 1
| #define HAVE_STRTOULL 1
| #define HAVE_STRTOUMAX 1
| #define HAVE_DPRINTF 1
| #define HAVE_STRDUP 1
| #define HAVE_STRLCPY 1
| #define HAVE_REALLOCARRAY 1
| #define HAVE_DECL_AUDIT_USER_TTY 1
| #define HAVE_DECL_CONFSTR 1
| #define HAVE_DECL_PRINTF 1
| #define HAVE_DECL_BRK 1
| #define HAVE_DECL_SBRK 1
| #define HAVE_DECL_SETREGID 1
| #define HAVE_DECL_STRCPY 1
| #define HAVE_DECL_STRSIGNAL 1
| #define HAVE_SETRESUID 1
| #define HAVE_SETRESGID 1
| #define HAVE_DECL_STRTOLD 1
| #define HAVE_DECL_STRTOL 1
| #define HAVE_DECL_STRTOLL 1
| #define HAVE_DECL_STRTOUL 1
| #define HAVE_DECL_STRTOULL 1
| #define HAVE_DECL_STRTOUMAX 1
| #define HAVE_ERRNO_H 1
| #define HAVE_FCNTL_H 1
| #define HAVE_MALLOC_H 1
| #define HAVE_STDIO_EXT_H 1
| #define HAVE_MALLOC 1
| #define HAVE_MMAP 1
| #define HAVE_DCGETTEXT 1
| #define HAVE_MEMPCPY 1
| #define HAVE_MUNMAP 1
| #define HAVE_MREMAP 1
| #define HAVE_STPCPY 1
| #define HAVE_STRCSPN 1
| #define HAVE_WCTYPE_H 1
| #define HAVE_WCHAR_H 1
| #define HAVE_LANGINFO_H 1
| #define HAVE_MBRLEN 1
| #define HAVE_MBSNRTOWCS 1
| #define HAVE_MBSRTOWCS 1
| #define HAVE_WCRTOMB 1
| #define HAVE_WCSCOLL 1
| #define HAVE_WCSDUP 1
| #define HAVE_WCWIDTH 1
| #define HAVE_WCTYPE 1
| #define HAVE_WCSNRTOMBS 1
| #define HAVE_WCSWIDTH 1
| #define HAVE_MBRTOWC 1
| #define HAVE_MBSTATE_T 1
| #define HAVE_ISWLOWER 1
| #define HAVE_ISWUPPER 1
| #define HAVE_TOWLOWER 1
| #define HAVE_TOWUPPER 1
| #define HAVE_ISWCTYPE 1
| #define HAVE_WCHAR_T 1
| #define HAVE_WCTYPE_T 1
| #define HAVE_WINT_T 1
| #define SIZEOF_WCHAR_T 4
| #define HAVE_LIBDL 1
| #define HAVE_DLOPEN 1
| #define HAVE_DLCLOSE 1
| #define HAVE_DLSYM 1
| #define GETGROUPS_T gid_t
| #define HAVE_INTPTR_T 1
| #define HAVE_UINTPTR_T 1
| #define HAVE_LONG_LONG_INT 1
| #define HAVE_UNSIGNED_LONG_LONG_INT 1
| #define SIZEOF_CHAR 1
| #define SIZEOF_SHORT 2
| #define SIZEOF_INT 4
| #define SIZEOF_LONG 8
| #define SIZEOF_CHAR_P 8
| #define SIZEOF_SIZE_T 8
| #define SIZEOF_DOUBLE 8
| #define SIZEOF_LONG_LONG 8
| #define bits16_t short
| #define u_bits16_t unsigned short
| #define bits32_t int
| #define u_bits32_t unsigned int
| #define bits64_t char *
| #define HAVE_HASH_BANG_EXEC 1
| #define HAVE_POSIX_SIGNALS 1
| #define HAVE_SYS_ERRLIST 1
| #define HAVE_DECL_SYS_SIGLIST 0
| #define HAVE_SOCKLEN_T 1
| #define HAVE_QUAD_T 1
| #define RLIMTYPE rlim_t
| #define HAVE_INTMAX_T 1
| #define HAVE_UINTMAX_T 1
| #define SIZEOF_INTMAX_T 8
| #define TERMIOS_LDISC 1
| /* end confdefs.h.  */
| 
| #include <sys/types.h>
| #include <termio.h>
| 
| 
| int
| main (void)
| {
| static struct termio ac_aggr;
| if (sizeof ac_aggr.c_line)
| return 0;
|   ;
|   return 0;
| }
configure:20080: result: no
configure:20094: checking for struct dirent.d_ino
configure:20094: x86_64-unknown-linux-musl-gcc -c -g -O2 -I/home/samson/Projects/clojv3/./store/musl-1.2.6/include conftest.c >&5
configure:20094: $? = 0
configure:20094: result: yes
configure:20127: checking for struct dirent.d_fileno
configure:20127: x86_64-unknown-linux-musl-gcc -c -g -O2 -I/home/samson/Projects/clojv3/./store/musl-1.2.6/include conftest.c >&5
configure:20127: $? = 0
configure:20127: result: yes
configure:20160: checking for struct dirent.d_namlen
configure:20160: x86_64-unknown-linux-musl-gcc -c -g -O2 -I/home/samson/Projects/clojv3/./store/musl-1.2.6/include conftest.c >&5
conftest.c: In function 'main':
conftest.c:408:13: error: 'struct dirent' has no member named 'd_namlen'; did you mean 'd_name'?
  408 | if (ac_aggr.d_namlen)
      |             ^~~~~~~~
      |             d_name
configure:20160: $? = 1
configure: failed program was:
| /* confdefs.h */
| #define PACKAGE_NAME "bash"
| #define PACKAGE_TARNAME "bash"
| #define PACKAGE_VERSION "5.3-release"
| #define PACKAGE_STRING "bash 5.3-release"
| #define PACKAGE_BUGREPORT "bug-bash@gnu.org"
| #define PACKAGE_URL ""
| #define ALIAS 1
| #define PUSHD_AND_POPD 1
| #define RESTRICTED_SHELL 1
| #define PROCESS_SUBSTITUTION 1
| #define PROMPT_STRING_DECODE 1
| #define SELECT_COMMAND 1
| #define HELP_BUILTIN 1
| #define ARRAY_VARS 1
| #define DPAREN_ARITHMETIC 1
| #define BRACE_EXPANSION 1
| #define COMMAND_TIMING 1
| #define EXTENDED_GLOB 1
| #define EXTGLOB_DEFAULT 0
| #define COND_COMMAND 1
| #define COND_REGEXP 1
| #define COPROCESS_SUPPORT 1
| #define ARITH_FOR_COMMAND 1
| #define NETWORK_REDIRECTIONS 1
| #define PROGRAMMABLE_COMPLETION 1
| #define DEBUGGER 1
| #define CASEMOD_ATTRS 1
| #define CASEMOD_EXPANSIONS 1
| #define GLOBASCII_DEFAULT 1
| #define FUNCTION_IMPORT 1
| #define TRANSLATABLE_STRINGS 1
| #define BASH_SOURCE_FULLPATH_DEFAULT 0
| #define MEMSCRAMBLE 1
| #define HAVE_STDIO_H 1
| #define HAVE_STDLIB_H 1
| #define HAVE_STRING_H 1
| #define HAVE_INTTYPES_H 1
| #define HAVE_STDINT_H 1
| #define HAVE_STRINGS_H 1
| #define HAVE_SYS_STAT_H 1
| #define HAVE_SYS_TYPES_H 1
| #define HAVE_UNISTD_H 1
| #define HAVE_WCHAR_H 1
| #define HAVE_STDBOOL_H 1
| #define HAVE_SYS_PARAM_H 1
| #define HAVE_THREADS_H 1
| #define HAVE_SYS_TIME_H 1
| #define STDC_HEADERS 1
| #define _ALL_SOURCE 1
| #define _DARWIN_C_SOURCE 1
| #define _GNU_SOURCE 1
| #define _HPUX_ALT_XOPEN_SOCKET_API 1
| #define _NETBSD_SOURCE 1
| #define _OPENBSD_SOURCE 1
| #define _POSIX_PTHREAD_SEMANTICS 1
| #define __STDC_WANT_IEC_60559_ATTRIBS_EXT__ 1
| #define __STDC_WANT_IEC_60559_BFP_EXT__ 1
| #define __STDC_WANT_IEC_60559_DFP_EXT__ 1
| #define __STDC_WANT_IEC_60559_EXT__ 1
| #define __STDC_WANT_IEC_60559_FUNCS_EXT__ 1
| #define __STDC_WANT_IEC_60559_TYPES_EXT__ 1
| #define __STDC_WANT_LIB_EXT2__ 1
| #define __STDC_WANT_MATH_SPEC_FUNCS__ 1
| #define _TANDEM_SOURCE 1
| #define __EXTENSIONS__ 1
| #define READLINE 1
| #define HISTORY 1
| #define BANG_HISTORY 1
| #define HAVE_STRINGIZE 1
| #define HAVE_LONG_DOUBLE 1
| #define restrict __restrict__
| #define HAVE_C_BOOL 1
| #define HAVE_VISIBILITY 1
| #define HAVE_STDINT_H_WITH_UINTMAX 1
| #define HAVE_ALLOCA_H 1
| #define HAVE_ALLOCA 1
| #define HAVE_GETPAGESIZE 1
| #define HAVE_SYMLINK 1
| #define HAVE_USELOCALE 1
| #define HAVE_VPRINTF 1
| #define HAVE_ALARM 1
| #define HAVE_FPURGE 1
| #define HAVE___FPURGE 1
| #define HAVE_SNPRINTF 1
| #define HAVE_VSNPRINTF 1
| #define HAVE_MMAP 1
| #define INTDIV0_RAISES_SIGFPE 1
| #define HAVE_INTTYPES_H_WITH_UINTMAX 1
| #define HAVE_UNSIGNED_LONG_LONG_INT 1
| #define HAVE_UINTMAX_T 1
| #define HAVE_WEAK_SYMBOLS 1
| #define HAVE_PTHREAD_API 1
| #define USE_POSIX_THREADS 1
| #define USE_POSIX_THREADS_WEAK 1
| #define HAVE_PTHREAD_RWLOCK 1
| #define HAVE_PTHREAD_MUTEX_RECURSIVE 1
| #define HAVE_ICONV 1
| #define ICONV_CONST 
| #define HAVE_BUILTIN_EXPECT 1
| #define HAVE_INTTYPES_H 1
| #define HAVE_UNISTD_H 1
| #define HAVE_SYS_PARAM_H 1
| #define HAVE_GETCWD 1
| #define HAVE_GETEGID 1
| #define HAVE_GETEUID 1
| #define HAVE_GETGID 1
| #define HAVE_GETUID 1
| #define HAVE_MEMPCPY 1
| #define HAVE_MUNMAP 1
| #define HAVE_STPCPY 1
| #define HAVE_STRCASECMP 1
| #define HAVE_TSEARCH 1
| #define HAVE___FSETLOCKING 1
| #define HAVE_DECL_FEOF_UNLOCKED 1
| #define HAVE_DECL_FGETS_UNLOCKED 1
| #define HAVE_LOCALECONV 1
| #define HAVE_LONG_LONG_INT 1
| #define HAVE_WCHAR_T 1
| #define HAVE_WINT_T 1
| #define HAVE_INTMAX_T 1
| #define HAVE_POSIX_PRINTF 1
| #define HAVE_STDINT_H 1
| #define HAVE_STDINT_H 1
| #define HAVE_WORKING_O_NOATIME 0
| #define HAVE_WORKING_O_NOFOLLOW 0
| #define HAVE_WORKING_USELOCALE 1
| #define HAVE_GOOD_USELOCALE 1
| #define FLEXIBLE_ARRAY_MEMBER /**/
| #define HAVE_FEATURES_H 1
| #define HAVE_STDDEF_H 1
| #define HAVE_STDLIB_H 1
| #define HAVE_STRING_H 1
| #define HAVE_ASPRINTF 1
| #define HAVE_WPRINTF 1
| #define HAVE_NEWLOCALE 1
| #define HAVE_PUTENV 1
| #define HAVE_SETENV 1
| #define HAVE_SNPRINTF 1
| #define HAVE_STRNLEN 1
| #define HAVE_USELOCALE 1
| #define HAVE_WCSLEN 1
| #define HAVE_WCSNLEN 1
| #define HAVE_MBRTOWC 1
| #define HAVE_WCRTOMB 1
| #define HAVE_DECL__SNPRINTF 0
| #define HAVE_DECL__SNWPRINTF 0
| #define HAVE_DECL_GETC_UNLOCKED 1
| #define HAVE_NL_LANGINFO 1
| #define HAVE_LANGINFO_CODESET 1
| #define HAVE_LC_MESSAGES 1
| #define ENABLE_NLS 1
| #define HAVE_GETTEXT 1
| #define HAVE_DCGETTEXT 1
| #define HAVE_DIRENT_H 1
| #define MAJOR_IN_SYSMACROS 1
| #define HAVE_INTTYPES_H 1
| #define HAVE_UNISTD_H 1
| #define HAVE_STDLIB_H 1
| #define HAVE_LIMITS_H 1
| #define HAVE_STRING_H 1
| #define HAVE_MEMORY_H 1
| #define HAVE_LOCALE_H 1
| #define HAVE_TERMIOS_H 1
| #define HAVE_DLFCN_H 1
| #define HAVE_STDDEF_H 1
| #define HAVE_STDINT_H 1
| #define HAVE_NETDB_H 1
| #define HAVE_PWD_H 1
| #define HAVE_GRP_H 1
| #define HAVE_STRINGS_H 1
| #define HAVE_STDCKDINT_H 1
| #define HAVE_REGEX_H 1
| #define HAVE_SYSLOG_H 1
| #define HAVE_ULIMIT_H 1
| #define HAVE_SYS_SELECT_H 1
| #define HAVE_SYS_FILE_H 1
| #define HAVE_SYS_IOCTL_H 1
| #define HAVE_SYS_MMAN_H 1
| #define HAVE_SYS_PARAM_H 1
| #define HAVE_SYS_RANDOM_H 1
| #define HAVE_SYS_SOCKET_H 1
| #define HAVE_SYS_STAT_H 1
| #define HAVE_SYS_TIME_H 1
| #define HAVE_SYS_TIMES_H 1
| #define HAVE_SYS_TYPES_H 1
| #define HAVE_SYS_WAIT_H 1
| #define HAVE_NETINET_IN_H 1
| #define HAVE_ARPA_INET_H 1
| #define HAVE_SYS_RESOURCE_H 1
| #define HAVE_ALLOCA_H 1
| #define HAVE_ALLOCA 1
| #define HAVE_CHOWN 1
| #define GETPGRP_VOID 1
| #define HAVE_STRCOLL 1
| #define HAVE_WAIT3 1
| #define HAVE_MKFIFO 1
| #define HAVE_DUP2 1
| #define HAVE_EACCESS 1
| #define HAVE_FCNTL 1
| #define HAVE_GETDTABLESIZE 1
| #define HAVE_GETENTROPY 1
| #define HAVE_GETGROUPS 1
| #define HAVE_GETHOSTNAME 1
| #define HAVE_GETPAGESIZE 1
| #define HAVE_GETPEERNAME 1
| #define HAVE_GETRANDOM 1
| #define HAVE_GETRLIMIT 1
| #define HAVE_GETRUSAGE 1
| #define HAVE_GETTIMEOFDAY 1
| #define HAVE_KILL 1
| #define HAVE_KILLPG 1
| #define HAVE_LSTAT 1
| #define HAVE_NANOSLEEP 1
| #define HAVE_PSELECT 1
| #define HAVE_READLINK 1
| #define HAVE_SELECT 1
| #define HAVE_SETITIMER 1
| #define HAVE_STATFS 1
| #define HAVE_TCGETPGRP 1
| #define HAVE_UNAME 1
| #define HAVE_ULIMIT 1
| #define HAVE_WAITPID 1
| #define HAVE_RENAME 1
| #define HAVE_BCOPY 1
| #define HAVE_BZERO 1
| #define HAVE_CLOCK_GETTIME 1
| #define HAVE_CONFSTR 1
| #define HAVE_FACCESSAT 1
| #define HAVE_FNMATCH 1
| #define HAVE_GETADDRINFO 1
| #define HAVE_GETHOSTBYNAME 1
| #define HAVE_GETSERVBYNAME 1
| #define HAVE_GETSERVENT 1
| #define HAVE_INET_ATON 1
| #define HAVE_IMAXDIV 1
| #define HAVE_MEMMOVE 1
| #define HAVE_PATHCONF 1
| #define HAVE_PUTENV 1
| #define HAVE_RAISE 1
| #define HAVE_RANDOM 1
| #define HAVE_REGCOMP 1
| #define HAVE_REGEXEC 1
| #define HAVE_SETENV 1
| #define HAVE_SETLINEBUF 1
| #define HAVE_SETLOCALE 1
| #define HAVE_SETVBUF 1
| #define HAVE_SIGINTERRUPT 1
| #define HAVE_STRCHR 1
| #define HAVE_SYSCONF 1
| #define HAVE_SYSLOG 1
| #define HAVE_TCGETATTR 1
| #define HAVE_TCGETWINSIZE 1
| #define HAVE_TCSETWINSIZE 1
| #define HAVE_TIMES 1
| #define HAVE_TTYNAME 1
| #define HAVE_TZSET 1
| #define HAVE_UNSETENV 1
| #define HAVE_VASPRINTF 1
| #define HAVE_ASPRINTF 1
| #define HAVE_ISASCII 1
| #define HAVE_ISBLANK 1
| #define HAVE_ISGRAPH 1
| #define HAVE_ISPRINT 1
| #define HAVE_ISSPACE 1
| #define HAVE_ISXDIGIT 1
| #define HAVE_GETPWENT 1
| #define HAVE_GETPWNAM 1
| #define HAVE_GETPWUID 1
| #define HAVE_MKSTEMP 1
| #define HAVE_MKDTEMP 1
| #define HAVE_STRLCAT 1
| #define HAVE_MEMFD_CREATE 1
| #define HAVE_SHM_OPEN 1
| #define HAVE_GETCWD 1
| #define HAVE_MEMSET 1
| #define HAVE_STRCASECMP 1
| #define HAVE_STRCASESTR 1
| #define HAVE_STRERROR 1
| #define HAVE_STRFTIME 1
| #define HAVE_STRNLEN 1
| #define HAVE_STRPBRK 1
| #define HAVE_STRSTR 1
| #define HAVE_STRTOD 1
| #define HAVE_STRTOL 1
| #define HAVE_STRTOUL 1
| #define HAVE_STRTOLL 1
| #define HAVE_STRTOULL 1
| #define HAVE_STRTOUMAX 1
| #define HAVE_DPRINTF 1
| #define HAVE_STRDUP 1
| #define HAVE_STRLCPY 1
| #define HAVE_REALLOCARRAY 1
| #define HAVE_DECL_AUDIT_USER_TTY 1
| #define HAVE_DECL_CONFSTR 1
| #define HAVE_DECL_PRINTF 1
| #define HAVE_DECL_BRK 1
| #define HAVE_DECL_SBRK 1
| #define HAVE_DECL_SETREGID 1
| #define HAVE_DECL_STRCPY 1
| #define HAVE_DECL_STRSIGNAL 1
| #define HAVE_SETRESUID 1
| #define HAVE_SETRESGID 1
| #define HAVE_DECL_STRTOLD 1
| #define HAVE_DECL_STRTOL 1
| #define HAVE_DECL_STRTOLL 1
| #define HAVE_DECL_STRTOUL 1
| #define HAVE_DECL_STRTOULL 1
| #define HAVE_DECL_STRTOUMAX 1
| #define HAVE_ERRNO_H 1
| #define HAVE_FCNTL_H 1
| #define HAVE_MALLOC_H 1
| #define HAVE_STDIO_EXT_H 1
| #define HAVE_MALLOC 1
| #define HAVE_MMAP 1
| #define HAVE_DCGETTEXT 1
| #define HAVE_MEMPCPY 1
| #define HAVE_MUNMAP 1
| #define HAVE_MREMAP 1
| #define HAVE_STPCPY 1
| #define HAVE_STRCSPN 1
| #define HAVE_WCTYPE_H 1
| #define HAVE_WCHAR_H 1
| #define HAVE_LANGINFO_H 1
| #define HAVE_MBRLEN 1
| #define HAVE_MBSNRTOWCS 1
| #define HAVE_MBSRTOWCS 1
| #define HAVE_WCRTOMB 1
| #define HAVE_WCSCOLL 1
| #define HAVE_WCSDUP 1
| #define HAVE_WCWIDTH 1
| #define HAVE_WCTYPE 1
| #define HAVE_WCSNRTOMBS 1
| #define HAVE_WCSWIDTH 1
| #define HAVE_MBRTOWC 1
| #define HAVE_MBSTATE_T 1
| #define HAVE_ISWLOWER 1
| #define HAVE_ISWUPPER 1
| #define HAVE_TOWLOWER 1
| #define HAVE_TOWUPPER 1
| #define HAVE_ISWCTYPE 1
| #define HAVE_WCHAR_T 1
| #define HAVE_WCTYPE_T 1
| #define HAVE_WINT_T 1
| #define SIZEOF_WCHAR_T 4
| #define HAVE_LIBDL 1
| #define HAVE_DLOPEN 1
| #define HAVE_DLCLOSE 1
| #define HAVE_DLSYM 1
| #define GETGROUPS_T gid_t
| #define HAVE_INTPTR_T 1
| #define HAVE_UINTPTR_T 1
| #define HAVE_LONG_LONG_INT 1
| #define HAVE_UNSIGNED_LONG_LONG_INT 1
| #define SIZEOF_CHAR 1
| #define SIZEOF_SHORT 2
| #define SIZEOF_INT 4
| #define SIZEOF_LONG 8
| #define SIZEOF_CHAR_P 8
| #define SIZEOF_SIZE_T 8
| #define SIZEOF_DOUBLE 8
| #define SIZEOF_LONG_LONG 8
| #define bits16_t short
| #define u_bits16_t unsigned short
| #define bits32_t int
| #define u_bits32_t unsigned int
| #define bits64_t char *
| #define HAVE_HASH_BANG_EXEC 1
| #define HAVE_POSIX_SIGNALS 1
| #define HAVE_SYS_ERRLIST 1
| #define HAVE_DECL_SYS_SIGLIST 0
| #define HAVE_SOCKLEN_T 1
| #define HAVE_QUAD_T 1
| #define RLIMTYPE rlim_t
| #define HAVE_INTMAX_T 1
| #define HAVE_UINTMAX_T 1
| #define SIZEOF_INTMAX_T 8
| #define TERMIOS_LDISC 1
| #define HAVE_STRUCT_DIRENT_D_INO 1
| #define HAVE_STRUCT_DIRENT_D_FILENO 1
| /* end confdefs.h.  */
| 
| #include <stdio.h>
| #include <sys/types.h>
| #ifdef HAVE_UNISTD_H
| # include <unistd.h>
| #endif /* HAVE_UNISTD_H */
| #if defined(HAVE_DIRENT_H)
| # include <dirent.h>
| #else
| # define dirent direct
| # ifdef HAVE_SYS_NDIR_H
| #  include <sys/ndir.h>
| # endif /* SYSNDIR */
| # ifdef HAVE_SYS_DIR_H
| #  include <sys/dir.h>
| # endif /* SYSDIR */
| # ifdef HAVE_NDIR_H
| #  include <ndir.h>
| # endif
| #endif /* HAVE_DIRENT_H */
| 
| 
| int
| main (void)
| {
| static struct dirent ac_aggr;
| if (ac_aggr.d_namlen)
| return 0;
|   ;
|   return 0;
| }
configure:20160: x86_64-unknown-linux-musl-gcc -c -g -O2 -I/home/samson/Projects/clojv3/./store/musl-1.2.6/include conftest.c >&5
conftest.c: In function 'main':
conftest.c:408:20: error: 'struct dirent' has no member named 'd_namlen'; did you mean 'd_name'?
  408 | if (sizeof ac_aggr.d_namlen)
      |                    ^~~~~~~~
      |                    d_name
configure:20160: $? = 1
configure: failed program was:
| /* confdefs.h */
| #define PACKAGE_NAME "bash"
| #define PACKAGE_TARNAME "bash"
| #define PACKAGE_VERSION "5.3-release"
| #define PACKAGE_STRING "bash 5.3-release"
| #define PACKAGE_BUGREPORT "bug-bash@gnu.org"
| #define PACKAGE_URL ""
| #define ALIAS 1
| #define PUSHD_AND_POPD 1
| #define RESTRICTED_SHELL 1
| #define PROCESS_SUBSTITUTION 1
| #define PROMPT_STRING_DECODE 1
| #define SELECT_COMMAND 1
| #define HELP_BUILTIN 1
| #define ARRAY_VARS 1
| #define DPAREN_ARITHMETIC 1
| #define BRACE_EXPANSION 1
| #define COMMAND_TIMING 1
| #define EXTENDED_GLOB 1
| #define EXTGLOB_DEFAULT 0
| #define COND_COMMAND 1
| #define COND_REGEXP 1
| #define COPROCESS_SUPPORT 1
| #define ARITH_FOR_COMMAND 1
| #define NETWORK_REDIRECTIONS 1
| #define PROGRAMMABLE_COMPLETION 1
| #define DEBUGGER 1
| #define CASEMOD_ATTRS 1
| #define CASEMOD_EXPANSIONS 1
| #define GLOBASCII_DEFAULT 1
| #define FUNCTION_IMPORT 1
| #define TRANSLATABLE_STRINGS 1
| #define BASH_SOURCE_FULLPATH_DEFAULT 0
| #define MEMSCRAMBLE 1
| #define HAVE_STDIO_H 1
| #define HAVE_STDLIB_H 1
| #define HAVE_STRING_H 1
| #define HAVE_INTTYPES_H 1
| #define HAVE_STDINT_H 1
| #define HAVE_STRINGS_H 1
| #define HAVE_SYS_STAT_H 1
| #define HAVE_SYS_TYPES_H 1
| #define HAVE_UNISTD_H 1
| #define HAVE_WCHAR_H 1
| #define HAVE_STDBOOL_H 1
| #define HAVE_SYS_PARAM_H 1
| #define HAVE_THREADS_H 1
| #define HAVE_SYS_TIME_H 1
| #define STDC_HEADERS 1
| #define _ALL_SOURCE 1
| #define _DARWIN_C_SOURCE 1
| #define _GNU_SOURCE 1
| #define _HPUX_ALT_XOPEN_SOCKET_API 1
| #define _NETBSD_SOURCE 1
| #define _OPENBSD_SOURCE 1
| #define _POSIX_PTHREAD_SEMANTICS 1
| #define __STDC_WANT_IEC_60559_ATTRIBS_EXT__ 1
| #define __STDC_WANT_IEC_60559_BFP_EXT__ 1
| #define __STDC_WANT_IEC_60559_DFP_EXT__ 1
| #define __STDC_WANT_IEC_60559_EXT__ 1
| #define __STDC_WANT_IEC_60559_FUNCS_EXT__ 1
| #define __STDC_WANT_IEC_60559_TYPES_EXT__ 1
| #define __STDC_WANT_LIB_EXT2__ 1
| #define __STDC_WANT_MATH_SPEC_FUNCS__ 1
| #define _TANDEM_SOURCE 1
| #define __EXTENSIONS__ 1
| #define READLINE 1
| #define HISTORY 1
| #define BANG_HISTORY 1
| #define HAVE_STRINGIZE 1
| #define HAVE_LONG_DOUBLE 1
| #define restrict __restrict__
| #define HAVE_C_BOOL 1
| #define HAVE_VISIBILITY 1
| #define HAVE_STDINT_H_WITH_UINTMAX 1
| #define HAVE_ALLOCA_H 1
| #define HAVE_ALLOCA 1
| #define HAVE_GETPAGESIZE 1
| #define HAVE_SYMLINK 1
| #define HAVE_USELOCALE 1
| #define HAVE_VPRINTF 1
| #define HAVE_ALARM 1
| #define HAVE_FPURGE 1
| #define HAVE___FPURGE 1
| #define HAVE_SNPRINTF 1
| #define HAVE_VSNPRINTF 1
| #define HAVE_MMAP 1
| #define INTDIV0_RAISES_SIGFPE 1
| #define HAVE_INTTYPES_H_WITH_UINTMAX 1
| #define HAVE_UNSIGNED_LONG_LONG_INT 1
| #define HAVE_UINTMAX_T 1
| #define HAVE_WEAK_SYMBOLS 1
| #define HAVE_PTHREAD_API 1
| #define USE_POSIX_THREADS 1
| #define USE_POSIX_THREADS_WEAK 1
| #define HAVE_PTHREAD_RWLOCK 1
| #define HAVE_PTHREAD_MUTEX_RECURSIVE 1
| #define HAVE_ICONV 1
| #define ICONV_CONST 
| #define HAVE_BUILTIN_EXPECT 1
| #define HAVE_INTTYPES_H 1
| #define HAVE_UNISTD_H 1
| #define HAVE_SYS_PARAM_H 1
| #define HAVE_GETCWD 1
| #define HAVE_GETEGID 1
| #define HAVE_GETEUID 1
| #define HAVE_GETGID 1
| #define HAVE_GETUID 1
| #define HAVE_MEMPCPY 1
| #define HAVE_MUNMAP 1
| #define HAVE_STPCPY 1
| #define HAVE_STRCASECMP 1
| #define HAVE_TSEARCH 1
| #define HAVE___FSETLOCKING 1
| #define HAVE_DECL_FEOF_UNLOCKED 1
| #define HAVE_DECL_FGETS_UNLOCKED 1
| #define HAVE_LOCALECONV 1
| #define HAVE_LONG_LONG_INT 1
| #define HAVE_WCHAR_T 1
| #define HAVE_WINT_T 1
| #define HAVE_INTMAX_T 1
| #define HAVE_POSIX_PRINTF 1
| #define HAVE_STDINT_H 1
| #define HAVE_STDINT_H 1
| #define HAVE_WORKING_O_NOATIME 0
| #define HAVE_WORKING_O_NOFOLLOW 0
| #define HAVE_WORKING_USELOCALE 1
| #define HAVE_GOOD_USELOCALE 1
| #define FLEXIBLE_ARRAY_MEMBER /**/
| #define HAVE_FEATURES_H 1
| #define HAVE_STDDEF_H 1
| #define HAVE_STDLIB_H 1
| #define HAVE_STRING_H 1
| #define HAVE_ASPRINTF 1
| #define HAVE_WPRINTF 1
| #define HAVE_NEWLOCALE 1
| #define HAVE_PUTENV 1
| #define HAVE_SETENV 1
| #define HAVE_SNPRINTF 1
| #define HAVE_STRNLEN 1
| #define HAVE_USELOCALE 1
| #define HAVE_WCSLEN 1
| #define HAVE_WCSNLEN 1
| #define HAVE_MBRTOWC 1
| #define HAVE_WCRTOMB 1
| #define HAVE_DECL__SNPRINTF 0
| #define HAVE_DECL__SNWPRINTF 0
| #define HAVE_DECL_GETC_UNLOCKED 1
| #define HAVE_NL_LANGINFO 1
| #define HAVE_LANGINFO_CODESET 1
| #define HAVE_LC_MESSAGES 1
| #define ENABLE_NLS 1
| #define HAVE_GETTEXT 1
| #define HAVE_DCGETTEXT 1
| #define HAVE_DIRENT_H 1
| #define MAJOR_IN_SYSMACROS 1
| #define HAVE_INTTYPES_H 1
| #define HAVE_UNISTD_H 1
| #define HAVE_STDLIB_H 1
| #define HAVE_LIMITS_H 1
| #define HAVE_STRING_H 1
| #define HAVE_MEMORY_H 1
| #define HAVE_LOCALE_H 1
| #define HAVE_TERMIOS_H 1
| #define HAVE_DLFCN_H 1
| #define HAVE_STDDEF_H 1
| #define HAVE_STDINT_H 1
| #define HAVE_NETDB_H 1
| #define HAVE_PWD_H 1
| #define HAVE_GRP_H 1
| #define HAVE_STRINGS_H 1
| #define HAVE_STDCKDINT_H 1
| #define HAVE_REGEX_H 1
| #define HAVE_SYSLOG_H 1
| #define HAVE_ULIMIT_H 1
| #define HAVE_SYS_SELECT_H 1
| #define HAVE_SYS_FILE_H 1
| #define HAVE_SYS_IOCTL_H 1
| #define HAVE_SYS_MMAN_H 1
| #define HAVE_SYS_PARAM_H 1
| #define HAVE_SYS_RANDOM_H 1
| #define HAVE_SYS_SOCKET_H 1
| #define HAVE_SYS_STAT_H 1
| #define HAVE_SYS_TIME_H 1
| #define HAVE_SYS_TIMES_H 1
| #define HAVE_SYS_TYPES_H 1
| #define HAVE_SYS_WAIT_H 1
| #define HAVE_NETINET_IN_H 1
| #define HAVE_ARPA_INET_H 1
| #define HAVE_SYS_RESOURCE_H 1
| #define HAVE_ALLOCA_H 1
| #define HAVE_ALLOCA 1
| #define HAVE_CHOWN 1
| #define GETPGRP_VOID 1
| #define HAVE_STRCOLL 1
| #define HAVE_WAIT3 1
| #define HAVE_MKFIFO 1
| #define HAVE_DUP2 1
| #define HAVE_EACCESS 1
| #define HAVE_FCNTL 1
| #define HAVE_GETDTABLESIZE 1
| #define HAVE_GETENTROPY 1
| #define HAVE_GETGROUPS 1
| #define HAVE_GETHOSTNAME 1
| #define HAVE_GETPAGESIZE 1
| #define HAVE_GETPEERNAME 1
| #define HAVE_GETRANDOM 1
| #define HAVE_GETRLIMIT 1
| #define HAVE_GETRUSAGE 1
| #define HAVE_GETTIMEOFDAY 1
| #define HAVE_KILL 1
| #define HAVE_KILLPG 1
| #define HAVE_LSTAT 1
| #define HAVE_NANOSLEEP 1
| #define HAVE_PSELECT 1
| #define HAVE_READLINK 1
| #define HAVE_SELECT 1
| #define HAVE_SETITIMER 1
| #define HAVE_STATFS 1
| #define HAVE_TCGETPGRP 1
| #define HAVE_UNAME 1
| #define HAVE_ULIMIT 1
| #define HAVE_WAITPID 1
| #define HAVE_RENAME 1
| #define HAVE_BCOPY 1
| #define HAVE_BZERO 1
| #define HAVE_CLOCK_GETTIME 1
| #define HAVE_CONFSTR 1
| #define HAVE_FACCESSAT 1
| #define HAVE_FNMATCH 1
| #define HAVE_GETADDRINFO 1
| #define HAVE_GETHOSTBYNAME 1
| #define HAVE_GETSERVBYNAME 1
| #define HAVE_GETSERVENT 1
| #define HAVE_INET_ATON 1
| #define HAVE_IMAXDIV 1
| #define HAVE_MEMMOVE 1
| #define HAVE_PATHCONF 1
| #define HAVE_PUTENV 1
| #define HAVE_RAISE 1
| #define HAVE_RANDOM 1
| #define HAVE_REGCOMP 1
| #define HAVE_REGEXEC 1
| #define HAVE_SETENV 1
| #define HAVE_SETLINEBUF 1
| #define HAVE_SETLOCALE 1
| #define HAVE_SETVBUF 1
| #define HAVE_SIGINTERRUPT 1
| #define HAVE_STRCHR 1
| #define HAVE_SYSCONF 1
| #define HAVE_SYSLOG 1
| #define HAVE_TCGETATTR 1
| #define HAVE_TCGETWINSIZE 1
| #define HAVE_TCSETWINSIZE 1
| #define HAVE_TIMES 1
| #define HAVE_TTYNAME 1
| #define HAVE_TZSET 1
| #define HAVE_UNSETENV 1
| #define HAVE_VASPRINTF 1
| #define HAVE_ASPRINTF 1
| #define HAVE_ISASCII 1
| #define HAVE_ISBLANK 1
| #define HAVE_ISGRAPH 1
| #define HAVE_ISPRINT 1
| #define HAVE_ISSPACE 1
| #define HAVE_ISXDIGIT 1
| #define HAVE_GETPWENT 1
| #define HAVE_GETPWNAM 1
| #define HAVE_GETPWUID 1
| #define HAVE_MKSTEMP 1
| #define HAVE_MKDTEMP 1
| #define HAVE_STRLCAT 1
| #define HAVE_MEMFD_CREATE 1
| #define HAVE_SHM_OPEN 1
| #define HAVE_GETCWD 1
| #define HAVE_MEMSET 1
| #define HAVE_STRCASECMP 1
| #define HAVE_STRCASESTR 1
| #define HAVE_STRERROR 1
| #define HAVE_STRFTIME 1
| #define HAVE_STRNLEN 1
| #define HAVE_STRPBRK 1
| #define HAVE_STRSTR 1
| #define HAVE_STRTOD 1
| #define HAVE_STRTOL 1
| #define HAVE_STRTOUL 1
| #define HAVE_STRTOLL 1
| #define HAVE_STRTOULL 1
| #define HAVE_STRTOUMAX 1
| #define HAVE_DPRINTF 1
| #define HAVE_STRDUP 1
| #define HAVE_STRLCPY 1
| #define HAVE_REALLOCARRAY 1
| #define HAVE_DECL_AUDIT_USER_TTY 1
| #define HAVE_DECL_CONFSTR 1
| #define HAVE_DECL_PRINTF 1
| #define HAVE_DECL_BRK 1
| #define HAVE_DECL_SBRK 1
| #define HAVE_DECL_SETREGID 1
| #define HAVE_DECL_STRCPY 1
| #define HAVE_DECL_STRSIGNAL 1
| #define HAVE_SETRESUID 1
| #define HAVE_SETRESGID 1
| #define HAVE_DECL_STRTOLD 1
| #define HAVE_DECL_STRTOL 1
| #define HAVE_DECL_STRTOLL 1
| #define HAVE_DECL_STRTOUL 1
| #define HAVE_DECL_STRTOULL 1
| #define HAVE_DECL_STRTOUMAX 1
| #define HAVE_ERRNO_H 1
| #define HAVE_FCNTL_H 1
| #define HAVE_MALLOC_H 1
| #define HAVE_STDIO_EXT_H 1
| #define HAVE_MALLOC 1
| #define HAVE_MMAP 1
| #define HAVE_DCGETTEXT 1
| #define HAVE_MEMPCPY 1
| #define HAVE_MUNMAP 1
| #define HAVE_MREMAP 1
| #define HAVE_STPCPY 1
| #define HAVE_STRCSPN 1
| #define HAVE_WCTYPE_H 1
| #define HAVE_WCHAR_H 1
| #define HAVE_LANGINFO_H 1
| #define HAVE_MBRLEN 1
| #define HAVE_MBSNRTOWCS 1
| #define HAVE_MBSRTOWCS 1
| #define HAVE_WCRTOMB 1
| #define HAVE_WCSCOLL 1
| #define HAVE_WCSDUP 1
| #define HAVE_WCWIDTH 1
| #define HAVE_WCTYPE 1
| #define HAVE_WCSNRTOMBS 1
| #define HAVE_WCSWIDTH 1
| #define HAVE_MBRTOWC 1
| #define HAVE_MBSTATE_T 1
| #define HAVE_ISWLOWER 1
| #define HAVE_ISWUPPER 1
| #define HAVE_TOWLOWER 1
| #define HAVE_TOWUPPER 1
| #define HAVE_ISWCTYPE 1
| #define HAVE_WCHAR_T 1
| #define HAVE_WCTYPE_T 1
| #define HAVE_WINT_T 1
| #define SIZEOF_WCHAR_T 4
| #define HAVE_LIBDL 1
| #define HAVE_DLOPEN 1
| #define HAVE_DLCLOSE 1
| #define HAVE_DLSYM 1
| #define GETGROUPS_T gid_t
| #define HAVE_INTPTR_T 1
| #define HAVE_UINTPTR_T 1
| #define HAVE_LONG_LONG_INT 1
| #define HAVE_UNSIGNED_LONG_LONG_INT 1
| #define SIZEOF_CHAR 1
| #define SIZEOF_SHORT 2
| #define SIZEOF_INT 4
| #define SIZEOF_LONG 8
| #define SIZEOF_CHAR_P 8
| #define SIZEOF_SIZE_T 8
| #define SIZEOF_DOUBLE 8
| #define SIZEOF_LONG_LONG 8
| #define bits16_t short
| #define u_bits16_t unsigned short
| #define bits32_t int
| #define u_bits32_t unsigned int
| #define bits64_t char *
| #define HAVE_HASH_BANG_EXEC 1
| #define HAVE_POSIX_SIGNALS 1
| #define HAVE_SYS_ERRLIST 1
| #define HAVE_DECL_SYS_SIGLIST 0
| #define HAVE_SOCKLEN_T 1
| #define HAVE_QUAD_T 1
| #define RLIMTYPE rlim_t
| #define HAVE_INTMAX_T 1
| #define HAVE_UINTMAX_T 1
| #define SIZEOF_INTMAX_T 8
| #define TERMIOS_LDISC 1
| #define HAVE_STRUCT_DIRENT_D_INO 1
| #define HAVE_STRUCT_DIRENT_D_FILENO 1
| /* end confdefs.h.  */
| 
| #include <stdio.h>
| #include <sys/types.h>
| #ifdef HAVE_UNISTD_H
| # include <unistd.h>
| #endif /* HAVE_UNISTD_H */
| #if defined(HAVE_DIRENT_H)
| # include <dirent.h>
| #else
| # define dirent direct
| # ifdef HAVE_SYS_NDIR_H
| #  include <sys/ndir.h>
| # endif /* SYSNDIR */
| # ifdef HAVE_SYS_DIR_H
| #  include <sys/dir.h>
| # endif /* SYSDIR */
| # ifdef HAVE_NDIR_H
| #  include <ndir.h>
| # endif
| #endif /* HAVE_DIRENT_H */
| 
| 
| int
| main (void)
| {
| static struct dirent ac_aggr;
| if (sizeof ac_aggr.d_namlen)
| return 0;
|   ;
|   return 0;
| }
configure:20160: result: no
configure:20191: checking for d_type member in directory struct
configure:20211: x86_64-unknown-linux-musl-gcc -o conftest -g -O2 -I/home/samson/Projects/clojv3/./store/musl-1.2.6/include -B/home/samson/Projects/clojv3/./store/musl-1.2.6/lib -L/home/samson/Projects/clojv3/./store/musl-1.2.6/lib -Wl,-rpath,/home/samson/Projects/clojv3/./store/musl-1.2.6/lib -Wl,-dynamic-linker,/home/samson/Projects/clojv3/./store/musl-1.2.6/lib/libc.so conftest.c -ldl  >&5
configure:20211: $? = 0
configure:20224: result: yes
configure:20233: checking for struct winsize in sys/ioctl.h and termios.h
configure:20261: x86_64-unknown-linux-musl-gcc -c -g -O2 -I/home/samson/Projects/clojv3/./store/musl-1.2.6/include conftest.c >&5
configure:20261: $? = 0
configure:20295: x86_64-unknown-linux-musl-gcc -c -g -O2 -I/home/samson/Projects/clojv3/./store/musl-1.2.6/include conftest.c >&5
In file included from conftest.c:385:
/home/samson/Projects/clojv3/./store/musl-1.2.6/include/sys/termios.h:1:2: warning: #warning redirecting incorrect #include <sys/termios.h> to <termios.h> [-Wcpp]
    1 | #warning redirecting incorrect #include <sys/termios.h> to <termios.h>
      |  ^~~~~~~
configure:20295: $? = 0
configure:20321: result: sys/ioctl.h
configure:20335: checking for struct timeval in sys/time.h and time.h
configure:20357: x86_64-unknown-linux-musl-gcc -c -g -O2 -I/home/samson/Projects/clojv3/./store/musl-1.2.6/include conftest.c >&5
configure:20357: $? = 0
configure:20369: result: yes
configure:20376: checking for struct stat.st_blocks
configure:20376: x86_64-unknown-linux-musl-gcc -c -g -O2 -I/home/samson/Projects/clojv3/./store/musl-1.2.6/include conftest.c >&5
configure:20376: $? = 0
configure:20376: result: yes
configure:20385: checking whether struct tm is in sys/time.h or time.h
configure:20406: x86_64-unknown-linux-musl-gcc -c -g -O2 -I/home/samson/Projects/clojv3/./store/musl-1.2.6/include conftest.c >&5
configure:20406: $? = 0
configure:20416: result: time.h
configure:20424: checking for struct tm.tm_zone
configure:20424: x86_64-unknown-linux-musl-gcc -c -g -O2 -I/home/samson/Projects/clojv3/./store/musl-1.2.6/include conftest.c >&5
configure:20424: $? = 0
configure:20424: result: yes
configure:20493: checking for struct timezone in sys/time.h and time.h
configure:20533: result: yes
configure:20541: checking for offset of exit status in return status from wait
configure:20590: x86_64-unknown-linux-musl-gcc -o conftest -g -O2 -I/home/samson/Projects/clojv3/./store/musl-1.2.6/include -B/home/samson/Projects/clojv3/./store/musl-1.2.6/lib -L/home/samson/Projects/clojv3/./store/musl-1.2.6/lib -Wl,-rpath,/home/samson/Projects/clojv3/./store/musl-1.2.6/lib -Wl,-dynamic-linker,/home/samson/Projects/clojv3/./store/musl-1.2.6/lib/libc.so conftest.c -ldl  >&5
configure:20590: $? = 0
configure:20590: ./conftest
configure:20590: $? = 8
configure: program exited with status 8
configure: failed program was:
| /* confdefs.h */
| #define PACKAGE_NAME "bash"
| #define PACKAGE_TARNAME "bash"
| #define PACKAGE_VERSION "5.3-release"
| #define PACKAGE_STRING "bash 5.3-release"
| #define PACKAGE_BUGREPORT "bug-bash@gnu.org"
| #define PACKAGE_URL ""
| #define ALIAS 1
| #define PUSHD_AND_POPD 1
| #define RESTRICTED_SHELL 1
| #define PROCESS_SUBSTITUTION 1
| #define PROMPT_STRING_DECODE 1
| #define SELECT_COMMAND 1
| #define HELP_BUILTIN 1
| #define ARRAY_VARS 1
| #define DPAREN_ARITHMETIC 1
| #define BRACE_EXPANSION 1
| #define COMMAND_TIMING 1
| #define EXTENDED_GLOB 1
| #define EXTGLOB_DEFAULT 0
| #define COND_COMMAND 1
| #define COND_REGEXP 1
| #define COPROCESS_SUPPORT 1
| #define ARITH_FOR_COMMAND 1
| #define NETWORK_REDIRECTIONS 1
| #define PROGRAMMABLE_COMPLETION 1
| #define DEBUGGER 1
| #define CASEMOD_ATTRS 1
| #define CASEMOD_EXPANSIONS 1
| #define GLOBASCII_DEFAULT 1
| #define FUNCTION_IMPORT 1
| #define TRANSLATABLE_STRINGS 1
| #define BASH_SOURCE_FULLPATH_DEFAULT 0
| #define MEMSCRAMBLE 1
| #define HAVE_STDIO_H 1
| #define HAVE_STDLIB_H 1
| #define HAVE_STRING_H 1
| #define HAVE_INTTYPES_H 1
| #define HAVE_STDINT_H 1
| #define HAVE_STRINGS_H 1
| #define HAVE_SYS_STAT_H 1
| #define HAVE_SYS_TYPES_H 1
| #define HAVE_UNISTD_H 1
| #define HAVE_WCHAR_H 1
| #define HAVE_STDBOOL_H 1
| #define HAVE_SYS_PARAM_H 1
| #define HAVE_THREADS_H 1
| #define HAVE_SYS_TIME_H 1
| #define STDC_HEADERS 1
| #define _ALL_SOURCE 1
| #define _DARWIN_C_SOURCE 1
| #define _GNU_SOURCE 1
| #define _HPUX_ALT_XOPEN_SOCKET_API 1
| #define _NETBSD_SOURCE 1
| #define _OPENBSD_SOURCE 1
| #define _POSIX_PTHREAD_SEMANTICS 1
| #define __STDC_WANT_IEC_60559_ATTRIBS_EXT__ 1
| #define __STDC_WANT_IEC_60559_BFP_EXT__ 1
| #define __STDC_WANT_IEC_60559_DFP_EXT__ 1
| #define __STDC_WANT_IEC_60559_EXT__ 1
| #define __STDC_WANT_IEC_60559_FUNCS_EXT__ 1
| #define __STDC_WANT_IEC_60559_TYPES_EXT__ 1
| #define __STDC_WANT_LIB_EXT2__ 1
| #define __STDC_WANT_MATH_SPEC_FUNCS__ 1
| #define _TANDEM_SOURCE 1
| #define __EXTENSIONS__ 1
| #define READLINE 1
| #define HISTORY 1
| #define BANG_HISTORY 1
| #define HAVE_STRINGIZE 1
| #define HAVE_LONG_DOUBLE 1
| #define restrict __restrict__
| #define HAVE_C_BOOL 1
| #define HAVE_VISIBILITY 1
| #define HAVE_STDINT_H_WITH_UINTMAX 1
| #define HAVE_ALLOCA_H 1
| #define HAVE_ALLOCA 1
| #define HAVE_GETPAGESIZE 1
| #define HAVE_SYMLINK 1
| #define HAVE_USELOCALE 1
| #define HAVE_VPRINTF 1
| #define HAVE_ALARM 1
| #define HAVE_FPURGE 1
| #define HAVE___FPURGE 1
| #define HAVE_SNPRINTF 1
| #define HAVE_VSNPRINTF 1
| #define HAVE_MMAP 1
| #define INTDIV0_RAISES_SIGFPE 1
| #define HAVE_INTTYPES_H_WITH_UINTMAX 1
| #define HAVE_UNSIGNED_LONG_LONG_INT 1
| #define HAVE_UINTMAX_T 1
| #define HAVE_WEAK_SYMBOLS 1
| #define HAVE_PTHREAD_API 1
| #define USE_POSIX_THREADS 1
| #define USE_POSIX_THREADS_WEAK 1
| #define HAVE_PTHREAD_RWLOCK 1
| #define HAVE_PTHREAD_MUTEX_RECURSIVE 1
| #define HAVE_ICONV 1
| #define ICONV_CONST 
| #define HAVE_BUILTIN_EXPECT 1
| #define HAVE_INTTYPES_H 1
| #define HAVE_UNISTD_H 1
| #define HAVE_SYS_PARAM_H 1
| #define HAVE_GETCWD 1
| #define HAVE_GETEGID 1
| #define HAVE_GETEUID 1
| #define HAVE_GETGID 1
| #define HAVE_GETUID 1
| #define HAVE_MEMPCPY 1
| #define HAVE_MUNMAP 1
| #define HAVE_STPCPY 1
| #define HAVE_STRCASECMP 1
| #define HAVE_TSEARCH 1
| #define HAVE___FSETLOCKING 1
| #define HAVE_DECL_FEOF_UNLOCKED 1
| #define HAVE_DECL_FGETS_UNLOCKED 1
| #define HAVE_LOCALECONV 1
| #define HAVE_LONG_LONG_INT 1
| #define HAVE_WCHAR_T 1
| #define HAVE_WINT_T 1
| #define HAVE_INTMAX_T 1
| #define HAVE_POSIX_PRINTF 1
| #define HAVE_STDINT_H 1
| #define HAVE_STDINT_H 1
| #define HAVE_WORKING_O_NOATIME 0
| #define HAVE_WORKING_O_NOFOLLOW 0
| #define HAVE_WORKING_USELOCALE 1
| #define HAVE_GOOD_USELOCALE 1
| #define FLEXIBLE_ARRAY_MEMBER /**/
| #define HAVE_FEATURES_H 1
| #define HAVE_STDDEF_H 1
| #define HAVE_STDLIB_H 1
| #define HAVE_STRING_H 1
| #define HAVE_ASPRINTF 1
| #define HAVE_WPRINTF 1
| #define HAVE_NEWLOCALE 1
| #define HAVE_PUTENV 1
| #define HAVE_SETENV 1
| #define HAVE_SNPRINTF 1
| #define HAVE_STRNLEN 1
| #define HAVE_USELOCALE 1
| #define HAVE_WCSLEN 1
| #define HAVE_WCSNLEN 1
| #define HAVE_MBRTOWC 1
| #define HAVE_WCRTOMB 1
| #define HAVE_DECL__SNPRINTF 0
| #define HAVE_DECL__SNWPRINTF 0
| #define HAVE_DECL_GETC_UNLOCKED 1
| #define HAVE_NL_LANGINFO 1
| #define HAVE_LANGINFO_CODESET 1
| #define HAVE_LC_MESSAGES 1
| #define ENABLE_NLS 1
| #define HAVE_GETTEXT 1
| #define HAVE_DCGETTEXT 1
| #define HAVE_DIRENT_H 1
| #define MAJOR_IN_SYSMACROS 1
| #define HAVE_INTTYPES_H 1
| #define HAVE_UNISTD_H 1
| #define HAVE_STDLIB_H 1
| #define HAVE_LIMITS_H 1
| #define HAVE_STRING_H 1
| #define HAVE_MEMORY_H 1
| #define HAVE_LOCALE_H 1
| #define HAVE_TERMIOS_H 1
| #define HAVE_DLFCN_H 1
| #define HAVE_STDDEF_H 1
| #define HAVE_STDINT_H 1
| #define HAVE_NETDB_H 1
| #define HAVE_PWD_H 1
| #define HAVE_GRP_H 1
| #define HAVE_STRINGS_H 1
| #define HAVE_STDCKDINT_H 1
| #define HAVE_REGEX_H 1
| #define HAVE_SYSLOG_H 1
| #define HAVE_ULIMIT_H 1
| #define HAVE_SYS_SELECT_H 1
| #define HAVE_SYS_FILE_H 1
| #define HAVE_SYS_IOCTL_H 1
| #define HAVE_SYS_MMAN_H 1
| #define HAVE_SYS_PARAM_H 1
| #define HAVE_SYS_RANDOM_H 1
| #define HAVE_SYS_SOCKET_H 1
| #define HAVE_SYS_STAT_H 1
| #define HAVE_SYS_TIME_H 1
| #define HAVE_SYS_TIMES_H 1
| #define HAVE_SYS_TYPES_H 1
| #define HAVE_SYS_WAIT_H 1
| #define HAVE_NETINET_IN_H 1
| #define HAVE_ARPA_INET_H 1
| #define HAVE_SYS_RESOURCE_H 1
| #define HAVE_ALLOCA_H 1
| #define HAVE_ALLOCA 1
| #define HAVE_CHOWN 1
| #define GETPGRP_VOID 1
| #define HAVE_STRCOLL 1
| #define HAVE_WAIT3 1
| #define HAVE_MKFIFO 1
| #define HAVE_DUP2 1
| #define HAVE_EACCESS 1
| #define HAVE_FCNTL 1
| #define HAVE_GETDTABLESIZE 1
| #define HAVE_GETENTROPY 1
| #define HAVE_GETGROUPS 1
| #define HAVE_GETHOSTNAME 1
| #define HAVE_GETPAGESIZE 1
| #define HAVE_GETPEERNAME 1
| #define HAVE_GETRANDOM 1
| #define HAVE_GETRLIMIT 1
| #define HAVE_GETRUSAGE 1
| #define HAVE_GETTIMEOFDAY 1
| #define HAVE_KILL 1
| #define HAVE_KILLPG 1
| #define HAVE_LSTAT 1
| #define HAVE_NANOSLEEP 1
| #define HAVE_PSELECT 1
| #define HAVE_READLINK 1
| #define HAVE_SELECT 1
| #define HAVE_SETITIMER 1
| #define HAVE_STATFS 1
| #define HAVE_TCGETPGRP 1
| #define HAVE_UNAME 1
| #define HAVE_ULIMIT 1
| #define HAVE_WAITPID 1
| #define HAVE_RENAME 1
| #define HAVE_BCOPY 1
| #define HAVE_BZERO 1
| #define HAVE_CLOCK_GETTIME 1
| #define HAVE_CONFSTR 1
| #define HAVE_FACCESSAT 1
| #define HAVE_FNMATCH 1
| #define HAVE_GETADDRINFO 1
| #define HAVE_GETHOSTBYNAME 1
| #define HAVE_GETSERVBYNAME 1
| #define HAVE_GETSERVENT 1
| #define HAVE_INET_ATON 1
| #define HAVE_IMAXDIV 1
| #define HAVE_MEMMOVE 1
| #define HAVE_PATHCONF 1
| #define HAVE_PUTENV 1
| #define HAVE_RAISE 1
| #define HAVE_RANDOM 1
| #define HAVE_REGCOMP 1
| #define HAVE_REGEXEC 1
| #define HAVE_SETENV 1
| #define HAVE_SETLINEBUF 1
| #define HAVE_SETLOCALE 1
| #define HAVE_SETVBUF 1
| #define HAVE_SIGINTERRUPT 1
| #define HAVE_STRCHR 1
| #define HAVE_SYSCONF 1
| #define HAVE_SYSLOG 1
| #define HAVE_TCGETATTR 1
| #define HAVE_TCGETWINSIZE 1
| #define HAVE_TCSETWINSIZE 1
| #define HAVE_TIMES 1
| #define HAVE_TTYNAME 1
| #define HAVE_TZSET 1
| #define HAVE_UNSETENV 1
| #define HAVE_VASPRINTF 1
| #define HAVE_ASPRINTF 1
| #define HAVE_ISASCII 1
| #define HAVE_ISBLANK 1
| #define HAVE_ISGRAPH 1
| #define HAVE_ISPRINT 1
| #define HAVE_ISSPACE 1
| #define HAVE_ISXDIGIT 1
| #define HAVE_GETPWENT 1
| #define HAVE_GETPWNAM 1
| #define HAVE_GETPWUID 1
| #define HAVE_MKSTEMP 1
| #define HAVE_MKDTEMP 1
| #define HAVE_STRLCAT 1
| #define HAVE_MEMFD_CREATE 1
| #define HAVE_SHM_OPEN 1
| #define HAVE_GETCWD 1
| #define HAVE_MEMSET 1
| #define HAVE_STRCASECMP 1
| #define HAVE_STRCASESTR 1
| #define HAVE_STRERROR 1
| #define HAVE_STRFTIME 1
| #define HAVE_STRNLEN 1
| #define HAVE_STRPBRK 1
| #define HAVE_STRSTR 1
| #define HAVE_STRTOD 1
| #define HAVE_STRTOL 1
| #define HAVE_STRTOUL 1
| #define HAVE_STRTOLL 1
| #define HAVE_STRTOULL 1
| #define HAVE_STRTOUMAX 1
| #define HAVE_DPRINTF 1
| #define HAVE_STRDUP 1
| #define HAVE_STRLCPY 1
| #define HAVE_REALLOCARRAY 1
| #define HAVE_DECL_AUDIT_USER_TTY 1
| #define HAVE_DECL_CONFSTR 1
| #define HAVE_DECL_PRINTF 1
| #define HAVE_DECL_BRK 1
| #define HAVE_DECL_SBRK 1
| #define HAVE_DECL_SETREGID 1
| #define HAVE_DECL_STRCPY 1
| #define HAVE_DECL_STRSIGNAL 1
| #define HAVE_SETRESUID 1
| #define HAVE_SETRESGID 1
| #define HAVE_DECL_STRTOLD 1
| #define HAVE_DECL_STRTOL 1
| #define HAVE_DECL_STRTOLL 1
| #define HAVE_DECL_STRTOUL 1
| #define HAVE_DECL_STRTOULL 1
| #define HAVE_DECL_STRTOUMAX 1
| #define HAVE_ERRNO_H 1
| #define HAVE_FCNTL_H 1
| #define HAVE_MALLOC_H 1
| #define HAVE_STDIO_EXT_H 1
| #define HAVE_MALLOC 1
| #define HAVE_MMAP 1
| #define HAVE_DCGETTEXT 1
| #define HAVE_MEMPCPY 1
| #define HAVE_MUNMAP 1
| #define HAVE_MREMAP 1
| #define HAVE_STPCPY 1
| #define HAVE_STRCSPN 1
| #define HAVE_WCTYPE_H 1
| #define HAVE_WCHAR_H 1
| #define HAVE_LANGINFO_H 1
| #define HAVE_MBRLEN 1
| #define HAVE_MBSNRTOWCS 1
| #define HAVE_MBSRTOWCS 1
| #define HAVE_WCRTOMB 1
| #define HAVE_WCSCOLL 1
| #define HAVE_WCSDUP 1
| #define HAVE_WCWIDTH 1
| #define HAVE_WCTYPE 1
| #define HAVE_WCSNRTOMBS 1
| #define HAVE_WCSWIDTH 1
| #define HAVE_MBRTOWC 1
| #define HAVE_MBSTATE_T 1
| #define HAVE_ISWLOWER 1
| #define HAVE_ISWUPPER 1
| #define HAVE_TOWLOWER 1
| #define HAVE_TOWUPPER 1
| #define HAVE_ISWCTYPE 1
| #define HAVE_WCHAR_T 1
| #define HAVE_WCTYPE_T 1
| #define HAVE_WINT_T 1
| #define SIZEOF_WCHAR_T 4
| #define HAVE_LIBDL 1
| #define HAVE_DLOPEN 1
| #define HAVE_DLCLOSE 1
| #define HAVE_DLSYM 1
| #define GETGROUPS_T gid_t
| #define HAVE_INTPTR_T 1
| #define HAVE_UINTPTR_T 1
| #define HAVE_LONG_LONG_INT 1
| #define HAVE_UNSIGNED_LONG_LONG_INT 1
| #define SIZEOF_CHAR 1
| #define SIZEOF_SHORT 2
| #define SIZEOF_INT 4
| #define SIZEOF_LONG 8
| #define SIZEOF_CHAR_P 8
| #define SIZEOF_SIZE_T 8
| #define SIZEOF_DOUBLE 8
| #define SIZEOF_LONG_LONG 8
| #define bits16_t short
| #define u_bits16_t unsigned short
| #define bits32_t int
| #define u_bits32_t unsigned int
| #define bits64_t char *
| #define HAVE_HASH_BANG_EXEC 1
| #define HAVE_POSIX_SIGNALS 1
| #define HAVE_SYS_ERRLIST 1
| #define HAVE_DECL_SYS_SIGLIST 0
| #define HAVE_SOCKLEN_T 1
| #define HAVE_QUAD_T 1
| #define RLIMTYPE rlim_t
| #define HAVE_INTMAX_T 1
| #define HAVE_UINTMAX_T 1
| #define SIZEOF_INTMAX_T 8
| #define TERMIOS_LDISC 1
| #define HAVE_STRUCT_DIRENT_D_INO 1
| #define HAVE_STRUCT_DIRENT_D_FILENO 1
| #define HAVE_STRUCT_DIRENT_D_TYPE 1
| #define STRUCT_WINSIZE_IN_SYS_IOCTL 1
| #define HAVE_TIMEVAL 1
| #define HAVE_STRUCT_STAT_ST_BLOCKS 1
| #define HAVE_STRUCT_TM_TM_ZONE 1
| #define HAVE_TM_ZONE 1
| #define HAVE_STRUCT_TIMEZONE 1
| /* end confdefs.h.  */
| 
| #include <stdlib.h>
| #include <unistd.h>
| 
| #include <sys/wait.h>
| 
| int
| main(int c, char **v)
| {
|   pid_t pid, p;
|   int s, i, n;
| 
|   s = 0;
|   pid = fork();
|   if (pid == 0)
|     exit (42);
| 
|   /* wait for the process */
|   p = wait(&s);
|   if (p != pid)
|     exit (255);
| 
|   /* crack s */
|   for (i = 0; i < (sizeof(s) * 8); i++)
|     {
|       n = (s >> i) & 0xff;
|       if (n == 42)
| 	exit (i);
|     }
| 
|   exit (254);
| }
| 
configure:20610: result: 8
configure:20619: checking for struct timespec in <time.h>
configure:20637: x86_64-unknown-linux-musl-gcc -c -g -O2 -I/home/samson/Projects/clojv3/./store/musl-1.2.6/include conftest.c >&5
configure:20637: $? = 0
configure:20647: result: yes
configure:20746: checking for struct stat.st_atim.tv_nsec
configure:20746: x86_64-unknown-linux-musl-gcc -c -g -O2 -I/home/samson/Projects/clojv3/./store/musl-1.2.6/include conftest.c >&5
configure:20746: $? = 0
configure:20746: result: yes
configure:20754: checking whether struct stat.st_atim is of type struct timespec
configure:20782: x86_64-unknown-linux-musl-gcc -c -g -O2 -I/home/samson/Projects/clojv3/./store/musl-1.2.6/include conftest.c >&5
configure:20782: $? = 0
configure:20792: result: yes
configure:20843: checking for sbrk
configure:20860: x86_64-unknown-linux-musl-gcc -o conftest -g -O2 -I/home/samson/Projects/clojv3/./store/musl-1.2.6/include -B/home/samson/Projects/clojv3/./store/musl-1.2.6/lib -L/home/samson/Projects/clojv3/./store/musl-1.2.6/lib -Wl,-rpath,/home/samson/Projects/clojv3/./store/musl-1.2.6/lib -Wl,-dynamic-linker,/home/samson/Projects/clojv3/./store/musl-1.2.6/lib/libc.so conftest.c -ldl  >&5
configure:20860: $? = 0
configure:20872: result: yes
configure:20875: checking for working sbrk
configure:20904: x86_64-unknown-linux-musl-gcc -o conftest -g -O2 -I/home/samson/Projects/clojv3/./store/musl-1.2.6/include -B/home/samson/Projects/clojv3/./store/musl-1.2.6/lib -L/home/samson/Projects/clojv3/./store/musl-1.2.6/lib -Wl,-rpath,/home/samson/Projects/clojv3/./store/musl-1.2.6/lib -Wl,-dynamic-linker,/home/samson/Projects/clojv3/./store/musl-1.2.6/lib/libc.so conftest.c -ldl  >&5
configure:20904: $? = 0
configure:20904: ./conftest
configure:20904: $? = 1
configure: program exited with status 1
configure: failed program was:
| /* confdefs.h */
| #define PACKAGE_NAME "bash"
| #define PACKAGE_TARNAME "bash"
| #define PACKAGE_VERSION "5.3-release"
| #define PACKAGE_STRING "bash 5.3-release"
| #define PACKAGE_BUGREPORT "bug-bash@gnu.org"
| #define PACKAGE_URL ""
| #define ALIAS 1
| #define PUSHD_AND_POPD 1
| #define RESTRICTED_SHELL 1
| #define PROCESS_SUBSTITUTION 1
| #define PROMPT_STRING_DECODE 1
| #define SELECT_COMMAND 1
| #define HELP_BUILTIN 1
| #define ARRAY_VARS 1
| #define DPAREN_ARITHMETIC 1
| #define BRACE_EXPANSION 1
| #define COMMAND_TIMING 1
| #define EXTENDED_GLOB 1
| #define EXTGLOB_DEFAULT 0
| #define COND_COMMAND 1
| #define COND_REGEXP 1
| #define COPROCESS_SUPPORT 1
| #define ARITH_FOR_COMMAND 1
| #define NETWORK_REDIRECTIONS 1
| #define PROGRAMMABLE_COMPLETION 1
| #define DEBUGGER 1
| #define CASEMOD_ATTRS 1
| #define CASEMOD_EXPANSIONS 1
| #define GLOBASCII_DEFAULT 1
| #define FUNCTION_IMPORT 1
| #define TRANSLATABLE_STRINGS 1
| #define BASH_SOURCE_FULLPATH_DEFAULT 0
| #define MEMSCRAMBLE 1
| #define HAVE_STDIO_H 1
| #define HAVE_STDLIB_H 1
| #define HAVE_STRING_H 1
| #define HAVE_INTTYPES_H 1
| #define HAVE_STDINT_H 1
| #define HAVE_STRINGS_H 1
| #define HAVE_SYS_STAT_H 1
| #define HAVE_SYS_TYPES_H 1
| #define HAVE_UNISTD_H 1
| #define HAVE_WCHAR_H 1
| #define HAVE_STDBOOL_H 1
| #define HAVE_SYS_PARAM_H 1
| #define HAVE_THREADS_H 1
| #define HAVE_SYS_TIME_H 1
| #define STDC_HEADERS 1
| #define _ALL_SOURCE 1
| #define _DARWIN_C_SOURCE 1
| #define _GNU_SOURCE 1
| #define _HPUX_ALT_XOPEN_SOCKET_API 1
| #define _NETBSD_SOURCE 1
| #define _OPENBSD_SOURCE 1
| #define _POSIX_PTHREAD_SEMANTICS 1
| #define __STDC_WANT_IEC_60559_ATTRIBS_EXT__ 1
| #define __STDC_WANT_IEC_60559_BFP_EXT__ 1
| #define __STDC_WANT_IEC_60559_DFP_EXT__ 1
| #define __STDC_WANT_IEC_60559_EXT__ 1
| #define __STDC_WANT_IEC_60559_FUNCS_EXT__ 1
| #define __STDC_WANT_IEC_60559_TYPES_EXT__ 1
| #define __STDC_WANT_LIB_EXT2__ 1
| #define __STDC_WANT_MATH_SPEC_FUNCS__ 1
| #define _TANDEM_SOURCE 1
| #define __EXTENSIONS__ 1
| #define READLINE 1
| #define HISTORY 1
| #define BANG_HISTORY 1
| #define HAVE_STRINGIZE 1
| #define HAVE_LONG_DOUBLE 1
| #define restrict __restrict__
| #define HAVE_C_BOOL 1
| #define HAVE_VISIBILITY 1
| #define HAVE_STDINT_H_WITH_UINTMAX 1
| #define HAVE_ALLOCA_H 1
| #define HAVE_ALLOCA 1
| #define HAVE_GETPAGESIZE 1
| #define HAVE_SYMLINK 1
| #define HAVE_USELOCALE 1
| #define HAVE_VPRINTF 1
| #define HAVE_ALARM 1
| #define HAVE_FPURGE 1
| #define HAVE___FPURGE 1
| #define HAVE_SNPRINTF 1
| #define HAVE_VSNPRINTF 1
| #define HAVE_MMAP 1
| #define INTDIV0_RAISES_SIGFPE 1
| #define HAVE_INTTYPES_H_WITH_UINTMAX 1
| #define HAVE_UNSIGNED_LONG_LONG_INT 1
| #define HAVE_UINTMAX_T 1
| #define HAVE_WEAK_SYMBOLS 1
| #define HAVE_PTHREAD_API 1
| #define USE_POSIX_THREADS 1
| #define USE_POSIX_THREADS_WEAK 1
| #define HAVE_PTHREAD_RWLOCK 1
| #define HAVE_PTHREAD_MUTEX_RECURSIVE 1
| #define HAVE_ICONV 1
| #define ICONV_CONST 
| #define HAVE_BUILTIN_EXPECT 1
| #define HAVE_INTTYPES_H 1
| #define HAVE_UNISTD_H 1
| #define HAVE_SYS_PARAM_H 1
| #define HAVE_GETCWD 1
| #define HAVE_GETEGID 1
| #define HAVE_GETEUID 1
| #define HAVE_GETGID 1
| #define HAVE_GETUID 1
| #define HAVE_MEMPCPY 1
| #define HAVE_MUNMAP 1
| #define HAVE_STPCPY 1
| #define HAVE_STRCASECMP 1
| #define HAVE_TSEARCH 1
| #define HAVE___FSETLOCKING 1
| #define HAVE_DECL_FEOF_UNLOCKED 1
| #define HAVE_DECL_FGETS_UNLOCKED 1
| #define HAVE_LOCALECONV 1
| #define HAVE_LONG_LONG_INT 1
| #define HAVE_WCHAR_T 1
| #define HAVE_WINT_T 1
| #define HAVE_INTMAX_T 1
| #define HAVE_POSIX_PRINTF 1
| #define HAVE_STDINT_H 1
| #define HAVE_STDINT_H 1
| #define HAVE_WORKING_O_NOATIME 0
| #define HAVE_WORKING_O_NOFOLLOW 0
| #define HAVE_WORKING_USELOCALE 1
| #define HAVE_GOOD_USELOCALE 1
| #define FLEXIBLE_ARRAY_MEMBER /**/
| #define HAVE_FEATURES_H 1
| #define HAVE_STDDEF_H 1
| #define HAVE_STDLIB_H 1
| #define HAVE_STRING_H 1
| #define HAVE_ASPRINTF 1
| #define HAVE_WPRINTF 1
| #define HAVE_NEWLOCALE 1
| #define HAVE_PUTENV 1
| #define HAVE_SETENV 1
| #define HAVE_SNPRINTF 1
| #define HAVE_STRNLEN 1
| #define HAVE_USELOCALE 1
| #define HAVE_WCSLEN 1
| #define HAVE_WCSNLEN 1
| #define HAVE_MBRTOWC 1
| #define HAVE_WCRTOMB 1
| #define HAVE_DECL__SNPRINTF 0
| #define HAVE_DECL__SNWPRINTF 0
| #define HAVE_DECL_GETC_UNLOCKED 1
| #define HAVE_NL_LANGINFO 1
| #define HAVE_LANGINFO_CODESET 1
| #define HAVE_LC_MESSAGES 1
| #define ENABLE_NLS 1
| #define HAVE_GETTEXT 1
| #define HAVE_DCGETTEXT 1
| #define HAVE_DIRENT_H 1
| #define MAJOR_IN_SYSMACROS 1
| #define HAVE_INTTYPES_H 1
| #define HAVE_UNISTD_H 1
| #define HAVE_STDLIB_H 1
| #define HAVE_LIMITS_H 1
| #define HAVE_STRING_H 1
| #define HAVE_MEMORY_H 1
| #define HAVE_LOCALE_H 1
| #define HAVE_TERMIOS_H 1
| #define HAVE_DLFCN_H 1
| #define HAVE_STDDEF_H 1
| #define HAVE_STDINT_H 1
| #define HAVE_NETDB_H 1
| #define HAVE_PWD_H 1
| #define HAVE_GRP_H 1
| #define HAVE_STRINGS_H 1
| #define HAVE_STDCKDINT_H 1
| #define HAVE_REGEX_H 1
| #define HAVE_SYSLOG_H 1
| #define HAVE_ULIMIT_H 1
| #define HAVE_SYS_SELECT_H 1
| #define HAVE_SYS_FILE_H 1
| #define HAVE_SYS_IOCTL_H 1
| #define HAVE_SYS_MMAN_H 1
| #define HAVE_SYS_PARAM_H 1
| #define HAVE_SYS_RANDOM_H 1
| #define HAVE_SYS_SOCKET_H 1
| #define HAVE_SYS_STAT_H 1
| #define HAVE_SYS_TIME_H 1
| #define HAVE_SYS_TIMES_H 1
| #define HAVE_SYS_TYPES_H 1
| #define HAVE_SYS_WAIT_H 1
| #define HAVE_NETINET_IN_H 1
| #define HAVE_ARPA_INET_H 1
| #define HAVE_SYS_RESOURCE_H 1
| #define HAVE_ALLOCA_H 1
| #define HAVE_ALLOCA 1
| #define HAVE_CHOWN 1
| #define GETPGRP_VOID 1
| #define HAVE_STRCOLL 1
| #define HAVE_WAIT3 1
| #define HAVE_MKFIFO 1
| #define HAVE_DUP2 1
| #define HAVE_EACCESS 1
| #define HAVE_FCNTL 1
| #define HAVE_GETDTABLESIZE 1
| #define HAVE_GETENTROPY 1
| #define HAVE_GETGROUPS 1
| #define HAVE_GETHOSTNAME 1
| #define HAVE_GETPAGESIZE 1
| #define HAVE_GETPEERNAME 1
| #define HAVE_GETRANDOM 1
| #define HAVE_GETRLIMIT 1
| #define HAVE_GETRUSAGE 1
| #define HAVE_GETTIMEOFDAY 1
| #define HAVE_KILL 1
| #define HAVE_KILLPG 1
| #define HAVE_LSTAT 1
| #define HAVE_NANOSLEEP 1
| #define HAVE_PSELECT 1
| #define HAVE_READLINK 1
| #define HAVE_SELECT 1
| #define HAVE_SETITIMER 1
| #define HAVE_STATFS 1
| #define HAVE_TCGETPGRP 1
| #define HAVE_UNAME 1
| #define HAVE_ULIMIT 1
| #define HAVE_WAITPID 1
| #define HAVE_RENAME 1
| #define HAVE_BCOPY 1
| #define HAVE_BZERO 1
| #define HAVE_CLOCK_GETTIME 1
| #define HAVE_CONFSTR 1
| #define HAVE_FACCESSAT 1
| #define HAVE_FNMATCH 1
| #define HAVE_GETADDRINFO 1
| #define HAVE_GETHOSTBYNAME 1
| #define HAVE_GETSERVBYNAME 1
| #define HAVE_GETSERVENT 1
| #define HAVE_INET_ATON 1
| #define HAVE_IMAXDIV 1
| #define HAVE_MEMMOVE 1
| #define HAVE_PATHCONF 1
| #define HAVE_PUTENV 1
| #define HAVE_RAISE 1
| #define HAVE_RANDOM 1
| #define HAVE_REGCOMP 1
| #define HAVE_REGEXEC 1
| #define HAVE_SETENV 1
| #define HAVE_SETLINEBUF 1
| #define HAVE_SETLOCALE 1
| #define HAVE_SETVBUF 1
| #define HAVE_SIGINTERRUPT 1
| #define HAVE_STRCHR 1
| #define HAVE_SYSCONF 1
| #define HAVE_SYSLOG 1
| #define HAVE_TCGETATTR 1
| #define HAVE_TCGETWINSIZE 1
| #define HAVE_TCSETWINSIZE 1
| #define HAVE_TIMES 1
| #define HAVE_TTYNAME 1
| #define HAVE_TZSET 1
| #define HAVE_UNSETENV 1
| #define HAVE_VASPRINTF 1
| #define HAVE_ASPRINTF 1
| #define HAVE_ISASCII 1
| #define HAVE_ISBLANK 1
| #define HAVE_ISGRAPH 1
| #define HAVE_ISPRINT 1
| #define HAVE_ISSPACE 1
| #define HAVE_ISXDIGIT 1
| #define HAVE_GETPWENT 1
| #define HAVE_GETPWNAM 1
| #define HAVE_GETPWUID 1
| #define HAVE_MKSTEMP 1
| #define HAVE_MKDTEMP 1
| #define HAVE_STRLCAT 1
| #define HAVE_MEMFD_CREATE 1
| #define HAVE_SHM_OPEN 1
| #define HAVE_GETCWD 1
| #define HAVE_MEMSET 1
| #define HAVE_STRCASECMP 1
| #define HAVE_STRCASESTR 1
| #define HAVE_STRERROR 1
| #define HAVE_STRFTIME 1
| #define HAVE_STRNLEN 1
| #define HAVE_STRPBRK 1
| #define HAVE_STRSTR 1
| #define HAVE_STRTOD 1
| #define HAVE_STRTOL 1
| #define HAVE_STRTOUL 1
| #define HAVE_STRTOLL 1
| #define HAVE_STRTOULL 1
| #define HAVE_STRTOUMAX 1
| #define HAVE_DPRINTF 1
| #define HAVE_STRDUP 1
| #define HAVE_STRLCPY 1
| #define HAVE_REALLOCARRAY 1
| #define HAVE_DECL_AUDIT_USER_TTY 1
| #define HAVE_DECL_CONFSTR 1
| #define HAVE_DECL_PRINTF 1
| #define HAVE_DECL_BRK 1
| #define HAVE_DECL_SBRK 1
| #define HAVE_DECL_SETREGID 1
| #define HAVE_DECL_STRCPY 1
| #define HAVE_DECL_STRSIGNAL 1
| #define HAVE_SETRESUID 1
| #define HAVE_SETRESGID 1
| #define HAVE_DECL_STRTOLD 1
| #define HAVE_DECL_STRTOL 1
| #define HAVE_DECL_STRTOLL 1
| #define HAVE_DECL_STRTOUL 1
| #define HAVE_DECL_STRTOULL 1
| #define HAVE_DECL_STRTOUMAX 1
| #define HAVE_ERRNO_H 1
| #define HAVE_FCNTL_H 1
| #define HAVE_MALLOC_H 1
| #define HAVE_STDIO_EXT_H 1
| #define HAVE_MALLOC 1
| #define HAVE_MMAP 1
| #define HAVE_DCGETTEXT 1
| #define HAVE_MEMPCPY 1
| #define HAVE_MUNMAP 1
| #define HAVE_MREMAP 1
| #define HAVE_STPCPY 1
| #define HAVE_STRCSPN 1
| #define HAVE_WCTYPE_H 1
| #define HAVE_WCHAR_H 1
| #define HAVE_LANGINFO_H 1
| #define HAVE_MBRLEN 1
| #define HAVE_MBSNRTOWCS 1
| #define HAVE_MBSRTOWCS 1
| #define HAVE_WCRTOMB 1
| #define HAVE_WCSCOLL 1
| #define HAVE_WCSDUP 1
| #define HAVE_WCWIDTH 1
| #define HAVE_WCTYPE 1
| #define HAVE_WCSNRTOMBS 1
| #define HAVE_WCSWIDTH 1
| #define HAVE_MBRTOWC 1
| #define HAVE_MBSTATE_T 1
| #define HAVE_ISWLOWER 1
| #define HAVE_ISWUPPER 1
| #define HAVE_TOWLOWER 1
| #define HAVE_TOWUPPER 1
| #define HAVE_ISWCTYPE 1
| #define HAVE_WCHAR_T 1
| #define HAVE_WCTYPE_T 1
| #define HAVE_WINT_T 1
| #define SIZEOF_WCHAR_T 4
| #define HAVE_LIBDL 1
| #define HAVE_DLOPEN 1
| #define HAVE_DLCLOSE 1
| #define HAVE_DLSYM 1
| #define GETGROUPS_T gid_t
| #define HAVE_INTPTR_T 1
| #define HAVE_UINTPTR_T 1
| #define HAVE_LONG_LONG_INT 1
| #define HAVE_UNSIGNED_LONG_LONG_INT 1
| #define SIZEOF_CHAR 1
| #define SIZEOF_SHORT 2
| #define SIZEOF_INT 4
| #define SIZEOF_LONG 8
| #define SIZEOF_CHAR_P 8
| #define SIZEOF_SIZE_T 8
| #define SIZEOF_DOUBLE 8
| #define SIZEOF_LONG_LONG 8
| #define bits16_t short
| #define u_bits16_t unsigned short
| #define bits32_t int
| #define u_bits32_t unsigned int
| #define bits64_t char *
| #define HAVE_HASH_BANG_EXEC 1
| #define HAVE_POSIX_SIGNALS 1
| #define HAVE_SYS_ERRLIST 1
| #define HAVE_DECL_SYS_SIGLIST 0
| #define HAVE_SOCKLEN_T 1
| #define HAVE_QUAD_T 1
| #define RLIMTYPE rlim_t
| #define HAVE_INTMAX_T 1
| #define HAVE_UINTMAX_T 1
| #define SIZEOF_INTMAX_T 8
| #define TERMIOS_LDISC 1
| #define HAVE_STRUCT_DIRENT_D_INO 1
| #define HAVE_STRUCT_DIRENT_D_FILENO 1
| #define HAVE_STRUCT_DIRENT_D_TYPE 1
| #define STRUCT_WINSIZE_IN_SYS_IOCTL 1
| #define HAVE_TIMEVAL 1
| #define HAVE_STRUCT_STAT_ST_BLOCKS 1
| #define HAVE_STRUCT_TM_TM_ZONE 1
| #define HAVE_TM_ZONE 1
| #define HAVE_STRUCT_TIMEZONE 1
| #define WEXITSTATUS_OFFSET 8
| #define HAVE_STRUCT_TIMESPEC 1
| #define TIME_H_DEFINES_STRUCT_TIMESPEC 1
| #define HAVE_STRUCT_STAT_ST_ATIM_TV_NSEC 1
| #define TYPEOF_STRUCT_STAT_ST_ATIM_IS_STRUCT_TIMESPEC 1
| /* end confdefs.h.  */
| 
| #include <stdlib.h>
| #include <unistd.h>
| 
| int
| main(int c, char **v)
| {
| 	void *x;
| 
| 	x = sbrk (4096);
| 	exit ((x == (void *)-1) ? 1 : 0);
| }
| 
configure:20918: result: no
configure:20931: checking for brk
configure:20948: x86_64-unknown-linux-musl-gcc -o conftest -g -O2 -I/home/samson/Projects/clojv3/./store/musl-1.2.6/include -B/home/samson/Projects/clojv3/./store/musl-1.2.6/lib -L/home/samson/Projects/clojv3/./store/musl-1.2.6/lib -Wl,-rpath,/home/samson/Projects/clojv3/./store/musl-1.2.6/lib -Wl,-dynamic-linker,/home/samson/Projects/clojv3/./store/musl-1.2.6/lib/libc.so conftest.c -ldl  >&5
conftest.c: In function 'main':
conftest.c:398:12: error: initialization of 'void *' from 'int' makes pointer from integer without a cast [-Wint-conversion]
  398 |  void *x = brk (0);
      |            ^~~
configure:20948: $? = 1
configure: failed program was:
| /* confdefs.h */
| #define PACKAGE_NAME "bash"
| #define PACKAGE_TARNAME "bash"
| #define PACKAGE_VERSION "5.3-release"
| #define PACKAGE_STRING "bash 5.3-release"
| #define PACKAGE_BUGREPORT "bug-bash@gnu.org"
| #define PACKAGE_URL ""
| #define ALIAS 1
| #define PUSHD_AND_POPD 1
| #define RESTRICTED_SHELL 1
| #define PROCESS_SUBSTITUTION 1
| #define PROMPT_STRING_DECODE 1
| #define SELECT_COMMAND 1
| #define HELP_BUILTIN 1
| #define ARRAY_VARS 1
| #define DPAREN_ARITHMETIC 1
| #define BRACE_EXPANSION 1
| #define COMMAND_TIMING 1
| #define EXTENDED_GLOB 1
| #define EXTGLOB_DEFAULT 0
| #define COND_COMMAND 1
| #define COND_REGEXP 1
| #define COPROCESS_SUPPORT 1
| #define ARITH_FOR_COMMAND 1
| #define NETWORK_REDIRECTIONS 1
| #define PROGRAMMABLE_COMPLETION 1
| #define DEBUGGER 1
| #define CASEMOD_ATTRS 1
| #define CASEMOD_EXPANSIONS 1
| #define GLOBASCII_DEFAULT 1
| #define FUNCTION_IMPORT 1
| #define TRANSLATABLE_STRINGS 1
| #define BASH_SOURCE_FULLPATH_DEFAULT 0
| #define MEMSCRAMBLE 1
| #define HAVE_STDIO_H 1
| #define HAVE_STDLIB_H 1
| #define HAVE_STRING_H 1
| #define HAVE_INTTYPES_H 1
| #define HAVE_STDINT_H 1
| #define HAVE_STRINGS_H 1
| #define HAVE_SYS_STAT_H 1
| #define HAVE_SYS_TYPES_H 1
| #define HAVE_UNISTD_H 1
| #define HAVE_WCHAR_H 1
| #define HAVE_STDBOOL_H 1
| #define HAVE_SYS_PARAM_H 1
| #define HAVE_THREADS_H 1
| #define HAVE_SYS_TIME_H 1
| #define STDC_HEADERS 1
| #define _ALL_SOURCE 1
| #define _DARWIN_C_SOURCE 1
| #define _GNU_SOURCE 1
| #define _HPUX_ALT_XOPEN_SOCKET_API 1
| #define _NETBSD_SOURCE 1
| #define _OPENBSD_SOURCE 1
| #define _POSIX_PTHREAD_SEMANTICS 1
| #define __STDC_WANT_IEC_60559_ATTRIBS_EXT__ 1
| #define __STDC_WANT_IEC_60559_BFP_EXT__ 1
| #define __STDC_WANT_IEC_60559_DFP_EXT__ 1
| #define __STDC_WANT_IEC_60559_EXT__ 1
| #define __STDC_WANT_IEC_60559_FUNCS_EXT__ 1
| #define __STDC_WANT_IEC_60559_TYPES_EXT__ 1
| #define __STDC_WANT_LIB_EXT2__ 1
| #define __STDC_WANT_MATH_SPEC_FUNCS__ 1
| #define _TANDEM_SOURCE 1
| #define __EXTENSIONS__ 1
| #define READLINE 1
| #define HISTORY 1
| #define BANG_HISTORY 1
| #define HAVE_STRINGIZE 1
| #define HAVE_LONG_DOUBLE 1
| #define restrict __restrict__
| #define HAVE_C_BOOL 1
| #define HAVE_VISIBILITY 1
| #define HAVE_STDINT_H_WITH_UINTMAX 1
| #define HAVE_ALLOCA_H 1
| #define HAVE_ALLOCA 1
| #define HAVE_GETPAGESIZE 1
| #define HAVE_SYMLINK 1
| #define HAVE_USELOCALE 1
| #define HAVE_VPRINTF 1
| #define HAVE_ALARM 1
| #define HAVE_FPURGE 1
| #define HAVE___FPURGE 1
| #define HAVE_SNPRINTF 1
| #define HAVE_VSNPRINTF 1
| #define HAVE_MMAP 1
| #define INTDIV0_RAISES_SIGFPE 1
| #define HAVE_INTTYPES_H_WITH_UINTMAX 1
| #define HAVE_UNSIGNED_LONG_LONG_INT 1
| #define HAVE_UINTMAX_T 1
| #define HAVE_WEAK_SYMBOLS 1
| #define HAVE_PTHREAD_API 1
| #define USE_POSIX_THREADS 1
| #define USE_POSIX_THREADS_WEAK 1
| #define HAVE_PTHREAD_RWLOCK 1
| #define HAVE_PTHREAD_MUTEX_RECURSIVE 1
| #define HAVE_ICONV 1
| #define ICONV_CONST 
| #define HAVE_BUILTIN_EXPECT 1
| #define HAVE_INTTYPES_H 1
| #define HAVE_UNISTD_H 1
| #define HAVE_SYS_PARAM_H 1
| #define HAVE_GETCWD 1
| #define HAVE_GETEGID 1
| #define HAVE_GETEUID 1
| #define HAVE_GETGID 1
| #define HAVE_GETUID 1
| #define HAVE_MEMPCPY 1
| #define HAVE_MUNMAP 1
| #define HAVE_STPCPY 1
| #define HAVE_STRCASECMP 1
| #define HAVE_TSEARCH 1
| #define HAVE___FSETLOCKING 1
| #define HAVE_DECL_FEOF_UNLOCKED 1
| #define HAVE_DECL_FGETS_UNLOCKED 1
| #define HAVE_LOCALECONV 1
| #define HAVE_LONG_LONG_INT 1
| #define HAVE_WCHAR_T 1
| #define HAVE_WINT_T 1
| #define HAVE_INTMAX_T 1
| #define HAVE_POSIX_PRINTF 1
| #define HAVE_STDINT_H 1
| #define HAVE_STDINT_H 1
| #define HAVE_WORKING_O_NOATIME 0
| #define HAVE_WORKING_O_NOFOLLOW 0
| #define HAVE_WORKING_USELOCALE 1
| #define HAVE_GOOD_USELOCALE 1
| #define FLEXIBLE_ARRAY_MEMBER /**/
| #define HAVE_FEATURES_H 1
| #define HAVE_STDDEF_H 1
| #define HAVE_STDLIB_H 1
| #define HAVE_STRING_H 1
| #define HAVE_ASPRINTF 1
| #define HAVE_WPRINTF 1
| #define HAVE_NEWLOCALE 1
| #define HAVE_PUTENV 1
| #define HAVE_SETENV 1
| #define HAVE_SNPRINTF 1
| #define HAVE_STRNLEN 1
| #define HAVE_USELOCALE 1
| #define HAVE_WCSLEN 1
| #define HAVE_WCSNLEN 1
| #define HAVE_MBRTOWC 1
| #define HAVE_WCRTOMB 1
| #define HAVE_DECL__SNPRINTF 0
| #define HAVE_DECL__SNWPRINTF 0
| #define HAVE_DECL_GETC_UNLOCKED 1
| #define HAVE_NL_LANGINFO 1
| #define HAVE_LANGINFO_CODESET 1
| #define HAVE_LC_MESSAGES 1
| #define ENABLE_NLS 1
| #define HAVE_GETTEXT 1
| #define HAVE_DCGETTEXT 1
| #define HAVE_DIRENT_H 1
| #define MAJOR_IN_SYSMACROS 1
| #define HAVE_INTTYPES_H 1
| #define HAVE_UNISTD_H 1
| #define HAVE_STDLIB_H 1
| #define HAVE_LIMITS_H 1
| #define HAVE_STRING_H 1
| #define HAVE_MEMORY_H 1
| #define HAVE_LOCALE_H 1
| #define HAVE_TERMIOS_H 1
| #define HAVE_DLFCN_H 1
| #define HAVE_STDDEF_H 1
| #define HAVE_STDINT_H 1
| #define HAVE_NETDB_H 1
| #define HAVE_PWD_H 1
| #define HAVE_GRP_H 1
| #define HAVE_STRINGS_H 1
| #define HAVE_STDCKDINT_H 1
| #define HAVE_REGEX_H 1
| #define HAVE_SYSLOG_H 1
| #define HAVE_ULIMIT_H 1
| #define HAVE_SYS_SELECT_H 1
| #define HAVE_SYS_FILE_H 1
| #define HAVE_SYS_IOCTL_H 1
| #define HAVE_SYS_MMAN_H 1
| #define HAVE_SYS_PARAM_H 1
| #define HAVE_SYS_RANDOM_H 1
| #define HAVE_SYS_SOCKET_H 1
| #define HAVE_SYS_STAT_H 1
| #define HAVE_SYS_TIME_H 1
| #define HAVE_SYS_TIMES_H 1
| #define HAVE_SYS_TYPES_H 1
| #define HAVE_SYS_WAIT_H 1
| #define HAVE_NETINET_IN_H 1
| #define HAVE_ARPA_INET_H 1
| #define HAVE_SYS_RESOURCE_H 1
| #define HAVE_ALLOCA_H 1
| #define HAVE_ALLOCA 1
| #define HAVE_CHOWN 1
| #define GETPGRP_VOID 1
| #define HAVE_STRCOLL 1
| #define HAVE_WAIT3 1
| #define HAVE_MKFIFO 1
| #define HAVE_DUP2 1
| #define HAVE_EACCESS 1
| #define HAVE_FCNTL 1
| #define HAVE_GETDTABLESIZE 1
| #define HAVE_GETENTROPY 1
| #define HAVE_GETGROUPS 1
| #define HAVE_GETHOSTNAME 1
| #define HAVE_GETPAGESIZE 1
| #define HAVE_GETPEERNAME 1
| #define HAVE_GETRANDOM 1
| #define HAVE_GETRLIMIT 1
| #define HAVE_GETRUSAGE 1
| #define HAVE_GETTIMEOFDAY 1
| #define HAVE_KILL 1
| #define HAVE_KILLPG 1
| #define HAVE_LSTAT 1
| #define HAVE_NANOSLEEP 1
| #define HAVE_PSELECT 1
| #define HAVE_READLINK 1
| #define HAVE_SELECT 1
| #define HAVE_SETITIMER 1
| #define HAVE_STATFS 1
| #define HAVE_TCGETPGRP 1
| #define HAVE_UNAME 1
| #define HAVE_ULIMIT 1
| #define HAVE_WAITPID 1
| #define HAVE_RENAME 1
| #define HAVE_BCOPY 1
| #define HAVE_BZERO 1
| #define HAVE_CLOCK_GETTIME 1
| #define HAVE_CONFSTR 1
| #define HAVE_FACCESSAT 1
| #define HAVE_FNMATCH 1
| #define HAVE_GETADDRINFO 1
| #define HAVE_GETHOSTBYNAME 1
| #define HAVE_GETSERVBYNAME 1
| #define HAVE_GETSERVENT 1
| #define HAVE_INET_ATON 1
| #define HAVE_IMAXDIV 1
| #define HAVE_MEMMOVE 1
| #define HAVE_PATHCONF 1
| #define HAVE_PUTENV 1
| #define HAVE_RAISE 1
| #define HAVE_RANDOM 1
| #define HAVE_REGCOMP 1
| #define HAVE_REGEXEC 1
| #define HAVE_SETENV 1
| #define HAVE_SETLINEBUF 1
| #define HAVE_SETLOCALE 1
| #define HAVE_SETVBUF 1
| #define HAVE_SIGINTERRUPT 1
| #define HAVE_STRCHR 1
| #define HAVE_SYSCONF 1
| #define HAVE_SYSLOG 1
| #define HAVE_TCGETATTR 1
| #define HAVE_TCGETWINSIZE 1
| #define HAVE_TCSETWINSIZE 1
| #define HAVE_TIMES 1
| #define HAVE_TTYNAME 1
| #define HAVE_TZSET 1
| #define HAVE_UNSETENV 1
| #define HAVE_VASPRINTF 1
| #define HAVE_ASPRINTF 1
| #define HAVE_ISASCII 1
| #define HAVE_ISBLANK 1
| #define HAVE_ISGRAPH 1
| #define HAVE_ISPRINT 1
| #define HAVE_ISSPACE 1
| #define HAVE_ISXDIGIT 1
| #define HAVE_GETPWENT 1
| #define HAVE_GETPWNAM 1
| #define HAVE_GETPWUID 1
| #define HAVE_MKSTEMP 1
| #define HAVE_MKDTEMP 1
| #define HAVE_STRLCAT 1
| #define HAVE_MEMFD_CREATE 1
| #define HAVE_SHM_OPEN 1
| #define HAVE_GETCWD 1
| #define HAVE_MEMSET 1
| #define HAVE_STRCASECMP 1
| #define HAVE_STRCASESTR 1
| #define HAVE_STRERROR 1
| #define HAVE_STRFTIME 1
| #define HAVE_STRNLEN 1
| #define HAVE_STRPBRK 1
| #define HAVE_STRSTR 1
| #define HAVE_STRTOD 1
| #define HAVE_STRTOL 1
| #define HAVE_STRTOUL 1
| #define HAVE_STRTOLL 1
| #define HAVE_STRTOULL 1
| #define HAVE_STRTOUMAX 1
| #define HAVE_DPRINTF 1
| #define HAVE_STRDUP 1
| #define HAVE_STRLCPY 1
| #define HAVE_REALLOCARRAY 1
| #define HAVE_DECL_AUDIT_USER_TTY 1
| #define HAVE_DECL_CONFSTR 1
| #define HAVE_DECL_PRINTF 1
| #define HAVE_DECL_BRK 1
| #define HAVE_DECL_SBRK 1
| #define HAVE_DECL_SETREGID 1
| #define HAVE_DECL_STRCPY 1
| #define HAVE_DECL_STRSIGNAL 1
| #define HAVE_SETRESUID 1
| #define HAVE_SETRESGID 1
| #define HAVE_DECL_STRTOLD 1
| #define HAVE_DECL_STRTOL 1
| #define HAVE_DECL_STRTOLL 1
| #define HAVE_DECL_STRTOUL 1
| #define HAVE_DECL_STRTOULL 1
| #define HAVE_DECL_STRTOUMAX 1
| #define HAVE_ERRNO_H 1
| #define HAVE_FCNTL_H 1
| #define HAVE_MALLOC_H 1
| #define HAVE_STDIO_EXT_H 1
| #define HAVE_MALLOC 1
| #define HAVE_MMAP 1
| #define HAVE_DCGETTEXT 1
| #define HAVE_MEMPCPY 1
| #define HAVE_MUNMAP 1
| #define HAVE_MREMAP 1
| #define HAVE_STPCPY 1
| #define HAVE_STRCSPN 1
| #define HAVE_WCTYPE_H 1
| #define HAVE_WCHAR_H 1
| #define HAVE_LANGINFO_H 1
| #define HAVE_MBRLEN 1
| #define HAVE_MBSNRTOWCS 1
| #define HAVE_MBSRTOWCS 1
| #define HAVE_WCRTOMB 1
| #define HAVE_WCSCOLL 1
| #define HAVE_WCSDUP 1
| #define HAVE_WCWIDTH 1
| #define HAVE_WCTYPE 1
| #define HAVE_WCSNRTOMBS 1
| #define HAVE_WCSWIDTH 1
| #define HAVE_MBRTOWC 1
| #define HAVE_MBSTATE_T 1
| #define HAVE_ISWLOWER 1
| #define HAVE_ISWUPPER 1
| #define HAVE_TOWLOWER 1
| #define HAVE_TOWUPPER 1
| #define HAVE_ISWCTYPE 1
| #define HAVE_WCHAR_T 1
| #define HAVE_WCTYPE_T 1
| #define HAVE_WINT_T 1
| #define SIZEOF_WCHAR_T 4
| #define HAVE_LIBDL 1
| #define HAVE_DLOPEN 1
| #define HAVE_DLCLOSE 1
| #define HAVE_DLSYM 1
| #define GETGROUPS_T gid_t
| #define HAVE_INTPTR_T 1
| #define HAVE_UINTPTR_T 1
| #define HAVE_LONG_LONG_INT 1
| #define HAVE_UNSIGNED_LONG_LONG_INT 1
| #define SIZEOF_CHAR 1
| #define SIZEOF_SHORT 2
| #define SIZEOF_INT 4
| #define SIZEOF_LONG 8
| #define SIZEOF_CHAR_P 8
| #define SIZEOF_SIZE_T 8
| #define SIZEOF_DOUBLE 8
| #define SIZEOF_LONG_LONG 8
| #define bits16_t short
| #define u_bits16_t unsigned short
| #define bits32_t int
| #define u_bits32_t unsigned int
| #define bits64_t char *
| #define HAVE_HASH_BANG_EXEC 1
| #define HAVE_POSIX_SIGNALS 1
| #define HAVE_SYS_ERRLIST 1
| #define HAVE_DECL_SYS_SIGLIST 0
| #define HAVE_SOCKLEN_T 1
| #define HAVE_QUAD_T 1
| #define RLIMTYPE rlim_t
| #define HAVE_INTMAX_T 1
| #define HAVE_UINTMAX_T 1
| #define SIZEOF_INTMAX_T 8
| #define TERMIOS_LDISC 1
| #define HAVE_STRUCT_DIRENT_D_INO 1
| #define HAVE_STRUCT_DIRENT_D_FILENO 1
| #define HAVE_STRUCT_DIRENT_D_TYPE 1
| #define STRUCT_WINSIZE_IN_SYS_IOCTL 1
| #define HAVE_TIMEVAL 1
| #define HAVE_STRUCT_STAT_ST_BLOCKS 1
| #define HAVE_STRUCT_TM_TM_ZONE 1
| #define HAVE_TM_ZONE 1
| #define HAVE_STRUCT_TIMEZONE 1
| #define WEXITSTATUS_OFFSET 8
| #define HAVE_STRUCT_TIMESPEC 1
| #define TIME_H_DEFINES_STRUCT_TIMESPEC 1
| #define HAVE_STRUCT_STAT_ST_ATIM_TV_NSEC 1
| #define TYPEOF_STRUCT_STAT_ST_ATIM_IS_STRUCT_TIMESPEC 1
| /* end confdefs.h.  */
| #include <unistd.h>
| int
| main (void)
| {
|  void *x = brk (0);
|   ;
|   return 0;
| }
configure:20960: result: no
configure:21019: checking for the existence of strsignal
configure:21038: x86_64-unknown-linux-musl-gcc -o conftest -g -O2 -I/home/samson/Projects/clojv3/./store/musl-1.2.6/include -B/home/samson/Projects/clojv3/./store/musl-1.2.6/lib -L/home/samson/Projects/clojv3/./store/musl-1.2.6/lib -Wl,-rpath,/home/samson/Projects/clojv3/./store/musl-1.2.6/lib -Wl,-dynamic-linker,/home/samson/Projects/clojv3/./store/musl-1.2.6/lib/libc.so conftest.c -ldl  >&5
configure:21038: $? = 0
configure:21050: result: yes
configure:21057: checking if opendir() opens non-directories
configure:21118: x86_64-unknown-linux-musl-gcc -o conftest -g -O2 -I/home/samson/Projects/clojv3/./store/musl-1.2.6/include -B/home/samson/Projects/clojv3/./store/musl-1.2.6/lib -L/home/samson/Projects/clojv3/./store/musl-1.2.6/lib -Wl,-rpath,/home/samson/Projects/clojv3/./store/musl-1.2.6/lib -Wl,-dynamic-linker,/home/samson/Projects/clojv3/./store/musl-1.2.6/lib/libc.so conftest.c -ldl  >&5
configure:21118: $? = 0
configure:21118: ./conftest
configure:21118: $? = 1
configure: program exited with status 1
configure: failed program was:
| /* confdefs.h */
| #define PACKAGE_NAME "bash"
| #define PACKAGE_TARNAME "bash"
| #define PACKAGE_VERSION "5.3-release"
| #define PACKAGE_STRING "bash 5.3-release"
| #define PACKAGE_BUGREPORT "bug-bash@gnu.org"
| #define PACKAGE_URL ""
| #define ALIAS 1
| #define PUSHD_AND_POPD 1
| #define RESTRICTED_SHELL 1
| #define PROCESS_SUBSTITUTION 1
| #define PROMPT_STRING_DECODE 1
| #define SELECT_COMMAND 1
| #define HELP_BUILTIN 1
| #define ARRAY_VARS 1
| #define DPAREN_ARITHMETIC 1
| #define BRACE_EXPANSION 1
| #define COMMAND_TIMING 1
| #define EXTENDED_GLOB 1
| #define EXTGLOB_DEFAULT 0
| #define COND_COMMAND 1
| #define COND_REGEXP 1
| #define COPROCESS_SUPPORT 1
| #define ARITH_FOR_COMMAND 1
| #define NETWORK_REDIRECTIONS 1
| #define PROGRAMMABLE_COMPLETION 1
| #define DEBUGGER 1
| #define CASEMOD_ATTRS 1
| #define CASEMOD_EXPANSIONS 1
| #define GLOBASCII_DEFAULT 1
| #define FUNCTION_IMPORT 1
| #define TRANSLATABLE_STRINGS 1
| #define BASH_SOURCE_FULLPATH_DEFAULT 0
| #define MEMSCRAMBLE 1
| #define HAVE_STDIO_H 1
| #define HAVE_STDLIB_H 1
| #define HAVE_STRING_H 1
| #define HAVE_INTTYPES_H 1
| #define HAVE_STDINT_H 1
| #define HAVE_STRINGS_H 1
| #define HAVE_SYS_STAT_H 1
| #define HAVE_SYS_TYPES_H 1
| #define HAVE_UNISTD_H 1
| #define HAVE_WCHAR_H 1
| #define HAVE_STDBOOL_H 1
| #define HAVE_SYS_PARAM_H 1
| #define HAVE_THREADS_H 1
| #define HAVE_SYS_TIME_H 1
| #define STDC_HEADERS 1
| #define _ALL_SOURCE 1
| #define _DARWIN_C_SOURCE 1
| #define _GNU_SOURCE 1
| #define _HPUX_ALT_XOPEN_SOCKET_API 1
| #define _NETBSD_SOURCE 1
| #define _OPENBSD_SOURCE 1
| #define _POSIX_PTHREAD_SEMANTICS 1
| #define __STDC_WANT_IEC_60559_ATTRIBS_EXT__ 1
| #define __STDC_WANT_IEC_60559_BFP_EXT__ 1
| #define __STDC_WANT_IEC_60559_DFP_EXT__ 1
| #define __STDC_WANT_IEC_60559_EXT__ 1
| #define __STDC_WANT_IEC_60559_FUNCS_EXT__ 1
| #define __STDC_WANT_IEC_60559_TYPES_EXT__ 1
| #define __STDC_WANT_LIB_EXT2__ 1
| #define __STDC_WANT_MATH_SPEC_FUNCS__ 1
| #define _TANDEM_SOURCE 1
| #define __EXTENSIONS__ 1
| #define READLINE 1
| #define HISTORY 1
| #define BANG_HISTORY 1
| #define HAVE_STRINGIZE 1
| #define HAVE_LONG_DOUBLE 1
| #define restrict __restrict__
| #define HAVE_C_BOOL 1
| #define HAVE_VISIBILITY 1
| #define HAVE_STDINT_H_WITH_UINTMAX 1
| #define HAVE_ALLOCA_H 1
| #define HAVE_ALLOCA 1
| #define HAVE_GETPAGESIZE 1
| #define HAVE_SYMLINK 1
| #define HAVE_USELOCALE 1
| #define HAVE_VPRINTF 1
| #define HAVE_ALARM 1
| #define HAVE_FPURGE 1
| #define HAVE___FPURGE 1
| #define HAVE_SNPRINTF 1
| #define HAVE_VSNPRINTF 1
| #define HAVE_MMAP 1
| #define INTDIV0_RAISES_SIGFPE 1
| #define HAVE_INTTYPES_H_WITH_UINTMAX 1
| #define HAVE_UNSIGNED_LONG_LONG_INT 1
| #define HAVE_UINTMAX_T 1
| #define HAVE_WEAK_SYMBOLS 1
| #define HAVE_PTHREAD_API 1
| #define USE_POSIX_THREADS 1
| #define USE_POSIX_THREADS_WEAK 1
| #define HAVE_PTHREAD_RWLOCK 1
| #define HAVE_PTHREAD_MUTEX_RECURSIVE 1
| #define HAVE_ICONV 1
| #define ICONV_CONST 
| #define HAVE_BUILTIN_EXPECT 1
| #define HAVE_INTTYPES_H 1
| #define HAVE_UNISTD_H 1
| #define HAVE_SYS_PARAM_H 1
| #define HAVE_GETCWD 1
| #define HAVE_GETEGID 1
| #define HAVE_GETEUID 1
| #define HAVE_GETGID 1
| #define HAVE_GETUID 1
| #define HAVE_MEMPCPY 1
| #define HAVE_MUNMAP 1
| #define HAVE_STPCPY 1
| #define HAVE_STRCASECMP 1
| #define HAVE_TSEARCH 1
| #define HAVE___FSETLOCKING 1
| #define HAVE_DECL_FEOF_UNLOCKED 1
| #define HAVE_DECL_FGETS_UNLOCKED 1
| #define HAVE_LOCALECONV 1
| #define HAVE_LONG_LONG_INT 1
| #define HAVE_WCHAR_T 1
| #define HAVE_WINT_T 1
| #define HAVE_INTMAX_T 1
| #define HAVE_POSIX_PRINTF 1
| #define HAVE_STDINT_H 1
| #define HAVE_STDINT_H 1
| #define HAVE_WORKING_O_NOATIME 0
| #define HAVE_WORKING_O_NOFOLLOW 0
| #define HAVE_WORKING_USELOCALE 1
| #define HAVE_GOOD_USELOCALE 1
| #define FLEXIBLE_ARRAY_MEMBER /**/
| #define HAVE_FEATURES_H 1
| #define HAVE_STDDEF_H 1
| #define HAVE_STDLIB_H 1
| #define HAVE_STRING_H 1
| #define HAVE_ASPRINTF 1
| #define HAVE_WPRINTF 1
| #define HAVE_NEWLOCALE 1
| #define HAVE_PUTENV 1
| #define HAVE_SETENV 1
| #define HAVE_SNPRINTF 1
| #define HAVE_STRNLEN 1
| #define HAVE_USELOCALE 1
| #define HAVE_WCSLEN 1
| #define HAVE_WCSNLEN 1
| #define HAVE_MBRTOWC 1
| #define HAVE_WCRTOMB 1
| #define HAVE_DECL__SNPRINTF 0
| #define HAVE_DECL__SNWPRINTF 0
| #define HAVE_DECL_GETC_UNLOCKED 1
| #define HAVE_NL_LANGINFO 1
| #define HAVE_LANGINFO_CODESET 1
| #define HAVE_LC_MESSAGES 1
| #define ENABLE_NLS 1
| #define HAVE_GETTEXT 1
| #define HAVE_DCGETTEXT 1
| #define HAVE_DIRENT_H 1
| #define MAJOR_IN_SYSMACROS 1
| #define HAVE_INTTYPES_H 1
| #define HAVE_UNISTD_H 1
| #define HAVE_STDLIB_H 1
| #define HAVE_LIMITS_H 1
| #define HAVE_STRING_H 1
| #define HAVE_MEMORY_H 1
| #define HAVE_LOCALE_H 1
| #define HAVE_TERMIOS_H 1
| #define HAVE_DLFCN_H 1
| #define HAVE_STDDEF_H 1
| #define HAVE_STDINT_H 1
| #define HAVE_NETDB_H 1
| #define HAVE_PWD_H 1
| #define HAVE_GRP_H 1
| #define HAVE_STRINGS_H 1
| #define HAVE_STDCKDINT_H 1
| #define HAVE_REGEX_H 1
| #define HAVE_SYSLOG_H 1
| #define HAVE_ULIMIT_H 1
| #define HAVE_SYS_SELECT_H 1
| #define HAVE_SYS_FILE_H 1
| #define HAVE_SYS_IOCTL_H 1
| #define HAVE_SYS_MMAN_H 1
| #define HAVE_SYS_PARAM_H 1
| #define HAVE_SYS_RANDOM_H 1
| #define HAVE_SYS_SOCKET_H 1
| #define HAVE_SYS_STAT_H 1
| #define HAVE_SYS_TIME_H 1
| #define HAVE_SYS_TIMES_H 1
| #define HAVE_SYS_TYPES_H 1
| #define HAVE_SYS_WAIT_H 1
| #define HAVE_NETINET_IN_H 1
| #define HAVE_ARPA_INET_H 1
| #define HAVE_SYS_RESOURCE_H 1
| #define HAVE_ALLOCA_H 1
| #define HAVE_ALLOCA 1
| #define HAVE_CHOWN 1
| #define GETPGRP_VOID 1
| #define HAVE_STRCOLL 1
| #define HAVE_WAIT3 1
| #define HAVE_MKFIFO 1
| #define HAVE_DUP2 1
| #define HAVE_EACCESS 1
| #define HAVE_FCNTL 1
| #define HAVE_GETDTABLESIZE 1
| #define HAVE_GETENTROPY 1
| #define HAVE_GETGROUPS 1
| #define HAVE_GETHOSTNAME 1
| #define HAVE_GETPAGESIZE 1
| #define HAVE_GETPEERNAME 1
| #define HAVE_GETRANDOM 1
| #define HAVE_GETRLIMIT 1
| #define HAVE_GETRUSAGE 1
| #define HAVE_GETTIMEOFDAY 1
| #define HAVE_KILL 1
| #define HAVE_KILLPG 1
| #define HAVE_LSTAT 1
| #define HAVE_NANOSLEEP 1
| #define HAVE_PSELECT 1
| #define HAVE_READLINK 1
| #define HAVE_SELECT 1
| #define HAVE_SETITIMER 1
| #define HAVE_STATFS 1
| #define HAVE_TCGETPGRP 1
| #define HAVE_UNAME 1
| #define HAVE_ULIMIT 1
| #define HAVE_WAITPID 1
| #define HAVE_RENAME 1
| #define HAVE_BCOPY 1
| #define HAVE_BZERO 1
| #define HAVE_CLOCK_GETTIME 1
| #define HAVE_CONFSTR 1
| #define HAVE_FACCESSAT 1
| #define HAVE_FNMATCH 1
| #define HAVE_GETADDRINFO 1
| #define HAVE_GETHOSTBYNAME 1
| #define HAVE_GETSERVBYNAME 1
| #define HAVE_GETSERVENT 1
| #define HAVE_INET_ATON 1
| #define HAVE_IMAXDIV 1
| #define HAVE_MEMMOVE 1
| #define HAVE_PATHCONF 1
| #define HAVE_PUTENV 1
| #define HAVE_RAISE 1
| #define HAVE_RANDOM 1
| #define HAVE_REGCOMP 1
| #define HAVE_REGEXEC 1
| #define HAVE_SETENV 1
| #define HAVE_SETLINEBUF 1
| #define HAVE_SETLOCALE 1
| #define HAVE_SETVBUF 1
| #define HAVE_SIGINTERRUPT 1
| #define HAVE_STRCHR 1
| #define HAVE_SYSCONF 1
| #define HAVE_SYSLOG 1
| #define HAVE_TCGETATTR 1
| #define HAVE_TCGETWINSIZE 1
| #define HAVE_TCSETWINSIZE 1
| #define HAVE_TIMES 1
| #define HAVE_TTYNAME 1
| #define HAVE_TZSET 1
| #define HAVE_UNSETENV 1
| #define HAVE_VASPRINTF 1
| #define HAVE_ASPRINTF 1
| #define HAVE_ISASCII 1
| #define HAVE_ISBLANK 1
| #define HAVE_ISGRAPH 1
| #define HAVE_ISPRINT 1
| #define HAVE_ISSPACE 1
| #define HAVE_ISXDIGIT 1
| #define HAVE_GETPWENT 1
| #define HAVE_GETPWNAM 1
| #define HAVE_GETPWUID 1
| #define HAVE_MKSTEMP 1
| #define HAVE_MKDTEMP 1
| #define HAVE_STRLCAT 1
| #define HAVE_MEMFD_CREATE 1
| #define HAVE_SHM_OPEN 1
| #define HAVE_GETCWD 1
| #define HAVE_MEMSET 1
| #define HAVE_STRCASECMP 1
| #define HAVE_STRCASESTR 1
| #define HAVE_STRERROR 1
| #define HAVE_STRFTIME 1
| #define HAVE_STRNLEN 1
| #define HAVE_STRPBRK 1
| #define HAVE_STRSTR 1
| #define HAVE_STRTOD 1
| #define HAVE_STRTOL 1
| #define HAVE_STRTOUL 1
| #define HAVE_STRTOLL 1
| #define HAVE_STRTOULL 1
| #define HAVE_STRTOUMAX 1
| #define HAVE_DPRINTF 1
| #define HAVE_STRDUP 1
| #define HAVE_STRLCPY 1
| #define HAVE_REALLOCARRAY 1
| #define HAVE_DECL_AUDIT_USER_TTY 1
| #define HAVE_DECL_CONFSTR 1
| #define HAVE_DECL_PRINTF 1
| #define HAVE_DECL_BRK 1
| #define HAVE_DECL_SBRK 1
| #define HAVE_DECL_SETREGID 1
| #define HAVE_DECL_STRCPY 1
| #define HAVE_DECL_STRSIGNAL 1
| #define HAVE_SETRESUID 1
| #define HAVE_SETRESGID 1
| #define HAVE_DECL_STRTOLD 1
| #define HAVE_DECL_STRTOL 1
| #define HAVE_DECL_STRTOLL 1
| #define HAVE_DECL_STRTOUL 1
| #define HAVE_DECL_STRTOULL 1
| #define HAVE_DECL_STRTOUMAX 1
| #define HAVE_ERRNO_H 1
| #define HAVE_FCNTL_H 1
| #define HAVE_MALLOC_H 1
| #define HAVE_STDIO_EXT_H 1
| #define HAVE_MALLOC 1
| #define HAVE_MMAP 1
| #define HAVE_DCGETTEXT 1
| #define HAVE_MEMPCPY 1
| #define HAVE_MUNMAP 1
| #define HAVE_MREMAP 1
| #define HAVE_STPCPY 1
| #define HAVE_STRCSPN 1
| #define HAVE_WCTYPE_H 1
| #define HAVE_WCHAR_H 1
| #define HAVE_LANGINFO_H 1
| #define HAVE_MBRLEN 1
| #define HAVE_MBSNRTOWCS 1
| #define HAVE_MBSRTOWCS 1
| #define HAVE_WCRTOMB 1
| #define HAVE_WCSCOLL 1
| #define HAVE_WCSDUP 1
| #define HAVE_WCWIDTH 1
| #define HAVE_WCTYPE 1
| #define HAVE_WCSNRTOMBS 1
| #define HAVE_WCSWIDTH 1
| #define HAVE_MBRTOWC 1
| #define HAVE_MBSTATE_T 1
| #define HAVE_ISWLOWER 1
| #define HAVE_ISWUPPER 1
| #define HAVE_TOWLOWER 1
| #define HAVE_TOWUPPER 1
| #define HAVE_ISWCTYPE 1
| #define HAVE_WCHAR_T 1
| #define HAVE_WCTYPE_T 1
| #define HAVE_WINT_T 1
| #define SIZEOF_WCHAR_T 4
| #define HAVE_LIBDL 1
| #define HAVE_DLOPEN 1
| #define HAVE_DLCLOSE 1
| #define HAVE_DLSYM 1
| #define GETGROUPS_T gid_t
| #define HAVE_INTPTR_T 1
| #define HAVE_UINTPTR_T 1
| #define HAVE_LONG_LONG_INT 1
| #define HAVE_UNSIGNED_LONG_LONG_INT 1
| #define SIZEOF_CHAR 1
| #define SIZEOF_SHORT 2
| #define SIZEOF_INT 4
| #define SIZEOF_LONG 8
| #define SIZEOF_CHAR_P 8
| #define SIZEOF_SIZE_T 8
| #define SIZEOF_DOUBLE 8
| #define SIZEOF_LONG_LONG 8
| #define bits16_t short
| #define u_bits16_t unsigned short
| #define bits32_t int
| #define u_bits32_t unsigned int
| #define bits64_t char *
| #define HAVE_HASH_BANG_EXEC 1
| #define HAVE_POSIX_SIGNALS 1
| #define HAVE_SYS_ERRLIST 1
| #define HAVE_DECL_SYS_SIGLIST 0
| #define HAVE_SOCKLEN_T 1
| #define HAVE_QUAD_T 1
| #define RLIMTYPE rlim_t
| #define HAVE_INTMAX_T 1
| #define HAVE_UINTMAX_T 1
| #define SIZEOF_INTMAX_T 8
| #define TERMIOS_LDISC 1
| #define HAVE_STRUCT_DIRENT_D_INO 1
| #define HAVE_STRUCT_DIRENT_D_FILENO 1
| #define HAVE_STRUCT_DIRENT_D_TYPE 1
| #define STRUCT_WINSIZE_IN_SYS_IOCTL 1
| #define HAVE_TIMEVAL 1
| #define HAVE_STRUCT_STAT_ST_BLOCKS 1
| #define HAVE_STRUCT_TM_TM_ZONE 1
| #define HAVE_TM_ZONE 1
| #define HAVE_STRUCT_TIMEZONE 1
| #define WEXITSTATUS_OFFSET 8
| #define HAVE_STRUCT_TIMESPEC 1
| #define TIME_H_DEFINES_STRUCT_TIMESPEC 1
| #define HAVE_STRUCT_STAT_ST_ATIM_TV_NSEC 1
| #define TYPEOF_STRUCT_STAT_ST_ATIM_IS_STRUCT_TIMESPEC 1
| #define HAVE_STRSIGNAL 1
| /* end confdefs.h.  */
| 
| #include <stdio.h>
| #include <sys/types.h>
| #include <fcntl.h>
| #ifdef HAVE_UNISTD_H
| # include <unistd.h>
| #endif /* HAVE_UNISTD_H */
| #ifdef HAVE_SYS_STAT_H
| #include <sys/stat.h>
| #endif
| #if defined(HAVE_DIRENT_H)
| # include <dirent.h>
| #else
| # define dirent direct
| # ifdef HAVE_SYS_NDIR_H
| #  include <sys/ndir.h>
| # endif /* SYSNDIR */
| # ifdef HAVE_SYS_DIR_H
| #  include <sys/dir.h>
| # endif /* SYSDIR */
| # ifdef HAVE_NDIR_H
| #  include <ndir.h>
| # endif
| #endif /* HAVE_DIRENT_H */
| #include <stdlib.h>
| int
| main()
| {
| DIR *dir;
| int fd, err;
| err = mkdir("bash-aclocal", 0700);
| if (err < 0) {
|   perror("mkdir");
|   exit(1);
| }
| unlink("bash-aclocal/not_a_directory");
| fd = open("bash-aclocal/not_a_directory", O_WRONLY|O_CREAT|O_EXCL, 0666);
| write(fd, "\n", 1);
| close(fd);
| dir = opendir("bash-aclocal/not_a_directory");
| unlink("bash-aclocal/not_a_directory");
| rmdir("bash-aclocal");
| exit (dir == 0);
| }
| 
configure:21133: result: no
configure:21140: checking whether ulimit can substitute for getdtablesize
configure:21168: x86_64-unknown-linux-musl-gcc -o conftest -g -O2 -I/home/samson/Projects/clojv3/./store/musl-1.2.6/include -B/home/samson/Projects/clojv3/./store/musl-1.2.6/lib -L/home/samson/Projects/clojv3/./store/musl-1.2.6/lib -Wl,-rpath,/home/samson/Projects/clojv3/./store/musl-1.2.6/lib -Wl,-dynamic-linker,/home/samson/Projects/clojv3/./store/musl-1.2.6/lib/libc.so conftest.c -ldl  >&5
configure:21168: $? = 0
configure:21168: ./conftest
configure:21168: $? = 0
configure:21183: result: yes
configure:21195: checking whether fpurge is declared
configure:21195: x86_64-unknown-linux-musl-gcc -c -g -O2  -I/home/samson/Projects/clojv3/./store/musl-1.2.6/include conftest.c >&5
conftest.c: In function 'main':
conftest.c:405:10: error: 'fpurge' undeclared (first use in this function)
  405 |   (void) fpurge;
      |          ^~~~~~
conftest.c:405:10: note: each undeclared identifier is reported only once for each function it appears in
configure:21195: $? = 1
configure: failed program was:
| /* confdefs.h */
| #define PACKAGE_NAME "bash"
| #define PACKAGE_TARNAME "bash"
| #define PACKAGE_VERSION "5.3-release"
| #define PACKAGE_STRING "bash 5.3-release"
| #define PACKAGE_BUGREPORT "bug-bash@gnu.org"
| #define PACKAGE_URL ""
| #define ALIAS 1
| #define PUSHD_AND_POPD 1
| #define RESTRICTED_SHELL 1
| #define PROCESS_SUBSTITUTION 1
| #define PROMPT_STRING_DECODE 1
| #define SELECT_COMMAND 1
| #define HELP_BUILTIN 1
| #define ARRAY_VARS 1
| #define DPAREN_ARITHMETIC 1
| #define BRACE_EXPANSION 1
| #define COMMAND_TIMING 1
| #define EXTENDED_GLOB 1
| #define EXTGLOB_DEFAULT 0
| #define COND_COMMAND 1
| #define COND_REGEXP 1
| #define COPROCESS_SUPPORT 1
| #define ARITH_FOR_COMMAND 1
| #define NETWORK_REDIRECTIONS 1
| #define PROGRAMMABLE_COMPLETION 1
| #define DEBUGGER 1
| #define CASEMOD_ATTRS 1
| #define CASEMOD_EXPANSIONS 1
| #define GLOBASCII_DEFAULT 1
| #define FUNCTION_IMPORT 1
| #define TRANSLATABLE_STRINGS 1
| #define BASH_SOURCE_FULLPATH_DEFAULT 0
| #define MEMSCRAMBLE 1
| #define HAVE_STDIO_H 1
| #define HAVE_STDLIB_H 1
| #define HAVE_STRING_H 1
| #define HAVE_INTTYPES_H 1
| #define HAVE_STDINT_H 1
| #define HAVE_STRINGS_H 1
| #define HAVE_SYS_STAT_H 1
| #define HAVE_SYS_TYPES_H 1
| #define HAVE_UNISTD_H 1
| #define HAVE_WCHAR_H 1
| #define HAVE_STDBOOL_H 1
| #define HAVE_SYS_PARAM_H 1
| #define HAVE_THREADS_H 1
| #define HAVE_SYS_TIME_H 1
| #define STDC_HEADERS 1
| #define _ALL_SOURCE 1
| #define _DARWIN_C_SOURCE 1
| #define _GNU_SOURCE 1
| #define _HPUX_ALT_XOPEN_SOCKET_API 1
| #define _NETBSD_SOURCE 1
| #define _OPENBSD_SOURCE 1
| #define _POSIX_PTHREAD_SEMANTICS 1
| #define __STDC_WANT_IEC_60559_ATTRIBS_EXT__ 1
| #define __STDC_WANT_IEC_60559_BFP_EXT__ 1
| #define __STDC_WANT_IEC_60559_DFP_EXT__ 1
| #define __STDC_WANT_IEC_60559_EXT__ 1
| #define __STDC_WANT_IEC_60559_FUNCS_EXT__ 1
| #define __STDC_WANT_IEC_60559_TYPES_EXT__ 1
| #define __STDC_WANT_LIB_EXT2__ 1
| #define __STDC_WANT_MATH_SPEC_FUNCS__ 1
| #define _TANDEM_SOURCE 1
| #define __EXTENSIONS__ 1
| #define READLINE 1
| #define HISTORY 1
| #define BANG_HISTORY 1
| #define HAVE_STRINGIZE 1
| #define HAVE_LONG_DOUBLE 1
| #define restrict __restrict__
| #define HAVE_C_BOOL 1
| #define HAVE_VISIBILITY 1
| #define HAVE_STDINT_H_WITH_UINTMAX 1
| #define HAVE_ALLOCA_H 1
| #define HAVE_ALLOCA 1
| #define HAVE_GETPAGESIZE 1
| #define HAVE_SYMLINK 1
| #define HAVE_USELOCALE 1
| #define HAVE_VPRINTF 1
| #define HAVE_ALARM 1
| #define HAVE_FPURGE 1
| #define HAVE___FPURGE 1
| #define HAVE_SNPRINTF 1
| #define HAVE_VSNPRINTF 1
| #define HAVE_MMAP 1
| #define INTDIV0_RAISES_SIGFPE 1
| #define HAVE_INTTYPES_H_WITH_UINTMAX 1
| #define HAVE_UNSIGNED_LONG_LONG_INT 1
| #define HAVE_UINTMAX_T 1
| #define HAVE_WEAK_SYMBOLS 1
| #define HAVE_PTHREAD_API 1
| #define USE_POSIX_THREADS 1
| #define USE_POSIX_THREADS_WEAK 1
| #define HAVE_PTHREAD_RWLOCK 1
| #define HAVE_PTHREAD_MUTEX_RECURSIVE 1
| #define HAVE_ICONV 1
| #define ICONV_CONST 
| #define HAVE_BUILTIN_EXPECT 1
| #define HAVE_INTTYPES_H 1
| #define HAVE_UNISTD_H 1
| #define HAVE_SYS_PARAM_H 1
| #define HAVE_GETCWD 1
| #define HAVE_GETEGID 1
| #define HAVE_GETEUID 1
| #define HAVE_GETGID 1
| #define HAVE_GETUID 1
| #define HAVE_MEMPCPY 1
| #define HAVE_MUNMAP 1
| #define HAVE_STPCPY 1
| #define HAVE_STRCASECMP 1
| #define HAVE_TSEARCH 1
| #define HAVE___FSETLOCKING 1
| #define HAVE_DECL_FEOF_UNLOCKED 1
| #define HAVE_DECL_FGETS_UNLOCKED 1
| #define HAVE_LOCALECONV 1
| #define HAVE_LONG_LONG_INT 1
| #define HAVE_WCHAR_T 1
| #define HAVE_WINT_T 1
| #define HAVE_INTMAX_T 1
| #define HAVE_POSIX_PRINTF 1
| #define HAVE_STDINT_H 1
| #define HAVE_STDINT_H 1
| #define HAVE_WORKING_O_NOATIME 0
| #define HAVE_WORKING_O_NOFOLLOW 0
| #define HAVE_WORKING_USELOCALE 1
| #define HAVE_GOOD_USELOCALE 1
| #define FLEXIBLE_ARRAY_MEMBER /**/
| #define HAVE_FEATURES_H 1
| #define HAVE_STDDEF_H 1
| #define HAVE_STDLIB_H 1
| #define HAVE_STRING_H 1
| #define HAVE_ASPRINTF 1
| #define HAVE_WPRINTF 1
| #define HAVE_NEWLOCALE 1
| #define HAVE_PUTENV 1
| #define HAVE_SETENV 1
| #define HAVE_SNPRINTF 1
| #define HAVE_STRNLEN 1
| #define HAVE_USELOCALE 1
| #define HAVE_WCSLEN 1
| #define HAVE_WCSNLEN 1
| #define HAVE_MBRTOWC 1
| #define HAVE_WCRTOMB 1
| #define HAVE_DECL__SNPRINTF 0
| #define HAVE_DECL__SNWPRINTF 0
| #define HAVE_DECL_GETC_UNLOCKED 1
| #define HAVE_NL_LANGINFO 1
| #define HAVE_LANGINFO_CODESET 1
| #define HAVE_LC_MESSAGES 1
| #define ENABLE_NLS 1
| #define HAVE_GETTEXT 1
| #define HAVE_DCGETTEXT 1
| #define HAVE_DIRENT_H 1
| #define MAJOR_IN_SYSMACROS 1
| #define HAVE_INTTYPES_H 1
| #define HAVE_UNISTD_H 1
| #define HAVE_STDLIB_H 1
| #define HAVE_LIMITS_H 1
| #define HAVE_STRING_H 1
| #define HAVE_MEMORY_H 1
| #define HAVE_LOCALE_H 1
| #define HAVE_TERMIOS_H 1
| #define HAVE_DLFCN_H 1
| #define HAVE_STDDEF_H 1
| #define HAVE_STDINT_H 1
| #define HAVE_NETDB_H 1
| #define HAVE_PWD_H 1
| #define HAVE_GRP_H 1
| #define HAVE_STRINGS_H 1
| #define HAVE_STDCKDINT_H 1
| #define HAVE_REGEX_H 1
| #define HAVE_SYSLOG_H 1
| #define HAVE_ULIMIT_H 1
| #define HAVE_SYS_SELECT_H 1
| #define HAVE_SYS_FILE_H 1
| #define HAVE_SYS_IOCTL_H 1
| #define HAVE_SYS_MMAN_H 1
| #define HAVE_SYS_PARAM_H 1
| #define HAVE_SYS_RANDOM_H 1
| #define HAVE_SYS_SOCKET_H 1
| #define HAVE_SYS_STAT_H 1
| #define HAVE_SYS_TIME_H 1
| #define HAVE_SYS_TIMES_H 1
| #define HAVE_SYS_TYPES_H 1
| #define HAVE_SYS_WAIT_H 1
| #define HAVE_NETINET_IN_H 1
| #define HAVE_ARPA_INET_H 1
| #define HAVE_SYS_RESOURCE_H 1
| #define HAVE_ALLOCA_H 1
| #define HAVE_ALLOCA 1
| #define HAVE_CHOWN 1
| #define GETPGRP_VOID 1
| #define HAVE_STRCOLL 1
| #define HAVE_WAIT3 1
| #define HAVE_MKFIFO 1
| #define HAVE_DUP2 1
| #define HAVE_EACCESS 1
| #define HAVE_FCNTL 1
| #define HAVE_GETDTABLESIZE 1
| #define HAVE_GETENTROPY 1
| #define HAVE_GETGROUPS 1
| #define HAVE_GETHOSTNAME 1
| #define HAVE_GETPAGESIZE 1
| #define HAVE_GETPEERNAME 1
| #define HAVE_GETRANDOM 1
| #define HAVE_GETRLIMIT 1
| #define HAVE_GETRUSAGE 1
| #define HAVE_GETTIMEOFDAY 1
| #define HAVE_KILL 1
| #define HAVE_KILLPG 1
| #define HAVE_LSTAT 1
| #define HAVE_NANOSLEEP 1
| #define HAVE_PSELECT 1
| #define HAVE_READLINK 1
| #define HAVE_SELECT 1
| #define HAVE_SETITIMER 1
| #define HAVE_STATFS 1
| #define HAVE_TCGETPGRP 1
| #define HAVE_UNAME 1
| #define HAVE_ULIMIT 1
| #define HAVE_WAITPID 1
| #define HAVE_RENAME 1
| #define HAVE_BCOPY 1
| #define HAVE_BZERO 1
| #define HAVE_CLOCK_GETTIME 1
| #define HAVE_CONFSTR 1
| #define HAVE_FACCESSAT 1
| #define HAVE_FNMATCH 1
| #define HAVE_GETADDRINFO 1
| #define HAVE_GETHOSTBYNAME 1
| #define HAVE_GETSERVBYNAME 1
| #define HAVE_GETSERVENT 1
| #define HAVE_INET_ATON 1
| #define HAVE_IMAXDIV 1
| #define HAVE_MEMMOVE 1
| #define HAVE_PATHCONF 1
| #define HAVE_PUTENV 1
| #define HAVE_RAISE 1
| #define HAVE_RANDOM 1
| #define HAVE_REGCOMP 1
| #define HAVE_REGEXEC 1
| #define HAVE_SETENV 1
| #define HAVE_SETLINEBUF 1
| #define HAVE_SETLOCALE 1
| #define HAVE_SETVBUF 1
| #define HAVE_SIGINTERRUPT 1
| #define HAVE_STRCHR 1
| #define HAVE_SYSCONF 1
| #define HAVE_SYSLOG 1
| #define HAVE_TCGETATTR 1
| #define HAVE_TCGETWINSIZE 1
| #define HAVE_TCSETWINSIZE 1
| #define HAVE_TIMES 1
| #define HAVE_TTYNAME 1
| #define HAVE_TZSET 1
| #define HAVE_UNSETENV 1
| #define HAVE_VASPRINTF 1
| #define HAVE_ASPRINTF 1
| #define HAVE_ISASCII 1
| #define HAVE_ISBLANK 1
| #define HAVE_ISGRAPH 1
| #define HAVE_ISPRINT 1
| #define HAVE_ISSPACE 1
| #define HAVE_ISXDIGIT 1
| #define HAVE_GETPWENT 1
| #define HAVE_GETPWNAM 1
| #define HAVE_GETPWUID 1
| #define HAVE_MKSTEMP 1
| #define HAVE_MKDTEMP 1
| #define HAVE_STRLCAT 1
| #define HAVE_MEMFD_CREATE 1
| #define HAVE_SHM_OPEN 1
| #define HAVE_GETCWD 1
| #define HAVE_MEMSET 1
| #define HAVE_STRCASECMP 1
| #define HAVE_STRCASESTR 1
| #define HAVE_STRERROR 1
| #define HAVE_STRFTIME 1
| #define HAVE_STRNLEN 1
| #define HAVE_STRPBRK 1
| #define HAVE_STRSTR 1
| #define HAVE_STRTOD 1
| #define HAVE_STRTOL 1
| #define HAVE_STRTOUL 1
| #define HAVE_STRTOLL 1
| #define HAVE_STRTOULL 1
| #define HAVE_STRTOUMAX 1
| #define HAVE_DPRINTF 1
| #define HAVE_STRDUP 1
| #define HAVE_STRLCPY 1
| #define HAVE_REALLOCARRAY 1
| #define HAVE_DECL_AUDIT_USER_TTY 1
| #define HAVE_DECL_CONFSTR 1
| #define HAVE_DECL_PRINTF 1
| #define HAVE_DECL_BRK 1
| #define HAVE_DECL_SBRK 1
| #define HAVE_DECL_SETREGID 1
| #define HAVE_DECL_STRCPY 1
| #define HAVE_DECL_STRSIGNAL 1
| #define HAVE_SETRESUID 1
| #define HAVE_SETRESGID 1
| #define HAVE_DECL_STRTOLD 1
| #define HAVE_DECL_STRTOL 1
| #define HAVE_DECL_STRTOLL 1
| #define HAVE_DECL_STRTOUL 1
| #define HAVE_DECL_STRTOULL 1
| #define HAVE_DECL_STRTOUMAX 1
| #define HAVE_ERRNO_H 1
| #define HAVE_FCNTL_H 1
| #define HAVE_MALLOC_H 1
| #define HAVE_STDIO_EXT_H 1
| #define HAVE_MALLOC 1
| #define HAVE_MMAP 1
| #define HAVE_DCGETTEXT 1
| #define HAVE_MEMPCPY 1
| #define HAVE_MUNMAP 1
| #define HAVE_MREMAP 1
| #define HAVE_STPCPY 1
| #define HAVE_STRCSPN 1
| #define HAVE_WCTYPE_H 1
| #define HAVE_WCHAR_H 1
| #define HAVE_LANGINFO_H 1
| #define HAVE_MBRLEN 1
| #define HAVE_MBSNRTOWCS 1
| #define HAVE_MBSRTOWCS 1
| #define HAVE_WCRTOMB 1
| #define HAVE_WCSCOLL 1
| #define HAVE_WCSDUP 1
| #define HAVE_WCWIDTH 1
| #define HAVE_WCTYPE 1
| #define HAVE_WCSNRTOMBS 1
| #define HAVE_WCSWIDTH 1
| #define HAVE_MBRTOWC 1
| #define HAVE_MBSTATE_T 1
| #define HAVE_ISWLOWER 1
| #define HAVE_ISWUPPER 1
| #define HAVE_TOWLOWER 1
| #define HAVE_TOWUPPER 1
| #define HAVE_ISWCTYPE 1
| #define HAVE_WCHAR_T 1
| #define HAVE_WCTYPE_T 1
| #define HAVE_WINT_T 1
| #define SIZEOF_WCHAR_T 4
| #define HAVE_LIBDL 1
| #define HAVE_DLOPEN 1
| #define HAVE_DLCLOSE 1
| #define HAVE_DLSYM 1
| #define GETGROUPS_T gid_t
| #define HAVE_INTPTR_T 1
| #define HAVE_UINTPTR_T 1
| #define HAVE_LONG_LONG_INT 1
| #define HAVE_UNSIGNED_LONG_LONG_INT 1
| #define SIZEOF_CHAR 1
| #define SIZEOF_SHORT 2
| #define SIZEOF_INT 4
| #define SIZEOF_LONG 8
| #define SIZEOF_CHAR_P 8
| #define SIZEOF_SIZE_T 8
| #define SIZEOF_DOUBLE 8
| #define SIZEOF_LONG_LONG 8
| #define bits16_t short
| #define u_bits16_t unsigned short
| #define bits32_t int
| #define u_bits32_t unsigned int
| #define bits64_t char *
| #define HAVE_HASH_BANG_EXEC 1
| #define HAVE_POSIX_SIGNALS 1
| #define HAVE_SYS_ERRLIST 1
| #define HAVE_DECL_SYS_SIGLIST 0
| #define HAVE_SOCKLEN_T 1
| #define HAVE_QUAD_T 1
| #define RLIMTYPE rlim_t
| #define HAVE_INTMAX_T 1
| #define HAVE_UINTMAX_T 1
| #define SIZEOF_INTMAX_T 8
| #define TERMIOS_LDISC 1
| #define HAVE_STRUCT_DIRENT_D_INO 1
| #define HAVE_STRUCT_DIRENT_D_FILENO 1
| #define HAVE_STRUCT_DIRENT_D_TYPE 1
| #define STRUCT_WINSIZE_IN_SYS_IOCTL 1
| #define HAVE_TIMEVAL 1
| #define HAVE_STRUCT_STAT_ST_BLOCKS 1
| #define HAVE_STRUCT_TM_TM_ZONE 1
| #define HAVE_TM_ZONE 1
| #define HAVE_STRUCT_TIMEZONE 1
| #define WEXITSTATUS_OFFSET 8
| #define HAVE_STRUCT_TIMESPEC 1
| #define TIME_H_DEFINES_STRUCT_TIMESPEC 1
| #define HAVE_STRUCT_STAT_ST_ATIM_TV_NSEC 1
| #define TYPEOF_STRUCT_STAT_ST_ATIM_IS_STRUCT_TIMESPEC 1
| #define HAVE_STRSIGNAL 1
| #define ULIMIT_MAXFDS 1
| /* end confdefs.h.  */
| #include <stdio.h>
| 
| int
| main (void)
| {
| #ifndef fpurge
| #ifdef __cplusplus
|   (void) fpurge;
| #else
|   (void) fpurge;
| #endif
| #endif
| 
|   ;
|   return 0;
| }
configure:21195: result: no
configure:21207: checking to see if getenv can be redefined
configure:21247: x86_64-unknown-linux-musl-gcc -o conftest -g -O2 -I/home/samson/Projects/clojv3/./store/musl-1.2.6/include -B/home/samson/Projects/clojv3/./store/musl-1.2.6/lib -L/home/samson/Projects/clojv3/./store/musl-1.2.6/lib -Wl,-rpath,/home/samson/Projects/clojv3/./store/musl-1.2.6/lib -Wl,-dynamic-linker,/home/samson/Projects/clojv3/./store/musl-1.2.6/lib/libc.so conftest.c -ldl  >&5
configure:21247: $? = 0
configure:21247: ./conftest
configure:21247: $? = 0
configure:21262: result: yes
configure:21270: checking if getcwd() will dynamically allocate memory with 0 size
configure:21301: x86_64-unknown-linux-musl-gcc -o conftest -g -O2 -I/home/samson/Projects/clojv3/./store/musl-1.2.6/include -B/home/samson/Projects/clojv3/./store/musl-1.2.6/lib -L/home/samson/Projects/clojv3/./store/musl-1.2.6/lib -Wl,-rpath,/home/samson/Projects/clojv3/./store/musl-1.2.6/lib -Wl,-dynamic-linker,/home/samson/Projects/clojv3/./store/musl-1.2.6/lib/libc.so conftest.c -ldl  >&5
configure:21301: $? = 0
configure:21301: ./conftest
configure:21301: $? = 0
configure:21316: result: yes
configure:21333: checking for presence of POSIX-style sigsetjmp/siglongjmp
configure:21403: x86_64-unknown-linux-musl-gcc -o conftest -g -O2 -I/home/samson/Projects/clojv3/./store/musl-1.2.6/include -B/home/samson/Projects/clojv3/./store/musl-1.2.6/lib -L/home/samson/Projects/clojv3/./store/musl-1.2.6/lib -Wl,-rpath,/home/samson/Projects/clojv3/./store/musl-1.2.6/lib -Wl,-dynamic-linker,/home/samson/Projects/clojv3/./store/musl-1.2.6/lib/libc.so conftest.c -ldl  >&5
configure:21403: $? = 0
configure:21403: ./conftest
configure:21403: $? = 0
configure:21418: result: present
configure:21425: checking whether or not strcoll and strcmp differ
configure:21478: x86_64-unknown-linux-musl-gcc -o conftest -g -O2 -I/home/samson/Projects/clojv3/./store/musl-1.2.6/include -B/home/samson/Projects/clojv3/./store/musl-1.2.6/lib -L/home/samson/Projects/clojv3/./store/musl-1.2.6/lib -Wl,-rpath,/home/samson/Projects/clojv3/./store/musl-1.2.6/lib -Wl,-dynamic-linker,/home/samson/Projects/clojv3/./store/musl-1.2.6/lib/libc.so conftest.c -ldl  >&5
configure:21478: $? = 0
configure:21478: ./conftest
configure:21478: $? = 1
configure: program exited with status 1
configure: failed program was:
| /* confdefs.h */
| #define PACKAGE_NAME "bash"
| #define PACKAGE_TARNAME "bash"
| #define PACKAGE_VERSION "5.3-release"
| #define PACKAGE_STRING "bash 5.3-release"
| #define PACKAGE_BUGREPORT "bug-bash@gnu.org"
| #define PACKAGE_URL ""
| #define ALIAS 1
| #define PUSHD_AND_POPD 1
| #define RESTRICTED_SHELL 1
| #define PROCESS_SUBSTITUTION 1
| #define PROMPT_STRING_DECODE 1
| #define SELECT_COMMAND 1
| #define HELP_BUILTIN 1
| #define ARRAY_VARS 1
| #define DPAREN_ARITHMETIC 1
| #define BRACE_EXPANSION 1
| #define COMMAND_TIMING 1
| #define EXTENDED_GLOB 1
| #define EXTGLOB_DEFAULT 0
| #define COND_COMMAND 1
| #define COND_REGEXP 1
| #define COPROCESS_SUPPORT 1
| #define ARITH_FOR_COMMAND 1
| #define NETWORK_REDIRECTIONS 1
| #define PROGRAMMABLE_COMPLETION 1
| #define DEBUGGER 1
| #define CASEMOD_ATTRS 1
| #define CASEMOD_EXPANSIONS 1
| #define GLOBASCII_DEFAULT 1
| #define FUNCTION_IMPORT 1
| #define TRANSLATABLE_STRINGS 1
| #define BASH_SOURCE_FULLPATH_DEFAULT 0
| #define MEMSCRAMBLE 1
| #define HAVE_STDIO_H 1
| #define HAVE_STDLIB_H 1
| #define HAVE_STRING_H 1
| #define HAVE_INTTYPES_H 1
| #define HAVE_STDINT_H 1
| #define HAVE_STRINGS_H 1
| #define HAVE_SYS_STAT_H 1
| #define HAVE_SYS_TYPES_H 1
| #define HAVE_UNISTD_H 1
| #define HAVE_WCHAR_H 1
| #define HAVE_STDBOOL_H 1
| #define HAVE_SYS_PARAM_H 1
| #define HAVE_THREADS_H 1
| #define HAVE_SYS_TIME_H 1
| #define STDC_HEADERS 1
| #define _ALL_SOURCE 1
| #define _DARWIN_C_SOURCE 1
| #define _GNU_SOURCE 1
| #define _HPUX_ALT_XOPEN_SOCKET_API 1
| #define _NETBSD_SOURCE 1
| #define _OPENBSD_SOURCE 1
| #define _POSIX_PTHREAD_SEMANTICS 1
| #define __STDC_WANT_IEC_60559_ATTRIBS_EXT__ 1
| #define __STDC_WANT_IEC_60559_BFP_EXT__ 1
| #define __STDC_WANT_IEC_60559_DFP_EXT__ 1
| #define __STDC_WANT_IEC_60559_EXT__ 1
| #define __STDC_WANT_IEC_60559_FUNCS_EXT__ 1
| #define __STDC_WANT_IEC_60559_TYPES_EXT__ 1
| #define __STDC_WANT_LIB_EXT2__ 1
| #define __STDC_WANT_MATH_SPEC_FUNCS__ 1
| #define _TANDEM_SOURCE 1
| #define __EXTENSIONS__ 1
| #define READLINE 1
| #define HISTORY 1
| #define BANG_HISTORY 1
| #define HAVE_STRINGIZE 1
| #define HAVE_LONG_DOUBLE 1
| #define restrict __restrict__
| #define HAVE_C_BOOL 1
| #define HAVE_VISIBILITY 1
| #define HAVE_STDINT_H_WITH_UINTMAX 1
| #define HAVE_ALLOCA_H 1
| #define HAVE_ALLOCA 1
| #define HAVE_GETPAGESIZE 1
| #define HAVE_SYMLINK 1
| #define HAVE_USELOCALE 1
| #define HAVE_VPRINTF 1
| #define HAVE_ALARM 1
| #define HAVE_FPURGE 1
| #define HAVE___FPURGE 1
| #define HAVE_SNPRINTF 1
| #define HAVE_VSNPRINTF 1
| #define HAVE_MMAP 1
| #define INTDIV0_RAISES_SIGFPE 1
| #define HAVE_INTTYPES_H_WITH_UINTMAX 1
| #define HAVE_UNSIGNED_LONG_LONG_INT 1
| #define HAVE_UINTMAX_T 1
| #define HAVE_WEAK_SYMBOLS 1
| #define HAVE_PTHREAD_API 1
| #define USE_POSIX_THREADS 1
| #define USE_POSIX_THREADS_WEAK 1
| #define HAVE_PTHREAD_RWLOCK 1
| #define HAVE_PTHREAD_MUTEX_RECURSIVE 1
| #define HAVE_ICONV 1
| #define ICONV_CONST 
| #define HAVE_BUILTIN_EXPECT 1
| #define HAVE_INTTYPES_H 1
| #define HAVE_UNISTD_H 1
| #define HAVE_SYS_PARAM_H 1
| #define HAVE_GETCWD 1
| #define HAVE_GETEGID 1
| #define HAVE_GETEUID 1
| #define HAVE_GETGID 1
| #define HAVE_GETUID 1
| #define HAVE_MEMPCPY 1
| #define HAVE_MUNMAP 1
| #define HAVE_STPCPY 1
| #define HAVE_STRCASECMP 1
| #define HAVE_TSEARCH 1
| #define HAVE___FSETLOCKING 1
| #define HAVE_DECL_FEOF_UNLOCKED 1
| #define HAVE_DECL_FGETS_UNLOCKED 1
| #define HAVE_LOCALECONV 1
| #define HAVE_LONG_LONG_INT 1
| #define HAVE_WCHAR_T 1
| #define HAVE_WINT_T 1
| #define HAVE_INTMAX_T 1
| #define HAVE_POSIX_PRINTF 1
| #define HAVE_STDINT_H 1
| #define HAVE_STDINT_H 1
| #define HAVE_WORKING_O_NOATIME 0
| #define HAVE_WORKING_O_NOFOLLOW 0
| #define HAVE_WORKING_USELOCALE 1
| #define HAVE_GOOD_USELOCALE 1
| #define FLEXIBLE_ARRAY_MEMBER /**/
| #define HAVE_FEATURES_H 1
| #define HAVE_STDDEF_H 1
| #define HAVE_STDLIB_H 1
| #define HAVE_STRING_H 1
| #define HAVE_ASPRINTF 1
| #define HAVE_WPRINTF 1
| #define HAVE_NEWLOCALE 1
| #define HAVE_PUTENV 1
| #define HAVE_SETENV 1
| #define HAVE_SNPRINTF 1
| #define HAVE_STRNLEN 1
| #define HAVE_USELOCALE 1
| #define HAVE_WCSLEN 1
| #define HAVE_WCSNLEN 1
| #define HAVE_MBRTOWC 1
| #define HAVE_WCRTOMB 1
| #define HAVE_DECL__SNPRINTF 0
| #define HAVE_DECL__SNWPRINTF 0
| #define HAVE_DECL_GETC_UNLOCKED 1
| #define HAVE_NL_LANGINFO 1
| #define HAVE_LANGINFO_CODESET 1
| #define HAVE_LC_MESSAGES 1
| #define ENABLE_NLS 1
| #define HAVE_GETTEXT 1
| #define HAVE_DCGETTEXT 1
| #define HAVE_DIRENT_H 1
| #define MAJOR_IN_SYSMACROS 1
| #define HAVE_INTTYPES_H 1
| #define HAVE_UNISTD_H 1
| #define HAVE_STDLIB_H 1
| #define HAVE_LIMITS_H 1
| #define HAVE_STRING_H 1
| #define HAVE_MEMORY_H 1
| #define HAVE_LOCALE_H 1
| #define HAVE_TERMIOS_H 1
| #define HAVE_DLFCN_H 1
| #define HAVE_STDDEF_H 1
| #define HAVE_STDINT_H 1
| #define HAVE_NETDB_H 1
| #define HAVE_PWD_H 1
| #define HAVE_GRP_H 1
| #define HAVE_STRINGS_H 1
| #define HAVE_STDCKDINT_H 1
| #define HAVE_REGEX_H 1
| #define HAVE_SYSLOG_H 1
| #define HAVE_ULIMIT_H 1
| #define HAVE_SYS_SELECT_H 1
| #define HAVE_SYS_FILE_H 1
| #define HAVE_SYS_IOCTL_H 1
| #define HAVE_SYS_MMAN_H 1
| #define HAVE_SYS_PARAM_H 1
| #define HAVE_SYS_RANDOM_H 1
| #define HAVE_SYS_SOCKET_H 1
| #define HAVE_SYS_STAT_H 1
| #define HAVE_SYS_TIME_H 1
| #define HAVE_SYS_TIMES_H 1
| #define HAVE_SYS_TYPES_H 1
| #define HAVE_SYS_WAIT_H 1
| #define HAVE_NETINET_IN_H 1
| #define HAVE_ARPA_INET_H 1
| #define HAVE_SYS_RESOURCE_H 1
| #define HAVE_ALLOCA_H 1
| #define HAVE_ALLOCA 1
| #define HAVE_CHOWN 1
| #define GETPGRP_VOID 1
| #define HAVE_STRCOLL 1
| #define HAVE_WAIT3 1
| #define HAVE_MKFIFO 1
| #define HAVE_DUP2 1
| #define HAVE_EACCESS 1
| #define HAVE_FCNTL 1
| #define HAVE_GETDTABLESIZE 1
| #define HAVE_GETENTROPY 1
| #define HAVE_GETGROUPS 1
| #define HAVE_GETHOSTNAME 1
| #define HAVE_GETPAGESIZE 1
| #define HAVE_GETPEERNAME 1
| #define HAVE_GETRANDOM 1
| #define HAVE_GETRLIMIT 1
| #define HAVE_GETRUSAGE 1
| #define HAVE_GETTIMEOFDAY 1
| #define HAVE_KILL 1
| #define HAVE_KILLPG 1
| #define HAVE_LSTAT 1
| #define HAVE_NANOSLEEP 1
| #define HAVE_PSELECT 1
| #define HAVE_READLINK 1
| #define HAVE_SELECT 1
| #define HAVE_SETITIMER 1
| #define HAVE_STATFS 1
| #define HAVE_TCGETPGRP 1
| #define HAVE_UNAME 1
| #define HAVE_ULIMIT 1
| #define HAVE_WAITPID 1
| #define HAVE_RENAME 1
| #define HAVE_BCOPY 1
| #define HAVE_BZERO 1
| #define HAVE_CLOCK_GETTIME 1
| #define HAVE_CONFSTR 1
| #define HAVE_FACCESSAT 1
| #define HAVE_FNMATCH 1
| #define HAVE_GETADDRINFO 1
| #define HAVE_GETHOSTBYNAME 1
| #define HAVE_GETSERVBYNAME 1
| #define HAVE_GETSERVENT 1
| #define HAVE_INET_ATON 1
| #define HAVE_IMAXDIV 1
| #define HAVE_MEMMOVE 1
| #define HAVE_PATHCONF 1
| #define HAVE_PUTENV 1
| #define HAVE_RAISE 1
| #define HAVE_RANDOM 1
| #define HAVE_REGCOMP 1
| #define HAVE_REGEXEC 1
| #define HAVE_SETENV 1
| #define HAVE_SETLINEBUF 1
| #define HAVE_SETLOCALE 1
| #define HAVE_SETVBUF 1
| #define HAVE_SIGINTERRUPT 1
| #define HAVE_STRCHR 1
| #define HAVE_SYSCONF 1
| #define HAVE_SYSLOG 1
| #define HAVE_TCGETATTR 1
| #define HAVE_TCGETWINSIZE 1
| #define HAVE_TCSETWINSIZE 1
| #define HAVE_TIMES 1
| #define HAVE_TTYNAME 1
| #define HAVE_TZSET 1
| #define HAVE_UNSETENV 1
| #define HAVE_VASPRINTF 1
| #define HAVE_ASPRINTF 1
| #define HAVE_ISASCII 1
| #define HAVE_ISBLANK 1
| #define HAVE_ISGRAPH 1
| #define HAVE_ISPRINT 1
| #define HAVE_ISSPACE 1
| #define HAVE_ISXDIGIT 1
| #define HAVE_GETPWENT 1
| #define HAVE_GETPWNAM 1
| #define HAVE_GETPWUID 1
| #define HAVE_MKSTEMP 1
| #define HAVE_MKDTEMP 1
| #define HAVE_STRLCAT 1
| #define HAVE_MEMFD_CREATE 1
| #define HAVE_SHM_OPEN 1
| #define HAVE_GETCWD 1
| #define HAVE_MEMSET 1
| #define HAVE_STRCASECMP 1
| #define HAVE_STRCASESTR 1
| #define HAVE_STRERROR 1
| #define HAVE_STRFTIME 1
| #define HAVE_STRNLEN 1
| #define HAVE_STRPBRK 1
| #define HAVE_STRSTR 1
| #define HAVE_STRTOD 1
| #define HAVE_STRTOL 1
| #define HAVE_STRTOUL 1
| #define HAVE_STRTOLL 1
| #define HAVE_STRTOULL 1
| #define HAVE_STRTOUMAX 1
| #define HAVE_DPRINTF 1
| #define HAVE_STRDUP 1
| #define HAVE_STRLCPY 1
| #define HAVE_REALLOCARRAY 1
| #define HAVE_DECL_AUDIT_USER_TTY 1
| #define HAVE_DECL_CONFSTR 1
| #define HAVE_DECL_PRINTF 1
| #define HAVE_DECL_BRK 1
| #define HAVE_DECL_SBRK 1
| #define HAVE_DECL_SETREGID 1
| #define HAVE_DECL_STRCPY 1
| #define HAVE_DECL_STRSIGNAL 1
| #define HAVE_SETRESUID 1
| #define HAVE_SETRESGID 1
| #define HAVE_DECL_STRTOLD 1
| #define HAVE_DECL_STRTOL 1
| #define HAVE_DECL_STRTOLL 1
| #define HAVE_DECL_STRTOUL 1
| #define HAVE_DECL_STRTOULL 1
| #define HAVE_DECL_STRTOUMAX 1
| #define HAVE_ERRNO_H 1
| #define HAVE_FCNTL_H 1
| #define HAVE_MALLOC_H 1
| #define HAVE_STDIO_EXT_H 1
| #define HAVE_MALLOC 1
| #define HAVE_MMAP 1
| #define HAVE_DCGETTEXT 1
| #define HAVE_MEMPCPY 1
| #define HAVE_MUNMAP 1
| #define HAVE_MREMAP 1
| #define HAVE_STPCPY 1
| #define HAVE_STRCSPN 1
| #define HAVE_WCTYPE_H 1
| #define HAVE_WCHAR_H 1
| #define HAVE_LANGINFO_H 1
| #define HAVE_MBRLEN 1
| #define HAVE_MBSNRTOWCS 1
| #define HAVE_MBSRTOWCS 1
| #define HAVE_WCRTOMB 1
| #define HAVE_WCSCOLL 1
| #define HAVE_WCSDUP 1
| #define HAVE_WCWIDTH 1
| #define HAVE_WCTYPE 1
| #define HAVE_WCSNRTOMBS 1
| #define HAVE_WCSWIDTH 1
| #define HAVE_MBRTOWC 1
| #define HAVE_MBSTATE_T 1
| #define HAVE_ISWLOWER 1
| #define HAVE_ISWUPPER 1
| #define HAVE_TOWLOWER 1
| #define HAVE_TOWUPPER 1
| #define HAVE_ISWCTYPE 1
| #define HAVE_WCHAR_T 1
| #define HAVE_WCTYPE_T 1
| #define HAVE_WINT_T 1
| #define SIZEOF_WCHAR_T 4
| #define HAVE_LIBDL 1
| #define HAVE_DLOPEN 1
| #define HAVE_DLCLOSE 1
| #define HAVE_DLSYM 1
| #define GETGROUPS_T gid_t
| #define HAVE_INTPTR_T 1
| #define HAVE_UINTPTR_T 1
| #define HAVE_LONG_LONG_INT 1
| #define HAVE_UNSIGNED_LONG_LONG_INT 1
| #define SIZEOF_CHAR 1
| #define SIZEOF_SHORT 2
| #define SIZEOF_INT 4
| #define SIZEOF_LONG 8
| #define SIZEOF_CHAR_P 8
| #define SIZEOF_SIZE_T 8
| #define SIZEOF_DOUBLE 8
| #define SIZEOF_LONG_LONG 8
| #define bits16_t short
| #define u_bits16_t unsigned short
| #define bits32_t int
| #define u_bits32_t unsigned int
| #define bits64_t char *
| #define HAVE_HASH_BANG_EXEC 1
| #define HAVE_POSIX_SIGNALS 1
| #define HAVE_SYS_ERRLIST 1
| #define HAVE_DECL_SYS_SIGLIST 0
| #define HAVE_SOCKLEN_T 1
| #define HAVE_QUAD_T 1
| #define RLIMTYPE rlim_t
| #define HAVE_INTMAX_T 1
| #define HAVE_UINTMAX_T 1
| #define SIZEOF_INTMAX_T 8
| #define TERMIOS_LDISC 1
| #define HAVE_STRUCT_DIRENT_D_INO 1
| #define HAVE_STRUCT_DIRENT_D_FILENO 1
| #define HAVE_STRUCT_DIRENT_D_TYPE 1
| #define STRUCT_WINSIZE_IN_SYS_IOCTL 1
| #define HAVE_TIMEVAL 1
| #define HAVE_STRUCT_STAT_ST_BLOCKS 1
| #define HAVE_STRUCT_TM_TM_ZONE 1
| #define HAVE_TM_ZONE 1
| #define HAVE_STRUCT_TIMEZONE 1
| #define WEXITSTATUS_OFFSET 8
| #define HAVE_STRUCT_TIMESPEC 1
| #define TIME_H_DEFINES_STRUCT_TIMESPEC 1
| #define HAVE_STRUCT_STAT_ST_ATIM_TV_NSEC 1
| #define TYPEOF_STRUCT_STAT_ST_ATIM_IS_STRUCT_TIMESPEC 1
| #define HAVE_STRSIGNAL 1
| #define ULIMIT_MAXFDS 1
| #define HAVE_DECL_FPURGE 0
| #define CAN_REDEFINE_GETENV 1
| #define HAVE_GETCWD 1
| #define HAVE_POSIX_SIGSETJMP 1
| /* end confdefs.h.  */
| 
| #include <stdio.h>
| #if defined (HAVE_LOCALE_H)
| #include <locale.h>
| #endif
| #include <string.h>
| #include <stdlib.h>
| 
| int
| main(int c, char **v)
| {
|         int     r1, r2;
|         char    *deflocale, *defcoll;
| 
| #ifdef HAVE_SETLOCALE
|         deflocale = setlocale(LC_ALL, "");
| 	defcoll = setlocale(LC_COLLATE, "");
| #endif
| 
| #ifdef HAVE_STRCOLL
| 	/* These two values are taken from tests/glob-test. */
|         r1 = strcoll("abd", "aXd");
| #else
| 	r1 = 0;
| #endif
|         r2 = strcmp("abd", "aXd");
| 
| 	/* These two should both be greater than 0.  It is permissible for
| 	   a system to return different values, as long as the sign is the
| 	   same. */
| 
|         /* Exit with 1 (failure) if these two values are both > 0, since
| 	   this tests whether strcoll(3) is broken with respect to strcmp(3)
| 	   in the default locale. */
| 	exit (r1 > 0 && r2 > 0);
| }
| 
configure:21493: result: no
configure:21504: checking for standard-conformant snprintf
configure:21532: x86_64-unknown-linux-musl-gcc -o conftest -g -O2 -I/home/samson/Projects/clojv3/./store/musl-1.2.6/include -B/home/samson/Projects/clojv3/./store/musl-1.2.6/lib -L/home/samson/Projects/clojv3/./store/musl-1.2.6/lib -Wl,-rpath,/home/samson/Projects/clojv3/./store/musl-1.2.6/lib -Wl,-dynamic-linker,/home/samson/Projects/clojv3/./store/musl-1.2.6/lib/libc.so conftest.c -ldl  >&5
configure:21532: $? = 0
configure:21532: ./conftest
configure:21532: $? = 0
configure:21546: result: yes
configure:21562: checking for standard-conformant vsnprintf
configure:21603: x86_64-unknown-linux-musl-gcc -o conftest -g -O2 -I/home/samson/Projects/clojv3/./store/musl-1.2.6/include -B/home/samson/Projects/clojv3/./store/musl-1.2.6/lib -L/home/samson/Projects/clojv3/./store/musl-1.2.6/lib -Wl,-rpath,/home/samson/Projects/clojv3/./store/musl-1.2.6/lib -Wl,-dynamic-linker,/home/samson/Projects/clojv3/./store/musl-1.2.6/lib/libc.so conftest.c -ldl  >&5
configure:21603: $? = 0
configure:21603: ./conftest
configure:21603: $? = 0
configure:21617: result: yes
configure:21631: checking for strtoimax
configure:21631: x86_64-unknown-linux-musl-gcc -o conftest -g -O2 -I/home/samson/Projects/clojv3/./store/musl-1.2.6/include -B/home/samson/Projects/clojv3/./store/musl-1.2.6/lib -L/home/samson/Projects/clojv3/./store/musl-1.2.6/lib -Wl,-rpath,/home/samson/Projects/clojv3/./store/musl-1.2.6/lib -Wl,-dynamic-linker,/home/samson/Projects/clojv3/./store/musl-1.2.6/lib/libc.so conftest.c -ldl  >&5
configure:21631: $? = 0
configure:21631: result: yes
configure:21638: checking whether strtoimax is declared
configure:21638: x86_64-unknown-linux-musl-gcc -c -g -O2  -I/home/samson/Projects/clojv3/./store/musl-1.2.6/include conftest.c >&5
configure:21638: $? = 0
configure:21638: result: yes
configure:21658: checking whether clearerr_unlocked is declared
configure:21658: x86_64-unknown-linux-musl-gcc -c -g -O2  -I/home/samson/Projects/clojv3/./store/musl-1.2.6/include conftest.c >&5
configure:21658: $? = 0
configure:21658: result: yes
configure:21668: checking whether feof_unlocked is declared
configure:21668: result: yes
configure:21678: checking whether ferror_unlocked is declared
configure:21678: x86_64-unknown-linux-musl-gcc -c -g -O2  -I/home/samson/Projects/clojv3/./store/musl-1.2.6/include conftest.c >&5
configure:21678: $? = 0
configure:21678: result: yes
configure:21688: checking whether fflush_unlocked is declared
configure:21688: x86_64-unknown-linux-musl-gcc -c -g -O2  -I/home/samson/Projects/clojv3/./store/musl-1.2.6/include conftest.c >&5
configure:21688: $? = 0
configure:21688: result: yes
configure:21698: checking whether fgets_unlocked is declared
configure:21698: result: yes
configure:21708: checking whether fputc_unlocked is declared
configure:21708: x86_64-unknown-linux-musl-gcc -c -g -O2  -I/home/samson/Projects/clojv3/./store/musl-1.2.6/include conftest.c >&5
configure:21708: $? = 0
configure:21708: result: yes
configure:21718: checking whether fputs_unlocked is declared
configure:21718: x86_64-unknown-linux-musl-gcc -c -g -O2  -I/home/samson/Projects/clojv3/./store/musl-1.2.6/include conftest.c >&5
configure:21718: $? = 0
configure:21718: result: yes
configure:21728: checking whether fread_unlocked is declared
configure:21728: x86_64-unknown-linux-musl-gcc -c -g -O2  -I/home/samson/Projects/clojv3/./store/musl-1.2.6/include conftest.c >&5
configure:21728: $? = 0
configure:21728: result: yes
configure:21738: checking whether fwrite_unlocked is declared
configure:21738: x86_64-unknown-linux-musl-gcc -c -g -O2  -I/home/samson/Projects/clojv3/./store/musl-1.2.6/include conftest.c >&5
configure:21738: $? = 0
configure:21738: result: yes
configure:21748: checking whether getc_unlocked is declared
configure:21748: result: yes
configure:21758: checking whether getchar_unlocked is declared
configure:21758: x86_64-unknown-linux-musl-gcc -c -g -O2  -I/home/samson/Projects/clojv3/./store/musl-1.2.6/include conftest.c >&5
configure:21758: $? = 0
configure:21758: result: yes
configure:21768: checking whether putc_unlocked is declared
configure:21768: x86_64-unknown-linux-musl-gcc -c -g -O2  -I/home/samson/Projects/clojv3/./store/musl-1.2.6/include conftest.c >&5
configure:21768: $? = 0
configure:21768: result: yes
configure:21778: checking whether putchar_unlocked is declared
configure:21778: x86_64-unknown-linux-musl-gcc -c -g -O2  -I/home/samson/Projects/clojv3/./store/musl-1.2.6/include conftest.c >&5
configure:21778: $? = 0
configure:21778: result: yes
configure:21809: checking for standard-conformant putenv declaration
configure:21834: x86_64-unknown-linux-musl-gcc -o conftest -g -O2 -I/home/samson/Projects/clojv3/./store/musl-1.2.6/include -B/home/samson/Projects/clojv3/./store/musl-1.2.6/lib -L/home/samson/Projects/clojv3/./store/musl-1.2.6/lib -Wl,-rpath,/home/samson/Projects/clojv3/./store/musl-1.2.6/lib -Wl,-dynamic-linker,/home/samson/Projects/clojv3/./store/musl-1.2.6/lib/libc.so conftest.c -ldl  >&5
configure:21834: $? = 0
configure:21846: result: yes
configure:21859: checking for standard-conformant unsetenv declaration
configure:21884: x86_64-unknown-linux-musl-gcc -o conftest -g -O2 -I/home/samson/Projects/clojv3/./store/musl-1.2.6/include -B/home/samson/Projects/clojv3/./store/musl-1.2.6/lib -L/home/samson/Projects/clojv3/./store/musl-1.2.6/lib -Wl,-rpath,/home/samson/Projects/clojv3/./store/musl-1.2.6/lib -Wl,-dynamic-linker,/home/samson/Projects/clojv3/./store/musl-1.2.6/lib/libc.so conftest.c -ldl  >&5
configure:21884: $? = 0
configure:21896: result: yes
configure:21908: checking for printf floating point output in hex notation
configure:21939: x86_64-unknown-linux-musl-gcc -o conftest -g -O2 -I/home/samson/Projects/clojv3/./store/musl-1.2.6/include -B/home/samson/Projects/clojv3/./store/musl-1.2.6/lib -L/home/samson/Projects/clojv3/./store/musl-1.2.6/lib -Wl,-rpath,/home/samson/Projects/clojv3/./store/musl-1.2.6/lib -Wl,-dynamic-linker,/home/samson/Projects/clojv3/./store/musl-1.2.6/lib/libc.so conftest.c -ldl  >&5
configure:21939: $? = 0
configure:21939: ./conftest
configure:21939: $? = 0
configure:21954: result: yes
configure:21962: checking whether fnmatch can be used to check bracket equivalence classes
configure:21999: x86_64-unknown-linux-musl-gcc -o conftest -g -O2 -I/home/samson/Projects/clojv3/./store/musl-1.2.6/include -B/home/samson/Projects/clojv3/./store/musl-1.2.6/lib -L/home/samson/Projects/clojv3/./store/musl-1.2.6/lib -Wl,-rpath,/home/samson/Projects/clojv3/./store/musl-1.2.6/lib -Wl,-dynamic-linker,/home/samson/Projects/clojv3/./store/musl-1.2.6/lib/libc.so conftest.c -ldl  >&5
configure:21999: $? = 0
configure:21999: ./conftest
configure:21999: $? = 1
configure: program exited with status 1
configure: failed program was:
| /* confdefs.h */
| #define PACKAGE_NAME "bash"
| #define PACKAGE_TARNAME "bash"
| #define PACKAGE_VERSION "5.3-release"
| #define PACKAGE_STRING "bash 5.3-release"
| #define PACKAGE_BUGREPORT "bug-bash@gnu.org"
| #define PACKAGE_URL ""
| #define ALIAS 1
| #define PUSHD_AND_POPD 1
| #define RESTRICTED_SHELL 1
| #define PROCESS_SUBSTITUTION 1
| #define PROMPT_STRING_DECODE 1
| #define SELECT_COMMAND 1
| #define HELP_BUILTIN 1
| #define ARRAY_VARS 1
| #define DPAREN_ARITHMETIC 1
| #define BRACE_EXPANSION 1
| #define COMMAND_TIMING 1
| #define EXTENDED_GLOB 1
| #define EXTGLOB_DEFAULT 0
| #define COND_COMMAND 1
| #define COND_REGEXP 1
| #define COPROCESS_SUPPORT 1
| #define ARITH_FOR_COMMAND 1
| #define NETWORK_REDIRECTIONS 1
| #define PROGRAMMABLE_COMPLETION 1
| #define DEBUGGER 1
| #define CASEMOD_ATTRS 1
| #define CASEMOD_EXPANSIONS 1
| #define GLOBASCII_DEFAULT 1
| #define FUNCTION_IMPORT 1
| #define TRANSLATABLE_STRINGS 1
| #define BASH_SOURCE_FULLPATH_DEFAULT 0
| #define MEMSCRAMBLE 1
| #define HAVE_STDIO_H 1
| #define HAVE_STDLIB_H 1
| #define HAVE_STRING_H 1
| #define HAVE_INTTYPES_H 1
| #define HAVE_STDINT_H 1
| #define HAVE_STRINGS_H 1
| #define HAVE_SYS_STAT_H 1
| #define HAVE_SYS_TYPES_H 1
| #define HAVE_UNISTD_H 1
| #define HAVE_WCHAR_H 1
| #define HAVE_STDBOOL_H 1
| #define HAVE_SYS_PARAM_H 1
| #define HAVE_THREADS_H 1
| #define HAVE_SYS_TIME_H 1
| #define STDC_HEADERS 1
| #define _ALL_SOURCE 1
| #define _DARWIN_C_SOURCE 1
| #define _GNU_SOURCE 1
| #define _HPUX_ALT_XOPEN_SOCKET_API 1
| #define _NETBSD_SOURCE 1
| #define _OPENBSD_SOURCE 1
| #define _POSIX_PTHREAD_SEMANTICS 1
| #define __STDC_WANT_IEC_60559_ATTRIBS_EXT__ 1
| #define __STDC_WANT_IEC_60559_BFP_EXT__ 1
| #define __STDC_WANT_IEC_60559_DFP_EXT__ 1
| #define __STDC_WANT_IEC_60559_EXT__ 1
| #define __STDC_WANT_IEC_60559_FUNCS_EXT__ 1
| #define __STDC_WANT_IEC_60559_TYPES_EXT__ 1
| #define __STDC_WANT_LIB_EXT2__ 1
| #define __STDC_WANT_MATH_SPEC_FUNCS__ 1
| #define _TANDEM_SOURCE 1
| #define __EXTENSIONS__ 1
| #define READLINE 1
| #define HISTORY 1
| #define BANG_HISTORY 1
| #define HAVE_STRINGIZE 1
| #define HAVE_LONG_DOUBLE 1
| #define restrict __restrict__
| #define HAVE_C_BOOL 1
| #define HAVE_VISIBILITY 1
| #define HAVE_STDINT_H_WITH_UINTMAX 1
| #define HAVE_ALLOCA_H 1
| #define HAVE_ALLOCA 1
| #define HAVE_GETPAGESIZE 1
| #define HAVE_SYMLINK 1
| #define HAVE_USELOCALE 1
| #define HAVE_VPRINTF 1
| #define HAVE_ALARM 1
| #define HAVE_FPURGE 1
| #define HAVE___FPURGE 1
| #define HAVE_SNPRINTF 1
| #define HAVE_VSNPRINTF 1
| #define HAVE_MMAP 1
| #define INTDIV0_RAISES_SIGFPE 1
| #define HAVE_INTTYPES_H_WITH_UINTMAX 1
| #define HAVE_UNSIGNED_LONG_LONG_INT 1
| #define HAVE_UINTMAX_T 1
| #define HAVE_WEAK_SYMBOLS 1
| #define HAVE_PTHREAD_API 1
| #define USE_POSIX_THREADS 1
| #define USE_POSIX_THREADS_WEAK 1
| #define HAVE_PTHREAD_RWLOCK 1
| #define HAVE_PTHREAD_MUTEX_RECURSIVE 1
| #define HAVE_ICONV 1
| #define ICONV_CONST 
| #define HAVE_BUILTIN_EXPECT 1
| #define HAVE_INTTYPES_H 1
| #define HAVE_UNISTD_H 1
| #define HAVE_SYS_PARAM_H 1
| #define HAVE_GETCWD 1
| #define HAVE_GETEGID 1
| #define HAVE_GETEUID 1
| #define HAVE_GETGID 1
| #define HAVE_GETUID 1
| #define HAVE_MEMPCPY 1
| #define HAVE_MUNMAP 1
| #define HAVE_STPCPY 1
| #define HAVE_STRCASECMP 1
| #define HAVE_TSEARCH 1
| #define HAVE___FSETLOCKING 1
| #define HAVE_DECL_FEOF_UNLOCKED 1
| #define HAVE_DECL_FGETS_UNLOCKED 1
| #define HAVE_LOCALECONV 1
| #define HAVE_LONG_LONG_INT 1
| #define HAVE_WCHAR_T 1
| #define HAVE_WINT_T 1
| #define HAVE_INTMAX_T 1
| #define HAVE_POSIX_PRINTF 1
| #define HAVE_STDINT_H 1
| #define HAVE_STDINT_H 1
| #define HAVE_WORKING_O_NOATIME 0
| #define HAVE_WORKING_O_NOFOLLOW 0
| #define HAVE_WORKING_USELOCALE 1
| #define HAVE_GOOD_USELOCALE 1
| #define FLEXIBLE_ARRAY_MEMBER /**/
| #define HAVE_FEATURES_H 1
| #define HAVE_STDDEF_H 1
| #define HAVE_STDLIB_H 1
| #define HAVE_STRING_H 1
| #define HAVE_ASPRINTF 1
| #define HAVE_WPRINTF 1
| #define HAVE_NEWLOCALE 1
| #define HAVE_PUTENV 1
| #define HAVE_SETENV 1
| #define HAVE_SNPRINTF 1
| #define HAVE_STRNLEN 1
| #define HAVE_USELOCALE 1
| #define HAVE_WCSLEN 1
| #define HAVE_WCSNLEN 1
| #define HAVE_MBRTOWC 1
| #define HAVE_WCRTOMB 1
| #define HAVE_DECL__SNPRINTF 0
| #define HAVE_DECL__SNWPRINTF 0
| #define HAVE_DECL_GETC_UNLOCKED 1
| #define HAVE_NL_LANGINFO 1
| #define HAVE_LANGINFO_CODESET 1
| #define HAVE_LC_MESSAGES 1
| #define ENABLE_NLS 1
| #define HAVE_GETTEXT 1
| #define HAVE_DCGETTEXT 1
| #define HAVE_DIRENT_H 1
| #define MAJOR_IN_SYSMACROS 1
| #define HAVE_INTTYPES_H 1
| #define HAVE_UNISTD_H 1
| #define HAVE_STDLIB_H 1
| #define HAVE_LIMITS_H 1
| #define HAVE_STRING_H 1
| #define HAVE_MEMORY_H 1
| #define HAVE_LOCALE_H 1
| #define HAVE_TERMIOS_H 1
| #define HAVE_DLFCN_H 1
| #define HAVE_STDDEF_H 1
| #define HAVE_STDINT_H 1
| #define HAVE_NETDB_H 1
| #define HAVE_PWD_H 1
| #define HAVE_GRP_H 1
| #define HAVE_STRINGS_H 1
| #define HAVE_STDCKDINT_H 1
| #define HAVE_REGEX_H 1
| #define HAVE_SYSLOG_H 1
| #define HAVE_ULIMIT_H 1
| #define HAVE_SYS_SELECT_H 1
| #define HAVE_SYS_FILE_H 1
| #define HAVE_SYS_IOCTL_H 1
| #define HAVE_SYS_MMAN_H 1
| #define HAVE_SYS_PARAM_H 1
| #define HAVE_SYS_RANDOM_H 1
| #define HAVE_SYS_SOCKET_H 1
| #define HAVE_SYS_STAT_H 1
| #define HAVE_SYS_TIME_H 1
| #define HAVE_SYS_TIMES_H 1
| #define HAVE_SYS_TYPES_H 1
| #define HAVE_SYS_WAIT_H 1
| #define HAVE_NETINET_IN_H 1
| #define HAVE_ARPA_INET_H 1
| #define HAVE_SYS_RESOURCE_H 1
| #define HAVE_ALLOCA_H 1
| #define HAVE_ALLOCA 1
| #define HAVE_CHOWN 1
| #define GETPGRP_VOID 1
| #define HAVE_STRCOLL 1
| #define HAVE_WAIT3 1
| #define HAVE_MKFIFO 1
| #define HAVE_DUP2 1
| #define HAVE_EACCESS 1
| #define HAVE_FCNTL 1
| #define HAVE_GETDTABLESIZE 1
| #define HAVE_GETENTROPY 1
| #define HAVE_GETGROUPS 1
| #define HAVE_GETHOSTNAME 1
| #define HAVE_GETPAGESIZE 1
| #define HAVE_GETPEERNAME 1
| #define HAVE_GETRANDOM 1
| #define HAVE_GETRLIMIT 1
| #define HAVE_GETRUSAGE 1
| #define HAVE_GETTIMEOFDAY 1
| #define HAVE_KILL 1
| #define HAVE_KILLPG 1
| #define HAVE_LSTAT 1
| #define HAVE_NANOSLEEP 1
| #define HAVE_PSELECT 1
| #define HAVE_READLINK 1
| #define HAVE_SELECT 1
| #define HAVE_SETITIMER 1
| #define HAVE_STATFS 1
| #define HAVE_TCGETPGRP 1
| #define HAVE_UNAME 1
| #define HAVE_ULIMIT 1
| #define HAVE_WAITPID 1
| #define HAVE_RENAME 1
| #define HAVE_BCOPY 1
| #define HAVE_BZERO 1
| #define HAVE_CLOCK_GETTIME 1
| #define HAVE_CONFSTR 1
| #define HAVE_FACCESSAT 1
| #define HAVE_FNMATCH 1
| #define HAVE_GETADDRINFO 1
| #define HAVE_GETHOSTBYNAME 1
| #define HAVE_GETSERVBYNAME 1
| #define HAVE_GETSERVENT 1
| #define HAVE_INET_ATON 1
| #define HAVE_IMAXDIV 1
| #define HAVE_MEMMOVE 1
| #define HAVE_PATHCONF 1
| #define HAVE_PUTENV 1
| #define HAVE_RAISE 1
| #define HAVE_RANDOM 1
| #define HAVE_REGCOMP 1
| #define HAVE_REGEXEC 1
| #define HAVE_SETENV 1
| #define HAVE_SETLINEBUF 1
| #define HAVE_SETLOCALE 1
| #define HAVE_SETVBUF 1
| #define HAVE_SIGINTERRUPT 1
| #define HAVE_STRCHR 1
| #define HAVE_SYSCONF 1
| #define HAVE_SYSLOG 1
| #define HAVE_TCGETATTR 1
| #define HAVE_TCGETWINSIZE 1
| #define HAVE_TCSETWINSIZE 1
| #define HAVE_TIMES 1
| #define HAVE_TTYNAME 1
| #define HAVE_TZSET 1
| #define HAVE_UNSETENV 1
| #define HAVE_VASPRINTF 1
| #define HAVE_ASPRINTF 1
| #define HAVE_ISASCII 1
| #define HAVE_ISBLANK 1
| #define HAVE_ISGRAPH 1
| #define HAVE_ISPRINT 1
| #define HAVE_ISSPACE 1
| #define HAVE_ISXDIGIT 1
| #define HAVE_GETPWENT 1
| #define HAVE_GETPWNAM 1
| #define HAVE_GETPWUID 1
| #define HAVE_MKSTEMP 1
| #define HAVE_MKDTEMP 1
| #define HAVE_STRLCAT 1
| #define HAVE_MEMFD_CREATE 1
| #define HAVE_SHM_OPEN 1
| #define HAVE_GETCWD 1
| #define HAVE_MEMSET 1
| #define HAVE_STRCASECMP 1
| #define HAVE_STRCASESTR 1
| #define HAVE_STRERROR 1
| #define HAVE_STRFTIME 1
| #define HAVE_STRNLEN 1
| #define HAVE_STRPBRK 1
| #define HAVE_STRSTR 1
| #define HAVE_STRTOD 1
| #define HAVE_STRTOL 1
| #define HAVE_STRTOUL 1
| #define HAVE_STRTOLL 1
| #define HAVE_STRTOULL 1
| #define HAVE_STRTOUMAX 1
| #define HAVE_DPRINTF 1
| #define HAVE_STRDUP 1
| #define HAVE_STRLCPY 1
| #define HAVE_REALLOCARRAY 1
| #define HAVE_DECL_AUDIT_USER_TTY 1
| #define HAVE_DECL_CONFSTR 1
| #define HAVE_DECL_PRINTF 1
| #define HAVE_DECL_BRK 1
| #define HAVE_DECL_SBRK 1
| #define HAVE_DECL_SETREGID 1
| #define HAVE_DECL_STRCPY 1
| #define HAVE_DECL_STRSIGNAL 1
| #define HAVE_SETRESUID 1
| #define HAVE_SETRESGID 1
| #define HAVE_DECL_STRTOLD 1
| #define HAVE_DECL_STRTOL 1
| #define HAVE_DECL_STRTOLL 1
| #define HAVE_DECL_STRTOUL 1
| #define HAVE_DECL_STRTOULL 1
| #define HAVE_DECL_STRTOUMAX 1
| #define HAVE_ERRNO_H 1
| #define HAVE_FCNTL_H 1
| #define HAVE_MALLOC_H 1
| #define HAVE_STDIO_EXT_H 1
| #define HAVE_MALLOC 1
| #define HAVE_MMAP 1
| #define HAVE_DCGETTEXT 1
| #define HAVE_MEMPCPY 1
| #define HAVE_MUNMAP 1
| #define HAVE_MREMAP 1
| #define HAVE_STPCPY 1
| #define HAVE_STRCSPN 1
| #define HAVE_WCTYPE_H 1
| #define HAVE_WCHAR_H 1
| #define HAVE_LANGINFO_H 1
| #define HAVE_MBRLEN 1
| #define HAVE_MBSNRTOWCS 1
| #define HAVE_MBSRTOWCS 1
| #define HAVE_WCRTOMB 1
| #define HAVE_WCSCOLL 1
| #define HAVE_WCSDUP 1
| #define HAVE_WCWIDTH 1
| #define HAVE_WCTYPE 1
| #define HAVE_WCSNRTOMBS 1
| #define HAVE_WCSWIDTH 1
| #define HAVE_MBRTOWC 1
| #define HAVE_MBSTATE_T 1
| #define HAVE_ISWLOWER 1
| #define HAVE_ISWUPPER 1
| #define HAVE_TOWLOWER 1
| #define HAVE_TOWUPPER 1
| #define HAVE_ISWCTYPE 1
| #define HAVE_WCHAR_T 1
| #define HAVE_WCTYPE_T 1
| #define HAVE_WINT_T 1
| #define SIZEOF_WCHAR_T 4
| #define HAVE_LIBDL 1
| #define HAVE_DLOPEN 1
| #define HAVE_DLCLOSE 1
| #define HAVE_DLSYM 1
| #define GETGROUPS_T gid_t
| #define HAVE_INTPTR_T 1
| #define HAVE_UINTPTR_T 1
| #define HAVE_LONG_LONG_INT 1
| #define HAVE_UNSIGNED_LONG_LONG_INT 1
| #define SIZEOF_CHAR 1
| #define SIZEOF_SHORT 2
| #define SIZEOF_INT 4
| #define SIZEOF_LONG 8
| #define SIZEOF_CHAR_P 8
| #define SIZEOF_SIZE_T 8
| #define SIZEOF_DOUBLE 8
| #define SIZEOF_LONG_LONG 8
| #define bits16_t short
| #define u_bits16_t unsigned short
| #define bits32_t int
| #define u_bits32_t unsigned int
| #define bits64_t char *
| #define HAVE_HASH_BANG_EXEC 1
| #define HAVE_POSIX_SIGNALS 1
| #define HAVE_SYS_ERRLIST 1
| #define HAVE_DECL_SYS_SIGLIST 0
| #define HAVE_SOCKLEN_T 1
| #define HAVE_QUAD_T 1
| #define RLIMTYPE rlim_t
| #define HAVE_INTMAX_T 1
| #define HAVE_UINTMAX_T 1
| #define SIZEOF_INTMAX_T 8
| #define TERMIOS_LDISC 1
| #define HAVE_STRUCT_DIRENT_D_INO 1
| #define HAVE_STRUCT_DIRENT_D_FILENO 1
| #define HAVE_STRUCT_DIRENT_D_TYPE 1
| #define STRUCT_WINSIZE_IN_SYS_IOCTL 1
| #define HAVE_TIMEVAL 1
| #define HAVE_STRUCT_STAT_ST_BLOCKS 1
| #define HAVE_STRUCT_TM_TM_ZONE 1
| #define HAVE_TM_ZONE 1
| #define HAVE_STRUCT_TIMEZONE 1
| #define WEXITSTATUS_OFFSET 8
| #define HAVE_STRUCT_TIMESPEC 1
| #define TIME_H_DEFINES_STRUCT_TIMESPEC 1
| #define HAVE_STRUCT_STAT_ST_ATIM_TV_NSEC 1
| #define TYPEOF_STRUCT_STAT_ST_ATIM_IS_STRUCT_TIMESPEC 1
| #define HAVE_STRSIGNAL 1
| #define ULIMIT_MAXFDS 1
| #define HAVE_DECL_FPURGE 0
| #define CAN_REDEFINE_GETENV 1
| #define HAVE_GETCWD 1
| #define HAVE_POSIX_SIGSETJMP 1
| #define HAVE_STRTOIMAX 1
| #define HAVE_DECL_STRTOIMAX 1
| #define HAVE_DECL_CLEARERR_UNLOCKED 1
| #define HAVE_DECL_FEOF_UNLOCKED 1
| #define HAVE_DECL_FERROR_UNLOCKED 1
| #define HAVE_DECL_FFLUSH_UNLOCKED 1
| #define HAVE_DECL_FGETS_UNLOCKED 1
| #define HAVE_DECL_FPUTC_UNLOCKED 1
| #define HAVE_DECL_FPUTS_UNLOCKED 1
| #define HAVE_DECL_FREAD_UNLOCKED 1
| #define HAVE_DECL_FWRITE_UNLOCKED 1
| #define HAVE_DECL_GETC_UNLOCKED 1
| #define HAVE_DECL_GETCHAR_UNLOCKED 1
| #define HAVE_DECL_PUTC_UNLOCKED 1
| #define HAVE_DECL_PUTCHAR_UNLOCKED 1
| #define HAVE_STD_PUTENV 1
| #define HAVE_STD_UNSETENV 1
| #define HAVE_PRINTF_A_FORMAT 1
| /* end confdefs.h.  */
| 
| #include <stdlib.h>
| #include <unistd.h>
| #include <stdio.h>
| #include <fnmatch.h>
| #include <locale.h>
| 
| char *pattern = "[[=a=]]";
| 
| /* char *string = "ä"; */
| unsigned char string[4] = { '\xc3', '\xa4', '\0' };
| 
| int
| main (int c, char **v)
| {
|   setlocale (LC_ALL, "en_US.UTF-8");
|   if (fnmatch (pattern, (const char *)string, 0) != FNM_NOMATCH)
|     exit (0);
|   exit (1);
| }
| 
configure:22014: result: no
configure:22027: checking if signal handlers must be reinstalled when invoked
configure:22086: x86_64-unknown-linux-musl-gcc -o conftest -g -O2 -I/home/samson/Projects/clojv3/./store/musl-1.2.6/include -B/home/samson/Projects/clojv3/./store/musl-1.2.6/lib -L/home/samson/Projects/clojv3/./store/musl-1.2.6/lib -Wl,-rpath,/home/samson/Projects/clojv3/./store/musl-1.2.6/lib -Wl,-dynamic-linker,/home/samson/Projects/clojv3/./store/musl-1.2.6/lib/libc.so conftest.c -ldl  >&5
configure:22086: $? = 0
configure:22086: ./conftest
configure:22086: $? = 0
configure:22101: result: no
configure:22109: checking for presence of necessary job control definitions
configure:22167: x86_64-unknown-linux-musl-gcc -c -g -O2 -I/home/samson/Projects/clojv3/./store/musl-1.2.6/include conftest.c >&5
configure:22167: $? = 0
configure:22179: result: present
configure:22186: checking for presence of named pipes
configure:22244: x86_64-unknown-linux-musl-gcc -o conftest -g -O2 -I/home/samson/Projects/clojv3/./store/musl-1.2.6/include -B/home/samson/Projects/clojv3/./store/musl-1.2.6/lib -L/home/samson/Projects/clojv3/./store/musl-1.2.6/lib -Wl,-rpath,/home/samson/Projects/clojv3/./store/musl-1.2.6/lib -Wl,-dynamic-linker,/home/samson/Projects/clojv3/./store/musl-1.2.6/lib/libc.so conftest.c -ldl  >&5
configure:22244: $? = 0
configure:22244: ./conftest
configure:22244: $? = 0
configure:22259: result: present
configure:22267: checking whether termios.h defines TIOCGWINSZ
configure:22280: x86_64-unknown-linux-musl-gcc -c -g -O2 -I/home/samson/Projects/clojv3/./store/musl-1.2.6/include conftest.c >&5
conftest.c:448:24: error: 'TIOCGWINSZ' undeclared here (not in a function)
  448 | const int tiocgwinsz = TIOCGWINSZ;
      |                        ^~~~~~~~~~
configure:22280: $? = 1
configure: failed program was:
| /* confdefs.h */
| #define PACKAGE_NAME "bash"
| #define PACKAGE_TARNAME "bash"
| #define PACKAGE_VERSION "5.3-release"
| #define PACKAGE_STRING "bash 5.3-release"
| #define PACKAGE_BUGREPORT "bug-bash@gnu.org"
| #define PACKAGE_URL ""
| #define ALIAS 1
| #define PUSHD_AND_POPD 1
| #define RESTRICTED_SHELL 1
| #define PROCESS_SUBSTITUTION 1
| #define PROMPT_STRING_DECODE 1
| #define SELECT_COMMAND 1
| #define HELP_BUILTIN 1
| #define ARRAY_VARS 1
| #define DPAREN_ARITHMETIC 1
| #define BRACE_EXPANSION 1
| #define COMMAND_TIMING 1
| #define EXTENDED_GLOB 1
| #define EXTGLOB_DEFAULT 0
| #define COND_COMMAND 1
| #define COND_REGEXP 1
| #define COPROCESS_SUPPORT 1
| #define ARITH_FOR_COMMAND 1
| #define NETWORK_REDIRECTIONS 1
| #define PROGRAMMABLE_COMPLETION 1
| #define DEBUGGER 1
| #define CASEMOD_ATTRS 1
| #define CASEMOD_EXPANSIONS 1
| #define GLOBASCII_DEFAULT 1
| #define FUNCTION_IMPORT 1
| #define TRANSLATABLE_STRINGS 1
| #define BASH_SOURCE_FULLPATH_DEFAULT 0
| #define MEMSCRAMBLE 1
| #define HAVE_STDIO_H 1
| #define HAVE_STDLIB_H 1
| #define HAVE_STRING_H 1
| #define HAVE_INTTYPES_H 1
| #define HAVE_STDINT_H 1
| #define HAVE_STRINGS_H 1
| #define HAVE_SYS_STAT_H 1
| #define HAVE_SYS_TYPES_H 1
| #define HAVE_UNISTD_H 1
| #define HAVE_WCHAR_H 1
| #define HAVE_STDBOOL_H 1
| #define HAVE_SYS_PARAM_H 1
| #define HAVE_THREADS_H 1
| #define HAVE_SYS_TIME_H 1
| #define STDC_HEADERS 1
| #define _ALL_SOURCE 1
| #define _DARWIN_C_SOURCE 1
| #define _GNU_SOURCE 1
| #define _HPUX_ALT_XOPEN_SOCKET_API 1
| #define _NETBSD_SOURCE 1
| #define _OPENBSD_SOURCE 1
| #define _POSIX_PTHREAD_SEMANTICS 1
| #define __STDC_WANT_IEC_60559_ATTRIBS_EXT__ 1
| #define __STDC_WANT_IEC_60559_BFP_EXT__ 1
| #define __STDC_WANT_IEC_60559_DFP_EXT__ 1
| #define __STDC_WANT_IEC_60559_EXT__ 1
| #define __STDC_WANT_IEC_60559_FUNCS_EXT__ 1
| #define __STDC_WANT_IEC_60559_TYPES_EXT__ 1
| #define __STDC_WANT_LIB_EXT2__ 1
| #define __STDC_WANT_MATH_SPEC_FUNCS__ 1
| #define _TANDEM_SOURCE 1
| #define __EXTENSIONS__ 1
| #define READLINE 1
| #define HISTORY 1
| #define BANG_HISTORY 1
| #define HAVE_STRINGIZE 1
| #define HAVE_LONG_DOUBLE 1
| #define restrict __restrict__
| #define HAVE_C_BOOL 1
| #define HAVE_VISIBILITY 1
| #define HAVE_STDINT_H_WITH_UINTMAX 1
| #define HAVE_ALLOCA_H 1
| #define HAVE_ALLOCA 1
| #define HAVE_GETPAGESIZE 1
| #define HAVE_SYMLINK 1
| #define HAVE_USELOCALE 1
| #define HAVE_VPRINTF 1
| #define HAVE_ALARM 1
| #define HAVE_FPURGE 1
| #define HAVE___FPURGE 1
| #define HAVE_SNPRINTF 1
| #define HAVE_VSNPRINTF 1
| #define HAVE_MMAP 1
| #define INTDIV0_RAISES_SIGFPE 1
| #define HAVE_INTTYPES_H_WITH_UINTMAX 1
| #define HAVE_UNSIGNED_LONG_LONG_INT 1
| #define HAVE_UINTMAX_T 1
| #define HAVE_WEAK_SYMBOLS 1
| #define HAVE_PTHREAD_API 1
| #define USE_POSIX_THREADS 1
| #define USE_POSIX_THREADS_WEAK 1
| #define HAVE_PTHREAD_RWLOCK 1
| #define HAVE_PTHREAD_MUTEX_RECURSIVE 1
| #define HAVE_ICONV 1
| #define ICONV_CONST 
| #define HAVE_BUILTIN_EXPECT 1
| #define HAVE_INTTYPES_H 1
| #define HAVE_UNISTD_H 1
| #define HAVE_SYS_PARAM_H 1
| #define HAVE_GETCWD 1
| #define HAVE_GETEGID 1
| #define HAVE_GETEUID 1
| #define HAVE_GETGID 1
| #define HAVE_GETUID 1
| #define HAVE_MEMPCPY 1
| #define HAVE_MUNMAP 1
| #define HAVE_STPCPY 1
| #define HAVE_STRCASECMP 1
| #define HAVE_TSEARCH 1
| #define HAVE___FSETLOCKING 1
| #define HAVE_DECL_FEOF_UNLOCKED 1
| #define HAVE_DECL_FGETS_UNLOCKED 1
| #define HAVE_LOCALECONV 1
| #define HAVE_LONG_LONG_INT 1
| #define HAVE_WCHAR_T 1
| #define HAVE_WINT_T 1
| #define HAVE_INTMAX_T 1
| #define HAVE_POSIX_PRINTF 1
| #define HAVE_STDINT_H 1
| #define HAVE_STDINT_H 1
| #define HAVE_WORKING_O_NOATIME 0
| #define HAVE_WORKING_O_NOFOLLOW 0
| #define HAVE_WORKING_USELOCALE 1
| #define HAVE_GOOD_USELOCALE 1
| #define FLEXIBLE_ARRAY_MEMBER /**/
| #define HAVE_FEATURES_H 1
| #define HAVE_STDDEF_H 1
| #define HAVE_STDLIB_H 1
| #define HAVE_STRING_H 1
| #define HAVE_ASPRINTF 1
| #define HAVE_WPRINTF 1
| #define HAVE_NEWLOCALE 1
| #define HAVE_PUTENV 1
| #define HAVE_SETENV 1
| #define HAVE_SNPRINTF 1
| #define HAVE_STRNLEN 1
| #define HAVE_USELOCALE 1
| #define HAVE_WCSLEN 1
| #define HAVE_WCSNLEN 1
| #define HAVE_MBRTOWC 1
| #define HAVE_WCRTOMB 1
| #define HAVE_DECL__SNPRINTF 0
| #define HAVE_DECL__SNWPRINTF 0
| #define HAVE_DECL_GETC_UNLOCKED 1
| #define HAVE_NL_LANGINFO 1
| #define HAVE_LANGINFO_CODESET 1
| #define HAVE_LC_MESSAGES 1
| #define ENABLE_NLS 1
| #define HAVE_GETTEXT 1
| #define HAVE_DCGETTEXT 1
| #define HAVE_DIRENT_H 1
| #define MAJOR_IN_SYSMACROS 1
| #define HAVE_INTTYPES_H 1
| #define HAVE_UNISTD_H 1
| #define HAVE_STDLIB_H 1
| #define HAVE_LIMITS_H 1
| #define HAVE_STRING_H 1
| #define HAVE_MEMORY_H 1
| #define HAVE_LOCALE_H 1
| #define HAVE_TERMIOS_H 1
| #define HAVE_DLFCN_H 1
| #define HAVE_STDDEF_H 1
| #define HAVE_STDINT_H 1
| #define HAVE_NETDB_H 1
| #define HAVE_PWD_H 1
| #define HAVE_GRP_H 1
| #define HAVE_STRINGS_H 1
| #define HAVE_STDCKDINT_H 1
| #define HAVE_REGEX_H 1
| #define HAVE_SYSLOG_H 1
| #define HAVE_ULIMIT_H 1
| #define HAVE_SYS_SELECT_H 1
| #define HAVE_SYS_FILE_H 1
| #define HAVE_SYS_IOCTL_H 1
| #define HAVE_SYS_MMAN_H 1
| #define HAVE_SYS_PARAM_H 1
| #define HAVE_SYS_RANDOM_H 1
| #define HAVE_SYS_SOCKET_H 1
| #define HAVE_SYS_STAT_H 1
| #define HAVE_SYS_TIME_H 1
| #define HAVE_SYS_TIMES_H 1
| #define HAVE_SYS_TYPES_H 1
| #define HAVE_SYS_WAIT_H 1
| #define HAVE_NETINET_IN_H 1
| #define HAVE_ARPA_INET_H 1
| #define HAVE_SYS_RESOURCE_H 1
| #define HAVE_ALLOCA_H 1
| #define HAVE_ALLOCA 1
| #define HAVE_CHOWN 1
| #define GETPGRP_VOID 1
| #define HAVE_STRCOLL 1
| #define HAVE_WAIT3 1
| #define HAVE_MKFIFO 1
| #define HAVE_DUP2 1
| #define HAVE_EACCESS 1
| #define HAVE_FCNTL 1
| #define HAVE_GETDTABLESIZE 1
| #define HAVE_GETENTROPY 1
| #define HAVE_GETGROUPS 1
| #define HAVE_GETHOSTNAME 1
| #define HAVE_GETPAGESIZE 1
| #define HAVE_GETPEERNAME 1
| #define HAVE_GETRANDOM 1
| #define HAVE_GETRLIMIT 1
| #define HAVE_GETRUSAGE 1
| #define HAVE_GETTIMEOFDAY 1
| #define HAVE_KILL 1
| #define HAVE_KILLPG 1
| #define HAVE_LSTAT 1
| #define HAVE_NANOSLEEP 1
| #define HAVE_PSELECT 1
| #define HAVE_READLINK 1
| #define HAVE_SELECT 1
| #define HAVE_SETITIMER 1
| #define HAVE_STATFS 1
| #define HAVE_TCGETPGRP 1
| #define HAVE_UNAME 1
| #define HAVE_ULIMIT 1
| #define HAVE_WAITPID 1
| #define HAVE_RENAME 1
| #define HAVE_BCOPY 1
| #define HAVE_BZERO 1
| #define HAVE_CLOCK_GETTIME 1
| #define HAVE_CONFSTR 1
| #define HAVE_FACCESSAT 1
| #define HAVE_FNMATCH 1
| #define HAVE_GETADDRINFO 1
| #define HAVE_GETHOSTBYNAME 1
| #define HAVE_GETSERVBYNAME 1
| #define HAVE_GETSERVENT 1
| #define HAVE_INET_ATON 1
| #define HAVE_IMAXDIV 1
| #define HAVE_MEMMOVE 1
| #define HAVE_PATHCONF 1
| #define HAVE_PUTENV 1
| #define HAVE_RAISE 1
| #define HAVE_RANDOM 1
| #define HAVE_REGCOMP 1
| #define HAVE_REGEXEC 1
| #define HAVE_SETENV 1
| #define HAVE_SETLINEBUF 1
| #define HAVE_SETLOCALE 1
| #define HAVE_SETVBUF 1
| #define HAVE_SIGINTERRUPT 1
| #define HAVE_STRCHR 1
| #define HAVE_SYSCONF 1
| #define HAVE_SYSLOG 1
| #define HAVE_TCGETATTR 1
| #define HAVE_TCGETWINSIZE 1
| #define HAVE_TCSETWINSIZE 1
| #define HAVE_TIMES 1
| #define HAVE_TTYNAME 1
| #define HAVE_TZSET 1
| #define HAVE_UNSETENV 1
| #define HAVE_VASPRINTF 1
| #define HAVE_ASPRINTF 1
| #define HAVE_ISASCII 1
| #define HAVE_ISBLANK 1
| #define HAVE_ISGRAPH 1
| #define HAVE_ISPRINT 1
| #define HAVE_ISSPACE 1
| #define HAVE_ISXDIGIT 1
| #define HAVE_GETPWENT 1
| #define HAVE_GETPWNAM 1
| #define HAVE_GETPWUID 1
| #define HAVE_MKSTEMP 1
| #define HAVE_MKDTEMP 1
| #define HAVE_STRLCAT 1
| #define HAVE_MEMFD_CREATE 1
| #define HAVE_SHM_OPEN 1
| #define HAVE_GETCWD 1
| #define HAVE_MEMSET 1
| #define HAVE_STRCASECMP 1
| #define HAVE_STRCASESTR 1
| #define HAVE_STRERROR 1
| #define HAVE_STRFTIME 1
| #define HAVE_STRNLEN 1
| #define HAVE_STRPBRK 1
| #define HAVE_STRSTR 1
| #define HAVE_STRTOD 1
| #define HAVE_STRTOL 1
| #define HAVE_STRTOUL 1
| #define HAVE_STRTOLL 1
| #define HAVE_STRTOULL 1
| #define HAVE_STRTOUMAX 1
| #define HAVE_DPRINTF 1
| #define HAVE_STRDUP 1
| #define HAVE_STRLCPY 1
| #define HAVE_REALLOCARRAY 1
| #define HAVE_DECL_AUDIT_USER_TTY 1
| #define HAVE_DECL_CONFSTR 1
| #define HAVE_DECL_PRINTF 1
| #define HAVE_DECL_BRK 1
| #define HAVE_DECL_SBRK 1
| #define HAVE_DECL_SETREGID 1
| #define HAVE_DECL_STRCPY 1
| #define HAVE_DECL_STRSIGNAL 1
| #define HAVE_SETRESUID 1
| #define HAVE_SETRESGID 1
| #define HAVE_DECL_STRTOLD 1
| #define HAVE_DECL_STRTOL 1
| #define HAVE_DECL_STRTOLL 1
| #define HAVE_DECL_STRTOUL 1
| #define HAVE_DECL_STRTOULL 1
| #define HAVE_DECL_STRTOUMAX 1
| #define HAVE_ERRNO_H 1
| #define HAVE_FCNTL_H 1
| #define HAVE_MALLOC_H 1
| #define HAVE_STDIO_EXT_H 1
| #define HAVE_MALLOC 1
| #define HAVE_MMAP 1
| #define HAVE_DCGETTEXT 1
| #define HAVE_MEMPCPY 1
| #define HAVE_MUNMAP 1
| #define HAVE_MREMAP 1
| #define HAVE_STPCPY 1
| #define HAVE_STRCSPN 1
| #define HAVE_WCTYPE_H 1
| #define HAVE_WCHAR_H 1
| #define HAVE_LANGINFO_H 1
| #define HAVE_MBRLEN 1
| #define HAVE_MBSNRTOWCS 1
| #define HAVE_MBSRTOWCS 1
| #define HAVE_WCRTOMB 1
| #define HAVE_WCSCOLL 1
| #define HAVE_WCSDUP 1
| #define HAVE_WCWIDTH 1
| #define HAVE_WCTYPE 1
| #define HAVE_WCSNRTOMBS 1
| #define HAVE_WCSWIDTH 1
| #define HAVE_MBRTOWC 1
| #define HAVE_MBSTATE_T 1
| #define HAVE_ISWLOWER 1
| #define HAVE_ISWUPPER 1
| #define HAVE_TOWLOWER 1
| #define HAVE_TOWUPPER 1
| #define HAVE_ISWCTYPE 1
| #define HAVE_WCHAR_T 1
| #define HAVE_WCTYPE_T 1
| #define HAVE_WINT_T 1
| #define SIZEOF_WCHAR_T 4
| #define HAVE_LIBDL 1
| #define HAVE_DLOPEN 1
| #define HAVE_DLCLOSE 1
| #define HAVE_DLSYM 1
| #define GETGROUPS_T gid_t
| #define HAVE_INTPTR_T 1
| #define HAVE_UINTPTR_T 1
| #define HAVE_LONG_LONG_INT 1
| #define HAVE_UNSIGNED_LONG_LONG_INT 1
| #define SIZEOF_CHAR 1
| #define SIZEOF_SHORT 2
| #define SIZEOF_INT 4
| #define SIZEOF_LONG 8
| #define SIZEOF_CHAR_P 8
| #define SIZEOF_SIZE_T 8
| #define SIZEOF_DOUBLE 8
| #define SIZEOF_LONG_LONG 8
| #define bits16_t short
| #define u_bits16_t unsigned short
| #define bits32_t int
| #define u_bits32_t unsigned int
| #define bits64_t char *
| #define HAVE_HASH_BANG_EXEC 1
| #define HAVE_POSIX_SIGNALS 1
| #define HAVE_SYS_ERRLIST 1
| #define HAVE_DECL_SYS_SIGLIST 0
| #define HAVE_SOCKLEN_T 1
| #define HAVE_QUAD_T 1
| #define RLIMTYPE rlim_t
| #define HAVE_INTMAX_T 1
| #define HAVE_UINTMAX_T 1
| #define SIZEOF_INTMAX_T 8
| #define TERMIOS_LDISC 1
| #define HAVE_STRUCT_DIRENT_D_INO 1
| #define HAVE_STRUCT_DIRENT_D_FILENO 1
| #define HAVE_STRUCT_DIRENT_D_TYPE 1
| #define STRUCT_WINSIZE_IN_SYS_IOCTL 1
| #define HAVE_TIMEVAL 1
| #define HAVE_STRUCT_STAT_ST_BLOCKS 1
| #define HAVE_STRUCT_TM_TM_ZONE 1
| #define HAVE_TM_ZONE 1
| #define HAVE_STRUCT_TIMEZONE 1
| #define WEXITSTATUS_OFFSET 8
| #define HAVE_STRUCT_TIMESPEC 1
| #define TIME_H_DEFINES_STRUCT_TIMESPEC 1
| #define HAVE_STRUCT_STAT_ST_ATIM_TV_NSEC 1
| #define TYPEOF_STRUCT_STAT_ST_ATIM_IS_STRUCT_TIMESPEC 1
| #define HAVE_STRSIGNAL 1
| #define ULIMIT_MAXFDS 1
| #define HAVE_DECL_FPURGE 0
| #define CAN_REDEFINE_GETENV 1
| #define HAVE_GETCWD 1
| #define HAVE_POSIX_SIGSETJMP 1
| #define HAVE_STRTOIMAX 1
| #define HAVE_DECL_STRTOIMAX 1
| #define HAVE_DECL_CLEARERR_UNLOCKED 1
| #define HAVE_DECL_FEOF_UNLOCKED 1
| #define HAVE_DECL_FERROR_UNLOCKED 1
| #define HAVE_DECL_FFLUSH_UNLOCKED 1
| #define HAVE_DECL_FGETS_UNLOCKED 1
| #define HAVE_DECL_FPUTC_UNLOCKED 1
| #define HAVE_DECL_FPUTS_UNLOCKED 1
| #define HAVE_DECL_FREAD_UNLOCKED 1
| #define HAVE_DECL_FWRITE_UNLOCKED 1
| #define HAVE_DECL_GETC_UNLOCKED 1
| #define HAVE_DECL_GETCHAR_UNLOCKED 1
| #define HAVE_DECL_PUTC_UNLOCKED 1
| #define HAVE_DECL_PUTCHAR_UNLOCKED 1
| #define HAVE_STD_PUTENV 1
| #define HAVE_STD_UNSETENV 1
| #define HAVE_PRINTF_A_FORMAT 1
| #define FNMATCH_EQUIV_FALLBACK 0
| /* end confdefs.h.  */
| #include <stddef.h>
| #ifdef HAVE_STDIO_H
| # include <stdio.h>
| #endif
| #ifdef HAVE_STDLIB_H
| # include <stdlib.h>
| #endif
| #ifdef HAVE_STRING_H
| # include <string.h>
| #endif
| #ifdef HAVE_INTTYPES_H
| # include <inttypes.h>
| #endif
| #ifdef HAVE_STDINT_H
| # include <stdint.h>
| #endif
| #ifdef HAVE_STRINGS_H
| # include <strings.h>
| #endif
| #ifdef HAVE_SYS_TYPES_H
| # include <sys/types.h>
| #endif
| #ifdef HAVE_SYS_STAT_H
| # include <sys/stat.h>
| #endif
| #ifdef HAVE_UNISTD_H
| # include <unistd.h>
| #endif
| #include <termios.h>
| const int tiocgwinsz = TIOCGWINSZ;
| 
configure:22290: result: no
configure:22294: checking whether sys/ioctl.h defines TIOCGWINSZ
configure:22307: x86_64-unknown-linux-musl-gcc -c -g -O2 -I/home/samson/Projects/clojv3/./store/musl-1.2.6/include conftest.c >&5
configure:22307: $? = 0
configure:22317: result: yes
configure:22327: checking for TIOCSTAT in sys/ioctl.h
configure:22346: x86_64-unknown-linux-musl-gcc -c -g -O2 -I/home/samson/Projects/clojv3/./store/musl-1.2.6/include conftest.c >&5
conftest.c: In function 'main':
conftest.c:426:9: error: 'TIOCSTAT' undeclared (first use in this function); did you mean 'TIOCSTI'?
  426 | int x = TIOCSTAT;
      |         ^~~~~~~~
      |         TIOCSTI
conftest.c:426:9: note: each undeclared identifier is reported only once for each function it appears in
configure:22346: $? = 1
configure: failed program was:
| /* confdefs.h */
| #define PACKAGE_NAME "bash"
| #define PACKAGE_TARNAME "bash"
| #define PACKAGE_VERSION "5.3-release"
| #define PACKAGE_STRING "bash 5.3-release"
| #define PACKAGE_BUGREPORT "bug-bash@gnu.org"
| #define PACKAGE_URL ""
| #define ALIAS 1
| #define PUSHD_AND_POPD 1
| #define RESTRICTED_SHELL 1
| #define PROCESS_SUBSTITUTION 1
| #define PROMPT_STRING_DECODE 1
| #define SELECT_COMMAND 1
| #define HELP_BUILTIN 1
| #define ARRAY_VARS 1
| #define DPAREN_ARITHMETIC 1
| #define BRACE_EXPANSION 1
| #define COMMAND_TIMING 1
| #define EXTENDED_GLOB 1
| #define EXTGLOB_DEFAULT 0
| #define COND_COMMAND 1
| #define COND_REGEXP 1
| #define COPROCESS_SUPPORT 1
| #define ARITH_FOR_COMMAND 1
| #define NETWORK_REDIRECTIONS 1
| #define PROGRAMMABLE_COMPLETION 1
| #define DEBUGGER 1
| #define CASEMOD_ATTRS 1
| #define CASEMOD_EXPANSIONS 1
| #define GLOBASCII_DEFAULT 1
| #define FUNCTION_IMPORT 1
| #define TRANSLATABLE_STRINGS 1
| #define BASH_SOURCE_FULLPATH_DEFAULT 0
| #define MEMSCRAMBLE 1
| #define HAVE_STDIO_H 1
| #define HAVE_STDLIB_H 1
| #define HAVE_STRING_H 1
| #define HAVE_INTTYPES_H 1
| #define HAVE_STDINT_H 1
| #define HAVE_STRINGS_H 1
| #define HAVE_SYS_STAT_H 1
| #define HAVE_SYS_TYPES_H 1
| #define HAVE_UNISTD_H 1
| #define HAVE_WCHAR_H 1
| #define HAVE_STDBOOL_H 1
| #define HAVE_SYS_PARAM_H 1
| #define HAVE_THREADS_H 1
| #define HAVE_SYS_TIME_H 1
| #define STDC_HEADERS 1
| #define _ALL_SOURCE 1
| #define _DARWIN_C_SOURCE 1
| #define _GNU_SOURCE 1
| #define _HPUX_ALT_XOPEN_SOCKET_API 1
| #define _NETBSD_SOURCE 1
| #define _OPENBSD_SOURCE 1
| #define _POSIX_PTHREAD_SEMANTICS 1
| #define __STDC_WANT_IEC_60559_ATTRIBS_EXT__ 1
| #define __STDC_WANT_IEC_60559_BFP_EXT__ 1
| #define __STDC_WANT_IEC_60559_DFP_EXT__ 1
| #define __STDC_WANT_IEC_60559_EXT__ 1
| #define __STDC_WANT_IEC_60559_FUNCS_EXT__ 1
| #define __STDC_WANT_IEC_60559_TYPES_EXT__ 1
| #define __STDC_WANT_LIB_EXT2__ 1
| #define __STDC_WANT_MATH_SPEC_FUNCS__ 1
| #define _TANDEM_SOURCE 1
| #define __EXTENSIONS__ 1
| #define READLINE 1
| #define HISTORY 1
| #define BANG_HISTORY 1
| #define HAVE_STRINGIZE 1
| #define HAVE_LONG_DOUBLE 1
| #define restrict __restrict__
| #define HAVE_C_BOOL 1
| #define HAVE_VISIBILITY 1
| #define HAVE_STDINT_H_WITH_UINTMAX 1
| #define HAVE_ALLOCA_H 1
| #define HAVE_ALLOCA 1
| #define HAVE_GETPAGESIZE 1
| #define HAVE_SYMLINK 1
| #define HAVE_USELOCALE 1
| #define HAVE_VPRINTF 1
| #define HAVE_ALARM 1
| #define HAVE_FPURGE 1
| #define HAVE___FPURGE 1
| #define HAVE_SNPRINTF 1
| #define HAVE_VSNPRINTF 1
| #define HAVE_MMAP 1
| #define INTDIV0_RAISES_SIGFPE 1
| #define HAVE_INTTYPES_H_WITH_UINTMAX 1
| #define HAVE_UNSIGNED_LONG_LONG_INT 1
| #define HAVE_UINTMAX_T 1
| #define HAVE_WEAK_SYMBOLS 1
| #define HAVE_PTHREAD_API 1
| #define USE_POSIX_THREADS 1
| #define USE_POSIX_THREADS_WEAK 1
| #define HAVE_PTHREAD_RWLOCK 1
| #define HAVE_PTHREAD_MUTEX_RECURSIVE 1
| #define HAVE_ICONV 1
| #define ICONV_CONST 
| #define HAVE_BUILTIN_EXPECT 1
| #define HAVE_INTTYPES_H 1
| #define HAVE_UNISTD_H 1
| #define HAVE_SYS_PARAM_H 1
| #define HAVE_GETCWD 1
| #define HAVE_GETEGID 1
| #define HAVE_GETEUID 1
| #define HAVE_GETGID 1
| #define HAVE_GETUID 1
| #define HAVE_MEMPCPY 1
| #define HAVE_MUNMAP 1
| #define HAVE_STPCPY 1
| #define HAVE_STRCASECMP 1
| #define HAVE_TSEARCH 1
| #define HAVE___FSETLOCKING 1
| #define HAVE_DECL_FEOF_UNLOCKED 1
| #define HAVE_DECL_FGETS_UNLOCKED 1
| #define HAVE_LOCALECONV 1
| #define HAVE_LONG_LONG_INT 1
| #define HAVE_WCHAR_T 1
| #define HAVE_WINT_T 1
| #define HAVE_INTMAX_T 1
| #define HAVE_POSIX_PRINTF 1
| #define HAVE_STDINT_H 1
| #define HAVE_STDINT_H 1
| #define HAVE_WORKING_O_NOATIME 0
| #define HAVE_WORKING_O_NOFOLLOW 0
| #define HAVE_WORKING_USELOCALE 1
| #define HAVE_GOOD_USELOCALE 1
| #define FLEXIBLE_ARRAY_MEMBER /**/
| #define HAVE_FEATURES_H 1
| #define HAVE_STDDEF_H 1
| #define HAVE_STDLIB_H 1
| #define HAVE_STRING_H 1
| #define HAVE_ASPRINTF 1
| #define HAVE_WPRINTF 1
| #define HAVE_NEWLOCALE 1
| #define HAVE_PUTENV 1
| #define HAVE_SETENV 1
| #define HAVE_SNPRINTF 1
| #define HAVE_STRNLEN 1
| #define HAVE_USELOCALE 1
| #define HAVE_WCSLEN 1
| #define HAVE_WCSNLEN 1
| #define HAVE_MBRTOWC 1
| #define HAVE_WCRTOMB 1
| #define HAVE_DECL__SNPRINTF 0
| #define HAVE_DECL__SNWPRINTF 0
| #define HAVE_DECL_GETC_UNLOCKED 1
| #define HAVE_NL_LANGINFO 1
| #define HAVE_LANGINFO_CODESET 1
| #define HAVE_LC_MESSAGES 1
| #define ENABLE_NLS 1
| #define HAVE_GETTEXT 1
| #define HAVE_DCGETTEXT 1
| #define HAVE_DIRENT_H 1
| #define MAJOR_IN_SYSMACROS 1
| #define HAVE_INTTYPES_H 1
| #define HAVE_UNISTD_H 1
| #define HAVE_STDLIB_H 1
| #define HAVE_LIMITS_H 1
| #define HAVE_STRING_H 1
| #define HAVE_MEMORY_H 1
| #define HAVE_LOCALE_H 1
| #define HAVE_TERMIOS_H 1
| #define HAVE_DLFCN_H 1
| #define HAVE_STDDEF_H 1
| #define HAVE_STDINT_H 1
| #define HAVE_NETDB_H 1
| #define HAVE_PWD_H 1
| #define HAVE_GRP_H 1
| #define HAVE_STRINGS_H 1
| #define HAVE_STDCKDINT_H 1
| #define HAVE_REGEX_H 1
| #define HAVE_SYSLOG_H 1
| #define HAVE_ULIMIT_H 1
| #define HAVE_SYS_SELECT_H 1
| #define HAVE_SYS_FILE_H 1
| #define HAVE_SYS_IOCTL_H 1
| #define HAVE_SYS_MMAN_H 1
| #define HAVE_SYS_PARAM_H 1
| #define HAVE_SYS_RANDOM_H 1
| #define HAVE_SYS_SOCKET_H 1
| #define HAVE_SYS_STAT_H 1
| #define HAVE_SYS_TIME_H 1
| #define HAVE_SYS_TIMES_H 1
| #define HAVE_SYS_TYPES_H 1
| #define HAVE_SYS_WAIT_H 1
| #define HAVE_NETINET_IN_H 1
| #define HAVE_ARPA_INET_H 1
| #define HAVE_SYS_RESOURCE_H 1
| #define HAVE_ALLOCA_H 1
| #define HAVE_ALLOCA 1
| #define HAVE_CHOWN 1
| #define GETPGRP_VOID 1
| #define HAVE_STRCOLL 1
| #define HAVE_WAIT3 1
| #define HAVE_MKFIFO 1
| #define HAVE_DUP2 1
| #define HAVE_EACCESS 1
| #define HAVE_FCNTL 1
| #define HAVE_GETDTABLESIZE 1
| #define HAVE_GETENTROPY 1
| #define HAVE_GETGROUPS 1
| #define HAVE_GETHOSTNAME 1
| #define HAVE_GETPAGESIZE 1
| #define HAVE_GETPEERNAME 1
| #define HAVE_GETRANDOM 1
| #define HAVE_GETRLIMIT 1
| #define HAVE_GETRUSAGE 1
| #define HAVE_GETTIMEOFDAY 1
| #define HAVE_KILL 1
| #define HAVE_KILLPG 1
| #define HAVE_LSTAT 1
| #define HAVE_NANOSLEEP 1
| #define HAVE_PSELECT 1
| #define HAVE_READLINK 1
| #define HAVE_SELECT 1
| #define HAVE_SETITIMER 1
| #define HAVE_STATFS 1
| #define HAVE_TCGETPGRP 1
| #define HAVE_UNAME 1
| #define HAVE_ULIMIT 1
| #define HAVE_WAITPID 1
| #define HAVE_RENAME 1
| #define HAVE_BCOPY 1
| #define HAVE_BZERO 1
| #define HAVE_CLOCK_GETTIME 1
| #define HAVE_CONFSTR 1
| #define HAVE_FACCESSAT 1
| #define HAVE_FNMATCH 1
| #define HAVE_GETADDRINFO 1
| #define HAVE_GETHOSTBYNAME 1
| #define HAVE_GETSERVBYNAME 1
| #define HAVE_GETSERVENT 1
| #define HAVE_INET_ATON 1
| #define HAVE_IMAXDIV 1
| #define HAVE_MEMMOVE 1
| #define HAVE_PATHCONF 1
| #define HAVE_PUTENV 1
| #define HAVE_RAISE 1
| #define HAVE_RANDOM 1
| #define HAVE_REGCOMP 1
| #define HAVE_REGEXEC 1
| #define HAVE_SETENV 1
| #define HAVE_SETLINEBUF 1
| #define HAVE_SETLOCALE 1
| #define HAVE_SETVBUF 1
| #define HAVE_SIGINTERRUPT 1
| #define HAVE_STRCHR 1
| #define HAVE_SYSCONF 1
| #define HAVE_SYSLOG 1
| #define HAVE_TCGETATTR 1
| #define HAVE_TCGETWINSIZE 1
| #define HAVE_TCSETWINSIZE 1
| #define HAVE_TIMES 1
| #define HAVE_TTYNAME 1
| #define HAVE_TZSET 1
| #define HAVE_UNSETENV 1
| #define HAVE_VASPRINTF 1
| #define HAVE_ASPRINTF 1
| #define HAVE_ISASCII 1
| #define HAVE_ISBLANK 1
| #define HAVE_ISGRAPH 1
| #define HAVE_ISPRINT 1
| #define HAVE_ISSPACE 1
| #define HAVE_ISXDIGIT 1
| #define HAVE_GETPWENT 1
| #define HAVE_GETPWNAM 1
| #define HAVE_GETPWUID 1
| #define HAVE_MKSTEMP 1
| #define HAVE_MKDTEMP 1
| #define HAVE_STRLCAT 1
| #define HAVE_MEMFD_CREATE 1
| #define HAVE_SHM_OPEN 1
| #define HAVE_GETCWD 1
| #define HAVE_MEMSET 1
| #define HAVE_STRCASECMP 1
| #define HAVE_STRCASESTR 1
| #define HAVE_STRERROR 1
| #define HAVE_STRFTIME 1
| #define HAVE_STRNLEN 1
| #define HAVE_STRPBRK 1
| #define HAVE_STRSTR 1
| #define HAVE_STRTOD 1
| #define HAVE_STRTOL 1
| #define HAVE_STRTOUL 1
| #define HAVE_STRTOLL 1
| #define HAVE_STRTOULL 1
| #define HAVE_STRTOUMAX 1
| #define HAVE_DPRINTF 1
| #define HAVE_STRDUP 1
| #define HAVE_STRLCPY 1
| #define HAVE_REALLOCARRAY 1
| #define HAVE_DECL_AUDIT_USER_TTY 1
| #define HAVE_DECL_CONFSTR 1
| #define HAVE_DECL_PRINTF 1
| #define HAVE_DECL_BRK 1
| #define HAVE_DECL_SBRK 1
| #define HAVE_DECL_SETREGID 1
| #define HAVE_DECL_STRCPY 1
| #define HAVE_DECL_STRSIGNAL 1
| #define HAVE_SETRESUID 1
| #define HAVE_SETRESGID 1
| #define HAVE_DECL_STRTOLD 1
| #define HAVE_DECL_STRTOL 1
| #define HAVE_DECL_STRTOLL 1
| #define HAVE_DECL_STRTOUL 1
| #define HAVE_DECL_STRTOULL 1
| #define HAVE_DECL_STRTOUMAX 1
| #define HAVE_ERRNO_H 1
| #define HAVE_FCNTL_H 1
| #define HAVE_MALLOC_H 1
| #define HAVE_STDIO_EXT_H 1
| #define HAVE_MALLOC 1
| #define HAVE_MMAP 1
| #define HAVE_DCGETTEXT 1
| #define HAVE_MEMPCPY 1
| #define HAVE_MUNMAP 1
| #define HAVE_MREMAP 1
| #define HAVE_STPCPY 1
| #define HAVE_STRCSPN 1
| #define HAVE_WCTYPE_H 1
| #define HAVE_WCHAR_H 1
| #define HAVE_LANGINFO_H 1
| #define HAVE_MBRLEN 1
| #define HAVE_MBSNRTOWCS 1
| #define HAVE_MBSRTOWCS 1
| #define HAVE_WCRTOMB 1
| #define HAVE_WCSCOLL 1
| #define HAVE_WCSDUP 1
| #define HAVE_WCWIDTH 1
| #define HAVE_WCTYPE 1
| #define HAVE_WCSNRTOMBS 1
| #define HAVE_WCSWIDTH 1
| #define HAVE_MBRTOWC 1
| #define HAVE_MBSTATE_T 1
| #define HAVE_ISWLOWER 1
| #define HAVE_ISWUPPER 1
| #define HAVE_TOWLOWER 1
| #define HAVE_TOWUPPER 1
| #define HAVE_ISWCTYPE 1
| #define HAVE_WCHAR_T 1
| #define HAVE_WCTYPE_T 1
| #define HAVE_WINT_T 1
| #define SIZEOF_WCHAR_T 4
| #define HAVE_LIBDL 1
| #define HAVE_DLOPEN 1
| #define HAVE_DLCLOSE 1
| #define HAVE_DLSYM 1
| #define GETGROUPS_T gid_t
| #define HAVE_INTPTR_T 1
| #define HAVE_UINTPTR_T 1
| #define HAVE_LONG_LONG_INT 1
| #define HAVE_UNSIGNED_LONG_LONG_INT 1
| #define SIZEOF_CHAR 1
| #define SIZEOF_SHORT 2
| #define SIZEOF_INT 4
| #define SIZEOF_LONG 8
| #define SIZEOF_CHAR_P 8
| #define SIZEOF_SIZE_T 8
| #define SIZEOF_DOUBLE 8
| #define SIZEOF_LONG_LONG 8
| #define bits16_t short
| #define u_bits16_t unsigned short
| #define bits32_t int
| #define u_bits32_t unsigned int
| #define bits64_t char *
| #define HAVE_HASH_BANG_EXEC 1
| #define HAVE_POSIX_SIGNALS 1
| #define HAVE_SYS_ERRLIST 1
| #define HAVE_DECL_SYS_SIGLIST 0
| #define HAVE_SOCKLEN_T 1
| #define HAVE_QUAD_T 1
| #define RLIMTYPE rlim_t
| #define HAVE_INTMAX_T 1
| #define HAVE_UINTMAX_T 1
| #define SIZEOF_INTMAX_T 8
| #define TERMIOS_LDISC 1
| #define HAVE_STRUCT_DIRENT_D_INO 1
| #define HAVE_STRUCT_DIRENT_D_FILENO 1
| #define HAVE_STRUCT_DIRENT_D_TYPE 1
| #define STRUCT_WINSIZE_IN_SYS_IOCTL 1
| #define HAVE_TIMEVAL 1
| #define HAVE_STRUCT_STAT_ST_BLOCKS 1
| #define HAVE_STRUCT_TM_TM_ZONE 1
| #define HAVE_TM_ZONE 1
| #define HAVE_STRUCT_TIMEZONE 1
| #define WEXITSTATUS_OFFSET 8
| #define HAVE_STRUCT_TIMESPEC 1
| #define TIME_H_DEFINES_STRUCT_TIMESPEC 1
| #define HAVE_STRUCT_STAT_ST_ATIM_TV_NSEC 1
| #define TYPEOF_STRUCT_STAT_ST_ATIM_IS_STRUCT_TIMESPEC 1
| #define HAVE_STRSIGNAL 1
| #define ULIMIT_MAXFDS 1
| #define HAVE_DECL_FPURGE 0
| #define CAN_REDEFINE_GETENV 1
| #define HAVE_GETCWD 1
| #define HAVE_POSIX_SIGSETJMP 1
| #define HAVE_STRTOIMAX 1
| #define HAVE_DECL_STRTOIMAX 1
| #define HAVE_DECL_CLEARERR_UNLOCKED 1
| #define HAVE_DECL_FEOF_UNLOCKED 1
| #define HAVE_DECL_FERROR_UNLOCKED 1
| #define HAVE_DECL_FFLUSH_UNLOCKED 1
| #define HAVE_DECL_FGETS_UNLOCKED 1
| #define HAVE_DECL_FPUTC_UNLOCKED 1
| #define HAVE_DECL_FPUTS_UNLOCKED 1
| #define HAVE_DECL_FREAD_UNLOCKED 1
| #define HAVE_DECL_FWRITE_UNLOCKED 1
| #define HAVE_DECL_GETC_UNLOCKED 1
| #define HAVE_DECL_GETCHAR_UNLOCKED 1
| #define HAVE_DECL_PUTC_UNLOCKED 1
| #define HAVE_DECL_PUTCHAR_UNLOCKED 1
| #define HAVE_STD_PUTENV 1
| #define HAVE_STD_UNSETENV 1
| #define HAVE_PRINTF_A_FORMAT 1
| #define FNMATCH_EQUIV_FALLBACK 0
| #define GWINSZ_IN_SYS_IOCTL 1
| /* end confdefs.h.  */
| 
| #include <sys/types.h>
| #include <sys/ioctl.h>
| int
| main (void)
| {
| int x = TIOCSTAT;
|   ;
|   return 0;
| }
configure:22358: result: no
configure:22365: checking for FIONREAD in sys/ioctl.h
configure:22384: x86_64-unknown-linux-musl-gcc -c -g -O2 -I/home/samson/Projects/clojv3/./store/musl-1.2.6/include conftest.c >&5
configure:22384: $? = 0
configure:22396: result: yes
configure:22405: checking whether WCONTINUED flag to waitpid is unavailable or available but broken
configure:22443: x86_64-unknown-linux-musl-gcc -o conftest -g -O2 -I/home/samson/Projects/clojv3/./store/musl-1.2.6/include -B/home/samson/Projects/clojv3/./store/musl-1.2.6/lib -L/home/samson/Projects/clojv3/./store/musl-1.2.6/lib -Wl,-rpath,/home/samson/Projects/clojv3/./store/musl-1.2.6/lib -Wl,-dynamic-linker,/home/samson/Projects/clojv3/./store/musl-1.2.6/lib/libc.so conftest.c -ldl  >&5
configure:22443: $? = 0
configure:22443: ./conftest
configure:22443: $? = 0
configure:22458: result: no
configure:22466: checking for speed_t in sys/types.h
configure:22483: x86_64-unknown-linux-musl-gcc -c -g -O2 -I/home/samson/Projects/clojv3/./store/musl-1.2.6/include conftest.c >&5
conftest.c: In function 'main':
conftest.c:425:1: error: unknown type name 'speed_t'; did you mean 'pid_t'?
  425 | speed_t x;
      | ^~~~~~~
      | pid_t
configure:22483: $? = 1
configure: failed program was:
| /* confdefs.h */
| #define PACKAGE_NAME "bash"
| #define PACKAGE_TARNAME "bash"
| #define PACKAGE_VERSION "5.3-release"
| #define PACKAGE_STRING "bash 5.3-release"
| #define PACKAGE_BUGREPORT "bug-bash@gnu.org"
| #define PACKAGE_URL ""
| #define ALIAS 1
| #define PUSHD_AND_POPD 1
| #define RESTRICTED_SHELL 1
| #define PROCESS_SUBSTITUTION 1
| #define PROMPT_STRING_DECODE 1
| #define SELECT_COMMAND 1
| #define HELP_BUILTIN 1
| #define ARRAY_VARS 1
| #define DPAREN_ARITHMETIC 1
| #define BRACE_EXPANSION 1
| #define COMMAND_TIMING 1
| #define EXTENDED_GLOB 1
| #define EXTGLOB_DEFAULT 0
| #define COND_COMMAND 1
| #define COND_REGEXP 1
| #define COPROCESS_SUPPORT 1
| #define ARITH_FOR_COMMAND 1
| #define NETWORK_REDIRECTIONS 1
| #define PROGRAMMABLE_COMPLETION 1
| #define DEBUGGER 1
| #define CASEMOD_ATTRS 1
| #define CASEMOD_EXPANSIONS 1
| #define GLOBASCII_DEFAULT 1
| #define FUNCTION_IMPORT 1
| #define TRANSLATABLE_STRINGS 1
| #define BASH_SOURCE_FULLPATH_DEFAULT 0
| #define MEMSCRAMBLE 1
| #define HAVE_STDIO_H 1
| #define HAVE_STDLIB_H 1
| #define HAVE_STRING_H 1
| #define HAVE_INTTYPES_H 1
| #define HAVE_STDINT_H 1
| #define HAVE_STRINGS_H 1
| #define HAVE_SYS_STAT_H 1
| #define HAVE_SYS_TYPES_H 1
| #define HAVE_UNISTD_H 1
| #define HAVE_WCHAR_H 1
| #define HAVE_STDBOOL_H 1
| #define HAVE_SYS_PARAM_H 1
| #define HAVE_THREADS_H 1
| #define HAVE_SYS_TIME_H 1
| #define STDC_HEADERS 1
| #define _ALL_SOURCE 1
| #define _DARWIN_C_SOURCE 1
| #define _GNU_SOURCE 1
| #define _HPUX_ALT_XOPEN_SOCKET_API 1
| #define _NETBSD_SOURCE 1
| #define _OPENBSD_SOURCE 1
| #define _POSIX_PTHREAD_SEMANTICS 1
| #define __STDC_WANT_IEC_60559_ATTRIBS_EXT__ 1
| #define __STDC_WANT_IEC_60559_BFP_EXT__ 1
| #define __STDC_WANT_IEC_60559_DFP_EXT__ 1
| #define __STDC_WANT_IEC_60559_EXT__ 1
| #define __STDC_WANT_IEC_60559_FUNCS_EXT__ 1
| #define __STDC_WANT_IEC_60559_TYPES_EXT__ 1
| #define __STDC_WANT_LIB_EXT2__ 1
| #define __STDC_WANT_MATH_SPEC_FUNCS__ 1
| #define _TANDEM_SOURCE 1
| #define __EXTENSIONS__ 1
| #define READLINE 1
| #define HISTORY 1
| #define BANG_HISTORY 1
| #define HAVE_STRINGIZE 1
| #define HAVE_LONG_DOUBLE 1
| #define restrict __restrict__
| #define HAVE_C_BOOL 1
| #define HAVE_VISIBILITY 1
| #define HAVE_STDINT_H_WITH_UINTMAX 1
| #define HAVE_ALLOCA_H 1
| #define HAVE_ALLOCA 1
| #define HAVE_GETPAGESIZE 1
| #define HAVE_SYMLINK 1
| #define HAVE_USELOCALE 1
| #define HAVE_VPRINTF 1
| #define HAVE_ALARM 1
| #define HAVE_FPURGE 1
| #define HAVE___FPURGE 1
| #define HAVE_SNPRINTF 1
| #define HAVE_VSNPRINTF 1
| #define HAVE_MMAP 1
| #define INTDIV0_RAISES_SIGFPE 1
| #define HAVE_INTTYPES_H_WITH_UINTMAX 1
| #define HAVE_UNSIGNED_LONG_LONG_INT 1
| #define HAVE_UINTMAX_T 1
| #define HAVE_WEAK_SYMBOLS 1
| #define HAVE_PTHREAD_API 1
| #define USE_POSIX_THREADS 1
| #define USE_POSIX_THREADS_WEAK 1
| #define HAVE_PTHREAD_RWLOCK 1
| #define HAVE_PTHREAD_MUTEX_RECURSIVE 1
| #define HAVE_ICONV 1
| #define ICONV_CONST 
| #define HAVE_BUILTIN_EXPECT 1
| #define HAVE_INTTYPES_H 1
| #define HAVE_UNISTD_H 1
| #define HAVE_SYS_PARAM_H 1
| #define HAVE_GETCWD 1
| #define HAVE_GETEGID 1
| #define HAVE_GETEUID 1
| #define HAVE_GETGID 1
| #define HAVE_GETUID 1
| #define HAVE_MEMPCPY 1
| #define HAVE_MUNMAP 1
| #define HAVE_STPCPY 1
| #define HAVE_STRCASECMP 1
| #define HAVE_TSEARCH 1
| #define HAVE___FSETLOCKING 1
| #define HAVE_DECL_FEOF_UNLOCKED 1
| #define HAVE_DECL_FGETS_UNLOCKED 1
| #define HAVE_LOCALECONV 1
| #define HAVE_LONG_LONG_INT 1
| #define HAVE_WCHAR_T 1
| #define HAVE_WINT_T 1
| #define HAVE_INTMAX_T 1
| #define HAVE_POSIX_PRINTF 1
| #define HAVE_STDINT_H 1
| #define HAVE_STDINT_H 1
| #define HAVE_WORKING_O_NOATIME 0
| #define HAVE_WORKING_O_NOFOLLOW 0
| #define HAVE_WORKING_USELOCALE 1
| #define HAVE_GOOD_USELOCALE 1
| #define FLEXIBLE_ARRAY_MEMBER /**/
| #define HAVE_FEATURES_H 1
| #define HAVE_STDDEF_H 1
| #define HAVE_STDLIB_H 1
| #define HAVE_STRING_H 1
| #define HAVE_ASPRINTF 1
| #define HAVE_WPRINTF 1
| #define HAVE_NEWLOCALE 1
| #define HAVE_PUTENV 1
| #define HAVE_SETENV 1
| #define HAVE_SNPRINTF 1
| #define HAVE_STRNLEN 1
| #define HAVE_USELOCALE 1
| #define HAVE_WCSLEN 1
| #define HAVE_WCSNLEN 1
| #define HAVE_MBRTOWC 1
| #define HAVE_WCRTOMB 1
| #define HAVE_DECL__SNPRINTF 0
| #define HAVE_DECL__SNWPRINTF 0
| #define HAVE_DECL_GETC_UNLOCKED 1
| #define HAVE_NL_LANGINFO 1
| #define HAVE_LANGINFO_CODESET 1
| #define HAVE_LC_MESSAGES 1
| #define ENABLE_NLS 1
| #define HAVE_GETTEXT 1
| #define HAVE_DCGETTEXT 1
| #define HAVE_DIRENT_H 1
| #define MAJOR_IN_SYSMACROS 1
| #define HAVE_INTTYPES_H 1
| #define HAVE_UNISTD_H 1
| #define HAVE_STDLIB_H 1
| #define HAVE_LIMITS_H 1
| #define HAVE_STRING_H 1
| #define HAVE_MEMORY_H 1
| #define HAVE_LOCALE_H 1
| #define HAVE_TERMIOS_H 1
| #define HAVE_DLFCN_H 1
| #define HAVE_STDDEF_H 1
| #define HAVE_STDINT_H 1
| #define HAVE_NETDB_H 1
| #define HAVE_PWD_H 1
| #define HAVE_GRP_H 1
| #define HAVE_STRINGS_H 1
| #define HAVE_STDCKDINT_H 1
| #define HAVE_REGEX_H 1
| #define HAVE_SYSLOG_H 1
| #define HAVE_ULIMIT_H 1
| #define HAVE_SYS_SELECT_H 1
| #define HAVE_SYS_FILE_H 1
| #define HAVE_SYS_IOCTL_H 1
| #define HAVE_SYS_MMAN_H 1
| #define HAVE_SYS_PARAM_H 1
| #define HAVE_SYS_RANDOM_H 1
| #define HAVE_SYS_SOCKET_H 1
| #define HAVE_SYS_STAT_H 1
| #define HAVE_SYS_TIME_H 1
| #define HAVE_SYS_TIMES_H 1
| #define HAVE_SYS_TYPES_H 1
| #define HAVE_SYS_WAIT_H 1
| #define HAVE_NETINET_IN_H 1
| #define HAVE_ARPA_INET_H 1
| #define HAVE_SYS_RESOURCE_H 1
| #define HAVE_ALLOCA_H 1
| #define HAVE_ALLOCA 1
| #define HAVE_CHOWN 1
| #define GETPGRP_VOID 1
| #define HAVE_STRCOLL 1
| #define HAVE_WAIT3 1
| #define HAVE_MKFIFO 1
| #define HAVE_DUP2 1
| #define HAVE_EACCESS 1
| #define HAVE_FCNTL 1
| #define HAVE_GETDTABLESIZE 1
| #define HAVE_GETENTROPY 1
| #define HAVE_GETGROUPS 1
| #define HAVE_GETHOSTNAME 1
| #define HAVE_GETPAGESIZE 1
| #define HAVE_GETPEERNAME 1
| #define HAVE_GETRANDOM 1
| #define HAVE_GETRLIMIT 1
| #define HAVE_GETRUSAGE 1
| #define HAVE_GETTIMEOFDAY 1
| #define HAVE_KILL 1
| #define HAVE_KILLPG 1
| #define HAVE_LSTAT 1
| #define HAVE_NANOSLEEP 1
| #define HAVE_PSELECT 1
| #define HAVE_READLINK 1
| #define HAVE_SELECT 1
| #define HAVE_SETITIMER 1
| #define HAVE_STATFS 1
| #define HAVE_TCGETPGRP 1
| #define HAVE_UNAME 1
| #define HAVE_ULIMIT 1
| #define HAVE_WAITPID 1
| #define HAVE_RENAME 1
| #define HAVE_BCOPY 1
| #define HAVE_BZERO 1
| #define HAVE_CLOCK_GETTIME 1
| #define HAVE_CONFSTR 1
| #define HAVE_FACCESSAT 1
| #define HAVE_FNMATCH 1
| #define HAVE_GETADDRINFO 1
| #define HAVE_GETHOSTBYNAME 1
| #define HAVE_GETSERVBYNAME 1
| #define HAVE_GETSERVENT 1
| #define HAVE_INET_ATON 1
| #define HAVE_IMAXDIV 1
| #define HAVE_MEMMOVE 1
| #define HAVE_PATHCONF 1
| #define HAVE_PUTENV 1
| #define HAVE_RAISE 1
| #define HAVE_RANDOM 1
| #define HAVE_REGCOMP 1
| #define HAVE_REGEXEC 1
| #define HAVE_SETENV 1
| #define HAVE_SETLINEBUF 1
| #define HAVE_SETLOCALE 1
| #define HAVE_SETVBUF 1
| #define HAVE_SIGINTERRUPT 1
| #define HAVE_STRCHR 1
| #define HAVE_SYSCONF 1
| #define HAVE_SYSLOG 1
| #define HAVE_TCGETATTR 1
| #define HAVE_TCGETWINSIZE 1
| #define HAVE_TCSETWINSIZE 1
| #define HAVE_TIMES 1
| #define HAVE_TTYNAME 1
| #define HAVE_TZSET 1
| #define HAVE_UNSETENV 1
| #define HAVE_VASPRINTF 1
| #define HAVE_ASPRINTF 1
| #define HAVE_ISASCII 1
| #define HAVE_ISBLANK 1
| #define HAVE_ISGRAPH 1
| #define HAVE_ISPRINT 1
| #define HAVE_ISSPACE 1
| #define HAVE_ISXDIGIT 1
| #define HAVE_GETPWENT 1
| #define HAVE_GETPWNAM 1
| #define HAVE_GETPWUID 1
| #define HAVE_MKSTEMP 1
| #define HAVE_MKDTEMP 1
| #define HAVE_STRLCAT 1
| #define HAVE_MEMFD_CREATE 1
| #define HAVE_SHM_OPEN 1
| #define HAVE_GETCWD 1
| #define HAVE_MEMSET 1
| #define HAVE_STRCASECMP 1
| #define HAVE_STRCASESTR 1
| #define HAVE_STRERROR 1
| #define HAVE_STRFTIME 1
| #define HAVE_STRNLEN 1
| #define HAVE_STRPBRK 1
| #define HAVE_STRSTR 1
| #define HAVE_STRTOD 1
| #define HAVE_STRTOL 1
| #define HAVE_STRTOUL 1
| #define HAVE_STRTOLL 1
| #define HAVE_STRTOULL 1
| #define HAVE_STRTOUMAX 1
| #define HAVE_DPRINTF 1
| #define HAVE_STRDUP 1
| #define HAVE_STRLCPY 1
| #define HAVE_REALLOCARRAY 1
| #define HAVE_DECL_AUDIT_USER_TTY 1
| #define HAVE_DECL_CONFSTR 1
| #define HAVE_DECL_PRINTF 1
| #define HAVE_DECL_BRK 1
| #define HAVE_DECL_SBRK 1
| #define HAVE_DECL_SETREGID 1
| #define HAVE_DECL_STRCPY 1
| #define HAVE_DECL_STRSIGNAL 1
| #define HAVE_SETRESUID 1
| #define HAVE_SETRESGID 1
| #define HAVE_DECL_STRTOLD 1
| #define HAVE_DECL_STRTOL 1
| #define HAVE_DECL_STRTOLL 1
| #define HAVE_DECL_STRTOUL 1
| #define HAVE_DECL_STRTOULL 1
| #define HAVE_DECL_STRTOUMAX 1
| #define HAVE_ERRNO_H 1
| #define HAVE_FCNTL_H 1
| #define HAVE_MALLOC_H 1
| #define HAVE_STDIO_EXT_H 1
| #define HAVE_MALLOC 1
| #define HAVE_MMAP 1
| #define HAVE_DCGETTEXT 1
| #define HAVE_MEMPCPY 1
| #define HAVE_MUNMAP 1
| #define HAVE_MREMAP 1
| #define HAVE_STPCPY 1
| #define HAVE_STRCSPN 1
| #define HAVE_WCTYPE_H 1
| #define HAVE_WCHAR_H 1
| #define HAVE_LANGINFO_H 1
| #define HAVE_MBRLEN 1
| #define HAVE_MBSNRTOWCS 1
| #define HAVE_MBSRTOWCS 1
| #define HAVE_WCRTOMB 1
| #define HAVE_WCSCOLL 1
| #define HAVE_WCSDUP 1
| #define HAVE_WCWIDTH 1
| #define HAVE_WCTYPE 1
| #define HAVE_WCSNRTOMBS 1
| #define HAVE_WCSWIDTH 1
| #define HAVE_MBRTOWC 1
| #define HAVE_MBSTATE_T 1
| #define HAVE_ISWLOWER 1
| #define HAVE_ISWUPPER 1
| #define HAVE_TOWLOWER 1
| #define HAVE_TOWUPPER 1
| #define HAVE_ISWCTYPE 1
| #define HAVE_WCHAR_T 1
| #define HAVE_WCTYPE_T 1
| #define HAVE_WINT_T 1
| #define SIZEOF_WCHAR_T 4
| #define HAVE_LIBDL 1
| #define HAVE_DLOPEN 1
| #define HAVE_DLCLOSE 1
| #define HAVE_DLSYM 1
| #define GETGROUPS_T gid_t
| #define HAVE_INTPTR_T 1
| #define HAVE_UINTPTR_T 1
| #define HAVE_LONG_LONG_INT 1
| #define HAVE_UNSIGNED_LONG_LONG_INT 1
| #define SIZEOF_CHAR 1
| #define SIZEOF_SHORT 2
| #define SIZEOF_INT 4
| #define SIZEOF_LONG 8
| #define SIZEOF_CHAR_P 8
| #define SIZEOF_SIZE_T 8
| #define SIZEOF_DOUBLE 8
| #define SIZEOF_LONG_LONG 8
| #define bits16_t short
| #define u_bits16_t unsigned short
| #define bits32_t int
| #define u_bits32_t unsigned int
| #define bits64_t char *
| #define HAVE_HASH_BANG_EXEC 1
| #define HAVE_POSIX_SIGNALS 1
| #define HAVE_SYS_ERRLIST 1
| #define HAVE_DECL_SYS_SIGLIST 0
| #define HAVE_SOCKLEN_T 1
| #define HAVE_QUAD_T 1
| #define RLIMTYPE rlim_t
| #define HAVE_INTMAX_T 1
| #define HAVE_UINTMAX_T 1
| #define SIZEOF_INTMAX_T 8
| #define TERMIOS_LDISC 1
| #define HAVE_STRUCT_DIRENT_D_INO 1
| #define HAVE_STRUCT_DIRENT_D_FILENO 1
| #define HAVE_STRUCT_DIRENT_D_TYPE 1
| #define STRUCT_WINSIZE_IN_SYS_IOCTL 1
| #define HAVE_TIMEVAL 1
| #define HAVE_STRUCT_STAT_ST_BLOCKS 1
| #define HAVE_STRUCT_TM_TM_ZONE 1
| #define HAVE_TM_ZONE 1
| #define HAVE_STRUCT_TIMEZONE 1
| #define WEXITSTATUS_OFFSET 8
| #define HAVE_STRUCT_TIMESPEC 1
| #define TIME_H_DEFINES_STRUCT_TIMESPEC 1
| #define HAVE_STRUCT_STAT_ST_ATIM_TV_NSEC 1
| #define TYPEOF_STRUCT_STAT_ST_ATIM_IS_STRUCT_TIMESPEC 1
| #define HAVE_STRSIGNAL 1
| #define ULIMIT_MAXFDS 1
| #define HAVE_DECL_FPURGE 0
| #define CAN_REDEFINE_GETENV 1
| #define HAVE_GETCWD 1
| #define HAVE_POSIX_SIGSETJMP 1
| #define HAVE_STRTOIMAX 1
| #define HAVE_DECL_STRTOIMAX 1
| #define HAVE_DECL_CLEARERR_UNLOCKED 1
| #define HAVE_DECL_FEOF_UNLOCKED 1
| #define HAVE_DECL_FERROR_UNLOCKED 1
| #define HAVE_DECL_FFLUSH_UNLOCKED 1
| #define HAVE_DECL_FGETS_UNLOCKED 1
| #define HAVE_DECL_FPUTC_UNLOCKED 1
| #define HAVE_DECL_FPUTS_UNLOCKED 1
| #define HAVE_DECL_FREAD_UNLOCKED 1
| #define HAVE_DECL_FWRITE_UNLOCKED 1
| #define HAVE_DECL_GETC_UNLOCKED 1
| #define HAVE_DECL_GETCHAR_UNLOCKED 1
| #define HAVE_DECL_PUTC_UNLOCKED 1
| #define HAVE_DECL_PUTCHAR_UNLOCKED 1
| #define HAVE_STD_PUTENV 1
| #define HAVE_STD_UNSETENV 1
| #define HAVE_PRINTF_A_FORMAT 1
| #define FNMATCH_EQUIV_FALLBACK 0
| #define GWINSZ_IN_SYS_IOCTL 1
| #define FIONREAD_IN_SYS_IOCTL 1
| /* end confdefs.h.  */
| #include <sys/types.h>
| int
| main (void)
| {
| speed_t x;
|   ;
|   return 0;
| }
configure:22494: result: no
configure:22501: checking whether getpw functions are declared in pwd.h
configure:22530: result: yes
configure:22537: checking for unusable real-time signals due to large values
configure:22575: x86_64-unknown-linux-musl-gcc -o conftest -g -O2 -I/home/samson/Projects/clojv3/./store/musl-1.2.6/include -B/home/samson/Projects/clojv3/./store/musl-1.2.6/lib -L/home/samson/Projects/clojv3/./store/musl-1.2.6/lib -Wl,-rpath,/home/samson/Projects/clojv3/./store/musl-1.2.6/lib -Wl,-dynamic-linker,/home/samson/Projects/clojv3/./store/musl-1.2.6/lib/libc.so conftest.c -ldl  >&5
configure:22575: $? = 0
configure:22575: ./conftest
configure:22575: $? = 1
configure: program exited with status 1
configure: failed program was:
| /* confdefs.h */
| #define PACKAGE_NAME "bash"
| #define PACKAGE_TARNAME "bash"
| #define PACKAGE_VERSION "5.3-release"
| #define PACKAGE_STRING "bash 5.3-release"
| #define PACKAGE_BUGREPORT "bug-bash@gnu.org"
| #define PACKAGE_URL ""
| #define ALIAS 1
| #define PUSHD_AND_POPD 1
| #define RESTRICTED_SHELL 1
| #define PROCESS_SUBSTITUTION 1
| #define PROMPT_STRING_DECODE 1
| #define SELECT_COMMAND 1
| #define HELP_BUILTIN 1
| #define ARRAY_VARS 1
| #define DPAREN_ARITHMETIC 1
| #define BRACE_EXPANSION 1
| #define COMMAND_TIMING 1
| #define EXTENDED_GLOB 1
| #define EXTGLOB_DEFAULT 0
| #define COND_COMMAND 1
| #define COND_REGEXP 1
| #define COPROCESS_SUPPORT 1
| #define ARITH_FOR_COMMAND 1
| #define NETWORK_REDIRECTIONS 1
| #define PROGRAMMABLE_COMPLETION 1
| #define DEBUGGER 1
| #define CASEMOD_ATTRS 1
| #define CASEMOD_EXPANSIONS 1
| #define GLOBASCII_DEFAULT 1
| #define FUNCTION_IMPORT 1
| #define TRANSLATABLE_STRINGS 1
| #define BASH_SOURCE_FULLPATH_DEFAULT 0
| #define MEMSCRAMBLE 1
| #define HAVE_STDIO_H 1
| #define HAVE_STDLIB_H 1
| #define HAVE_STRING_H 1
| #define HAVE_INTTYPES_H 1
| #define HAVE_STDINT_H 1
| #define HAVE_STRINGS_H 1
| #define HAVE_SYS_STAT_H 1
| #define HAVE_SYS_TYPES_H 1
| #define HAVE_UNISTD_H 1
| #define HAVE_WCHAR_H 1
| #define HAVE_STDBOOL_H 1
| #define HAVE_SYS_PARAM_H 1
| #define HAVE_THREADS_H 1
| #define HAVE_SYS_TIME_H 1
| #define STDC_HEADERS 1
| #define _ALL_SOURCE 1
| #define _DARWIN_C_SOURCE 1
| #define _GNU_SOURCE 1
| #define _HPUX_ALT_XOPEN_SOCKET_API 1
| #define _NETBSD_SOURCE 1
| #define _OPENBSD_SOURCE 1
| #define _POSIX_PTHREAD_SEMANTICS 1
| #define __STDC_WANT_IEC_60559_ATTRIBS_EXT__ 1
| #define __STDC_WANT_IEC_60559_BFP_EXT__ 1
| #define __STDC_WANT_IEC_60559_DFP_EXT__ 1
| #define __STDC_WANT_IEC_60559_EXT__ 1
| #define __STDC_WANT_IEC_60559_FUNCS_EXT__ 1
| #define __STDC_WANT_IEC_60559_TYPES_EXT__ 1
| #define __STDC_WANT_LIB_EXT2__ 1
| #define __STDC_WANT_MATH_SPEC_FUNCS__ 1
| #define _TANDEM_SOURCE 1
| #define __EXTENSIONS__ 1
| #define READLINE 1
| #define HISTORY 1
| #define BANG_HISTORY 1
| #define HAVE_STRINGIZE 1
| #define HAVE_LONG_DOUBLE 1
| #define restrict __restrict__
| #define HAVE_C_BOOL 1
| #define HAVE_VISIBILITY 1
| #define HAVE_STDINT_H_WITH_UINTMAX 1
| #define HAVE_ALLOCA_H 1
| #define HAVE_ALLOCA 1
| #define HAVE_GETPAGESIZE 1
| #define HAVE_SYMLINK 1
| #define HAVE_USELOCALE 1
| #define HAVE_VPRINTF 1
| #define HAVE_ALARM 1
| #define HAVE_FPURGE 1
| #define HAVE___FPURGE 1
| #define HAVE_SNPRINTF 1
| #define HAVE_VSNPRINTF 1
| #define HAVE_MMAP 1
| #define INTDIV0_RAISES_SIGFPE 1
| #define HAVE_INTTYPES_H_WITH_UINTMAX 1
| #define HAVE_UNSIGNED_LONG_LONG_INT 1
| #define HAVE_UINTMAX_T 1
| #define HAVE_WEAK_SYMBOLS 1
| #define HAVE_PTHREAD_API 1
| #define USE_POSIX_THREADS 1
| #define USE_POSIX_THREADS_WEAK 1
| #define HAVE_PTHREAD_RWLOCK 1
| #define HAVE_PTHREAD_MUTEX_RECURSIVE 1
| #define HAVE_ICONV 1
| #define ICONV_CONST 
| #define HAVE_BUILTIN_EXPECT 1
| #define HAVE_INTTYPES_H 1
| #define HAVE_UNISTD_H 1
| #define HAVE_SYS_PARAM_H 1
| #define HAVE_GETCWD 1
| #define HAVE_GETEGID 1
| #define HAVE_GETEUID 1
| #define HAVE_GETGID 1
| #define HAVE_GETUID 1
| #define HAVE_MEMPCPY 1
| #define HAVE_MUNMAP 1
| #define HAVE_STPCPY 1
| #define HAVE_STRCASECMP 1
| #define HAVE_TSEARCH 1
| #define HAVE___FSETLOCKING 1
| #define HAVE_DECL_FEOF_UNLOCKED 1
| #define HAVE_DECL_FGETS_UNLOCKED 1
| #define HAVE_LOCALECONV 1
| #define HAVE_LONG_LONG_INT 1
| #define HAVE_WCHAR_T 1
| #define HAVE_WINT_T 1
| #define HAVE_INTMAX_T 1
| #define HAVE_POSIX_PRINTF 1
| #define HAVE_STDINT_H 1
| #define HAVE_STDINT_H 1
| #define HAVE_WORKING_O_NOATIME 0
| #define HAVE_WORKING_O_NOFOLLOW 0
| #define HAVE_WORKING_USELOCALE 1
| #define HAVE_GOOD_USELOCALE 1
| #define FLEXIBLE_ARRAY_MEMBER /**/
| #define HAVE_FEATURES_H 1
| #define HAVE_STDDEF_H 1
| #define HAVE_STDLIB_H 1
| #define HAVE_STRING_H 1
| #define HAVE_ASPRINTF 1
| #define HAVE_WPRINTF 1
| #define HAVE_NEWLOCALE 1
| #define HAVE_PUTENV 1
| #define HAVE_SETENV 1
| #define HAVE_SNPRINTF 1
| #define HAVE_STRNLEN 1
| #define HAVE_USELOCALE 1
| #define HAVE_WCSLEN 1
| #define HAVE_WCSNLEN 1
| #define HAVE_MBRTOWC 1
| #define HAVE_WCRTOMB 1
| #define HAVE_DECL__SNPRINTF 0
| #define HAVE_DECL__SNWPRINTF 0
| #define HAVE_DECL_GETC_UNLOCKED 1
| #define HAVE_NL_LANGINFO 1
| #define HAVE_LANGINFO_CODESET 1
| #define HAVE_LC_MESSAGES 1
| #define ENABLE_NLS 1
| #define HAVE_GETTEXT 1
| #define HAVE_DCGETTEXT 1
| #define HAVE_DIRENT_H 1
| #define MAJOR_IN_SYSMACROS 1
| #define HAVE_INTTYPES_H 1
| #define HAVE_UNISTD_H 1
| #define HAVE_STDLIB_H 1
| #define HAVE_LIMITS_H 1
| #define HAVE_STRING_H 1
| #define HAVE_MEMORY_H 1
| #define HAVE_LOCALE_H 1
| #define HAVE_TERMIOS_H 1
| #define HAVE_DLFCN_H 1
| #define HAVE_STDDEF_H 1
| #define HAVE_STDINT_H 1
| #define HAVE_NETDB_H 1
| #define HAVE_PWD_H 1
| #define HAVE_GRP_H 1
| #define HAVE_STRINGS_H 1
| #define HAVE_STDCKDINT_H 1
| #define HAVE_REGEX_H 1
| #define HAVE_SYSLOG_H 1
| #define HAVE_ULIMIT_H 1
| #define HAVE_SYS_SELECT_H 1
| #define HAVE_SYS_FILE_H 1
| #define HAVE_SYS_IOCTL_H 1
| #define HAVE_SYS_MMAN_H 1
| #define HAVE_SYS_PARAM_H 1
| #define HAVE_SYS_RANDOM_H 1
| #define HAVE_SYS_SOCKET_H 1
| #define HAVE_SYS_STAT_H 1
| #define HAVE_SYS_TIME_H 1
| #define HAVE_SYS_TIMES_H 1
| #define HAVE_SYS_TYPES_H 1
| #define HAVE_SYS_WAIT_H 1
| #define HAVE_NETINET_IN_H 1
| #define HAVE_ARPA_INET_H 1
| #define HAVE_SYS_RESOURCE_H 1
| #define HAVE_ALLOCA_H 1
| #define HAVE_ALLOCA 1
| #define HAVE_CHOWN 1
| #define GETPGRP_VOID 1
| #define HAVE_STRCOLL 1
| #define HAVE_WAIT3 1
| #define HAVE_MKFIFO 1
| #define HAVE_DUP2 1
| #define HAVE_EACCESS 1
| #define HAVE_FCNTL 1
| #define HAVE_GETDTABLESIZE 1
| #define HAVE_GETENTROPY 1
| #define HAVE_GETGROUPS 1
| #define HAVE_GETHOSTNAME 1
| #define HAVE_GETPAGESIZE 1
| #define HAVE_GETPEERNAME 1
| #define HAVE_GETRANDOM 1
| #define HAVE_GETRLIMIT 1
| #define HAVE_GETRUSAGE 1
| #define HAVE_GETTIMEOFDAY 1
| #define HAVE_KILL 1
| #define HAVE_KILLPG 1
| #define HAVE_LSTAT 1
| #define HAVE_NANOSLEEP 1
| #define HAVE_PSELECT 1
| #define HAVE_READLINK 1
| #define HAVE_SELECT 1
| #define HAVE_SETITIMER 1
| #define HAVE_STATFS 1
| #define HAVE_TCGETPGRP 1
| #define HAVE_UNAME 1
| #define HAVE_ULIMIT 1
| #define HAVE_WAITPID 1
| #define HAVE_RENAME 1
| #define HAVE_BCOPY 1
| #define HAVE_BZERO 1
| #define HAVE_CLOCK_GETTIME 1
| #define HAVE_CONFSTR 1
| #define HAVE_FACCESSAT 1
| #define HAVE_FNMATCH 1
| #define HAVE_GETADDRINFO 1
| #define HAVE_GETHOSTBYNAME 1
| #define HAVE_GETSERVBYNAME 1
| #define HAVE_GETSERVENT 1
| #define HAVE_INET_ATON 1
| #define HAVE_IMAXDIV 1
| #define HAVE_MEMMOVE 1
| #define HAVE_PATHCONF 1
| #define HAVE_PUTENV 1
| #define HAVE_RAISE 1
| #define HAVE_RANDOM 1
| #define HAVE_REGCOMP 1
| #define HAVE_REGEXEC 1
| #define HAVE_SETENV 1
| #define HAVE_SETLINEBUF 1
| #define HAVE_SETLOCALE 1
| #define HAVE_SETVBUF 1
| #define HAVE_SIGINTERRUPT 1
| #define HAVE_STRCHR 1
| #define HAVE_SYSCONF 1
| #define HAVE_SYSLOG 1
| #define HAVE_TCGETATTR 1
| #define HAVE_TCGETWINSIZE 1
| #define HAVE_TCSETWINSIZE 1
| #define HAVE_TIMES 1
| #define HAVE_TTYNAME 1
| #define HAVE_TZSET 1
| #define HAVE_UNSETENV 1
| #define HAVE_VASPRINTF 1
| #define HAVE_ASPRINTF 1
| #define HAVE_ISASCII 1
| #define HAVE_ISBLANK 1
| #define HAVE_ISGRAPH 1
| #define HAVE_ISPRINT 1
| #define HAVE_ISSPACE 1
| #define HAVE_ISXDIGIT 1
| #define HAVE_GETPWENT 1
| #define HAVE_GETPWNAM 1
| #define HAVE_GETPWUID 1
| #define HAVE_MKSTEMP 1
| #define HAVE_MKDTEMP 1
| #define HAVE_STRLCAT 1
| #define HAVE_MEMFD_CREATE 1
| #define HAVE_SHM_OPEN 1
| #define HAVE_GETCWD 1
| #define HAVE_MEMSET 1
| #define HAVE_STRCASECMP 1
| #define HAVE_STRCASESTR 1
| #define HAVE_STRERROR 1
| #define HAVE_STRFTIME 1
| #define HAVE_STRNLEN 1
| #define HAVE_STRPBRK 1
| #define HAVE_STRSTR 1
| #define HAVE_STRTOD 1
| #define HAVE_STRTOL 1
| #define HAVE_STRTOUL 1
| #define HAVE_STRTOLL 1
| #define HAVE_STRTOULL 1
| #define HAVE_STRTOUMAX 1
| #define HAVE_DPRINTF 1
| #define HAVE_STRDUP 1
| #define HAVE_STRLCPY 1
| #define HAVE_REALLOCARRAY 1
| #define HAVE_DECL_AUDIT_USER_TTY 1
| #define HAVE_DECL_CONFSTR 1
| #define HAVE_DECL_PRINTF 1
| #define HAVE_DECL_BRK 1
| #define HAVE_DECL_SBRK 1
| #define HAVE_DECL_SETREGID 1
| #define HAVE_DECL_STRCPY 1
| #define HAVE_DECL_STRSIGNAL 1
| #define HAVE_SETRESUID 1
| #define HAVE_SETRESGID 1
| #define HAVE_DECL_STRTOLD 1
| #define HAVE_DECL_STRTOL 1
| #define HAVE_DECL_STRTOLL 1
| #define HAVE_DECL_STRTOUL 1
| #define HAVE_DECL_STRTOULL 1
| #define HAVE_DECL_STRTOUMAX 1
| #define HAVE_ERRNO_H 1
| #define HAVE_FCNTL_H 1
| #define HAVE_MALLOC_H 1
| #define HAVE_STDIO_EXT_H 1
| #define HAVE_MALLOC 1
| #define HAVE_MMAP 1
| #define HAVE_DCGETTEXT 1
| #define HAVE_MEMPCPY 1
| #define HAVE_MUNMAP 1
| #define HAVE_MREMAP 1
| #define HAVE_STPCPY 1
| #define HAVE_STRCSPN 1
| #define HAVE_WCTYPE_H 1
| #define HAVE_WCHAR_H 1
| #define HAVE_LANGINFO_H 1
| #define HAVE_MBRLEN 1
| #define HAVE_MBSNRTOWCS 1
| #define HAVE_MBSRTOWCS 1
| #define HAVE_WCRTOMB 1
| #define HAVE_WCSCOLL 1
| #define HAVE_WCSDUP 1
| #define HAVE_WCWIDTH 1
| #define HAVE_WCTYPE 1
| #define HAVE_WCSNRTOMBS 1
| #define HAVE_WCSWIDTH 1
| #define HAVE_MBRTOWC 1
| #define HAVE_MBSTATE_T 1
| #define HAVE_ISWLOWER 1
| #define HAVE_ISWUPPER 1
| #define HAVE_TOWLOWER 1
| #define HAVE_TOWUPPER 1
| #define HAVE_ISWCTYPE 1
| #define HAVE_WCHAR_T 1
| #define HAVE_WCTYPE_T 1
| #define HAVE_WINT_T 1
| #define SIZEOF_WCHAR_T 4
| #define HAVE_LIBDL 1
| #define HAVE_DLOPEN 1
| #define HAVE_DLCLOSE 1
| #define HAVE_DLSYM 1
| #define GETGROUPS_T gid_t
| #define HAVE_INTPTR_T 1
| #define HAVE_UINTPTR_T 1
| #define HAVE_LONG_LONG_INT 1
| #define HAVE_UNSIGNED_LONG_LONG_INT 1
| #define SIZEOF_CHAR 1
| #define SIZEOF_SHORT 2
| #define SIZEOF_INT 4
| #define SIZEOF_LONG 8
| #define SIZEOF_CHAR_P 8
| #define SIZEOF_SIZE_T 8
| #define SIZEOF_DOUBLE 8
| #define SIZEOF_LONG_LONG 8
| #define bits16_t short
| #define u_bits16_t unsigned short
| #define bits32_t int
| #define u_bits32_t unsigned int
| #define bits64_t char *
| #define HAVE_HASH_BANG_EXEC 1
| #define HAVE_POSIX_SIGNALS 1
| #define HAVE_SYS_ERRLIST 1
| #define HAVE_DECL_SYS_SIGLIST 0
| #define HAVE_SOCKLEN_T 1
| #define HAVE_QUAD_T 1
| #define RLIMTYPE rlim_t
| #define HAVE_INTMAX_T 1
| #define HAVE_UINTMAX_T 1
| #define SIZEOF_INTMAX_T 8
| #define TERMIOS_LDISC 1
| #define HAVE_STRUCT_DIRENT_D_INO 1
| #define HAVE_STRUCT_DIRENT_D_FILENO 1
| #define HAVE_STRUCT_DIRENT_D_TYPE 1
| #define STRUCT_WINSIZE_IN_SYS_IOCTL 1
| #define HAVE_TIMEVAL 1
| #define HAVE_STRUCT_STAT_ST_BLOCKS 1
| #define HAVE_STRUCT_TM_TM_ZONE 1
| #define HAVE_TM_ZONE 1
| #define HAVE_STRUCT_TIMEZONE 1
| #define WEXITSTATUS_OFFSET 8
| #define HAVE_STRUCT_TIMESPEC 1
| #define TIME_H_DEFINES_STRUCT_TIMESPEC 1
| #define HAVE_STRUCT_STAT_ST_ATIM_TV_NSEC 1
| #define TYPEOF_STRUCT_STAT_ST_ATIM_IS_STRUCT_TIMESPEC 1
| #define HAVE_STRSIGNAL 1
| #define ULIMIT_MAXFDS 1
| #define HAVE_DECL_FPURGE 0
| #define CAN_REDEFINE_GETENV 1
| #define HAVE_GETCWD 1
| #define HAVE_POSIX_SIGSETJMP 1
| #define HAVE_STRTOIMAX 1
| #define HAVE_DECL_STRTOIMAX 1
| #define HAVE_DECL_CLEARERR_UNLOCKED 1
| #define HAVE_DECL_FEOF_UNLOCKED 1
| #define HAVE_DECL_FERROR_UNLOCKED 1
| #define HAVE_DECL_FFLUSH_UNLOCKED 1
| #define HAVE_DECL_FGETS_UNLOCKED 1
| #define HAVE_DECL_FPUTC_UNLOCKED 1
| #define HAVE_DECL_FPUTS_UNLOCKED 1
| #define HAVE_DECL_FREAD_UNLOCKED 1
| #define HAVE_DECL_FWRITE_UNLOCKED 1
| #define HAVE_DECL_GETC_UNLOCKED 1
| #define HAVE_DECL_GETCHAR_UNLOCKED 1
| #define HAVE_DECL_PUTC_UNLOCKED 1
| #define HAVE_DECL_PUTCHAR_UNLOCKED 1
| #define HAVE_STD_PUTENV 1
| #define HAVE_STD_UNSETENV 1
| #define HAVE_PRINTF_A_FORMAT 1
| #define FNMATCH_EQUIV_FALLBACK 0
| #define GWINSZ_IN_SYS_IOCTL 1
| #define FIONREAD_IN_SYS_IOCTL 1
| #define HAVE_GETPW_DECLS 1
| /* end confdefs.h.  */
| 
| #include <sys/types.h>
| #include <signal.h>
| #include <stdlib.h>
| 
| #ifndef NSIG
| #  define NSIG 64
| #endif
| 
| int
| main ()
| {
|   int n_sigs = 2 * NSIG;
| #ifdef SIGRTMIN
|   int rtmin = SIGRTMIN;
| #else
|   int rtmin = 0;
| #endif
| 
|   exit(rtmin < n_sigs);
| }
| 
configure:22590: result: no
configure:22708: checking for tgetent
configure:22708: x86_64-unknown-linux-musl-gcc -o conftest -g -O2 -I/home/samson/Projects/clojv3/./store/musl-1.2.6/include -B/home/samson/Projects/clojv3/./store/musl-1.2.6/lib -L/home/samson/Projects/clojv3/./store/musl-1.2.6/lib -Wl,-rpath,/home/samson/Projects/clojv3/./store/musl-1.2.6/lib -Wl,-dynamic-linker,/home/samson/Projects/clojv3/./store/musl-1.2.6/lib/libc.so conftest.c -ldl  >&5
/nix/store/60lv8wlcr99wv4ck3sk9fzcbb4jbk2n6-x86_64-unknown-linux-musl-binutils-2.46/bin/x86_64-unknown-linux-musl-ld.bfd: /tmp/cczbHrTy.o: in function `main':
/home/samson/Projects/clojv3/store/tmp/sh-5.3/bash-5.3/conftest.c:449:(.text.startup+0x5): undefined reference to `tgetent'
collect2: error: ld returned 1 exit status
configure:22708: $? = 1
configure: failed program was:
| /* confdefs.h */
| #define PACKAGE_NAME "bash"
| #define PACKAGE_TARNAME "bash"
| #define PACKAGE_VERSION "5.3-release"
| #define PACKAGE_STRING "bash 5.3-release"
| #define PACKAGE_BUGREPORT "bug-bash@gnu.org"
| #define PACKAGE_URL ""
| #define ALIAS 1
| #define PUSHD_AND_POPD 1
| #define RESTRICTED_SHELL 1
| #define PROCESS_SUBSTITUTION 1
| #define PROMPT_STRING_DECODE 1
| #define SELECT_COMMAND 1
| #define HELP_BUILTIN 1
| #define ARRAY_VARS 1
| #define DPAREN_ARITHMETIC 1
| #define BRACE_EXPANSION 1
| #define COMMAND_TIMING 1
| #define EXTENDED_GLOB 1
| #define EXTGLOB_DEFAULT 0
| #define COND_COMMAND 1
| #define COND_REGEXP 1
| #define COPROCESS_SUPPORT 1
| #define ARITH_FOR_COMMAND 1
| #define NETWORK_REDIRECTIONS 1
| #define PROGRAMMABLE_COMPLETION 1
| #define DEBUGGER 1
| #define CASEMOD_ATTRS 1
| #define CASEMOD_EXPANSIONS 1
| #define GLOBASCII_DEFAULT 1
| #define FUNCTION_IMPORT 1
| #define TRANSLATABLE_STRINGS 1
| #define BASH_SOURCE_FULLPATH_DEFAULT 0
| #define MEMSCRAMBLE 1
| #define HAVE_STDIO_H 1
| #define HAVE_STDLIB_H 1
| #define HAVE_STRING_H 1
| #define HAVE_INTTYPES_H 1
| #define HAVE_STDINT_H 1
| #define HAVE_STRINGS_H 1
| #define HAVE_SYS_STAT_H 1
| #define HAVE_SYS_TYPES_H 1
| #define HAVE_UNISTD_H 1
| #define HAVE_WCHAR_H 1
| #define HAVE_STDBOOL_H 1
| #define HAVE_SYS_PARAM_H 1
| #define HAVE_THREADS_H 1
| #define HAVE_SYS_TIME_H 1
| #define STDC_HEADERS 1
| #define _ALL_SOURCE 1
| #define _DARWIN_C_SOURCE 1
| #define _GNU_SOURCE 1
| #define _HPUX_ALT_XOPEN_SOCKET_API 1
| #define _NETBSD_SOURCE 1
| #define _OPENBSD_SOURCE 1
| #define _POSIX_PTHREAD_SEMANTICS 1
| #define __STDC_WANT_IEC_60559_ATTRIBS_EXT__ 1
| #define __STDC_WANT_IEC_60559_BFP_EXT__ 1
| #define __STDC_WANT_IEC_60559_DFP_EXT__ 1
| #define __STDC_WANT_IEC_60559_EXT__ 1
| #define __STDC_WANT_IEC_60559_FUNCS_EXT__ 1
| #define __STDC_WANT_IEC_60559_TYPES_EXT__ 1
| #define __STDC_WANT_LIB_EXT2__ 1
| #define __STDC_WANT_MATH_SPEC_FUNCS__ 1
| #define _TANDEM_SOURCE 1
| #define __EXTENSIONS__ 1
| #define READLINE 1
| #define HISTORY 1
| #define BANG_HISTORY 1
| #define HAVE_STRINGIZE 1
| #define HAVE_LONG_DOUBLE 1
| #define restrict __restrict__
| #define HAVE_C_BOOL 1
| #define HAVE_VISIBILITY 1
| #define HAVE_STDINT_H_WITH_UINTMAX 1
| #define HAVE_ALLOCA_H 1
| #define HAVE_ALLOCA 1
| #define HAVE_GETPAGESIZE 1
| #define HAVE_SYMLINK 1
| #define HAVE_USELOCALE 1
| #define HAVE_VPRINTF 1
| #define HAVE_ALARM 1
| #define HAVE_FPURGE 1
| #define HAVE___FPURGE 1
| #define HAVE_SNPRINTF 1
| #define HAVE_VSNPRINTF 1
| #define HAVE_MMAP 1
| #define INTDIV0_RAISES_SIGFPE 1
| #define HAVE_INTTYPES_H_WITH_UINTMAX 1
| #define HAVE_UNSIGNED_LONG_LONG_INT 1
| #define HAVE_UINTMAX_T 1
| #define HAVE_WEAK_SYMBOLS 1
| #define HAVE_PTHREAD_API 1
| #define USE_POSIX_THREADS 1
| #define USE_POSIX_THREADS_WEAK 1
| #define HAVE_PTHREAD_RWLOCK 1
| #define HAVE_PTHREAD_MUTEX_RECURSIVE 1
| #define HAVE_ICONV 1
| #define ICONV_CONST 
| #define HAVE_BUILTIN_EXPECT 1
| #define HAVE_INTTYPES_H 1
| #define HAVE_UNISTD_H 1
| #define HAVE_SYS_PARAM_H 1
| #define HAVE_GETCWD 1
| #define HAVE_GETEGID 1
| #define HAVE_GETEUID 1
| #define HAVE_GETGID 1
| #define HAVE_GETUID 1
| #define HAVE_MEMPCPY 1
| #define HAVE_MUNMAP 1
| #define HAVE_STPCPY 1
| #define HAVE_STRCASECMP 1
| #define HAVE_TSEARCH 1
| #define HAVE___FSETLOCKING 1
| #define HAVE_DECL_FEOF_UNLOCKED 1
| #define HAVE_DECL_FGETS_UNLOCKED 1
| #define HAVE_LOCALECONV 1
| #define HAVE_LONG_LONG_INT 1
| #define HAVE_WCHAR_T 1
| #define HAVE_WINT_T 1
| #define HAVE_INTMAX_T 1
| #define HAVE_POSIX_PRINTF 1
| #define HAVE_STDINT_H 1
| #define HAVE_STDINT_H 1
| #define HAVE_WORKING_O_NOATIME 0
| #define HAVE_WORKING_O_NOFOLLOW 0
| #define HAVE_WORKING_USELOCALE 1
| #define HAVE_GOOD_USELOCALE 1
| #define FLEXIBLE_ARRAY_MEMBER /**/
| #define HAVE_FEATURES_H 1
| #define HAVE_STDDEF_H 1
| #define HAVE_STDLIB_H 1
| #define HAVE_STRING_H 1
| #define HAVE_ASPRINTF 1
| #define HAVE_WPRINTF 1
| #define HAVE_NEWLOCALE 1
| #define HAVE_PUTENV 1
| #define HAVE_SETENV 1
| #define HAVE_SNPRINTF 1
| #define HAVE_STRNLEN 1
| #define HAVE_USELOCALE 1
| #define HAVE_WCSLEN 1
| #define HAVE_WCSNLEN 1
| #define HAVE_MBRTOWC 1
| #define HAVE_WCRTOMB 1
| #define HAVE_DECL__SNPRINTF 0
| #define HAVE_DECL__SNWPRINTF 0
| #define HAVE_DECL_GETC_UNLOCKED 1
| #define HAVE_NL_LANGINFO 1
| #define HAVE_LANGINFO_CODESET 1
| #define HAVE_LC_MESSAGES 1
| #define ENABLE_NLS 1
| #define HAVE_GETTEXT 1
| #define HAVE_DCGETTEXT 1
| #define HAVE_DIRENT_H 1
| #define MAJOR_IN_SYSMACROS 1
| #define HAVE_INTTYPES_H 1
| #define HAVE_UNISTD_H 1
| #define HAVE_STDLIB_H 1
| #define HAVE_LIMITS_H 1
| #define HAVE_STRING_H 1
| #define HAVE_MEMORY_H 1
| #define HAVE_LOCALE_H 1
| #define HAVE_TERMIOS_H 1
| #define HAVE_DLFCN_H 1
| #define HAVE_STDDEF_H 1
| #define HAVE_STDINT_H 1
| #define HAVE_NETDB_H 1
| #define HAVE_PWD_H 1
| #define HAVE_GRP_H 1
| #define HAVE_STRINGS_H 1
| #define HAVE_STDCKDINT_H 1
| #define HAVE_REGEX_H 1
| #define HAVE_SYSLOG_H 1
| #define HAVE_ULIMIT_H 1
| #define HAVE_SYS_SELECT_H 1
| #define HAVE_SYS_FILE_H 1
| #define HAVE_SYS_IOCTL_H 1
| #define HAVE_SYS_MMAN_H 1
| #define HAVE_SYS_PARAM_H 1
| #define HAVE_SYS_RANDOM_H 1
| #define HAVE_SYS_SOCKET_H 1
| #define HAVE_SYS_STAT_H 1
| #define HAVE_SYS_TIME_H 1
| #define HAVE_SYS_TIMES_H 1
| #define HAVE_SYS_TYPES_H 1
| #define HAVE_SYS_WAIT_H 1
| #define HAVE_NETINET_IN_H 1
| #define HAVE_ARPA_INET_H 1
| #define HAVE_SYS_RESOURCE_H 1
| #define HAVE_ALLOCA_H 1
| #define HAVE_ALLOCA 1
| #define HAVE_CHOWN 1
| #define GETPGRP_VOID 1
| #define HAVE_STRCOLL 1
| #define HAVE_WAIT3 1
| #define HAVE_MKFIFO 1
| #define HAVE_DUP2 1
| #define HAVE_EACCESS 1
| #define HAVE_FCNTL 1
| #define HAVE_GETDTABLESIZE 1
| #define HAVE_GETENTROPY 1
| #define HAVE_GETGROUPS 1
| #define HAVE_GETHOSTNAME 1
| #define HAVE_GETPAGESIZE 1
| #define HAVE_GETPEERNAME 1
| #define HAVE_GETRANDOM 1
| #define HAVE_GETRLIMIT 1
| #define HAVE_GETRUSAGE 1
| #define HAVE_GETTIMEOFDAY 1
| #define HAVE_KILL 1
| #define HAVE_KILLPG 1
| #define HAVE_LSTAT 1
| #define HAVE_NANOSLEEP 1
| #define HAVE_PSELECT 1
| #define HAVE_READLINK 1
| #define HAVE_SELECT 1
| #define HAVE_SETITIMER 1
| #define HAVE_STATFS 1
| #define HAVE_TCGETPGRP 1
| #define HAVE_UNAME 1
| #define HAVE_ULIMIT 1
| #define HAVE_WAITPID 1
| #define HAVE_RENAME 1
| #define HAVE_BCOPY 1
| #define HAVE_BZERO 1
| #define HAVE_CLOCK_GETTIME 1
| #define HAVE_CONFSTR 1
| #define HAVE_FACCESSAT 1
| #define HAVE_FNMATCH 1
| #define HAVE_GETADDRINFO 1
| #define HAVE_GETHOSTBYNAME 1
| #define HAVE_GETSERVBYNAME 1
| #define HAVE_GETSERVENT 1
| #define HAVE_INET_ATON 1
| #define HAVE_IMAXDIV 1
| #define HAVE_MEMMOVE 1
| #define HAVE_PATHCONF 1
| #define HAVE_PUTENV 1
| #define HAVE_RAISE 1
| #define HAVE_RANDOM 1
| #define HAVE_REGCOMP 1
| #define HAVE_REGEXEC 1
| #define HAVE_SETENV 1
| #define HAVE_SETLINEBUF 1
| #define HAVE_SETLOCALE 1
| #define HAVE_SETVBUF 1
| #define HAVE_SIGINTERRUPT 1
| #define HAVE_STRCHR 1
| #define HAVE_SYSCONF 1
| #define HAVE_SYSLOG 1
| #define HAVE_TCGETATTR 1
| #define HAVE_TCGETWINSIZE 1
| #define HAVE_TCSETWINSIZE 1
| #define HAVE_TIMES 1
| #define HAVE_TTYNAME 1
| #define HAVE_TZSET 1
| #define HAVE_UNSETENV 1
| #define HAVE_VASPRINTF 1
| #define HAVE_ASPRINTF 1
| #define HAVE_ISASCII 1
| #define HAVE_ISBLANK 1
| #define HAVE_ISGRAPH 1
| #define HAVE_ISPRINT 1
| #define HAVE_ISSPACE 1
| #define HAVE_ISXDIGIT 1
| #define HAVE_GETPWENT 1
| #define HAVE_GETPWNAM 1
| #define HAVE_GETPWUID 1
| #define HAVE_MKSTEMP 1
| #define HAVE_MKDTEMP 1
| #define HAVE_STRLCAT 1
| #define HAVE_MEMFD_CREATE 1
| #define HAVE_SHM_OPEN 1
| #define HAVE_GETCWD 1
| #define HAVE_MEMSET 1
| #define HAVE_STRCASECMP 1
| #define HAVE_STRCASESTR 1
| #define HAVE_STRERROR 1
| #define HAVE_STRFTIME 1
| #define HAVE_STRNLEN 1
| #define HAVE_STRPBRK 1
| #define HAVE_STRSTR 1
| #define HAVE_STRTOD 1
| #define HAVE_STRTOL 1
| #define HAVE_STRTOUL 1
| #define HAVE_STRTOLL 1
| #define HAVE_STRTOULL 1
| #define HAVE_STRTOUMAX 1
| #define HAVE_DPRINTF 1
| #define HAVE_STRDUP 1
| #define HAVE_STRLCPY 1
| #define HAVE_REALLOCARRAY 1
| #define HAVE_DECL_AUDIT_USER_TTY 1
| #define HAVE_DECL_CONFSTR 1
| #define HAVE_DECL_PRINTF 1
| #define HAVE_DECL_BRK 1
| #define HAVE_DECL_SBRK 1
| #define HAVE_DECL_SETREGID 1
| #define HAVE_DECL_STRCPY 1
| #define HAVE_DECL_STRSIGNAL 1
| #define HAVE_SETRESUID 1
| #define HAVE_SETRESGID 1
| #define HAVE_DECL_STRTOLD 1
| #define HAVE_DECL_STRTOL 1
| #define HAVE_DECL_STRTOLL 1
| #define HAVE_DECL_STRTOUL 1
| #define HAVE_DECL_STRTOULL 1
| #define HAVE_DECL_STRTOUMAX 1
| #define HAVE_ERRNO_H 1
| #define HAVE_FCNTL_H 1
| #define HAVE_MALLOC_H 1
| #define HAVE_STDIO_EXT_H 1
| #define HAVE_MALLOC 1
| #define HAVE_MMAP 1
| #define HAVE_DCGETTEXT 1
| #define HAVE_MEMPCPY 1
| #define HAVE_MUNMAP 1
| #define HAVE_MREMAP 1
| #define HAVE_STPCPY 1
| #define HAVE_STRCSPN 1
| #define HAVE_WCTYPE_H 1
| #define HAVE_WCHAR_H 1
| #define HAVE_LANGINFO_H 1
| #define HAVE_MBRLEN 1
| #define HAVE_MBSNRTOWCS 1
| #define HAVE_MBSRTOWCS 1
| #define HAVE_WCRTOMB 1
| #define HAVE_WCSCOLL 1
| #define HAVE_WCSDUP 1
| #define HAVE_WCWIDTH 1
| #define HAVE_WCTYPE 1
| #define HAVE_WCSNRTOMBS 1
| #define HAVE_WCSWIDTH 1
| #define HAVE_MBRTOWC 1
| #define HAVE_MBSTATE_T 1
| #define HAVE_ISWLOWER 1
| #define HAVE_ISWUPPER 1
| #define HAVE_TOWLOWER 1
| #define HAVE_TOWUPPER 1
| #define HAVE_ISWCTYPE 1
| #define HAVE_WCHAR_T 1
| #define HAVE_WCTYPE_T 1
| #define HAVE_WINT_T 1
| #define SIZEOF_WCHAR_T 4
| #define HAVE_LIBDL 1
| #define HAVE_DLOPEN 1
| #define HAVE_DLCLOSE 1
| #define HAVE_DLSYM 1
| #define GETGROUPS_T gid_t
| #define HAVE_INTPTR_T 1
| #define HAVE_UINTPTR_T 1
| #define HAVE_LONG_LONG_INT 1
| #define HAVE_UNSIGNED_LONG_LONG_INT 1
| #define SIZEOF_CHAR 1
| #define SIZEOF_SHORT 2
| #define SIZEOF_INT 4
| #define SIZEOF_LONG 8
| #define SIZEOF_CHAR_P 8
| #define SIZEOF_SIZE_T 8
| #define SIZEOF_DOUBLE 8
| #define SIZEOF_LONG_LONG 8
| #define bits16_t short
| #define u_bits16_t unsigned short
| #define bits32_t int
| #define u_bits32_t unsigned int
| #define bits64_t char *
| #define HAVE_HASH_BANG_EXEC 1
| #define HAVE_POSIX_SIGNALS 1
| #define HAVE_SYS_ERRLIST 1
| #define HAVE_DECL_SYS_SIGLIST 0
| #define HAVE_SOCKLEN_T 1
| #define HAVE_QUAD_T 1
| #define RLIMTYPE rlim_t
| #define HAVE_INTMAX_T 1
| #define HAVE_UINTMAX_T 1
| #define SIZEOF_INTMAX_T 8
| #define TERMIOS_LDISC 1
| #define HAVE_STRUCT_DIRENT_D_INO 1
| #define HAVE_STRUCT_DIRENT_D_FILENO 1
| #define HAVE_STRUCT_DIRENT_D_TYPE 1
| #define STRUCT_WINSIZE_IN_SYS_IOCTL 1
| #define HAVE_TIMEVAL 1
| #define HAVE_STRUCT_STAT_ST_BLOCKS 1
| #define HAVE_STRUCT_TM_TM_ZONE 1
| #define HAVE_TM_ZONE 1
| #define HAVE_STRUCT_TIMEZONE 1
| #define WEXITSTATUS_OFFSET 8
| #define HAVE_STRUCT_TIMESPEC 1
| #define TIME_H_DEFINES_STRUCT_TIMESPEC 1
| #define HAVE_STRUCT_STAT_ST_ATIM_TV_NSEC 1
| #define TYPEOF_STRUCT_STAT_ST_ATIM_IS_STRUCT_TIMESPEC 1
| #define HAVE_STRSIGNAL 1
| #define ULIMIT_MAXFDS 1
| #define HAVE_DECL_FPURGE 0
| #define CAN_REDEFINE_GETENV 1
| #define HAVE_GETCWD 1
| #define HAVE_POSIX_SIGSETJMP 1
| #define HAVE_STRTOIMAX 1
| #define HAVE_DECL_STRTOIMAX 1
| #define HAVE_DECL_CLEARERR_UNLOCKED 1
| #define HAVE_DECL_FEOF_UNLOCKED 1
| #define HAVE_DECL_FERROR_UNLOCKED 1
| #define HAVE_DECL_FFLUSH_UNLOCKED 1
| #define HAVE_DECL_FGETS_UNLOCKED 1
| #define HAVE_DECL_FPUTC_UNLOCKED 1
| #define HAVE_DECL_FPUTS_UNLOCKED 1
| #define HAVE_DECL_FREAD_UNLOCKED 1
| #define HAVE_DECL_FWRITE_UNLOCKED 1
| #define HAVE_DECL_GETC_UNLOCKED 1
| #define HAVE_DECL_GETCHAR_UNLOCKED 1
| #define HAVE_DECL_PUTC_UNLOCKED 1
| #define HAVE_DECL_PUTCHAR_UNLOCKED 1
| #define HAVE_STD_PUTENV 1
| #define HAVE_STD_UNSETENV 1
| #define HAVE_PRINTF_A_FORMAT 1
| #define FNMATCH_EQUIV_FALLBACK 0
| #define GWINSZ_IN_SYS_IOCTL 1
| #define FIONREAD_IN_SYS_IOCTL 1
| #define HAVE_GETPW_DECLS 1
| /* end confdefs.h.  */
| /* Define tgetent to an innocuous variant, in case <limits.h> declares tgetent.
|    For example, HP-UX 11i <limits.h> declares gettimeofday.  */
| #define tgetent innocuous_tgetent
| 
| /* System header to define __stub macros and hopefully few prototypes,
|    which can conflict with char tgetent (void); below.  */
| 
| #include <limits.h>
| #undef tgetent
| 
| /* Override any GCC internal prototype to avoid an error.
|    Use char because int might match the return type of a GCC
|    builtin and then its argument prototype would still apply.  */
| #ifdef __cplusplus
| extern "C"
| #endif
| char tgetent (void);
| /* The GNU C library defines this for functions which it implements
|     to always fail with ENOSYS.  Some functions are actually named
|     something starting with __ and the normal name is an alias.  */
| #if defined __stub_tgetent || defined __stub___tgetent
| choke me
| #endif
| 
| int
| main (void)
| {
| return tgetent ();
|   ;
|   return 0;
| }
configure:22708: result: no
configure:22713: checking for tgetent in -ltermcap
configure:22742: x86_64-unknown-linux-musl-gcc -o conftest -g -O2 -I/home/samson/Projects/clojv3/./store/musl-1.2.6/include -B/home/samson/Projects/clojv3/./store/musl-1.2.6/lib -L/home/samson/Projects/clojv3/./store/musl-1.2.6/lib -Wl,-rpath,/home/samson/Projects/clojv3/./store/musl-1.2.6/lib -Wl,-dynamic-linker,/home/samson/Projects/clojv3/./store/musl-1.2.6/lib/libc.so conftest.c -ltermcap  -ldl  >&5
/nix/store/60lv8wlcr99wv4ck3sk9fzcbb4jbk2n6-x86_64-unknown-linux-musl-binutils-2.46/bin/x86_64-unknown-linux-musl-ld.bfd: cannot find -ltermcap: No such file or directory
collect2: error: ld returned 1 exit status
configure:22742: $? = 1
configure: failed program was:
| /* confdefs.h */
| #define PACKAGE_NAME "bash"
| #define PACKAGE_TARNAME "bash"
| #define PACKAGE_VERSION "5.3-release"
| #define PACKAGE_STRING "bash 5.3-release"
| #define PACKAGE_BUGREPORT "bug-bash@gnu.org"
| #define PACKAGE_URL ""
| #define ALIAS 1
| #define PUSHD_AND_POPD 1
| #define RESTRICTED_SHELL 1
| #define PROCESS_SUBSTITUTION 1
| #define PROMPT_STRING_DECODE 1
| #define SELECT_COMMAND 1
| #define HELP_BUILTIN 1
| #define ARRAY_VARS 1
| #define DPAREN_ARITHMETIC 1
| #define BRACE_EXPANSION 1
| #define COMMAND_TIMING 1
| #define EXTENDED_GLOB 1
| #define EXTGLOB_DEFAULT 0
| #define COND_COMMAND 1
| #define COND_REGEXP 1
| #define COPROCESS_SUPPORT 1
| #define ARITH_FOR_COMMAND 1
| #define NETWORK_REDIRECTIONS 1
| #define PROGRAMMABLE_COMPLETION 1
| #define DEBUGGER 1
| #define CASEMOD_ATTRS 1
| #define CASEMOD_EXPANSIONS 1
| #define GLOBASCII_DEFAULT 1
| #define FUNCTION_IMPORT 1
| #define TRANSLATABLE_STRINGS 1
| #define BASH_SOURCE_FULLPATH_DEFAULT 0
| #define MEMSCRAMBLE 1
| #define HAVE_STDIO_H 1
| #define HAVE_STDLIB_H 1
| #define HAVE_STRING_H 1
| #define HAVE_INTTYPES_H 1
| #define HAVE_STDINT_H 1
| #define HAVE_STRINGS_H 1
| #define HAVE_SYS_STAT_H 1
| #define HAVE_SYS_TYPES_H 1
| #define HAVE_UNISTD_H 1
| #define HAVE_WCHAR_H 1
| #define HAVE_STDBOOL_H 1
| #define HAVE_SYS_PARAM_H 1
| #define HAVE_THREADS_H 1
| #define HAVE_SYS_TIME_H 1
| #define STDC_HEADERS 1
| #define _ALL_SOURCE 1
| #define _DARWIN_C_SOURCE 1
| #define _GNU_SOURCE 1
| #define _HPUX_ALT_XOPEN_SOCKET_API 1
| #define _NETBSD_SOURCE 1
| #define _OPENBSD_SOURCE 1
| #define _POSIX_PTHREAD_SEMANTICS 1
| #define __STDC_WANT_IEC_60559_ATTRIBS_EXT__ 1
| #define __STDC_WANT_IEC_60559_BFP_EXT__ 1
| #define __STDC_WANT_IEC_60559_DFP_EXT__ 1
| #define __STDC_WANT_IEC_60559_EXT__ 1
| #define __STDC_WANT_IEC_60559_FUNCS_EXT__ 1
| #define __STDC_WANT_IEC_60559_TYPES_EXT__ 1
| #define __STDC_WANT_LIB_EXT2__ 1
| #define __STDC_WANT_MATH_SPEC_FUNCS__ 1
| #define _TANDEM_SOURCE 1
| #define __EXTENSIONS__ 1
| #define READLINE 1
| #define HISTORY 1
| #define BANG_HISTORY 1
| #define HAVE_STRINGIZE 1
| #define HAVE_LONG_DOUBLE 1
| #define restrict __restrict__
| #define HAVE_C_BOOL 1
| #define HAVE_VISIBILITY 1
| #define HAVE_STDINT_H_WITH_UINTMAX 1
| #define HAVE_ALLOCA_H 1
| #define HAVE_ALLOCA 1
| #define HAVE_GETPAGESIZE 1
| #define HAVE_SYMLINK 1
| #define HAVE_USELOCALE 1
| #define HAVE_VPRINTF 1
| #define HAVE_ALARM 1
| #define HAVE_FPURGE 1
| #define HAVE___FPURGE 1
| #define HAVE_SNPRINTF 1
| #define HAVE_VSNPRINTF 1
| #define HAVE_MMAP 1
| #define INTDIV0_RAISES_SIGFPE 1
| #define HAVE_INTTYPES_H_WITH_UINTMAX 1
| #define HAVE_UNSIGNED_LONG_LONG_INT 1
| #define HAVE_UINTMAX_T 1
| #define HAVE_WEAK_SYMBOLS 1
| #define HAVE_PTHREAD_API 1
| #define USE_POSIX_THREADS 1
| #define USE_POSIX_THREADS_WEAK 1
| #define HAVE_PTHREAD_RWLOCK 1
| #define HAVE_PTHREAD_MUTEX_RECURSIVE 1
| #define HAVE_ICONV 1
| #define ICONV_CONST 
| #define HAVE_BUILTIN_EXPECT 1
| #define HAVE_INTTYPES_H 1
| #define HAVE_UNISTD_H 1
| #define HAVE_SYS_PARAM_H 1
| #define HAVE_GETCWD 1
| #define HAVE_GETEGID 1
| #define HAVE_GETEUID 1
| #define HAVE_GETGID 1
| #define HAVE_GETUID 1
| #define HAVE_MEMPCPY 1
| #define HAVE_MUNMAP 1
| #define HAVE_STPCPY 1
| #define HAVE_STRCASECMP 1
| #define HAVE_TSEARCH 1
| #define HAVE___FSETLOCKING 1
| #define HAVE_DECL_FEOF_UNLOCKED 1
| #define HAVE_DECL_FGETS_UNLOCKED 1
| #define HAVE_LOCALECONV 1
| #define HAVE_LONG_LONG_INT 1
| #define HAVE_WCHAR_T 1
| #define HAVE_WINT_T 1
| #define HAVE_INTMAX_T 1
| #define HAVE_POSIX_PRINTF 1
| #define HAVE_STDINT_H 1
| #define HAVE_STDINT_H 1
| #define HAVE_WORKING_O_NOATIME 0
| #define HAVE_WORKING_O_NOFOLLOW 0
| #define HAVE_WORKING_USELOCALE 1
| #define HAVE_GOOD_USELOCALE 1
| #define FLEXIBLE_ARRAY_MEMBER /**/
| #define HAVE_FEATURES_H 1
| #define HAVE_STDDEF_H 1
| #define HAVE_STDLIB_H 1
| #define HAVE_STRING_H 1
| #define HAVE_ASPRINTF 1
| #define HAVE_WPRINTF 1
| #define HAVE_NEWLOCALE 1
| #define HAVE_PUTENV 1
| #define HAVE_SETENV 1
| #define HAVE_SNPRINTF 1
| #define HAVE_STRNLEN 1
| #define HAVE_USELOCALE 1
| #define HAVE_WCSLEN 1
| #define HAVE_WCSNLEN 1
| #define HAVE_MBRTOWC 1
| #define HAVE_WCRTOMB 1
| #define HAVE_DECL__SNPRINTF 0
| #define HAVE_DECL__SNWPRINTF 0
| #define HAVE_DECL_GETC_UNLOCKED 1
| #define HAVE_NL_LANGINFO 1
| #define HAVE_LANGINFO_CODESET 1
| #define HAVE_LC_MESSAGES 1
| #define ENABLE_NLS 1
| #define HAVE_GETTEXT 1
| #define HAVE_DCGETTEXT 1
| #define HAVE_DIRENT_H 1
| #define MAJOR_IN_SYSMACROS 1
| #define HAVE_INTTYPES_H 1
| #define HAVE_UNISTD_H 1
| #define HAVE_STDLIB_H 1
| #define HAVE_LIMITS_H 1
| #define HAVE_STRING_H 1
| #define HAVE_MEMORY_H 1
| #define HAVE_LOCALE_H 1
| #define HAVE_TERMIOS_H 1
| #define HAVE_DLFCN_H 1
| #define HAVE_STDDEF_H 1
| #define HAVE_STDINT_H 1
| #define HAVE_NETDB_H 1
| #define HAVE_PWD_H 1
| #define HAVE_GRP_H 1
| #define HAVE_STRINGS_H 1
| #define HAVE_STDCKDINT_H 1
| #define HAVE_REGEX_H 1
| #define HAVE_SYSLOG_H 1
| #define HAVE_ULIMIT_H 1
| #define HAVE_SYS_SELECT_H 1
| #define HAVE_SYS_FILE_H 1
| #define HAVE_SYS_IOCTL_H 1
| #define HAVE_SYS_MMAN_H 1
| #define HAVE_SYS_PARAM_H 1
| #define HAVE_SYS_RANDOM_H 1
| #define HAVE_SYS_SOCKET_H 1
| #define HAVE_SYS_STAT_H 1
| #define HAVE_SYS_TIME_H 1
| #define HAVE_SYS_TIMES_H 1
| #define HAVE_SYS_TYPES_H 1
| #define HAVE_SYS_WAIT_H 1
| #define HAVE_NETINET_IN_H 1
| #define HAVE_ARPA_INET_H 1
| #define HAVE_SYS_RESOURCE_H 1
| #define HAVE_ALLOCA_H 1
| #define HAVE_ALLOCA 1
| #define HAVE_CHOWN 1
| #define GETPGRP_VOID 1
| #define HAVE_STRCOLL 1
| #define HAVE_WAIT3 1
| #define HAVE_MKFIFO 1
| #define HAVE_DUP2 1
| #define HAVE_EACCESS 1
| #define HAVE_FCNTL 1
| #define HAVE_GETDTABLESIZE 1
| #define HAVE_GETENTROPY 1
| #define HAVE_GETGROUPS 1
| #define HAVE_GETHOSTNAME 1
| #define HAVE_GETPAGESIZE 1
| #define HAVE_GETPEERNAME 1
| #define HAVE_GETRANDOM 1
| #define HAVE_GETRLIMIT 1
| #define HAVE_GETRUSAGE 1
| #define HAVE_GETTIMEOFDAY 1
| #define HAVE_KILL 1
| #define HAVE_KILLPG 1
| #define HAVE_LSTAT 1
| #define HAVE_NANOSLEEP 1
| #define HAVE_PSELECT 1
| #define HAVE_READLINK 1
| #define HAVE_SELECT 1
| #define HAVE_SETITIMER 1
| #define HAVE_STATFS 1
| #define HAVE_TCGETPGRP 1
| #define HAVE_UNAME 1
| #define HAVE_ULIMIT 1
| #define HAVE_WAITPID 1
| #define HAVE_RENAME 1
| #define HAVE_BCOPY 1
| #define HAVE_BZERO 1
| #define HAVE_CLOCK_GETTIME 1
| #define HAVE_CONFSTR 1
| #define HAVE_FACCESSAT 1
| #define HAVE_FNMATCH 1
| #define HAVE_GETADDRINFO 1
| #define HAVE_GETHOSTBYNAME 1
| #define HAVE_GETSERVBYNAME 1
| #define HAVE_GETSERVENT 1
| #define HAVE_INET_ATON 1
| #define HAVE_IMAXDIV 1
| #define HAVE_MEMMOVE 1
| #define HAVE_PATHCONF 1
| #define HAVE_PUTENV 1
| #define HAVE_RAISE 1
| #define HAVE_RANDOM 1
| #define HAVE_REGCOMP 1
| #define HAVE_REGEXEC 1
| #define HAVE_SETENV 1
| #define HAVE_SETLINEBUF 1
| #define HAVE_SETLOCALE 1
| #define HAVE_SETVBUF 1
| #define HAVE_SIGINTERRUPT 1
| #define HAVE_STRCHR 1
| #define HAVE_SYSCONF 1
| #define HAVE_SYSLOG 1
| #define HAVE_TCGETATTR 1
| #define HAVE_TCGETWINSIZE 1
| #define HAVE_TCSETWINSIZE 1
| #define HAVE_TIMES 1
| #define HAVE_TTYNAME 1
| #define HAVE_TZSET 1
| #define HAVE_UNSETENV 1
| #define HAVE_VASPRINTF 1
| #define HAVE_ASPRINTF 1
| #define HAVE_ISASCII 1
| #define HAVE_ISBLANK 1
| #define HAVE_ISGRAPH 1
| #define HAVE_ISPRINT 1
| #define HAVE_ISSPACE 1
| #define HAVE_ISXDIGIT 1
| #define HAVE_GETPWENT 1
| #define HAVE_GETPWNAM 1
| #define HAVE_GETPWUID 1
| #define HAVE_MKSTEMP 1
| #define HAVE_MKDTEMP 1
| #define HAVE_STRLCAT 1
| #define HAVE_MEMFD_CREATE 1
| #define HAVE_SHM_OPEN 1
| #define HAVE_GETCWD 1
| #define HAVE_MEMSET 1
| #define HAVE_STRCASECMP 1
| #define HAVE_STRCASESTR 1
| #define HAVE_STRERROR 1
| #define HAVE_STRFTIME 1
| #define HAVE_STRNLEN 1
| #define HAVE_STRPBRK 1
| #define HAVE_STRSTR 1
| #define HAVE_STRTOD 1
| #define HAVE_STRTOL 1
| #define HAVE_STRTOUL 1
| #define HAVE_STRTOLL 1
| #define HAVE_STRTOULL 1
| #define HAVE_STRTOUMAX 1
| #define HAVE_DPRINTF 1
| #define HAVE_STRDUP 1
| #define HAVE_STRLCPY 1
| #define HAVE_REALLOCARRAY 1
| #define HAVE_DECL_AUDIT_USER_TTY 1
| #define HAVE_DECL_CONFSTR 1
| #define HAVE_DECL_PRINTF 1
| #define HAVE_DECL_BRK 1
| #define HAVE_DECL_SBRK 1
| #define HAVE_DECL_SETREGID 1
| #define HAVE_DECL_STRCPY 1
| #define HAVE_DECL_STRSIGNAL 1
| #define HAVE_SETRESUID 1
| #define HAVE_SETRESGID 1
| #define HAVE_DECL_STRTOLD 1
| #define HAVE_DECL_STRTOL 1
| #define HAVE_DECL_STRTOLL 1
| #define HAVE_DECL_STRTOUL 1
| #define HAVE_DECL_STRTOULL 1
| #define HAVE_DECL_STRTOUMAX 1
| #define HAVE_ERRNO_H 1
| #define HAVE_FCNTL_H 1
| #define HAVE_MALLOC_H 1
| #define HAVE_STDIO_EXT_H 1
| #define HAVE_MALLOC 1
| #define HAVE_MMAP 1
| #define HAVE_DCGETTEXT 1
| #define HAVE_MEMPCPY 1
| #define HAVE_MUNMAP 1
| #define HAVE_MREMAP 1
| #define HAVE_STPCPY 1
| #define HAVE_STRCSPN 1
| #define HAVE_WCTYPE_H 1
| #define HAVE_WCHAR_H 1
| #define HAVE_LANGINFO_H 1
| #define HAVE_MBRLEN 1
| #define HAVE_MBSNRTOWCS 1
| #define HAVE_MBSRTOWCS 1
| #define HAVE_WCRTOMB 1
| #define HAVE_WCSCOLL 1
| #define HAVE_WCSDUP 1
| #define HAVE_WCWIDTH 1
| #define HAVE_WCTYPE 1
| #define HAVE_WCSNRTOMBS 1
| #define HAVE_WCSWIDTH 1
| #define HAVE_MBRTOWC 1
| #define HAVE_MBSTATE_T 1
| #define HAVE_ISWLOWER 1
| #define HAVE_ISWUPPER 1
| #define HAVE_TOWLOWER 1
| #define HAVE_TOWUPPER 1
| #define HAVE_ISWCTYPE 1
| #define HAVE_WCHAR_T 1
| #define HAVE_WCTYPE_T 1
| #define HAVE_WINT_T 1
| #define SIZEOF_WCHAR_T 4
| #define HAVE_LIBDL 1
| #define HAVE_DLOPEN 1
| #define HAVE_DLCLOSE 1
| #define HAVE_DLSYM 1
| #define GETGROUPS_T gid_t
| #define HAVE_INTPTR_T 1
| #define HAVE_UINTPTR_T 1
| #define HAVE_LONG_LONG_INT 1
| #define HAVE_UNSIGNED_LONG_LONG_INT 1
| #define SIZEOF_CHAR 1
| #define SIZEOF_SHORT 2
| #define SIZEOF_INT 4
| #define SIZEOF_LONG 8
| #define SIZEOF_CHAR_P 8
| #define SIZEOF_SIZE_T 8
| #define SIZEOF_DOUBLE 8
| #define SIZEOF_LONG_LONG 8
| #define bits16_t short
| #define u_bits16_t unsigned short
| #define bits32_t int
| #define u_bits32_t unsigned int
| #define bits64_t char *
| #define HAVE_HASH_BANG_EXEC 1
| #define HAVE_POSIX_SIGNALS 1
| #define HAVE_SYS_ERRLIST 1
| #define HAVE_DECL_SYS_SIGLIST 0
| #define HAVE_SOCKLEN_T 1
| #define HAVE_QUAD_T 1
| #define RLIMTYPE rlim_t
| #define HAVE_INTMAX_T 1
| #define HAVE_UINTMAX_T 1
| #define SIZEOF_INTMAX_T 8
| #define TERMIOS_LDISC 1
| #define HAVE_STRUCT_DIRENT_D_INO 1
| #define HAVE_STRUCT_DIRENT_D_FILENO 1
| #define HAVE_STRUCT_DIRENT_D_TYPE 1
| #define STRUCT_WINSIZE_IN_SYS_IOCTL 1
| #define HAVE_TIMEVAL 1
| #define HAVE_STRUCT_STAT_ST_BLOCKS 1
| #define HAVE_STRUCT_TM_TM_ZONE 1
| #define HAVE_TM_ZONE 1
| #define HAVE_STRUCT_TIMEZONE 1
| #define WEXITSTATUS_OFFSET 8
| #define HAVE_STRUCT_TIMESPEC 1
| #define TIME_H_DEFINES_STRUCT_TIMESPEC 1
| #define HAVE_STRUCT_STAT_ST_ATIM_TV_NSEC 1
| #define TYPEOF_STRUCT_STAT_ST_ATIM_IS_STRUCT_TIMESPEC 1
| #define HAVE_STRSIGNAL 1
| #define ULIMIT_MAXFDS 1
| #define HAVE_DECL_FPURGE 0
| #define CAN_REDEFINE_GETENV 1
| #define HAVE_GETCWD 1
| #define HAVE_POSIX_SIGSETJMP 1
| #define HAVE_STRTOIMAX 1
| #define HAVE_DECL_STRTOIMAX 1
| #define HAVE_DECL_CLEARERR_UNLOCKED 1
| #define HAVE_DECL_FEOF_UNLOCKED 1
| #define HAVE_DECL_FERROR_UNLOCKED 1
| #define HAVE_DECL_FFLUSH_UNLOCKED 1
| #define HAVE_DECL_FGETS_UNLOCKED 1
| #define HAVE_DECL_FPUTC_UNLOCKED 1
| #define HAVE_DECL_FPUTS_UNLOCKED 1
| #define HAVE_DECL_FREAD_UNLOCKED 1
| #define HAVE_DECL_FWRITE_UNLOCKED 1
| #define HAVE_DECL_GETC_UNLOCKED 1
| #define HAVE_DECL_GETCHAR_UNLOCKED 1
| #define HAVE_DECL_PUTC_UNLOCKED 1
| #define HAVE_DECL_PUTCHAR_UNLOCKED 1
| #define HAVE_STD_PUTENV 1
| #define HAVE_STD_UNSETENV 1
| #define HAVE_PRINTF_A_FORMAT 1
| #define FNMATCH_EQUIV_FALLBACK 0
| #define GWINSZ_IN_SYS_IOCTL 1
| #define FIONREAD_IN_SYS_IOCTL 1
| #define HAVE_GETPW_DECLS 1
| /* end confdefs.h.  */
| 
| /* Override any GCC internal prototype to avoid an error.
|    Use char because int might match the return type of a GCC
|    builtin and then its argument prototype would still apply.
|    The 'extern "C"' is for builds by C++ compilers;
|    although this is not generally supported in C code supporting it here
|    has little cost and some practical benefit (sr 110532).  */
| #ifdef __cplusplus
| extern "C"
| #endif
| char tgetent (void);
| int
| main (void)
| {
| return tgetent ();
|   ;
|   return 0;
| }
configure:22754: result: no
configure:22760: checking for tgetent in -ltinfo
configure:22789: x86_64-unknown-linux-musl-gcc -o conftest -g -O2 -I/home/samson/Projects/clojv3/./store/musl-1.2.6/include -B/home/samson/Projects/clojv3/./store/musl-1.2.6/lib -L/home/samson/Projects/clojv3/./store/musl-1.2.6/lib -Wl,-rpath,/home/samson/Projects/clojv3/./store/musl-1.2.6/lib -Wl,-dynamic-linker,/home/samson/Projects/clojv3/./store/musl-1.2.6/lib/libc.so conftest.c -ltinfo  -ldl  >&5
/nix/store/60lv8wlcr99wv4ck3sk9fzcbb4jbk2n6-x86_64-unknown-linux-musl-binutils-2.46/bin/x86_64-unknown-linux-musl-ld.bfd: cannot find -ltinfo: No such file or directory
collect2: error: ld returned 1 exit status
configure:22789: $? = 1
configure: failed program was:
| /* confdefs.h */
| #define PACKAGE_NAME "bash"
| #define PACKAGE_TARNAME "bash"
| #define PACKAGE_VERSION "5.3-release"
| #define PACKAGE_STRING "bash 5.3-release"
| #define PACKAGE_BUGREPORT "bug-bash@gnu.org"
| #define PACKAGE_URL ""
| #define ALIAS 1
| #define PUSHD_AND_POPD 1
| #define RESTRICTED_SHELL 1
| #define PROCESS_SUBSTITUTION 1
| #define PROMPT_STRING_DECODE 1
| #define SELECT_COMMAND 1
| #define HELP_BUILTIN 1
| #define ARRAY_VARS 1
| #define DPAREN_ARITHMETIC 1
| #define BRACE_EXPANSION 1
| #define COMMAND_TIMING 1
| #define EXTENDED_GLOB 1
| #define EXTGLOB_DEFAULT 0
| #define COND_COMMAND 1
| #define COND_REGEXP 1
| #define COPROCESS_SUPPORT 1
| #define ARITH_FOR_COMMAND 1
| #define NETWORK_REDIRECTIONS 1
| #define PROGRAMMABLE_COMPLETION 1
| #define DEBUGGER 1
| #define CASEMOD_ATTRS 1
| #define CASEMOD_EXPANSIONS 1
| #define GLOBASCII_DEFAULT 1
| #define FUNCTION_IMPORT 1
| #define TRANSLATABLE_STRINGS 1
| #define BASH_SOURCE_FULLPATH_DEFAULT 0
| #define MEMSCRAMBLE 1
| #define HAVE_STDIO_H 1
| #define HAVE_STDLIB_H 1
| #define HAVE_STRING_H 1
| #define HAVE_INTTYPES_H 1
| #define HAVE_STDINT_H 1
| #define HAVE_STRINGS_H 1
| #define HAVE_SYS_STAT_H 1
| #define HAVE_SYS_TYPES_H 1
| #define HAVE_UNISTD_H 1
| #define HAVE_WCHAR_H 1
| #define HAVE_STDBOOL_H 1
| #define HAVE_SYS_PARAM_H 1
| #define HAVE_THREADS_H 1
| #define HAVE_SYS_TIME_H 1
| #define STDC_HEADERS 1
| #define _ALL_SOURCE 1
| #define _DARWIN_C_SOURCE 1
| #define _GNU_SOURCE 1
| #define _HPUX_ALT_XOPEN_SOCKET_API 1
| #define _NETBSD_SOURCE 1
| #define _OPENBSD_SOURCE 1
| #define _POSIX_PTHREAD_SEMANTICS 1
| #define __STDC_WANT_IEC_60559_ATTRIBS_EXT__ 1
| #define __STDC_WANT_IEC_60559_BFP_EXT__ 1
| #define __STDC_WANT_IEC_60559_DFP_EXT__ 1
| #define __STDC_WANT_IEC_60559_EXT__ 1
| #define __STDC_WANT_IEC_60559_FUNCS_EXT__ 1
| #define __STDC_WANT_IEC_60559_TYPES_EXT__ 1
| #define __STDC_WANT_LIB_EXT2__ 1
| #define __STDC_WANT_MATH_SPEC_FUNCS__ 1
| #define _TANDEM_SOURCE 1
| #define __EXTENSIONS__ 1
| #define READLINE 1
| #define HISTORY 1
| #define BANG_HISTORY 1
| #define HAVE_STRINGIZE 1
| #define HAVE_LONG_DOUBLE 1
| #define restrict __restrict__
| #define HAVE_C_BOOL 1
| #define HAVE_VISIBILITY 1
| #define HAVE_STDINT_H_WITH_UINTMAX 1
| #define HAVE_ALLOCA_H 1
| #define HAVE_ALLOCA 1
| #define HAVE_GETPAGESIZE 1
| #define HAVE_SYMLINK 1
| #define HAVE_USELOCALE 1
| #define HAVE_VPRINTF 1
| #define HAVE_ALARM 1
| #define HAVE_FPURGE 1
| #define HAVE___FPURGE 1
| #define HAVE_SNPRINTF 1
| #define HAVE_VSNPRINTF 1
| #define HAVE_MMAP 1
| #define INTDIV0_RAISES_SIGFPE 1
| #define HAVE_INTTYPES_H_WITH_UINTMAX 1
| #define HAVE_UNSIGNED_LONG_LONG_INT 1
| #define HAVE_UINTMAX_T 1
| #define HAVE_WEAK_SYMBOLS 1
| #define HAVE_PTHREAD_API 1
| #define USE_POSIX_THREADS 1
| #define USE_POSIX_THREADS_WEAK 1
| #define HAVE_PTHREAD_RWLOCK 1
| #define HAVE_PTHREAD_MUTEX_RECURSIVE 1
| #define HAVE_ICONV 1
| #define ICONV_CONST 
| #define HAVE_BUILTIN_EXPECT 1
| #define HAVE_INTTYPES_H 1
| #define HAVE_UNISTD_H 1
| #define HAVE_SYS_PARAM_H 1
| #define HAVE_GETCWD 1
| #define HAVE_GETEGID 1
| #define HAVE_GETEUID 1
| #define HAVE_GETGID 1
| #define HAVE_GETUID 1
| #define HAVE_MEMPCPY 1
| #define HAVE_MUNMAP 1
| #define HAVE_STPCPY 1
| #define HAVE_STRCASECMP 1
| #define HAVE_TSEARCH 1
| #define HAVE___FSETLOCKING 1
| #define HAVE_DECL_FEOF_UNLOCKED 1
| #define HAVE_DECL_FGETS_UNLOCKED 1
| #define HAVE_LOCALECONV 1
| #define HAVE_LONG_LONG_INT 1
| #define HAVE_WCHAR_T 1
| #define HAVE_WINT_T 1
| #define HAVE_INTMAX_T 1
| #define HAVE_POSIX_PRINTF 1
| #define HAVE_STDINT_H 1
| #define HAVE_STDINT_H 1
| #define HAVE_WORKING_O_NOATIME 0
| #define HAVE_WORKING_O_NOFOLLOW 0
| #define HAVE_WORKING_USELOCALE 1
| #define HAVE_GOOD_USELOCALE 1
| #define FLEXIBLE_ARRAY_MEMBER /**/
| #define HAVE_FEATURES_H 1
| #define HAVE_STDDEF_H 1
| #define HAVE_STDLIB_H 1
| #define HAVE_STRING_H 1
| #define HAVE_ASPRINTF 1
| #define HAVE_WPRINTF 1
| #define HAVE_NEWLOCALE 1
| #define HAVE_PUTENV 1
| #define HAVE_SETENV 1
| #define HAVE_SNPRINTF 1
| #define HAVE_STRNLEN 1
| #define HAVE_USELOCALE 1
| #define HAVE_WCSLEN 1
| #define HAVE_WCSNLEN 1
| #define HAVE_MBRTOWC 1
| #define HAVE_WCRTOMB 1
| #define HAVE_DECL__SNPRINTF 0
| #define HAVE_DECL__SNWPRINTF 0
| #define HAVE_DECL_GETC_UNLOCKED 1
| #define HAVE_NL_LANGINFO 1
| #define HAVE_LANGINFO_CODESET 1
| #define HAVE_LC_MESSAGES 1
| #define ENABLE_NLS 1
| #define HAVE_GETTEXT 1
| #define HAVE_DCGETTEXT 1
| #define HAVE_DIRENT_H 1
| #define MAJOR_IN_SYSMACROS 1
| #define HAVE_INTTYPES_H 1
| #define HAVE_UNISTD_H 1
| #define HAVE_STDLIB_H 1
| #define HAVE_LIMITS_H 1
| #define HAVE_STRING_H 1
| #define HAVE_MEMORY_H 1
| #define HAVE_LOCALE_H 1
| #define HAVE_TERMIOS_H 1
| #define HAVE_DLFCN_H 1
| #define HAVE_STDDEF_H 1
| #define HAVE_STDINT_H 1
| #define HAVE_NETDB_H 1
| #define HAVE_PWD_H 1
| #define HAVE_GRP_H 1
| #define HAVE_STRINGS_H 1
| #define HAVE_STDCKDINT_H 1
| #define HAVE_REGEX_H 1
| #define HAVE_SYSLOG_H 1
| #define HAVE_ULIMIT_H 1
| #define HAVE_SYS_SELECT_H 1
| #define HAVE_SYS_FILE_H 1
| #define HAVE_SYS_IOCTL_H 1
| #define HAVE_SYS_MMAN_H 1
| #define HAVE_SYS_PARAM_H 1
| #define HAVE_SYS_RANDOM_H 1
| #define HAVE_SYS_SOCKET_H 1
| #define HAVE_SYS_STAT_H 1
| #define HAVE_SYS_TIME_H 1
| #define HAVE_SYS_TIMES_H 1
| #define HAVE_SYS_TYPES_H 1
| #define HAVE_SYS_WAIT_H 1
| #define HAVE_NETINET_IN_H 1
| #define HAVE_ARPA_INET_H 1
| #define HAVE_SYS_RESOURCE_H 1
| #define HAVE_ALLOCA_H 1
| #define HAVE_ALLOCA 1
| #define HAVE_CHOWN 1
| #define GETPGRP_VOID 1
| #define HAVE_STRCOLL 1
| #define HAVE_WAIT3 1
| #define HAVE_MKFIFO 1
| #define HAVE_DUP2 1
| #define HAVE_EACCESS 1
| #define HAVE_FCNTL 1
| #define HAVE_GETDTABLESIZE 1
| #define HAVE_GETENTROPY 1
| #define HAVE_GETGROUPS 1
| #define HAVE_GETHOSTNAME 1
| #define HAVE_GETPAGESIZE 1
| #define HAVE_GETPEERNAME 1
| #define HAVE_GETRANDOM 1
| #define HAVE_GETRLIMIT 1
| #define HAVE_GETRUSAGE 1
| #define HAVE_GETTIMEOFDAY 1
| #define HAVE_KILL 1
| #define HAVE_KILLPG 1
| #define HAVE_LSTAT 1
| #define HAVE_NANOSLEEP 1
| #define HAVE_PSELECT 1
| #define HAVE_READLINK 1
| #define HAVE_SELECT 1
| #define HAVE_SETITIMER 1
| #define HAVE_STATFS 1
| #define HAVE_TCGETPGRP 1
| #define HAVE_UNAME 1
| #define HAVE_ULIMIT 1
| #define HAVE_WAITPID 1
| #define HAVE_RENAME 1
| #define HAVE_BCOPY 1
| #define HAVE_BZERO 1
| #define HAVE_CLOCK_GETTIME 1
| #define HAVE_CONFSTR 1
| #define HAVE_FACCESSAT 1
| #define HAVE_FNMATCH 1
| #define HAVE_GETADDRINFO 1
| #define HAVE_GETHOSTBYNAME 1
| #define HAVE_GETSERVBYNAME 1
| #define HAVE_GETSERVENT 1
| #define HAVE_INET_ATON 1
| #define HAVE_IMAXDIV 1
| #define HAVE_MEMMOVE 1
| #define HAVE_PATHCONF 1
| #define HAVE_PUTENV 1
| #define HAVE_RAISE 1
| #define HAVE_RANDOM 1
| #define HAVE_REGCOMP 1
| #define HAVE_REGEXEC 1
| #define HAVE_SETENV 1
| #define HAVE_SETLINEBUF 1
| #define HAVE_SETLOCALE 1
| #define HAVE_SETVBUF 1
| #define HAVE_SIGINTERRUPT 1
| #define HAVE_STRCHR 1
| #define HAVE_SYSCONF 1
| #define HAVE_SYSLOG 1
| #define HAVE_TCGETATTR 1
| #define HAVE_TCGETWINSIZE 1
| #define HAVE_TCSETWINSIZE 1
| #define HAVE_TIMES 1
| #define HAVE_TTYNAME 1
| #define HAVE_TZSET 1
| #define HAVE_UNSETENV 1
| #define HAVE_VASPRINTF 1
| #define HAVE_ASPRINTF 1
| #define HAVE_ISASCII 1
| #define HAVE_ISBLANK 1
| #define HAVE_ISGRAPH 1
| #define HAVE_ISPRINT 1
| #define HAVE_ISSPACE 1
| #define HAVE_ISXDIGIT 1
| #define HAVE_GETPWENT 1
| #define HAVE_GETPWNAM 1
| #define HAVE_GETPWUID 1
| #define HAVE_MKSTEMP 1
| #define HAVE_MKDTEMP 1
| #define HAVE_STRLCAT 1
| #define HAVE_MEMFD_CREATE 1
| #define HAVE_SHM_OPEN 1
| #define HAVE_GETCWD 1
| #define HAVE_MEMSET 1
| #define HAVE_STRCASECMP 1
| #define HAVE_STRCASESTR 1
| #define HAVE_STRERROR 1
| #define HAVE_STRFTIME 1
| #define HAVE_STRNLEN 1
| #define HAVE_STRPBRK 1
| #define HAVE_STRSTR 1
| #define HAVE_STRTOD 1
| #define HAVE_STRTOL 1
| #define HAVE_STRTOUL 1
| #define HAVE_STRTOLL 1
| #define HAVE_STRTOULL 1
| #define HAVE_STRTOUMAX 1
| #define HAVE_DPRINTF 1
| #define HAVE_STRDUP 1
| #define HAVE_STRLCPY 1
| #define HAVE_REALLOCARRAY 1
| #define HAVE_DECL_AUDIT_USER_TTY 1
| #define HAVE_DECL_CONFSTR 1
| #define HAVE_DECL_PRINTF 1
| #define HAVE_DECL_BRK 1
| #define HAVE_DECL_SBRK 1
| #define HAVE_DECL_SETREGID 1
| #define HAVE_DECL_STRCPY 1
| #define HAVE_DECL_STRSIGNAL 1
| #define HAVE_SETRESUID 1
| #define HAVE_SETRESGID 1
| #define HAVE_DECL_STRTOLD 1
| #define HAVE_DECL_STRTOL 1
| #define HAVE_DECL_STRTOLL 1
| #define HAVE_DECL_STRTOUL 1
| #define HAVE_DECL_STRTOULL 1
| #define HAVE_DECL_STRTOUMAX 1
| #define HAVE_ERRNO_H 1
| #define HAVE_FCNTL_H 1
| #define HAVE_MALLOC_H 1
| #define HAVE_STDIO_EXT_H 1
| #define HAVE_MALLOC 1
| #define HAVE_MMAP 1
| #define HAVE_DCGETTEXT 1
| #define HAVE_MEMPCPY 1
| #define HAVE_MUNMAP 1
| #define HAVE_MREMAP 1
| #define HAVE_STPCPY 1
| #define HAVE_STRCSPN 1
| #define HAVE_WCTYPE_H 1
| #define HAVE_WCHAR_H 1
| #define HAVE_LANGINFO_H 1
| #define HAVE_MBRLEN 1
| #define HAVE_MBSNRTOWCS 1
| #define HAVE_MBSRTOWCS 1
| #define HAVE_WCRTOMB 1
| #define HAVE_WCSCOLL 1
| #define HAVE_WCSDUP 1
| #define HAVE_WCWIDTH 1
| #define HAVE_WCTYPE 1
| #define HAVE_WCSNRTOMBS 1
| #define HAVE_WCSWIDTH 1
| #define HAVE_MBRTOWC 1
| #define HAVE_MBSTATE_T 1
| #define HAVE_ISWLOWER 1
| #define HAVE_ISWUPPER 1
| #define HAVE_TOWLOWER 1
| #define HAVE_TOWUPPER 1
| #define HAVE_ISWCTYPE 1
| #define HAVE_WCHAR_T 1
| #define HAVE_WCTYPE_T 1
| #define HAVE_WINT_T 1
| #define SIZEOF_WCHAR_T 4
| #define HAVE_LIBDL 1
| #define HAVE_DLOPEN 1
| #define HAVE_DLCLOSE 1
| #define HAVE_DLSYM 1
| #define GETGROUPS_T gid_t
| #define HAVE_INTPTR_T 1
| #define HAVE_UINTPTR_T 1
| #define HAVE_LONG_LONG_INT 1
| #define HAVE_UNSIGNED_LONG_LONG_INT 1
| #define SIZEOF_CHAR 1
| #define SIZEOF_SHORT 2
| #define SIZEOF_INT 4
| #define SIZEOF_LONG 8
| #define SIZEOF_CHAR_P 8
| #define SIZEOF_SIZE_T 8
| #define SIZEOF_DOUBLE 8
| #define SIZEOF_LONG_LONG 8
| #define bits16_t short
| #define u_bits16_t unsigned short
| #define bits32_t int
| #define u_bits32_t unsigned int
| #define bits64_t char *
| #define HAVE_HASH_BANG_EXEC 1
| #define HAVE_POSIX_SIGNALS 1
| #define HAVE_SYS_ERRLIST 1
| #define HAVE_DECL_SYS_SIGLIST 0
| #define HAVE_SOCKLEN_T 1
| #define HAVE_QUAD_T 1
| #define RLIMTYPE rlim_t
| #define HAVE_INTMAX_T 1
| #define HAVE_UINTMAX_T 1
| #define SIZEOF_INTMAX_T 8
| #define TERMIOS_LDISC 1
| #define HAVE_STRUCT_DIRENT_D_INO 1
| #define HAVE_STRUCT_DIRENT_D_FILENO 1
| #define HAVE_STRUCT_DIRENT_D_TYPE 1
| #define STRUCT_WINSIZE_IN_SYS_IOCTL 1
| #define HAVE_TIMEVAL 1
| #define HAVE_STRUCT_STAT_ST_BLOCKS 1
| #define HAVE_STRUCT_TM_TM_ZONE 1
| #define HAVE_TM_ZONE 1
| #define HAVE_STRUCT_TIMEZONE 1
| #define WEXITSTATUS_OFFSET 8
| #define HAVE_STRUCT_TIMESPEC 1
| #define TIME_H_DEFINES_STRUCT_TIMESPEC 1
| #define HAVE_STRUCT_STAT_ST_ATIM_TV_NSEC 1
| #define TYPEOF_STRUCT_STAT_ST_ATIM_IS_STRUCT_TIMESPEC 1
| #define HAVE_STRSIGNAL 1
| #define ULIMIT_MAXFDS 1
| #define HAVE_DECL_FPURGE 0
| #define CAN_REDEFINE_GETENV 1
| #define HAVE_GETCWD 1
| #define HAVE_POSIX_SIGSETJMP 1
| #define HAVE_STRTOIMAX 1
| #define HAVE_DECL_STRTOIMAX 1
| #define HAVE_DECL_CLEARERR_UNLOCKED 1
| #define HAVE_DECL_FEOF_UNLOCKED 1
| #define HAVE_DECL_FERROR_UNLOCKED 1
| #define HAVE_DECL_FFLUSH_UNLOCKED 1
| #define HAVE_DECL_FGETS_UNLOCKED 1
| #define HAVE_DECL_FPUTC_UNLOCKED 1
| #define HAVE_DECL_FPUTS_UNLOCKED 1
| #define HAVE_DECL_FREAD_UNLOCKED 1
| #define HAVE_DECL_FWRITE_UNLOCKED 1
| #define HAVE_DECL_GETC_UNLOCKED 1
| #define HAVE_DECL_GETCHAR_UNLOCKED 1
| #define HAVE_DECL_PUTC_UNLOCKED 1
| #define HAVE_DECL_PUTCHAR_UNLOCKED 1
| #define HAVE_STD_PUTENV 1
| #define HAVE_STD_UNSETENV 1
| #define HAVE_PRINTF_A_FORMAT 1
| #define FNMATCH_EQUIV_FALLBACK 0
| #define GWINSZ_IN_SYS_IOCTL 1
| #define FIONREAD_IN_SYS_IOCTL 1
| #define HAVE_GETPW_DECLS 1
| /* end confdefs.h.  */
| 
| /* Override any GCC internal prototype to avoid an error.
|    Use char because int might match the return type of a GCC
|    builtin and then its argument prototype would still apply.
|    The 'extern "C"' is for builds by C++ compilers;
|    although this is not generally supported in C code supporting it here
|    has little cost and some practical benefit (sr 110532).  */
| #ifdef __cplusplus
| extern "C"
| #endif
| char tgetent (void);
| int
| main (void)
| {
| return tgetent ();
|   ;
|   return 0;
| }
configure:22801: result: no
configure:22807: checking for tgetent in -lcurses
configure:22836: x86_64-unknown-linux-musl-gcc -o conftest -g -O2 -I/home/samson/Projects/clojv3/./store/musl-1.2.6/include -B/home/samson/Projects/clojv3/./store/musl-1.2.6/lib -L/home/samson/Projects/clojv3/./store/musl-1.2.6/lib -Wl,-rpath,/home/samson/Projects/clojv3/./store/musl-1.2.6/lib -Wl,-dynamic-linker,/home/samson/Projects/clojv3/./store/musl-1.2.6/lib/libc.so conftest.c -lcurses  -ldl  >&5
/nix/store/60lv8wlcr99wv4ck3sk9fzcbb4jbk2n6-x86_64-unknown-linux-musl-binutils-2.46/bin/x86_64-unknown-linux-musl-ld.bfd: cannot find -lcurses: No such file or directory
collect2: error: ld returned 1 exit status
configure:22836: $? = 1
configure: failed program was:
| /* confdefs.h */
| #define PACKAGE_NAME "bash"
| #define PACKAGE_TARNAME "bash"
| #define PACKAGE_VERSION "5.3-release"
| #define PACKAGE_STRING "bash 5.3-release"
| #define PACKAGE_BUGREPORT "bug-bash@gnu.org"
| #define PACKAGE_URL ""
| #define ALIAS 1
| #define PUSHD_AND_POPD 1
| #define RESTRICTED_SHELL 1
| #define PROCESS_SUBSTITUTION 1
| #define PROMPT_STRING_DECODE 1
| #define SELECT_COMMAND 1
| #define HELP_BUILTIN 1
| #define ARRAY_VARS 1
| #define DPAREN_ARITHMETIC 1
| #define BRACE_EXPANSION 1
| #define COMMAND_TIMING 1
| #define EXTENDED_GLOB 1
| #define EXTGLOB_DEFAULT 0
| #define COND_COMMAND 1
| #define COND_REGEXP 1
| #define COPROCESS_SUPPORT 1
| #define ARITH_FOR_COMMAND 1
| #define NETWORK_REDIRECTIONS 1
| #define PROGRAMMABLE_COMPLETION 1
| #define DEBUGGER 1
| #define CASEMOD_ATTRS 1
| #define CASEMOD_EXPANSIONS 1
| #define GLOBASCII_DEFAULT 1
| #define FUNCTION_IMPORT 1
| #define TRANSLATABLE_STRINGS 1
| #define BASH_SOURCE_FULLPATH_DEFAULT 0
| #define MEMSCRAMBLE 1
| #define HAVE_STDIO_H 1
| #define HAVE_STDLIB_H 1
| #define HAVE_STRING_H 1
| #define HAVE_INTTYPES_H 1
| #define HAVE_STDINT_H 1
| #define HAVE_STRINGS_H 1
| #define HAVE_SYS_STAT_H 1
| #define HAVE_SYS_TYPES_H 1
| #define HAVE_UNISTD_H 1
| #define HAVE_WCHAR_H 1
| #define HAVE_STDBOOL_H 1
| #define HAVE_SYS_PARAM_H 1
| #define HAVE_THREADS_H 1
| #define HAVE_SYS_TIME_H 1
| #define STDC_HEADERS 1
| #define _ALL_SOURCE 1
| #define _DARWIN_C_SOURCE 1
| #define _GNU_SOURCE 1
| #define _HPUX_ALT_XOPEN_SOCKET_API 1
| #define _NETBSD_SOURCE 1
| #define _OPENBSD_SOURCE 1
| #define _POSIX_PTHREAD_SEMANTICS 1
| #define __STDC_WANT_IEC_60559_ATTRIBS_EXT__ 1
| #define __STDC_WANT_IEC_60559_BFP_EXT__ 1
| #define __STDC_WANT_IEC_60559_DFP_EXT__ 1
| #define __STDC_WANT_IEC_60559_EXT__ 1
| #define __STDC_WANT_IEC_60559_FUNCS_EXT__ 1
| #define __STDC_WANT_IEC_60559_TYPES_EXT__ 1
| #define __STDC_WANT_LIB_EXT2__ 1
| #define __STDC_WANT_MATH_SPEC_FUNCS__ 1
| #define _TANDEM_SOURCE 1
| #define __EXTENSIONS__ 1
| #define READLINE 1
| #define HISTORY 1
| #define BANG_HISTORY 1
| #define HAVE_STRINGIZE 1
| #define HAVE_LONG_DOUBLE 1
| #define restrict __restrict__
| #define HAVE_C_BOOL 1
| #define HAVE_VISIBILITY 1
| #define HAVE_STDINT_H_WITH_UINTMAX 1
| #define HAVE_ALLOCA_H 1
| #define HAVE_ALLOCA 1
| #define HAVE_GETPAGESIZE 1
| #define HAVE_SYMLINK 1
| #define HAVE_USELOCALE 1
| #define HAVE_VPRINTF 1
| #define HAVE_ALARM 1
| #define HAVE_FPURGE 1
| #define HAVE___FPURGE 1
| #define HAVE_SNPRINTF 1
| #define HAVE_VSNPRINTF 1
| #define HAVE_MMAP 1
| #define INTDIV0_RAISES_SIGFPE 1
| #define HAVE_INTTYPES_H_WITH_UINTMAX 1
| #define HAVE_UNSIGNED_LONG_LONG_INT 1
| #define HAVE_UINTMAX_T 1
| #define HAVE_WEAK_SYMBOLS 1
| #define HAVE_PTHREAD_API 1
| #define USE_POSIX_THREADS 1
| #define USE_POSIX_THREADS_WEAK 1
| #define HAVE_PTHREAD_RWLOCK 1
| #define HAVE_PTHREAD_MUTEX_RECURSIVE 1
| #define HAVE_ICONV 1
| #define ICONV_CONST 
| #define HAVE_BUILTIN_EXPECT 1
| #define HAVE_INTTYPES_H 1
| #define HAVE_UNISTD_H 1
| #define HAVE_SYS_PARAM_H 1
| #define HAVE_GETCWD 1
| #define HAVE_GETEGID 1
| #define HAVE_GETEUID 1
| #define HAVE_GETGID 1
| #define HAVE_GETUID 1
| #define HAVE_MEMPCPY 1
| #define HAVE_MUNMAP 1
| #define HAVE_STPCPY 1
| #define HAVE_STRCASECMP 1
| #define HAVE_TSEARCH 1
| #define HAVE___FSETLOCKING 1
| #define HAVE_DECL_FEOF_UNLOCKED 1
| #define HAVE_DECL_FGETS_UNLOCKED 1
| #define HAVE_LOCALECONV 1
| #define HAVE_LONG_LONG_INT 1
| #define HAVE_WCHAR_T 1
| #define HAVE_WINT_T 1
| #define HAVE_INTMAX_T 1
| #define HAVE_POSIX_PRINTF 1
| #define HAVE_STDINT_H 1
| #define HAVE_STDINT_H 1
| #define HAVE_WORKING_O_NOATIME 0
| #define HAVE_WORKING_O_NOFOLLOW 0
| #define HAVE_WORKING_USELOCALE 1
| #define HAVE_GOOD_USELOCALE 1
| #define FLEXIBLE_ARRAY_MEMBER /**/
| #define HAVE_FEATURES_H 1
| #define HAVE_STDDEF_H 1
| #define HAVE_STDLIB_H 1
| #define HAVE_STRING_H 1
| #define HAVE_ASPRINTF 1
| #define HAVE_WPRINTF 1
| #define HAVE_NEWLOCALE 1
| #define HAVE_PUTENV 1
| #define HAVE_SETENV 1
| #define HAVE_SNPRINTF 1
| #define HAVE_STRNLEN 1
| #define HAVE_USELOCALE 1
| #define HAVE_WCSLEN 1
| #define HAVE_WCSNLEN 1
| #define HAVE_MBRTOWC 1
| #define HAVE_WCRTOMB 1
| #define HAVE_DECL__SNPRINTF 0
| #define HAVE_DECL__SNWPRINTF 0
| #define HAVE_DECL_GETC_UNLOCKED 1
| #define HAVE_NL_LANGINFO 1
| #define HAVE_LANGINFO_CODESET 1
| #define HAVE_LC_MESSAGES 1
| #define ENABLE_NLS 1
| #define HAVE_GETTEXT 1
| #define HAVE_DCGETTEXT 1
| #define HAVE_DIRENT_H 1
| #define MAJOR_IN_SYSMACROS 1
| #define HAVE_INTTYPES_H 1
| #define HAVE_UNISTD_H 1
| #define HAVE_STDLIB_H 1
| #define HAVE_LIMITS_H 1
| #define HAVE_STRING_H 1
| #define HAVE_MEMORY_H 1
| #define HAVE_LOCALE_H 1
| #define HAVE_TERMIOS_H 1
| #define HAVE_DLFCN_H 1
| #define HAVE_STDDEF_H 1
| #define HAVE_STDINT_H 1
| #define HAVE_NETDB_H 1
| #define HAVE_PWD_H 1
| #define HAVE_GRP_H 1
| #define HAVE_STRINGS_H 1
| #define HAVE_STDCKDINT_H 1
| #define HAVE_REGEX_H 1
| #define HAVE_SYSLOG_H 1
| #define HAVE_ULIMIT_H 1
| #define HAVE_SYS_SELECT_H 1
| #define HAVE_SYS_FILE_H 1
| #define HAVE_SYS_IOCTL_H 1
| #define HAVE_SYS_MMAN_H 1
| #define HAVE_SYS_PARAM_H 1
| #define HAVE_SYS_RANDOM_H 1
| #define HAVE_SYS_SOCKET_H 1
| #define HAVE_SYS_STAT_H 1
| #define HAVE_SYS_TIME_H 1
| #define HAVE_SYS_TIMES_H 1
| #define HAVE_SYS_TYPES_H 1
| #define HAVE_SYS_WAIT_H 1
| #define HAVE_NETINET_IN_H 1
| #define HAVE_ARPA_INET_H 1
| #define HAVE_SYS_RESOURCE_H 1
| #define HAVE_ALLOCA_H 1
| #define HAVE_ALLOCA 1
| #define HAVE_CHOWN 1
| #define GETPGRP_VOID 1
| #define HAVE_STRCOLL 1
| #define HAVE_WAIT3 1
| #define HAVE_MKFIFO 1
| #define HAVE_DUP2 1
| #define HAVE_EACCESS 1
| #define HAVE_FCNTL 1
| #define HAVE_GETDTABLESIZE 1
| #define HAVE_GETENTROPY 1
| #define HAVE_GETGROUPS 1
| #define HAVE_GETHOSTNAME 1
| #define HAVE_GETPAGESIZE 1
| #define HAVE_GETPEERNAME 1
| #define HAVE_GETRANDOM 1
| #define HAVE_GETRLIMIT 1
| #define HAVE_GETRUSAGE 1
| #define HAVE_GETTIMEOFDAY 1
| #define HAVE_KILL 1
| #define HAVE_KILLPG 1
| #define HAVE_LSTAT 1
| #define HAVE_NANOSLEEP 1
| #define HAVE_PSELECT 1
| #define HAVE_READLINK 1
| #define HAVE_SELECT 1
| #define HAVE_SETITIMER 1
| #define HAVE_STATFS 1
| #define HAVE_TCGETPGRP 1
| #define HAVE_UNAME 1
| #define HAVE_ULIMIT 1
| #define HAVE_WAITPID 1
| #define HAVE_RENAME 1
| #define HAVE_BCOPY 1
| #define HAVE_BZERO 1
| #define HAVE_CLOCK_GETTIME 1
| #define HAVE_CONFSTR 1
| #define HAVE_FACCESSAT 1
| #define HAVE_FNMATCH 1
| #define HAVE_GETADDRINFO 1
| #define HAVE_GETHOSTBYNAME 1
| #define HAVE_GETSERVBYNAME 1
| #define HAVE_GETSERVENT 1
| #define HAVE_INET_ATON 1
| #define HAVE_IMAXDIV 1
| #define HAVE_MEMMOVE 1
| #define HAVE_PATHCONF 1
| #define HAVE_PUTENV 1
| #define HAVE_RAISE 1
| #define HAVE_RANDOM 1
| #define HAVE_REGCOMP 1
| #define HAVE_REGEXEC 1
| #define HAVE_SETENV 1
| #define HAVE_SETLINEBUF 1
| #define HAVE_SETLOCALE 1
| #define HAVE_SETVBUF 1
| #define HAVE_SIGINTERRUPT 1
| #define HAVE_STRCHR 1
| #define HAVE_SYSCONF 1
| #define HAVE_SYSLOG 1
| #define HAVE_TCGETATTR 1
| #define HAVE_TCGETWINSIZE 1
| #define HAVE_TCSETWINSIZE 1
| #define HAVE_TIMES 1
| #define HAVE_TTYNAME 1
| #define HAVE_TZSET 1
| #define HAVE_UNSETENV 1
| #define HAVE_VASPRINTF 1
| #define HAVE_ASPRINTF 1
| #define HAVE_ISASCII 1
| #define HAVE_ISBLANK 1
| #define HAVE_ISGRAPH 1
| #define HAVE_ISPRINT 1
| #define HAVE_ISSPACE 1
| #define HAVE_ISXDIGIT 1
| #define HAVE_GETPWENT 1
| #define HAVE_GETPWNAM 1
| #define HAVE_GETPWUID 1
| #define HAVE_MKSTEMP 1
| #define HAVE_MKDTEMP 1
| #define HAVE_STRLCAT 1
| #define HAVE_MEMFD_CREATE 1
| #define HAVE_SHM_OPEN 1
| #define HAVE_GETCWD 1
| #define HAVE_MEMSET 1
| #define HAVE_STRCASECMP 1
| #define HAVE_STRCASESTR 1
| #define HAVE_STRERROR 1
| #define HAVE_STRFTIME 1
| #define HAVE_STRNLEN 1
| #define HAVE_STRPBRK 1
| #define HAVE_STRSTR 1
| #define HAVE_STRTOD 1
| #define HAVE_STRTOL 1
| #define HAVE_STRTOUL 1
| #define HAVE_STRTOLL 1
| #define HAVE_STRTOULL 1
| #define HAVE_STRTOUMAX 1
| #define HAVE_DPRINTF 1
| #define HAVE_STRDUP 1
| #define HAVE_STRLCPY 1
| #define HAVE_REALLOCARRAY 1
| #define HAVE_DECL_AUDIT_USER_TTY 1
| #define HAVE_DECL_CONFSTR 1
| #define HAVE_DECL_PRINTF 1
| #define HAVE_DECL_BRK 1
| #define HAVE_DECL_SBRK 1
| #define HAVE_DECL_SETREGID 1
| #define HAVE_DECL_STRCPY 1
| #define HAVE_DECL_STRSIGNAL 1
| #define HAVE_SETRESUID 1
| #define HAVE_SETRESGID 1
| #define HAVE_DECL_STRTOLD 1
| #define HAVE_DECL_STRTOL 1
| #define HAVE_DECL_STRTOLL 1
| #define HAVE_DECL_STRTOUL 1
| #define HAVE_DECL_STRTOULL 1
| #define HAVE_DECL_STRTOUMAX 1
| #define HAVE_ERRNO_H 1
| #define HAVE_FCNTL_H 1
| #define HAVE_MALLOC_H 1
| #define HAVE_STDIO_EXT_H 1
| #define HAVE_MALLOC 1
| #define HAVE_MMAP 1
| #define HAVE_DCGETTEXT 1
| #define HAVE_MEMPCPY 1
| #define HAVE_MUNMAP 1
| #define HAVE_MREMAP 1
| #define HAVE_STPCPY 1
| #define HAVE_STRCSPN 1
| #define HAVE_WCTYPE_H 1
| #define HAVE_WCHAR_H 1
| #define HAVE_LANGINFO_H 1
| #define HAVE_MBRLEN 1
| #define HAVE_MBSNRTOWCS 1
| #define HAVE_MBSRTOWCS 1
| #define HAVE_WCRTOMB 1
| #define HAVE_WCSCOLL 1
| #define HAVE_WCSDUP 1
| #define HAVE_WCWIDTH 1
| #define HAVE_WCTYPE 1
| #define HAVE_WCSNRTOMBS 1
| #define HAVE_WCSWIDTH 1
| #define HAVE_MBRTOWC 1
| #define HAVE_MBSTATE_T 1
| #define HAVE_ISWLOWER 1
| #define HAVE_ISWUPPER 1
| #define HAVE_TOWLOWER 1
| #define HAVE_TOWUPPER 1
| #define HAVE_ISWCTYPE 1
| #define HAVE_WCHAR_T 1
| #define HAVE_WCTYPE_T 1
| #define HAVE_WINT_T 1
| #define SIZEOF_WCHAR_T 4
| #define HAVE_LIBDL 1
| #define HAVE_DLOPEN 1
| #define HAVE_DLCLOSE 1
| #define HAVE_DLSYM 1
| #define GETGROUPS_T gid_t
| #define HAVE_INTPTR_T 1
| #define HAVE_UINTPTR_T 1
| #define HAVE_LONG_LONG_INT 1
| #define HAVE_UNSIGNED_LONG_LONG_INT 1
| #define SIZEOF_CHAR 1
| #define SIZEOF_SHORT 2
| #define SIZEOF_INT 4
| #define SIZEOF_LONG 8
| #define SIZEOF_CHAR_P 8
| #define SIZEOF_SIZE_T 8
| #define SIZEOF_DOUBLE 8
| #define SIZEOF_LONG_LONG 8
| #define bits16_t short
| #define u_bits16_t unsigned short
| #define bits32_t int
| #define u_bits32_t unsigned int
| #define bits64_t char *
| #define HAVE_HASH_BANG_EXEC 1
| #define HAVE_POSIX_SIGNALS 1
| #define HAVE_SYS_ERRLIST 1
| #define HAVE_DECL_SYS_SIGLIST 0
| #define HAVE_SOCKLEN_T 1
| #define HAVE_QUAD_T 1
| #define RLIMTYPE rlim_t
| #define HAVE_INTMAX_T 1
| #define HAVE_UINTMAX_T 1
| #define SIZEOF_INTMAX_T 8
| #define TERMIOS_LDISC 1
| #define HAVE_STRUCT_DIRENT_D_INO 1
| #define HAVE_STRUCT_DIRENT_D_FILENO 1
| #define HAVE_STRUCT_DIRENT_D_TYPE 1
| #define STRUCT_WINSIZE_IN_SYS_IOCTL 1
| #define HAVE_TIMEVAL 1
| #define HAVE_STRUCT_STAT_ST_BLOCKS 1
| #define HAVE_STRUCT_TM_TM_ZONE 1
| #define HAVE_TM_ZONE 1
| #define HAVE_STRUCT_TIMEZONE 1
| #define WEXITSTATUS_OFFSET 8
| #define HAVE_STRUCT_TIMESPEC 1
| #define TIME_H_DEFINES_STRUCT_TIMESPEC 1
| #define HAVE_STRUCT_STAT_ST_ATIM_TV_NSEC 1
| #define TYPEOF_STRUCT_STAT_ST_ATIM_IS_STRUCT_TIMESPEC 1
| #define HAVE_STRSIGNAL 1
| #define ULIMIT_MAXFDS 1
| #define HAVE_DECL_FPURGE 0
| #define CAN_REDEFINE_GETENV 1
| #define HAVE_GETCWD 1
| #define HAVE_POSIX_SIGSETJMP 1
| #define HAVE_STRTOIMAX 1
| #define HAVE_DECL_STRTOIMAX 1
| #define HAVE_DECL_CLEARERR_UNLOCKED 1
| #define HAVE_DECL_FEOF_UNLOCKED 1
| #define HAVE_DECL_FERROR_UNLOCKED 1
| #define HAVE_DECL_FFLUSH_UNLOCKED 1
| #define HAVE_DECL_FGETS_UNLOCKED 1
| #define HAVE_DECL_FPUTC_UNLOCKED 1
| #define HAVE_DECL_FPUTS_UNLOCKED 1
| #define HAVE_DECL_FREAD_UNLOCKED 1
| #define HAVE_DECL_FWRITE_UNLOCKED 1
| #define HAVE_DECL_GETC_UNLOCKED 1
| #define HAVE_DECL_GETCHAR_UNLOCKED 1
| #define HAVE_DECL_PUTC_UNLOCKED 1
| #define HAVE_DECL_PUTCHAR_UNLOCKED 1
| #define HAVE_STD_PUTENV 1
| #define HAVE_STD_UNSETENV 1
| #define HAVE_PRINTF_A_FORMAT 1
| #define FNMATCH_EQUIV_FALLBACK 0
| #define GWINSZ_IN_SYS_IOCTL 1
| #define FIONREAD_IN_SYS_IOCTL 1
| #define HAVE_GETPW_DECLS 1
| /* end confdefs.h.  */
| 
| /* Override any GCC internal prototype to avoid an error.
|    Use char because int might match the return type of a GCC
|    builtin and then its argument prototype would still apply.
|    The 'extern "C"' is for builds by C++ compilers;
|    although this is not generally supported in C code supporting it here
|    has little cost and some practical benefit (sr 110532).  */
| #ifdef __cplusplus
| extern "C"
| #endif
| char tgetent (void);
| int
| main (void)
| {
| return tgetent ();
|   ;
|   return 0;
| }
configure:22848: result: no
configure:22854: checking for tgetent in -lncursesw
configure:22883: x86_64-unknown-linux-musl-gcc -o conftest -g -O2 -I/home/samson/Projects/clojv3/./store/musl-1.2.6/include -B/home/samson/Projects/clojv3/./store/musl-1.2.6/lib -L/home/samson/Projects/clojv3/./store/musl-1.2.6/lib -Wl,-rpath,/home/samson/Projects/clojv3/./store/musl-1.2.6/lib -Wl,-dynamic-linker,/home/samson/Projects/clojv3/./store/musl-1.2.6/lib/libc.so conftest.c -lncursesw  -ldl  >&5
/nix/store/60lv8wlcr99wv4ck3sk9fzcbb4jbk2n6-x86_64-unknown-linux-musl-binutils-2.46/bin/x86_64-unknown-linux-musl-ld.bfd: cannot find -lncursesw: No such file or directory
collect2: error: ld returned 1 exit status
configure:22883: $? = 1
configure: failed program was:
| /* confdefs.h */
| #define PACKAGE_NAME "bash"
| #define PACKAGE_TARNAME "bash"
| #define PACKAGE_VERSION "5.3-release"
| #define PACKAGE_STRING "bash 5.3-release"
| #define PACKAGE_BUGREPORT "bug-bash@gnu.org"
| #define PACKAGE_URL ""
| #define ALIAS 1
| #define PUSHD_AND_POPD 1
| #define RESTRICTED_SHELL 1
| #define PROCESS_SUBSTITUTION 1
| #define PROMPT_STRING_DECODE 1
| #define SELECT_COMMAND 1
| #define HELP_BUILTIN 1
| #define ARRAY_VARS 1
| #define DPAREN_ARITHMETIC 1
| #define BRACE_EXPANSION 1
| #define COMMAND_TIMING 1
| #define EXTENDED_GLOB 1
| #define EXTGLOB_DEFAULT 0
| #define COND_COMMAND 1
| #define COND_REGEXP 1
| #define COPROCESS_SUPPORT 1
| #define ARITH_FOR_COMMAND 1
| #define NETWORK_REDIRECTIONS 1
| #define PROGRAMMABLE_COMPLETION 1
| #define DEBUGGER 1
| #define CASEMOD_ATTRS 1
| #define CASEMOD_EXPANSIONS 1
| #define GLOBASCII_DEFAULT 1
| #define FUNCTION_IMPORT 1
| #define TRANSLATABLE_STRINGS 1
| #define BASH_SOURCE_FULLPATH_DEFAULT 0
| #define MEMSCRAMBLE 1
| #define HAVE_STDIO_H 1
| #define HAVE_STDLIB_H 1
| #define HAVE_STRING_H 1
| #define HAVE_INTTYPES_H 1
| #define HAVE_STDINT_H 1
| #define HAVE_STRINGS_H 1
| #define HAVE_SYS_STAT_H 1
| #define HAVE_SYS_TYPES_H 1
| #define HAVE_UNISTD_H 1
| #define HAVE_WCHAR_H 1
| #define HAVE_STDBOOL_H 1
| #define HAVE_SYS_PARAM_H 1
| #define HAVE_THREADS_H 1
| #define HAVE_SYS_TIME_H 1
| #define STDC_HEADERS 1
| #define _ALL_SOURCE 1
| #define _DARWIN_C_SOURCE 1
| #define _GNU_SOURCE 1
| #define _HPUX_ALT_XOPEN_SOCKET_API 1
| #define _NETBSD_SOURCE 1
| #define _OPENBSD_SOURCE 1
| #define _POSIX_PTHREAD_SEMANTICS 1
| #define __STDC_WANT_IEC_60559_ATTRIBS_EXT__ 1
| #define __STDC_WANT_IEC_60559_BFP_EXT__ 1
| #define __STDC_WANT_IEC_60559_DFP_EXT__ 1
| #define __STDC_WANT_IEC_60559_EXT__ 1
| #define __STDC_WANT_IEC_60559_FUNCS_EXT__ 1
| #define __STDC_WANT_IEC_60559_TYPES_EXT__ 1
| #define __STDC_WANT_LIB_EXT2__ 1
| #define __STDC_WANT_MATH_SPEC_FUNCS__ 1
| #define _TANDEM_SOURCE 1
| #define __EXTENSIONS__ 1
| #define READLINE 1
| #define HISTORY 1
| #define BANG_HISTORY 1
| #define HAVE_STRINGIZE 1
| #define HAVE_LONG_DOUBLE 1
| #define restrict __restrict__
| #define HAVE_C_BOOL 1
| #define HAVE_VISIBILITY 1
| #define HAVE_STDINT_H_WITH_UINTMAX 1
| #define HAVE_ALLOCA_H 1
| #define HAVE_ALLOCA 1
| #define HAVE_GETPAGESIZE 1
| #define HAVE_SYMLINK 1
| #define HAVE_USELOCALE 1
| #define HAVE_VPRINTF 1
| #define HAVE_ALARM 1
| #define HAVE_FPURGE 1
| #define HAVE___FPURGE 1
| #define HAVE_SNPRINTF 1
| #define HAVE_VSNPRINTF 1
| #define HAVE_MMAP 1
| #define INTDIV0_RAISES_SIGFPE 1
| #define HAVE_INTTYPES_H_WITH_UINTMAX 1
| #define HAVE_UNSIGNED_LONG_LONG_INT 1
| #define HAVE_UINTMAX_T 1
| #define HAVE_WEAK_SYMBOLS 1
| #define HAVE_PTHREAD_API 1
| #define USE_POSIX_THREADS 1
| #define USE_POSIX_THREADS_WEAK 1
| #define HAVE_PTHREAD_RWLOCK 1
| #define HAVE_PTHREAD_MUTEX_RECURSIVE 1
| #define HAVE_ICONV 1
| #define ICONV_CONST 
| #define HAVE_BUILTIN_EXPECT 1
| #define HAVE_INTTYPES_H 1
| #define HAVE_UNISTD_H 1
| #define HAVE_SYS_PARAM_H 1
| #define HAVE_GETCWD 1
| #define HAVE_GETEGID 1
| #define HAVE_GETEUID 1
| #define HAVE_GETGID 1
| #define HAVE_GETUID 1
| #define HAVE_MEMPCPY 1
| #define HAVE_MUNMAP 1
| #define HAVE_STPCPY 1
| #define HAVE_STRCASECMP 1
| #define HAVE_TSEARCH 1
| #define HAVE___FSETLOCKING 1
| #define HAVE_DECL_FEOF_UNLOCKED 1
| #define HAVE_DECL_FGETS_UNLOCKED 1
| #define HAVE_LOCALECONV 1
| #define HAVE_LONG_LONG_INT 1
| #define HAVE_WCHAR_T 1
| #define HAVE_WINT_T 1
| #define HAVE_INTMAX_T 1
| #define HAVE_POSIX_PRINTF 1
| #define HAVE_STDINT_H 1
| #define HAVE_STDINT_H 1
| #define HAVE_WORKING_O_NOATIME 0
| #define HAVE_WORKING_O_NOFOLLOW 0
| #define HAVE_WORKING_USELOCALE 1
| #define HAVE_GOOD_USELOCALE 1
| #define FLEXIBLE_ARRAY_MEMBER /**/
| #define HAVE_FEATURES_H 1
| #define HAVE_STDDEF_H 1
| #define HAVE_STDLIB_H 1
| #define HAVE_STRING_H 1
| #define HAVE_ASPRINTF 1
| #define HAVE_WPRINTF 1
| #define HAVE_NEWLOCALE 1
| #define HAVE_PUTENV 1
| #define HAVE_SETENV 1
| #define HAVE_SNPRINTF 1
| #define HAVE_STRNLEN 1
| #define HAVE_USELOCALE 1
| #define HAVE_WCSLEN 1
| #define HAVE_WCSNLEN 1
| #define HAVE_MBRTOWC 1
| #define HAVE_WCRTOMB 1
| #define HAVE_DECL__SNPRINTF 0
| #define HAVE_DECL__SNWPRINTF 0
| #define HAVE_DECL_GETC_UNLOCKED 1
| #define HAVE_NL_LANGINFO 1
| #define HAVE_LANGINFO_CODESET 1
| #define HAVE_LC_MESSAGES 1
| #define ENABLE_NLS 1
| #define HAVE_GETTEXT 1
| #define HAVE_DCGETTEXT 1
| #define HAVE_DIRENT_H 1
| #define MAJOR_IN_SYSMACROS 1
| #define HAVE_INTTYPES_H 1
| #define HAVE_UNISTD_H 1
| #define HAVE_STDLIB_H 1
| #define HAVE_LIMITS_H 1
| #define HAVE_STRING_H 1
| #define HAVE_MEMORY_H 1
| #define HAVE_LOCALE_H 1
| #define HAVE_TERMIOS_H 1
| #define HAVE_DLFCN_H 1
| #define HAVE_STDDEF_H 1
| #define HAVE_STDINT_H 1
| #define HAVE_NETDB_H 1
| #define HAVE_PWD_H 1
| #define HAVE_GRP_H 1
| #define HAVE_STRINGS_H 1
| #define HAVE_STDCKDINT_H 1
| #define HAVE_REGEX_H 1
| #define HAVE_SYSLOG_H 1
| #define HAVE_ULIMIT_H 1
| #define HAVE_SYS_SELECT_H 1
| #define HAVE_SYS_FILE_H 1
| #define HAVE_SYS_IOCTL_H 1
| #define HAVE_SYS_MMAN_H 1
| #define HAVE_SYS_PARAM_H 1
| #define HAVE_SYS_RANDOM_H 1
| #define HAVE_SYS_SOCKET_H 1
| #define HAVE_SYS_STAT_H 1
| #define HAVE_SYS_TIME_H 1
| #define HAVE_SYS_TIMES_H 1
| #define HAVE_SYS_TYPES_H 1
| #define HAVE_SYS_WAIT_H 1
| #define HAVE_NETINET_IN_H 1
| #define HAVE_ARPA_INET_H 1
| #define HAVE_SYS_RESOURCE_H 1
| #define HAVE_ALLOCA_H 1
| #define HAVE_ALLOCA 1
| #define HAVE_CHOWN 1
| #define GETPGRP_VOID 1
| #define HAVE_STRCOLL 1
| #define HAVE_WAIT3 1
| #define HAVE_MKFIFO 1
| #define HAVE_DUP2 1
| #define HAVE_EACCESS 1
| #define HAVE_FCNTL 1
| #define HAVE_GETDTABLESIZE 1
| #define HAVE_GETENTROPY 1
| #define HAVE_GETGROUPS 1
| #define HAVE_GETHOSTNAME 1
| #define HAVE_GETPAGESIZE 1
| #define HAVE_GETPEERNAME 1
| #define HAVE_GETRANDOM 1
| #define HAVE_GETRLIMIT 1
| #define HAVE_GETRUSAGE 1
| #define HAVE_GETTIMEOFDAY 1
| #define HAVE_KILL 1
| #define HAVE_KILLPG 1
| #define HAVE_LSTAT 1
| #define HAVE_NANOSLEEP 1
| #define HAVE_PSELECT 1
| #define HAVE_READLINK 1
| #define HAVE_SELECT 1
| #define HAVE_SETITIMER 1
| #define HAVE_STATFS 1
| #define HAVE_TCGETPGRP 1
| #define HAVE_UNAME 1
| #define HAVE_ULIMIT 1
| #define HAVE_WAITPID 1
| #define HAVE_RENAME 1
| #define HAVE_BCOPY 1
| #define HAVE_BZERO 1
| #define HAVE_CLOCK_GETTIME 1
| #define HAVE_CONFSTR 1
| #define HAVE_FACCESSAT 1
| #define HAVE_FNMATCH 1
| #define HAVE_GETADDRINFO 1
| #define HAVE_GETHOSTBYNAME 1
| #define HAVE_GETSERVBYNAME 1
| #define HAVE_GETSERVENT 1
| #define HAVE_INET_ATON 1
| #define HAVE_IMAXDIV 1
| #define HAVE_MEMMOVE 1
| #define HAVE_PATHCONF 1
| #define HAVE_PUTENV 1
| #define HAVE_RAISE 1
| #define HAVE_RANDOM 1
| #define HAVE_REGCOMP 1
| #define HAVE_REGEXEC 1
| #define HAVE_SETENV 1
| #define HAVE_SETLINEBUF 1
| #define HAVE_SETLOCALE 1
| #define HAVE_SETVBUF 1
| #define HAVE_SIGINTERRUPT 1
| #define HAVE_STRCHR 1
| #define HAVE_SYSCONF 1
| #define HAVE_SYSLOG 1
| #define HAVE_TCGETATTR 1
| #define HAVE_TCGETWINSIZE 1
| #define HAVE_TCSETWINSIZE 1
| #define HAVE_TIMES 1
| #define HAVE_TTYNAME 1
| #define HAVE_TZSET 1
| #define HAVE_UNSETENV 1
| #define HAVE_VASPRINTF 1
| #define HAVE_ASPRINTF 1
| #define HAVE_ISASCII 1
| #define HAVE_ISBLANK 1
| #define HAVE_ISGRAPH 1
| #define HAVE_ISPRINT 1
| #define HAVE_ISSPACE 1
| #define HAVE_ISXDIGIT 1
| #define HAVE_GETPWENT 1
| #define HAVE_GETPWNAM 1
| #define HAVE_GETPWUID 1
| #define HAVE_MKSTEMP 1
| #define HAVE_MKDTEMP 1
| #define HAVE_STRLCAT 1
| #define HAVE_MEMFD_CREATE 1
| #define HAVE_SHM_OPEN 1
| #define HAVE_GETCWD 1
| #define HAVE_MEMSET 1
| #define HAVE_STRCASECMP 1
| #define HAVE_STRCASESTR 1
| #define HAVE_STRERROR 1
| #define HAVE_STRFTIME 1
| #define HAVE_STRNLEN 1
| #define HAVE_STRPBRK 1
| #define HAVE_STRSTR 1
| #define HAVE_STRTOD 1
| #define HAVE_STRTOL 1
| #define HAVE_STRTOUL 1
| #define HAVE_STRTOLL 1
| #define HAVE_STRTOULL 1
| #define HAVE_STRTOUMAX 1
| #define HAVE_DPRINTF 1
| #define HAVE_STRDUP 1
| #define HAVE_STRLCPY 1
| #define HAVE_REALLOCARRAY 1
| #define HAVE_DECL_AUDIT_USER_TTY 1
| #define HAVE_DECL_CONFSTR 1
| #define HAVE_DECL_PRINTF 1
| #define HAVE_DECL_BRK 1
| #define HAVE_DECL_SBRK 1
| #define HAVE_DECL_SETREGID 1
| #define HAVE_DECL_STRCPY 1
| #define HAVE_DECL_STRSIGNAL 1
| #define HAVE_SETRESUID 1
| #define HAVE_SETRESGID 1
| #define HAVE_DECL_STRTOLD 1
| #define HAVE_DECL_STRTOL 1
| #define HAVE_DECL_STRTOLL 1
| #define HAVE_DECL_STRTOUL 1
| #define HAVE_DECL_STRTOULL 1
| #define HAVE_DECL_STRTOUMAX 1
| #define HAVE_ERRNO_H 1
| #define HAVE_FCNTL_H 1
| #define HAVE_MALLOC_H 1
| #define HAVE_STDIO_EXT_H 1
| #define HAVE_MALLOC 1
| #define HAVE_MMAP 1
| #define HAVE_DCGETTEXT 1
| #define HAVE_MEMPCPY 1
| #define HAVE_MUNMAP 1
| #define HAVE_MREMAP 1
| #define HAVE_STPCPY 1
| #define HAVE_STRCSPN 1
| #define HAVE_WCTYPE_H 1
| #define HAVE_WCHAR_H 1
| #define HAVE_LANGINFO_H 1
| #define HAVE_MBRLEN 1
| #define HAVE_MBSNRTOWCS 1
| #define HAVE_MBSRTOWCS 1
| #define HAVE_WCRTOMB 1
| #define HAVE_WCSCOLL 1
| #define HAVE_WCSDUP 1
| #define HAVE_WCWIDTH 1
| #define HAVE_WCTYPE 1
| #define HAVE_WCSNRTOMBS 1
| #define HAVE_WCSWIDTH 1
| #define HAVE_MBRTOWC 1
| #define HAVE_MBSTATE_T 1
| #define HAVE_ISWLOWER 1
| #define HAVE_ISWUPPER 1
| #define HAVE_TOWLOWER 1
| #define HAVE_TOWUPPER 1
| #define HAVE_ISWCTYPE 1
| #define HAVE_WCHAR_T 1
| #define HAVE_WCTYPE_T 1
| #define HAVE_WINT_T 1
| #define SIZEOF_WCHAR_T 4
| #define HAVE_LIBDL 1
| #define HAVE_DLOPEN 1
| #define HAVE_DLCLOSE 1
| #define HAVE_DLSYM 1
| #define GETGROUPS_T gid_t
| #define HAVE_INTPTR_T 1
| #define HAVE_UINTPTR_T 1
| #define HAVE_LONG_LONG_INT 1
| #define HAVE_UNSIGNED_LONG_LONG_INT 1
| #define SIZEOF_CHAR 1
| #define SIZEOF_SHORT 2
| #define SIZEOF_INT 4
| #define SIZEOF_LONG 8
| #define SIZEOF_CHAR_P 8
| #define SIZEOF_SIZE_T 8
| #define SIZEOF_DOUBLE 8
| #define SIZEOF_LONG_LONG 8
| #define bits16_t short
| #define u_bits16_t unsigned short
| #define bits32_t int
| #define u_bits32_t unsigned int
| #define bits64_t char *
| #define HAVE_HASH_BANG_EXEC 1
| #define HAVE_POSIX_SIGNALS 1
| #define HAVE_SYS_ERRLIST 1
| #define HAVE_DECL_SYS_SIGLIST 0
| #define HAVE_SOCKLEN_T 1
| #define HAVE_QUAD_T 1
| #define RLIMTYPE rlim_t
| #define HAVE_INTMAX_T 1
| #define HAVE_UINTMAX_T 1
| #define SIZEOF_INTMAX_T 8
| #define TERMIOS_LDISC 1
| #define HAVE_STRUCT_DIRENT_D_INO 1
| #define HAVE_STRUCT_DIRENT_D_FILENO 1
| #define HAVE_STRUCT_DIRENT_D_TYPE 1
| #define STRUCT_WINSIZE_IN_SYS_IOCTL 1
| #define HAVE_TIMEVAL 1
| #define HAVE_STRUCT_STAT_ST_BLOCKS 1
| #define HAVE_STRUCT_TM_TM_ZONE 1
| #define HAVE_TM_ZONE 1
| #define HAVE_STRUCT_TIMEZONE 1
| #define WEXITSTATUS_OFFSET 8
| #define HAVE_STRUCT_TIMESPEC 1
| #define TIME_H_DEFINES_STRUCT_TIMESPEC 1
| #define HAVE_STRUCT_STAT_ST_ATIM_TV_NSEC 1
| #define TYPEOF_STRUCT_STAT_ST_ATIM_IS_STRUCT_TIMESPEC 1
| #define HAVE_STRSIGNAL 1
| #define ULIMIT_MAXFDS 1
| #define HAVE_DECL_FPURGE 0
| #define CAN_REDEFINE_GETENV 1
| #define HAVE_GETCWD 1
| #define HAVE_POSIX_SIGSETJMP 1
| #define HAVE_STRTOIMAX 1
| #define HAVE_DECL_STRTOIMAX 1
| #define HAVE_DECL_CLEARERR_UNLOCKED 1
| #define HAVE_DECL_FEOF_UNLOCKED 1
| #define HAVE_DECL_FERROR_UNLOCKED 1
| #define HAVE_DECL_FFLUSH_UNLOCKED 1
| #define HAVE_DECL_FGETS_UNLOCKED 1
| #define HAVE_DECL_FPUTC_UNLOCKED 1
| #define HAVE_DECL_FPUTS_UNLOCKED 1
| #define HAVE_DECL_FREAD_UNLOCKED 1
| #define HAVE_DECL_FWRITE_UNLOCKED 1
| #define HAVE_DECL_GETC_UNLOCKED 1
| #define HAVE_DECL_GETCHAR_UNLOCKED 1
| #define HAVE_DECL_PUTC_UNLOCKED 1
| #define HAVE_DECL_PUTCHAR_UNLOCKED 1
| #define HAVE_STD_PUTENV 1
| #define HAVE_STD_UNSETENV 1
| #define HAVE_PRINTF_A_FORMAT 1
| #define FNMATCH_EQUIV_FALLBACK 0
| #define GWINSZ_IN_SYS_IOCTL 1
| #define FIONREAD_IN_SYS_IOCTL 1
| #define HAVE_GETPW_DECLS 1
| /* end confdefs.h.  */
| 
| /* Override any GCC internal prototype to avoid an error.
|    Use char because int might match the return type of a GCC
|    builtin and then its argument prototype would still apply.
|    The 'extern "C"' is for builds by C++ compilers;
|    although this is not generally supported in C code supporting it here
|    has little cost and some practical benefit (sr 110532).  */
| #ifdef __cplusplus
| extern "C"
| #endif
| char tgetent (void);
| int
| main (void)
| {
| return tgetent ();
|   ;
|   return 0;
| }
configure:22895: result: no
configure:22901: checking for tgetent in -lncurses
configure:22930: x86_64-unknown-linux-musl-gcc -o conftest -g -O2 -I/home/samson/Projects/clojv3/./store/musl-1.2.6/include -B/home/samson/Projects/clojv3/./store/musl-1.2.6/lib -L/home/samson/Projects/clojv3/./store/musl-1.2.6/lib -Wl,-rpath,/home/samson/Projects/clojv3/./store/musl-1.2.6/lib -Wl,-dynamic-linker,/home/samson/Projects/clojv3/./store/musl-1.2.6/lib/libc.so conftest.c -lncurses  -ldl  >&5
/nix/store/60lv8wlcr99wv4ck3sk9fzcbb4jbk2n6-x86_64-unknown-linux-musl-binutils-2.46/bin/x86_64-unknown-linux-musl-ld.bfd: cannot find -lncurses: No such file or directory
collect2: error: ld returned 1 exit status
configure:22930: $? = 1
configure: failed program was:
| /* confdefs.h */
| #define PACKAGE_NAME "bash"
| #define PACKAGE_TARNAME "bash"
| #define PACKAGE_VERSION "5.3-release"
| #define PACKAGE_STRING "bash 5.3-release"
| #define PACKAGE_BUGREPORT "bug-bash@gnu.org"
| #define PACKAGE_URL ""
| #define ALIAS 1
| #define PUSHD_AND_POPD 1
| #define RESTRICTED_SHELL 1
| #define PROCESS_SUBSTITUTION 1
| #define PROMPT_STRING_DECODE 1
| #define SELECT_COMMAND 1
| #define HELP_BUILTIN 1
| #define ARRAY_VARS 1
| #define DPAREN_ARITHMETIC 1
| #define BRACE_EXPANSION 1
| #define COMMAND_TIMING 1
| #define EXTENDED_GLOB 1
| #define EXTGLOB_DEFAULT 0
| #define COND_COMMAND 1
| #define COND_REGEXP 1
| #define COPROCESS_SUPPORT 1
| #define ARITH_FOR_COMMAND 1
| #define NETWORK_REDIRECTIONS 1
| #define PROGRAMMABLE_COMPLETION 1
| #define DEBUGGER 1
| #define CASEMOD_ATTRS 1
| #define CASEMOD_EXPANSIONS 1
| #define GLOBASCII_DEFAULT 1
| #define FUNCTION_IMPORT 1
| #define TRANSLATABLE_STRINGS 1
| #define BASH_SOURCE_FULLPATH_DEFAULT 0
| #define MEMSCRAMBLE 1
| #define HAVE_STDIO_H 1
| #define HAVE_STDLIB_H 1
| #define HAVE_STRING_H 1
| #define HAVE_INTTYPES_H 1
| #define HAVE_STDINT_H 1
| #define HAVE_STRINGS_H 1
| #define HAVE_SYS_STAT_H 1
| #define HAVE_SYS_TYPES_H 1
| #define HAVE_UNISTD_H 1
| #define HAVE_WCHAR_H 1
| #define HAVE_STDBOOL_H 1
| #define HAVE_SYS_PARAM_H 1
| #define HAVE_THREADS_H 1
| #define HAVE_SYS_TIME_H 1
| #define STDC_HEADERS 1
| #define _ALL_SOURCE 1
| #define _DARWIN_C_SOURCE 1
| #define _GNU_SOURCE 1
| #define _HPUX_ALT_XOPEN_SOCKET_API 1
| #define _NETBSD_SOURCE 1
| #define _OPENBSD_SOURCE 1
| #define _POSIX_PTHREAD_SEMANTICS 1
| #define __STDC_WANT_IEC_60559_ATTRIBS_EXT__ 1
| #define __STDC_WANT_IEC_60559_BFP_EXT__ 1
| #define __STDC_WANT_IEC_60559_DFP_EXT__ 1
| #define __STDC_WANT_IEC_60559_EXT__ 1
| #define __STDC_WANT_IEC_60559_FUNCS_EXT__ 1
| #define __STDC_WANT_IEC_60559_TYPES_EXT__ 1
| #define __STDC_WANT_LIB_EXT2__ 1
| #define __STDC_WANT_MATH_SPEC_FUNCS__ 1
| #define _TANDEM_SOURCE 1
| #define __EXTENSIONS__ 1
| #define READLINE 1
| #define HISTORY 1
| #define BANG_HISTORY 1
| #define HAVE_STRINGIZE 1
| #define HAVE_LONG_DOUBLE 1
| #define restrict __restrict__
| #define HAVE_C_BOOL 1
| #define HAVE_VISIBILITY 1
| #define HAVE_STDINT_H_WITH_UINTMAX 1
| #define HAVE_ALLOCA_H 1
| #define HAVE_ALLOCA 1
| #define HAVE_GETPAGESIZE 1
| #define HAVE_SYMLINK 1
| #define HAVE_USELOCALE 1
| #define HAVE_VPRINTF 1
| #define HAVE_ALARM 1
| #define HAVE_FPURGE 1
| #define HAVE___FPURGE 1
| #define HAVE_SNPRINTF 1
| #define HAVE_VSNPRINTF 1
| #define HAVE_MMAP 1
| #define INTDIV0_RAISES_SIGFPE 1
| #define HAVE_INTTYPES_H_WITH_UINTMAX 1
| #define HAVE_UNSIGNED_LONG_LONG_INT 1
| #define HAVE_UINTMAX_T 1
| #define HAVE_WEAK_SYMBOLS 1
| #define HAVE_PTHREAD_API 1
| #define USE_POSIX_THREADS 1
| #define USE_POSIX_THREADS_WEAK 1
| #define HAVE_PTHREAD_RWLOCK 1
| #define HAVE_PTHREAD_MUTEX_RECURSIVE 1
| #define HAVE_ICONV 1
| #define ICONV_CONST 
| #define HAVE_BUILTIN_EXPECT 1
| #define HAVE_INTTYPES_H 1
| #define HAVE_UNISTD_H 1
| #define HAVE_SYS_PARAM_H 1
| #define HAVE_GETCWD 1
| #define HAVE_GETEGID 1
| #define HAVE_GETEUID 1
| #define HAVE_GETGID 1
| #define HAVE_GETUID 1
| #define HAVE_MEMPCPY 1
| #define HAVE_MUNMAP 1
| #define HAVE_STPCPY 1
| #define HAVE_STRCASECMP 1
| #define HAVE_TSEARCH 1
| #define HAVE___FSETLOCKING 1
| #define HAVE_DECL_FEOF_UNLOCKED 1
| #define HAVE_DECL_FGETS_UNLOCKED 1
| #define HAVE_LOCALECONV 1
| #define HAVE_LONG_LONG_INT 1
| #define HAVE_WCHAR_T 1
| #define HAVE_WINT_T 1
| #define HAVE_INTMAX_T 1
| #define HAVE_POSIX_PRINTF 1
| #define HAVE_STDINT_H 1
| #define HAVE_STDINT_H 1
| #define HAVE_WORKING_O_NOATIME 0
| #define HAVE_WORKING_O_NOFOLLOW 0
| #define HAVE_WORKING_USELOCALE 1
| #define HAVE_GOOD_USELOCALE 1
| #define FLEXIBLE_ARRAY_MEMBER /**/
| #define HAVE_FEATURES_H 1
| #define HAVE_STDDEF_H 1
| #define HAVE_STDLIB_H 1
| #define HAVE_STRING_H 1
| #define HAVE_ASPRINTF 1
| #define HAVE_WPRINTF 1
| #define HAVE_NEWLOCALE 1
| #define HAVE_PUTENV 1
| #define HAVE_SETENV 1
| #define HAVE_SNPRINTF 1
| #define HAVE_STRNLEN 1
| #define HAVE_USELOCALE 1
| #define HAVE_WCSLEN 1
| #define HAVE_WCSNLEN 1
| #define HAVE_MBRTOWC 1
| #define HAVE_WCRTOMB 1
| #define HAVE_DECL__SNPRINTF 0
| #define HAVE_DECL__SNWPRINTF 0
| #define HAVE_DECL_GETC_UNLOCKED 1
| #define HAVE_NL_LANGINFO 1
| #define HAVE_LANGINFO_CODESET 1
| #define HAVE_LC_MESSAGES 1
| #define ENABLE_NLS 1
| #define HAVE_GETTEXT 1
| #define HAVE_DCGETTEXT 1
| #define HAVE_DIRENT_H 1
| #define MAJOR_IN_SYSMACROS 1
| #define HAVE_INTTYPES_H 1
| #define HAVE_UNISTD_H 1
| #define HAVE_STDLIB_H 1
| #define HAVE_LIMITS_H 1
| #define HAVE_STRING_H 1
| #define HAVE_MEMORY_H 1
| #define HAVE_LOCALE_H 1
| #define HAVE_TERMIOS_H 1
| #define HAVE_DLFCN_H 1
| #define HAVE_STDDEF_H 1
| #define HAVE_STDINT_H 1
| #define HAVE_NETDB_H 1
| #define HAVE_PWD_H 1
| #define HAVE_GRP_H 1
| #define HAVE_STRINGS_H 1
| #define HAVE_STDCKDINT_H 1
| #define HAVE_REGEX_H 1
| #define HAVE_SYSLOG_H 1
| #define HAVE_ULIMIT_H 1
| #define HAVE_SYS_SELECT_H 1
| #define HAVE_SYS_FILE_H 1
| #define HAVE_SYS_IOCTL_H 1
| #define HAVE_SYS_MMAN_H 1
| #define HAVE_SYS_PARAM_H 1
| #define HAVE_SYS_RANDOM_H 1
| #define HAVE_SYS_SOCKET_H 1
| #define HAVE_SYS_STAT_H 1
| #define HAVE_SYS_TIME_H 1
| #define HAVE_SYS_TIMES_H 1
| #define HAVE_SYS_TYPES_H 1
| #define HAVE_SYS_WAIT_H 1
| #define HAVE_NETINET_IN_H 1
| #define HAVE_ARPA_INET_H 1
| #define HAVE_SYS_RESOURCE_H 1
| #define HAVE_ALLOCA_H 1
| #define HAVE_ALLOCA 1
| #define HAVE_CHOWN 1
| #define GETPGRP_VOID 1
| #define HAVE_STRCOLL 1
| #define HAVE_WAIT3 1
| #define HAVE_MKFIFO 1
| #define HAVE_DUP2 1
| #define HAVE_EACCESS 1
| #define HAVE_FCNTL 1
| #define HAVE_GETDTABLESIZE 1
| #define HAVE_GETENTROPY 1
| #define HAVE_GETGROUPS 1
| #define HAVE_GETHOSTNAME 1
| #define HAVE_GETPAGESIZE 1
| #define HAVE_GETPEERNAME 1
| #define HAVE_GETRANDOM 1
| #define HAVE_GETRLIMIT 1
| #define HAVE_GETRUSAGE 1
| #define HAVE_GETTIMEOFDAY 1
| #define HAVE_KILL 1
| #define HAVE_KILLPG 1
| #define HAVE_LSTAT 1
| #define HAVE_NANOSLEEP 1
| #define HAVE_PSELECT 1
| #define HAVE_READLINK 1
| #define HAVE_SELECT 1
| #define HAVE_SETITIMER 1
| #define HAVE_STATFS 1
| #define HAVE_TCGETPGRP 1
| #define HAVE_UNAME 1
| #define HAVE_ULIMIT 1
| #define HAVE_WAITPID 1
| #define HAVE_RENAME 1
| #define HAVE_BCOPY 1
| #define HAVE_BZERO 1
| #define HAVE_CLOCK_GETTIME 1
| #define HAVE_CONFSTR 1
| #define HAVE_FACCESSAT 1
| #define HAVE_FNMATCH 1
| #define HAVE_GETADDRINFO 1
| #define HAVE_GETHOSTBYNAME 1
| #define HAVE_GETSERVBYNAME 1
| #define HAVE_GETSERVENT 1
| #define HAVE_INET_ATON 1
| #define HAVE_IMAXDIV 1
| #define HAVE_MEMMOVE 1
| #define HAVE_PATHCONF 1
| #define HAVE_PUTENV 1
| #define HAVE_RAISE 1
| #define HAVE_RANDOM 1
| #define HAVE_REGCOMP 1
| #define HAVE_REGEXEC 1
| #define HAVE_SETENV 1
| #define HAVE_SETLINEBUF 1
| #define HAVE_SETLOCALE 1
| #define HAVE_SETVBUF 1
| #define HAVE_SIGINTERRUPT 1
| #define HAVE_STRCHR 1
| #define HAVE_SYSCONF 1
| #define HAVE_SYSLOG 1
| #define HAVE_TCGETATTR 1
| #define HAVE_TCGETWINSIZE 1
| #define HAVE_TCSETWINSIZE 1
| #define HAVE_TIMES 1
| #define HAVE_TTYNAME 1
| #define HAVE_TZSET 1
| #define HAVE_UNSETENV 1
| #define HAVE_VASPRINTF 1
| #define HAVE_ASPRINTF 1
| #define HAVE_ISASCII 1
| #define HAVE_ISBLANK 1
| #define HAVE_ISGRAPH 1
| #define HAVE_ISPRINT 1
| #define HAVE_ISSPACE 1
| #define HAVE_ISXDIGIT 1
| #define HAVE_GETPWENT 1
| #define HAVE_GETPWNAM 1
| #define HAVE_GETPWUID 1
| #define HAVE_MKSTEMP 1
| #define HAVE_MKDTEMP 1
| #define HAVE_STRLCAT 1
| #define HAVE_MEMFD_CREATE 1
| #define HAVE_SHM_OPEN 1
| #define HAVE_GETCWD 1
| #define HAVE_MEMSET 1
| #define HAVE_STRCASECMP 1
| #define HAVE_STRCASESTR 1
| #define HAVE_STRERROR 1
| #define HAVE_STRFTIME 1
| #define HAVE_STRNLEN 1
| #define HAVE_STRPBRK 1
| #define HAVE_STRSTR 1
| #define HAVE_STRTOD 1
| #define HAVE_STRTOL 1
| #define HAVE_STRTOUL 1
| #define HAVE_STRTOLL 1
| #define HAVE_STRTOULL 1
| #define HAVE_STRTOUMAX 1
| #define HAVE_DPRINTF 1
| #define HAVE_STRDUP 1
| #define HAVE_STRLCPY 1
| #define HAVE_REALLOCARRAY 1
| #define HAVE_DECL_AUDIT_USER_TTY 1
| #define HAVE_DECL_CONFSTR 1
| #define HAVE_DECL_PRINTF 1
| #define HAVE_DECL_BRK 1
| #define HAVE_DECL_SBRK 1
| #define HAVE_DECL_SETREGID 1
| #define HAVE_DECL_STRCPY 1
| #define HAVE_DECL_STRSIGNAL 1
| #define HAVE_SETRESUID 1
| #define HAVE_SETRESGID 1
| #define HAVE_DECL_STRTOLD 1
| #define HAVE_DECL_STRTOL 1
| #define HAVE_DECL_STRTOLL 1
| #define HAVE_DECL_STRTOUL 1
| #define HAVE_DECL_STRTOULL 1
| #define HAVE_DECL_STRTOUMAX 1
| #define HAVE_ERRNO_H 1
| #define HAVE_FCNTL_H 1
| #define HAVE_MALLOC_H 1
| #define HAVE_STDIO_EXT_H 1
| #define HAVE_MALLOC 1
| #define HAVE_MMAP 1
| #define HAVE_DCGETTEXT 1
| #define HAVE_MEMPCPY 1
| #define HAVE_MUNMAP 1
| #define HAVE_MREMAP 1
| #define HAVE_STPCPY 1
| #define HAVE_STRCSPN 1
| #define HAVE_WCTYPE_H 1
| #define HAVE_WCHAR_H 1
| #define HAVE_LANGINFO_H 1
| #define HAVE_MBRLEN 1
| #define HAVE_MBSNRTOWCS 1
| #define HAVE_MBSRTOWCS 1
| #define HAVE_WCRTOMB 1
| #define HAVE_WCSCOLL 1
| #define HAVE_WCSDUP 1
| #define HAVE_WCWIDTH 1
| #define HAVE_WCTYPE 1
| #define HAVE_WCSNRTOMBS 1
| #define HAVE_WCSWIDTH 1
| #define HAVE_MBRTOWC 1
| #define HAVE_MBSTATE_T 1
| #define HAVE_ISWLOWER 1
| #define HAVE_ISWUPPER 1
| #define HAVE_TOWLOWER 1
| #define HAVE_TOWUPPER 1
| #define HAVE_ISWCTYPE 1
| #define HAVE_WCHAR_T 1
| #define HAVE_WCTYPE_T 1
| #define HAVE_WINT_T 1
| #define SIZEOF_WCHAR_T 4
| #define HAVE_LIBDL 1
| #define HAVE_DLOPEN 1
| #define HAVE_DLCLOSE 1
| #define HAVE_DLSYM 1
| #define GETGROUPS_T gid_t
| #define HAVE_INTPTR_T 1
| #define HAVE_UINTPTR_T 1
| #define HAVE_LONG_LONG_INT 1
| #define HAVE_UNSIGNED_LONG_LONG_INT 1
| #define SIZEOF_CHAR 1
| #define SIZEOF_SHORT 2
| #define SIZEOF_INT 4
| #define SIZEOF_LONG 8
| #define SIZEOF_CHAR_P 8
| #define SIZEOF_SIZE_T 8
| #define SIZEOF_DOUBLE 8
| #define SIZEOF_LONG_LONG 8
| #define bits16_t short
| #define u_bits16_t unsigned short
| #define bits32_t int
| #define u_bits32_t unsigned int
| #define bits64_t char *
| #define HAVE_HASH_BANG_EXEC 1
| #define HAVE_POSIX_SIGNALS 1
| #define HAVE_SYS_ERRLIST 1
| #define HAVE_DECL_SYS_SIGLIST 0
| #define HAVE_SOCKLEN_T 1
| #define HAVE_QUAD_T 1
| #define RLIMTYPE rlim_t
| #define HAVE_INTMAX_T 1
| #define HAVE_UINTMAX_T 1
| #define SIZEOF_INTMAX_T 8
| #define TERMIOS_LDISC 1
| #define HAVE_STRUCT_DIRENT_D_INO 1
| #define HAVE_STRUCT_DIRENT_D_FILENO 1
| #define HAVE_STRUCT_DIRENT_D_TYPE 1
| #define STRUCT_WINSIZE_IN_SYS_IOCTL 1
| #define HAVE_TIMEVAL 1
| #define HAVE_STRUCT_STAT_ST_BLOCKS 1
| #define HAVE_STRUCT_TM_TM_ZONE 1
| #define HAVE_TM_ZONE 1
| #define HAVE_STRUCT_TIMEZONE 1
| #define WEXITSTATUS_OFFSET 8
| #define HAVE_STRUCT_TIMESPEC 1
| #define TIME_H_DEFINES_STRUCT_TIMESPEC 1
| #define HAVE_STRUCT_STAT_ST_ATIM_TV_NSEC 1
| #define TYPEOF_STRUCT_STAT_ST_ATIM_IS_STRUCT_TIMESPEC 1
| #define HAVE_STRSIGNAL 1
| #define ULIMIT_MAXFDS 1
| #define HAVE_DECL_FPURGE 0
| #define CAN_REDEFINE_GETENV 1
| #define HAVE_GETCWD 1
| #define HAVE_POSIX_SIGSETJMP 1
| #define HAVE_STRTOIMAX 1
| #define HAVE_DECL_STRTOIMAX 1
| #define HAVE_DECL_CLEARERR_UNLOCKED 1
| #define HAVE_DECL_FEOF_UNLOCKED 1
| #define HAVE_DECL_FERROR_UNLOCKED 1
| #define HAVE_DECL_FFLUSH_UNLOCKED 1
| #define HAVE_DECL_FGETS_UNLOCKED 1
| #define HAVE_DECL_FPUTC_UNLOCKED 1
| #define HAVE_DECL_FPUTS_UNLOCKED 1
| #define HAVE_DECL_FREAD_UNLOCKED 1
| #define HAVE_DECL_FWRITE_UNLOCKED 1
| #define HAVE_DECL_GETC_UNLOCKED 1
| #define HAVE_DECL_GETCHAR_UNLOCKED 1
| #define HAVE_DECL_PUTC_UNLOCKED 1
| #define HAVE_DECL_PUTCHAR_UNLOCKED 1
| #define HAVE_STD_PUTENV 1
| #define HAVE_STD_UNSETENV 1
| #define HAVE_PRINTF_A_FORMAT 1
| #define FNMATCH_EQUIV_FALLBACK 0
| #define GWINSZ_IN_SYS_IOCTL 1
| #define FIONREAD_IN_SYS_IOCTL 1
| #define HAVE_GETPW_DECLS 1
| /* end confdefs.h.  */
| 
| /* Override any GCC internal prototype to avoid an error.
|    Use char because int might match the return type of a GCC
|    builtin and then its argument prototype would still apply.
|    The 'extern "C"' is for builds by C++ compilers;
|    although this is not generally supported in C code supporting it here
|    has little cost and some practical benefit (sr 110532).  */
| #ifdef __cplusplus
| extern "C"
| #endif
| char tgetent (void);
| int
| main (void)
| {
| return tgetent ();
|   ;
|   return 0;
| }
configure:22942: result: no
configure:22971: checking which library has the termcap functions
configure:22974: result: using gnutermcap
configure:23008: checking whether /dev/fd is available
configure:23036: result: standard
configure:23055: checking whether /dev/stdin stdout stderr are available
configure:23070: result: present
configure:23077: checking for default mail directory
configure:23098: result: unknown
configure:23205: checking shared object configuration for loadable builtins
configure:23215: result: supported
configure:23429: creating ./config.status

## ---------------------- ##
## Running config.status. ##
## ---------------------- ##

This file was extended by bash config.status 5.3-release, which was
generated by GNU Autoconf 2.72.  Invocation command line was

  CONFIG_FILES    = 
  CONFIG_HEADERS  = 
  CONFIG_LINKS    = 
  CONFIG_COMMANDS = 
  $ ./config.status 

on aurelius

config.status:1384: creating Makefile
config.status:1384: creating builtins/Makefile
config.status:1384: creating lib/readline/Makefile
config.status:1384: creating lib/glob/Makefile
config.status:1384: creating lib/intl/Makefile
config.status:1384: creating lib/malloc/Makefile
config.status:1384: creating lib/sh/Makefile
config.status:1384: creating lib/termcap/Makefile
config.status:1384: creating lib/tilde/Makefile
config.status:1384: creating doc/Makefile
config.status:1384: creating support/Makefile
config.status:1384: creating po/Makefile.in
config.status:1384: creating examples/loadables/Makefile
config.status:1384: creating examples/loadables/Makefile.inc
config.status:1384: creating examples/loadables/Makefile.sample
config.status:1384: creating examples/loadables/perl/Makefile
config.status:1384: creating support/bash.pc
config.status:1384: creating support/bashbug.sh
config.status:1384: creating config.h
config.status:1384: creating buildconf.h
config.status:1579: executing po-directories commands
config.status:1579: executing stamp-h commands

## ---------------- ##
## Cache variables. ##
## ---------------- ##

ac_cv_build=x86_64-pc-linux-musl
ac_cv_c_bigendian=no
ac_cv_c_char_unsigned=no
ac_cv_c_compiler_gnu=yes
ac_cv_c_const=yes
ac_cv_c_flexmember=yes
ac_cv_c_inline=inline
ac_cv_c_restrict=__restrict__
ac_cv_c_undeclared_builtin_options='none needed'
ac_cv_c_volatile=yes
ac_cv_env_CC_FOR_BUILD_set=
ac_cv_env_CC_FOR_BUILD_value=
ac_cv_env_CC_set=set
ac_cv_env_CC_value=x86_64-unknown-linux-musl-gcc
ac_cv_env_CFLAGS_FOR_BUILD_set=
ac_cv_env_CFLAGS_FOR_BUILD_value=
ac_cv_env_CFLAGS_set=
ac_cv_env_CFLAGS_value=
ac_cv_env_CPPFLAGS_FOR_BUILD_set=
ac_cv_env_CPPFLAGS_FOR_BUILD_value=
ac_cv_env_CPPFLAGS_set=set
ac_cv_env_CPPFLAGS_value=-I/home/samson/Projects/clojv3/./store/musl-1.2.6/include
ac_cv_env_CPP_set=
ac_cv_env_CPP_value=
ac_cv_env_DEBUGGER_START_FILE_set=
ac_cv_env_DEBUGGER_START_FILE_value=
ac_cv_env_LDFLAGS_FOR_BUILD_set=
ac_cv_env_LDFLAGS_FOR_BUILD_value=
ac_cv_env_LDFLAGS_set=set
ac_cv_env_LDFLAGS_value='-B/home/samson/Projects/clojv3/./store/musl-1.2.6/lib -L/home/samson/Projects/clojv3/./store/musl-1.2.6/lib -Wl,-rpath,/home/samson/Projects/clojv3/./store/musl-1.2.6/lib -Wl,-dynamic-linker,/home/samson/Projects/clojv3/./store/musl-1.2.6/lib/libc.so'
ac_cv_env_LIBS_set=
ac_cv_env_LIBS_value=
ac_cv_env_YACC_set=
ac_cv_env_YACC_value=
ac_cv_env_YFLAGS_set=
ac_cv_env_YFLAGS_value=
ac_cv_env_build_alias_set=
ac_cv_env_build_alias_value=
ac_cv_env_host_alias_set=
ac_cv_env_host_alias_value=
ac_cv_env_target_alias_set=
ac_cv_env_target_alias_value=
ac_cv_func___argz_count=no
ac_cv_func___argz_next=no
ac_cv_func___argz_stringify=no
ac_cv_func___fpurge=yes
ac_cv_func___fsetlocking=yes
ac_cv_func___setostype=no
ac_cv_func_alarm=yes
ac_cv_func_alloca_works=yes
ac_cv_func_arc4random=no
ac_cv_func_asprintf=yes
ac_cv_func_bcopy=yes
ac_cv_func_brk=no
ac_cv_func_bzero=yes
ac_cv_func_chown_works=yes
ac_cv_func_clock_gettime=yes
ac_cv_func_confstr=yes
ac_cv_func_dcgettext=yes
ac_cv_func_dlclose=yes
ac_cv_func_dlopen=yes
ac_cv_func_dlsym=yes
ac_cv_func_dprintf=yes
ac_cv_func_dup2=yes
ac_cv_func_eaccess=yes
ac_cv_func_faccessat=yes
ac_cv_func_fcntl=yes
ac_cv_func_fnmatch=yes
ac_cv_func_fpurge=yes
ac_cv_func_getaddrinfo=yes
ac_cv_func_getcwd=yes
ac_cv_func_getdtablesize=yes
ac_cv_func_getegid=yes
ac_cv_func_getentropy=yes
ac_cv_func_geteuid=yes
ac_cv_func_getgid=yes
ac_cv_func_getgroups=yes
ac_cv_func_gethostbyname=yes
ac_cv_func_gethostname=yes
ac_cv_func_getlocalename_l=no
ac_cv_func_getpagesize=yes
ac_cv_func_getpeername=yes
ac_cv_func_getpgrp_void=yes
ac_cv_func_getpwent=yes
ac_cv_func_getpwnam=yes
ac_cv_func_getpwuid=yes
ac_cv_func_getrandom=yes
ac_cv_func_getrlimit=yes
ac_cv_func_getrusage=yes
ac_cv_func_getservbyname=yes
ac_cv_func_getservent=yes
ac_cv_func_gettimeofday=yes
ac_cv_func_getuid=yes
ac_cv_func_imaxdiv=yes
ac_cv_func_inet_aton=yes
ac_cv_func_isascii=yes
ac_cv_func_isblank=yes
ac_cv_func_isgraph=yes
ac_cv_func_isprint=yes
ac_cv_func_isspace=yes
ac_cv_func_iswctype=yes
ac_cv_func_iswlower=yes
ac_cv_func_iswupper=yes
ac_cv_func_isxdigit=yes
ac_cv_func_kill=yes
ac_cv_func_killpg=yes
ac_cv_func_locale_charset=no
ac_cv_func_localeconv=yes
ac_cv_func_lstat=yes
ac_cv_func_mbrlen=yes
ac_cv_func_mbrtowc=yes
ac_cv_func_mbscasecmp=no
ac_cv_func_mbschr=no
ac_cv_func_mbscmp=no
ac_cv_func_mbsncmp=no
ac_cv_func_mbsnrtowcs=yes
ac_cv_func_mbsrtowcs=yes
ac_cv_func_memfd_create=yes
ac_cv_func_memmove=yes
ac_cv_func_mempcpy=yes
ac_cv_func_memset=yes
ac_cv_func_mkdtemp=yes
ac_cv_func_mkfifo=yes
ac_cv_func_mkstemp=yes
ac_cv_func_mmap_fixed_mapped=yes
ac_cv_func_mremap=yes
ac_cv_func_munmap=yes
ac_cv_func_nanosleep=yes
ac_cv_func_newlocale=yes
ac_cv_func_pathconf=yes
ac_cv_func_pselect=yes
ac_cv_func_putenv=yes
ac_cv_func_raise=yes
ac_cv_func_random=yes
ac_cv_func_readlink=yes
ac_cv_func_reallocarray=yes
ac_cv_func_regcomp=yes
ac_cv_func_regexec=yes
ac_cv_func_rename=yes
ac_cv_func_sbrk=no
ac_cv_func_select=yes
ac_cv_func_setdtablesize=no
ac_cv_func_setenv=yes
ac_cv_func_setitimer=yes
ac_cv_func_setlinebuf=yes
ac_cv_func_setlocale=yes
ac_cv_func_setresgid=yes
ac_cv_func_setresuid=yes
ac_cv_func_setvbuf=yes
ac_cv_func_shm_mkstemp=no
ac_cv_func_shm_open=yes
ac_cv_func_siginterrupt=yes
ac_cv_func_snprintf=yes
ac_cv_func_statfs=yes
ac_cv_func_stpcpy=yes
ac_cv_func_strcasecmp=yes
ac_cv_func_strcasestr=yes
ac_cv_func_strchr=yes
ac_cv_func_strcoll_works=yes
ac_cv_func_strcspn=yes
ac_cv_func_strdup=yes
ac_cv_func_strerror=yes
ac_cv_func_strftime=yes
ac_cv_func_strlcat=yes
ac_cv_func_strlcpy=yes
ac_cv_func_strnlen=yes
ac_cv_func_strpbrk=yes
ac_cv_func_strstr=yes
ac_cv_func_strtod=yes
ac_cv_func_strtoimax=yes
ac_cv_func_strtol=yes
ac_cv_func_strtoll=yes
ac_cv_func_strtoul=yes
ac_cv_func_strtoull=yes
ac_cv_func_strtoumax=yes
ac_cv_func_symlink=yes
ac_cv_func_sysconf=yes
ac_cv_func_syslog=yes
ac_cv_func_tcgetattr=yes
ac_cv_func_tcgetpgrp=yes
ac_cv_func_tcgetwinsize=yes
ac_cv_func_tcsetwinsize=yes
ac_cv_func_tgetent=no
ac_cv_func_times=yes
ac_cv_func_towlower=yes
ac_cv_func_towupper=yes
ac_cv_func_tsearch=yes
ac_cv_func_ttyname=yes
ac_cv_func_tzset=yes
ac_cv_func_ulimit=yes
ac_cv_func_uname=yes
ac_cv_func_unsetenv=yes
ac_cv_func_uselocale=yes
ac_cv_func_vasprintf=yes
ac_cv_func_vprintf=yes
ac_cv_func_vsnprintf=yes
ac_cv_func_wait3=yes
ac_cv_func_waitpid=yes
ac_cv_func_wcrtomb=yes
ac_cv_func_wcscoll=yes
ac_cv_func_wcsdup=yes
ac_cv_func_wcslen=yes
ac_cv_func_wcsnlen=yes
ac_cv_func_wcsnrtombs=yes
ac_cv_func_wcswidth=yes
ac_cv_func_wctype=yes
ac_cv_func_wcwidth=yes
ac_cv_func_working_mktime=yes
ac_cv_func_wprintf=yes
ac_cv_gnu_library_2=no
ac_cv_have_decl_AUDIT_USER_TTY=yes
ac_cv_have_decl__snprintf=no
ac_cv_have_decl__snwprintf=no
ac_cv_have_decl_brk=yes
ac_cv_have_decl_clearerr_unlocked=yes
ac_cv_have_decl_confstr=yes
ac_cv_have_decl_feof_unlocked=yes
ac_cv_have_decl_ferror_unlocked=yes
ac_cv_have_decl_fflush_unlocked=yes
ac_cv_have_decl_fgets_unlocked=yes
ac_cv_have_decl_fpurge=no
ac_cv_have_decl_fputc_unlocked=yes
ac_cv_have_decl_fputs_unlocked=yes
ac_cv_have_decl_fread_unlocked=yes
ac_cv_have_decl_fwrite_unlocked=yes
ac_cv_have_decl_getc_unlocked=yes
ac_cv_have_decl_getchar_unlocked=yes
ac_cv_have_decl_printf=yes
ac_cv_have_decl_putc_unlocked=yes
ac_cv_have_decl_putchar_unlocked=yes
ac_cv_have_decl_sbrk=yes
ac_cv_have_decl_setregid=yes
ac_cv_have_decl_strcpy=yes
ac_cv_have_decl_strsignal=yes
ac_cv_have_decl_strtoimax=yes
ac_cv_have_decl_strtol=yes
ac_cv_have_decl_strtold=yes
ac_cv_have_decl_strtoll=yes
ac_cv_have_decl_strtoul=yes
ac_cv_have_decl_strtoull=yes
ac_cv_have_decl_strtoumax=yes
ac_cv_have_decl_sys_siglist=no
ac_cv_have_sig_atomic_t=yes
ac_cv_header_argz_h=no
ac_cv_header_arpa_inet_h=yes
ac_cv_header_dirent_dirent_h=yes
ac_cv_header_dlfcn_h=yes
ac_cv_header_errno_h=yes
ac_cv_header_fcntl_h=yes
ac_cv_header_features_h=yes
ac_cv_header_grp_h=yes
ac_cv_header_inttypes_h=yes
ac_cv_header_langinfo_h=yes
ac_cv_header_libaudit_h=no
ac_cv_header_limits_h=yes
ac_cv_header_locale_h=yes
ac_cv_header_malloc_h=yes
ac_cv_header_mbstr_h=no
ac_cv_header_memory_h=yes
ac_cv_header_minix_config_h=no
ac_cv_header_netdb_h=yes
ac_cv_header_netinet_in_h=yes
ac_cv_header_pthread_h=yes
ac_cv_header_pwd_h=yes
ac_cv_header_regex_h=yes
ac_cv_header_stat_broken=no
ac_cv_header_stdbool_h=yes
ac_cv_header_stdckdint_h=yes
ac_cv_header_stddef_h=yes
ac_cv_header_stdint_h=yes
ac_cv_header_stdio_ext_h=yes
ac_cv_header_stdio_h=yes
ac_cv_header_stdlib_h=yes
ac_cv_header_string_h=yes
ac_cv_header_strings_h=yes
ac_cv_header_sys_file_h=yes
ac_cv_header_sys_ioctl_h=yes
ac_cv_header_sys_mkdev_h=no
ac_cv_header_sys_mman_h=yes
ac_cv_header_sys_param_h=yes
ac_cv_header_sys_pte_h=no
ac_cv_header_sys_ptem_h=no
ac_cv_header_sys_random_h=yes
ac_cv_header_sys_resource_h=yes
ac_cv_header_sys_select_h=yes
ac_cv_header_sys_socket_h=yes
ac_cv_header_sys_stat_h=yes
ac_cv_header_sys_stream_h=no
ac_cv_header_sys_sysmacros_h=yes
ac_cv_header_sys_time_h=yes
ac_cv_header_sys_times_h=yes
ac_cv_header_sys_types_h=yes
ac_cv_header_sys_wait_h=yes
ac_cv_header_syslog_h=yes
ac_cv_header_termcap_h=no
ac_cv_header_termio_h=no
ac_cv_header_termios_h=yes
ac_cv_header_threads_h=yes
ac_cv_header_ulimit_h=yes
ac_cv_header_unistd_h=yes
ac_cv_header_varargs_h=no
ac_cv_header_wchar_h=yes
ac_cv_header_wctype_h=yes
ac_cv_header_xlocale_h=no
ac_cv_host=x86_64-pc-linux-musl
ac_cv_lib_curses_tgetent=no
ac_cv_lib_dl_dlopen=yes
ac_cv_lib_ncurses_tgetent=no
ac_cv_lib_ncursesw_tgetent=no
ac_cv_lib_pthread_pthread_kill=yes
ac_cv_lib_termcap_tgetent=no
ac_cv_lib_tinfo_tgetent=no
ac_cv_member_struct_dirent_d_fileno=yes
ac_cv_member_struct_dirent_d_ino=yes
ac_cv_member_struct_dirent_d_namlen=no
ac_cv_member_struct_stat_st_atim_tv_nsec=yes
ac_cv_member_struct_stat_st_blocks=yes
ac_cv_member_struct_termio_c_line=no
ac_cv_member_struct_termios_c_line=yes
ac_cv_member_struct_tm_tm_zone=yes
ac_cv_objext=o
ac_cv_path_EGREP_TRADITIONAL='/nix/store/xmvbzzxm5snla5a2cyfhm7hjy9bifx7n-gnugrep-3.12/bin/grep -E'
ac_cv_path_GMSGFMT=:
ac_cv_path_MSGFMT=:
ac_cv_path_MSGMERGE=:
ac_cv_path_SED=/nix/store/qf2wzyq4irhgyhnq3s2hz0ldjq3w8a3x-gnused-4.10/bin/sed
ac_cv_path_XGETTEXT=:
ac_cv_path_install='/nix/store/xjl7p8dvyk2j53kqf7f43kdj4ypbxz7g-coreutils-9.11/bin/install -c'
ac_cv_path_mkdir=/nix/store/xjl7p8dvyk2j53kqf7f43kdj4ypbxz7g-coreutils-9.11/bin/mkdir
ac_cv_prog_CPP='x86_64-unknown-linux-musl-gcc -E'
ac_cv_prog_ac_ct_AR=ar
ac_cv_prog_ac_ct_CC=x86_64-unknown-linux-musl-gcc
ac_cv_prog_ac_ct_RANLIB=ranlib
ac_cv_prog_ac_ct_STRIP=strip
ac_cv_prog_cc_c11=
ac_cv_prog_cc_g=yes
ac_cv_prog_cc_stdc=
ac_cv_prog_make_make_set=yes
ac_cv_safe_to_define___extensions__=yes
ac_cv_search_opendir='none required'
ac_cv_should_define__xopen_source=no
ac_cv_sizeof_char=1
ac_cv_sizeof_char_p=8
ac_cv_sizeof_double=8
ac_cv_sizeof_int=4
ac_cv_sizeof_intmax_t=8
ac_cv_sizeof_long=8
ac_cv_sizeof_long_long=8
ac_cv_sizeof_short=2
ac_cv_sizeof_size_t=8
ac_cv_sizeof_wchar_t=4
ac_cv_struct_tm=time.h
ac_cv_sys_interpreter=yes
ac_cv_sys_largefile_opts='none needed'
ac_cv_sys_tiocgwinsz_in_sys_ioctl_h=yes
ac_cv_sys_tiocgwinsz_in_termios_h=no
ac_cv_type_bits16_t=no
ac_cv_type_bits32_t=no
ac_cv_type_bits64_t=no
ac_cv_type_getgroups=gid_t
ac_cv_type_gid_t=yes
ac_cv_type_intmax_t=yes
ac_cv_type_intptr_t=yes
ac_cv_type_long_double=yes
ac_cv_type_long_long_int=yes
ac_cv_type_mode_t=yes
ac_cv_type_off_t=yes
ac_cv_type_pid_t=yes
ac_cv_type_pthread_rwlock_t=yes
ac_cv_type_ptrdiff_t=yes
ac_cv_type_quad_t=yes
ac_cv_type_size_t=yes
ac_cv_type_ssize_t=yes
ac_cv_type_time_t=yes
ac_cv_type_u_bits16_t=no
ac_cv_type_u_bits32_t=no
ac_cv_type_uid_t=yes
ac_cv_type_uintmax_t=yes
ac_cv_type_uintptr_t=yes
ac_cv_type_unsigned_long_long_int=yes
ac_cv_typeof_struct_stat_st_atim_is_struct_timespec=yes
ac_cv_working_alloca_h=yes
acl_cv_hardcode_direct=no
acl_cv_hardcode_libdir_flag_spec='${wl}-rpath ${wl}$libdir'
acl_cv_hardcode_libdir_separator=
acl_cv_hardcode_minus_L=no
acl_cv_libdirstems=lib,lib,lib
acl_cv_libext=a
acl_cv_libname_spec='lib$name'
acl_cv_library_names_spec='$libname$shrext'
acl_cv_prog_gnu_ld=yes
acl_cv_rpath=done
acl_cv_shlibext=so
acl_cv_wl=-Wl,
am_cv_func_iconv=yes
am_cv_func_iconv_works=yes
am_cv_langinfo_codeset=yes
am_cv_lib_iconv=no
bash_cv_decl_under_sys_siglist=no
bash_cv_dev_fd=standard
bash_cv_dev_stdin=present
bash_cv_dup2_broken=no
bash_cv_fionread_in_ioctl=yes
bash_cv_fnmatch_equiv_fallback=no
bash_cv_fnmatch_equiv_value=0
bash_cv_func_sbrk=no
bash_cv_func_sigsetjmp=present
bash_cv_func_snprintf=yes
bash_cv_func_strchrnul_works=yes
bash_cv_func_strcoll_broken=no
bash_cv_func_vsnprintf=yes
bash_cv_getcwd_malloc=yes
bash_cv_getenv_redef=yes
bash_cv_getpw_declared=yes
bash_cv_have_strsignal=yes
bash_cv_job_control_missing=present
bash_cv_mail_dir=unknown
bash_cv_must_reinstall_sighandlers=no
bash_cv_opendir_not_robust=no
bash_cv_pgrp_pipe=no
bash_cv_posix_signals=yes
bash_cv_printf_a_format=yes
bash_cv_signal_vintage=posix
bash_cv_speed_t_in_sys_types=no
bash_cv_std_putenv=yes
bash_cv_std_unsetenv=yes
bash_cv_strtold_broken=no
bash_cv_struct_timeval=yes
bash_cv_struct_timezone=yes
bash_cv_struct_winsize_header=ioctl_h
bash_cv_struct_winsize_ioctl=yes
bash_cv_struct_winsize_termios=yes
bash_cv_sys_errlist=yes
bash_cv_sys_named_pipes=present
bash_cv_sys_siglist=no
bash_cv_sys_struct_timespec_in_time_h=yes
bash_cv_termcap_lib=gnutermcap
bash_cv_tiocstat_in_ioctl=no
bash_cv_type_clock_t=yes
bash_cv_type_rlimit=rlim_t
bash_cv_type_sigset_t=yes
bash_cv_type_socklen_t=yes
bash_cv_type_wchar_t=yes
bash_cv_type_wctype_t=yes
bash_cv_type_wint_t=yes
bash_cv_ulimit_maxfds=yes
bash_cv_under_sys_siglist=no
bash_cv_unusable_rtsigs=no
bash_cv_wcontinued_broken=no
bash_cv_wcwidth_broken=no
bash_cv_wexitstatus_offset=8
gl_cv_c_bool=yes
gl_cv_cc_vis_werror=yes
gl_cv_cc_visibility=yes
gl_cv_elf=yes
gl_cv_have_weak=yes
gl_cv_header_inttypes_h=yes
gl_cv_header_stdint_h=yes
gl_cv_header_working_fcntl_h=no
gl_cv_host_cpu_c_abi_32bit=no
gl_cv_iconv_nonconst=yes
gl_cv_pthread_rwlock_rdlock_prefer_writer=no
gl_cv_size_max=yes
gl_cv_struct_dirent_d_type=yes
gl_cv_type_wint_t_large_enough=yes
gt_cv_c_intmax_t=yes
gt_cv_c_wchar_t=yes
gt_cv_c_wint_t=yes
gt_cv_func_CFLocaleCopyPreferredLanguages=no
gt_cv_func_CFPreferencesCopyAppValue=no
gt_cv_func_gnugettext2_libc=yes
gt_cv_func_printf_posix=yes
gt_cv_func_uselocale_works=yes
gt_cv_int_divbyzero_sigfpe=yes
gt_cv_locale_fake=no
gt_cv_locale_solaris114=no
gt_cv_val_LC_MESSAGES=yes
nls_cv_force_use_gnu_gettext=no
nls_cv_use_gnu_gettext=no

## ----------------- ##
## Output variables. ##
## ----------------- ##

ALLOCA=''
AR='ar'
ARFLAGS='cr'
ARRAY_O='array.o'
BASHVERS='5.3'
BUILD_DIR='/home/samson/Projects/clojv3/store/tmp/sh-5.3/bash-5.3'
BUILD_INCLUDED_LIBINTL='yes'
CATOBJEXT='.gmo'
CC='x86_64-unknown-linux-musl-gcc'
CC_FOR_BUILD='$(CC)'
CFLAGS='-g -O2'
CFLAGS_FOR_BUILD='-g -O2'
CFLAG_VISIBILITY='-fvisibility=hidden'
CPP='x86_64-unknown-linux-musl-gcc -E'
CPPFLAGS='-I/home/samson/Projects/clojv3/./store/musl-1.2.6/include'
CPPFLAGS_FOR_BUILD='-I/home/samson/Projects/clojv3/./store/musl-1.2.6/include'
CROSS_COMPILE=''
DEBUG=''
DEBUGGER_START_FILE='${datadir}/bashdb/bashdb-main.inc'
DEFS='-DHAVE_CONFIG_H'
ECHO_C=''
ECHO_N='-n'
ECHO_T=''
ENHANCE_LOCALE_FUNCS='0'
EXEEXT=''
GETTEXT_MACRO_VERSION='0.20'
GLIBC2='no'
GMSGFMT=':'
GMSGFMT_015=':'
GNULIBHEADERS_OVERRIDE_WINT_T='0'
HAVE_ASPRINTF='1'
HAVE_DUPLOCALE='1'
HAVE_FREELOCALE='1'
HAVE_NEWLOCALE='1'
HAVE_POSIX_PRINTF='1'
HAVE_SNPRINTF='1'
HAVE_VISIBILITY='1'
HAVE_WPRINTF='1'
HELPDIR=''
HELPDIRDEFINE=''
HELPFILES_TARGET=''
HELPINSTALL=''
HELPSTRINGS=''
HISTORY_DEP='$(HISTORY_LIBRARY)'
HISTORY_LIB='-lhistory'
HIST_INCLUDEDIR='$(HIST_LIBDIR)'
HIST_LIBDIR='$(dot)/$(LIBSUBDIR)/readline'
INSTALL_DATA='${INSTALL} -m 644'
INSTALL_PROGRAM='${INSTALL}'
INSTALL_SCRIPT='${INSTALL}'
INSTALL_STRIP_PROGRAM='$(install_sh) -c -s'
INTLBISON=':'
INTLLIBS=''
INTL_DEFAULT_VERBOSITY='1'
INTL_DEP=''
INTL_INC=''
INTL_MACOSX_LIBS=''
JOBS_O='jobs.o'
LDFLAGS='-B/home/samson/Projects/clojv3/./store/musl-1.2.6/lib -L/home/samson/Projects/clojv3/./store/musl-1.2.6/lib -Wl,-rpath,/home/samson/Projects/clojv3/./store/musl-1.2.6/lib -Wl,-dynamic-linker,/home/samson/Projects/clojv3/./store/musl-1.2.6/lib/libc.so -L./lib/termcap'
LDFLAGS_FOR_BUILD='$(LDFLAGS)'
LIBICONV=''
LIBINTL=''
LIBINTL_H=''
LIBMULTITHREAD='-lpthread'
LIBOBJS=' ${LIBOBJDIR}mbschr$U.o'
LIBPMULTITHREAD='-lpthread'
LIBPTHREAD=''
LIBS='-ldl '
LIBSTDTHREAD=''
LIBS_FOR_BUILD='$(LIBS)'
LIBTHREAD=''
LIB_SCHED_YIELD=''
LOCALENAME_ENHANCE_LOCALE_FUNCS='0'
LOCAL_CFLAGS=''
LOCAL_DEFS='-DSHELL'
LOCAL_LDFLAGS='-rdynamic'
LOCAL_LIBS=''
LTLIBICONV=''
LTLIBINTL=''
LTLIBMULTITHREAD='-lpthread'
LTLIBOBJS=' ${LIBOBJDIR}mbschr$U.lo'
LTLIBTHREAD=''
MAKE_SHELL='/bin/sh'
MALLOC_DEBUG=''
MALLOC_DEP=''
MALLOC_LDFLAGS=''
MALLOC_LIB=''
MALLOC_LIBRARY=''
MALLOC_SRC=''
MALLOC_TARGET=''
MKDIR_P='/nix/store/xjl7p8dvyk2j53kqf7f43kdj4ypbxz7g-coreutils-9.11/bin/mkdir -p'
MSGFMT=':'
MSGMERGE=':'
MSGMERGE_FOR_MSGFMT_OPTION='--no-location --quiet'
OBJEXT='o'
PACKAGE_BUGREPORT='bug-bash@gnu.org'
PACKAGE_NAME='bash'
PACKAGE_STRING='bash 5.3-release'
PACKAGE_TARNAME='bash'
PACKAGE_URL=''
PACKAGE_VERSION='5.3-release'
PATH_SEPARATOR=':'
POSUB='po'
PROFILE_FLAGS=''
PTHREAD_H_DEFINES_STRUCT_TIMESPEC='0'
RANLIB='ranlib'
READLINE_DEP='$(READLINE_LIBRARY)'
READLINE_LIB='-lreadline'
RELSTATUS='release'
REPLACE_DUPLOCALE='0'
REPLACE_FREELOCALE='0'
REPLACE_LOCALECONV='0'
REPLACE_NEWLOCALE='0'
REPLACE_SETLOCALE='0'
REPLACE_STRUCT_LCONV='0'
RL_INCLUDE=''
RL_INCLUDEDIR='$(RL_LIBDIR)'
RL_LIBDIR='$(dot)/$(LIBSUBDIR)/readline'
RL_MAJOR=''
RL_MINOR=''
RL_VERSION=''
SED='/nix/store/qf2wzyq4irhgyhnq3s2hz0ldjq3w8a3x-gnused-4.10/bin/sed'
SET_MAKE=''
SHELL='/nix/store/svx59425zxp552p2b8gm11qj5r09b56i-bash-5.3p15/bin/bash'
SHOBJ_CC='x86_64-unknown-linux-musl-gcc'
SHOBJ_CFLAGS='-fPIC'
SHOBJ_LD='${CC}'
SHOBJ_LDFLAGS='-shared -Wl,-soname,$@'
SHOBJ_LIBS=''
SHOBJ_STATUS='supported'
SHOBJ_XLDFLAGS=''
SIGLIST_O=''
SIGNAMES_H='lsignames.h'
SIGNAMES_O=''
SIZE='size'
STATIC_LD=''
STDCKDINT_H=''
STRIP='strip'
STYLE_CFLAGS='-Wno-parentheses -Wno-format-security'
SYS_TIME_H_DEFINES_STRUCT_TIMESPEC='0'
TERMCAP_DEP='./lib/termcap/libtermcap.a'
TERMCAP_LIB='./lib/termcap/libtermcap.a'
TESTSCRIPT='run-all'
TILDE_LIB='-ltilde'
TIME_H_DEFINES_STRUCT_TIMESPEC='1'
USE_INCLUDED_LIBINTL='no'
USE_NLS='yes'
WINDRES=''
WOE32='no'
WOE32DLL='no'
XGETTEXT=':'
XGETTEXT_015=':'
XGETTEXT_EXTRA_OPTIONS=''
YACC='yacc'
YFLAGS=''
ac_ct_CC='x86_64-unknown-linux-musl-gcc'
bindir='${exec_prefix}/bin'
build='x86_64-pc-linux-musl'
build_alias=''
build_cpu='x86_64'
build_os='linux-musl'
build_vendor='pc'
datadir='${datarootdir}'
datarootdir='${prefix}/share'
docdir='${datarootdir}/doc/${PACKAGE_TARNAME}'
dvidir='${docdir}'
exec_prefix='${prefix}'
headersdir='$(includedir)/$(PACKAGE_NAME)'
host='x86_64-pc-linux-musl'
host_alias=''
host_cpu='x86_64'
host_os='linux-musl'
host_vendor='pc'
htmldir='${docdir}'
incdir=''
includedir='${prefix}/include'
infodir='${datarootdir}/info'
install_sh='${SHELL} /home/samson/Projects/clojv3/store/tmp/sh-5.3/bash-5.3/support/install-sh'
libdir='${exec_prefix}/lib'
libexecdir='${exec_prefix}/libexec'
loadablesdir='${libdir}/bash'
localedir='${datarootdir}/locale'
localstatedir='${prefix}/var'
mandir='${datarootdir}/man'
oldincludedir='/usr/include'
pdfdir='${docdir}'
prefix='/home/samson/Projects/clojv3/./store/sh-5.3'
program_transform_name='s,x,x,'
psdir='${docdir}'
runstatedir='${localstatedir}/run'
sbindir='${exec_prefix}/sbin'
sharedstatedir='${prefix}/com'
sysconfdir='${prefix}/etc'
target_alias=''

## ----------- ##
## confdefs.h. ##
## ----------- ##

/* confdefs.h */
#define PACKAGE_NAME "bash"
#define PACKAGE_TARNAME "bash"
#define PACKAGE_VERSION "5.3-release"
#define PACKAGE_STRING "bash 5.3-release"
#define PACKAGE_BUGREPORT "bug-bash@gnu.org"
#define PACKAGE_URL ""
#define ALIAS 1
#define PUSHD_AND_POPD 1
#define RESTRICTED_SHELL 1
#define PROCESS_SUBSTITUTION 1
#define PROMPT_STRING_DECODE 1
#define SELECT_COMMAND 1
#define HELP_BUILTIN 1
#define ARRAY_VARS 1
#define DPAREN_ARITHMETIC 1
#define BRACE_EXPANSION 1
#define COMMAND_TIMING 1
#define EXTENDED_GLOB 1
#define EXTGLOB_DEFAULT 0
#define COND_COMMAND 1
#define COND_REGEXP 1
#define COPROCESS_SUPPORT 1
#define ARITH_FOR_COMMAND 1
#define NETWORK_REDIRECTIONS 1
#define PROGRAMMABLE_COMPLETION 1
#define DEBUGGER 1
#define CASEMOD_ATTRS 1
#define CASEMOD_EXPANSIONS 1
#define GLOBASCII_DEFAULT 1
#define FUNCTION_IMPORT 1
#define TRANSLATABLE_STRINGS 1
#define BASH_SOURCE_FULLPATH_DEFAULT 0
#define MEMSCRAMBLE 1
#define HAVE_STDIO_H 1
#define HAVE_STDLIB_H 1
#define HAVE_STRING_H 1
#define HAVE_INTTYPES_H 1
#define HAVE_STDINT_H 1
#define HAVE_STRINGS_H 1
#define HAVE_SYS_STAT_H 1
#define HAVE_SYS_TYPES_H 1
#define HAVE_UNISTD_H 1
#define HAVE_WCHAR_H 1
#define HAVE_STDBOOL_H 1
#define HAVE_SYS_PARAM_H 1
#define HAVE_THREADS_H 1
#define HAVE_SYS_TIME_H 1
#define STDC_HEADERS 1
#define _ALL_SOURCE 1
#define _DARWIN_C_SOURCE 1
#define _GNU_SOURCE 1
#define _HPUX_ALT_XOPEN_SOCKET_API 1
#define _NETBSD_SOURCE 1
#define _OPENBSD_SOURCE 1
#define _POSIX_PTHREAD_SEMANTICS 1
#define __STDC_WANT_IEC_60559_ATTRIBS_EXT__ 1
#define __STDC_WANT_IEC_60559_BFP_EXT__ 1
#define __STDC_WANT_IEC_60559_DFP_EXT__ 1
#define __STDC_WANT_IEC_60559_EXT__ 1
#define __STDC_WANT_IEC_60559_FUNCS_EXT__ 1
#define __STDC_WANT_IEC_60559_TYPES_EXT__ 1
#define __STDC_WANT_LIB_EXT2__ 1
#define __STDC_WANT_MATH_SPEC_FUNCS__ 1
#define _TANDEM_SOURCE 1
#define __EXTENSIONS__ 1
#define READLINE 1
#define HISTORY 1
#define BANG_HISTORY 1
#define HAVE_STRINGIZE 1
#define HAVE_LONG_DOUBLE 1
#define restrict __restrict__
#define HAVE_C_BOOL 1
#define HAVE_VISIBILITY 1
#define HAVE_STDINT_H_WITH_UINTMAX 1
#define HAVE_ALLOCA_H 1
#define HAVE_ALLOCA 1
#define HAVE_GETPAGESIZE 1
#define HAVE_SYMLINK 1
#define HAVE_USELOCALE 1
#define HAVE_VPRINTF 1
#define HAVE_ALARM 1
#define HAVE_FPURGE 1
#define HAVE___FPURGE 1
#define HAVE_SNPRINTF 1
#define HAVE_VSNPRINTF 1
#define HAVE_MMAP 1
#define INTDIV0_RAISES_SIGFPE 1
#define HAVE_INTTYPES_H_WITH_UINTMAX 1
#define HAVE_UNSIGNED_LONG_LONG_INT 1
#define HAVE_UINTMAX_T 1
#define HAVE_WEAK_SYMBOLS 1
#define HAVE_PTHREAD_API 1
#define USE_POSIX_THREADS 1
#define USE_POSIX_THREADS_WEAK 1
#define HAVE_PTHREAD_RWLOCK 1
#define HAVE_PTHREAD_MUTEX_RECURSIVE 1
#define HAVE_ICONV 1
#define ICONV_CONST 
#define HAVE_BUILTIN_EXPECT 1
#define HAVE_INTTYPES_H 1
#define HAVE_UNISTD_H 1
#define HAVE_SYS_PARAM_H 1
#define HAVE_GETCWD 1
#define HAVE_GETEGID 1
#define HAVE_GETEUID 1
#define HAVE_GETGID 1
#define HAVE_GETUID 1
#define HAVE_MEMPCPY 1
#define HAVE_MUNMAP 1
#define HAVE_STPCPY 1
#define HAVE_STRCASECMP 1
#define HAVE_TSEARCH 1
#define HAVE___FSETLOCKING 1
#define HAVE_DECL_FEOF_UNLOCKED 1
#define HAVE_DECL_FGETS_UNLOCKED 1
#define HAVE_LOCALECONV 1
#define HAVE_LONG_LONG_INT 1
#define HAVE_WCHAR_T 1
#define HAVE_WINT_T 1
#define HAVE_INTMAX_T 1
#define HAVE_POSIX_PRINTF 1
#define HAVE_STDINT_H 1
#define HAVE_STDINT_H 1
#define HAVE_WORKING_O_NOATIME 0
#define HAVE_WORKING_O_NOFOLLOW 0
#define HAVE_WORKING_USELOCALE 1
#define HAVE_GOOD_USELOCALE 1
#define FLEXIBLE_ARRAY_MEMBER /**/
#define HAVE_FEATURES_H 1
#define HAVE_STDDEF_H 1
#define HAVE_STDLIB_H 1
#define HAVE_STRING_H 1
#define HAVE_ASPRINTF 1
#define HAVE_WPRINTF 1
#define HAVE_NEWLOCALE 1
#define HAVE_PUTENV 1
#define HAVE_SETENV 1
#define HAVE_SNPRINTF 1
#define HAVE_STRNLEN 1
#define HAVE_USELOCALE 1
#define HAVE_WCSLEN 1
#define HAVE_WCSNLEN 1
#define HAVE_MBRTOWC 1
#define HAVE_WCRTOMB 1
#define HAVE_DECL__SNPRINTF 0
#define HAVE_DECL__SNWPRINTF 0
#define HAVE_DECL_GETC_UNLOCKED 1
#define HAVE_NL_LANGINFO 1
#define HAVE_LANGINFO_CODESET 1
#define HAVE_LC_MESSAGES 1
#define ENABLE_NLS 1
#define HAVE_GETTEXT 1
#define HAVE_DCGETTEXT 1
#define HAVE_DIRENT_H 1
#define MAJOR_IN_SYSMACROS 1
#define HAVE_INTTYPES_H 1
#define HAVE_UNISTD_H 1
#define HAVE_STDLIB_H 1
#define HAVE_LIMITS_H 1
#define HAVE_STRING_H 1
#define HAVE_MEMORY_H 1
#define HAVE_LOCALE_H 1
#define HAVE_TERMIOS_H 1
#define HAVE_DLFCN_H 1
#define HAVE_STDDEF_H 1
#define HAVE_STDINT_H 1
#define HAVE_NETDB_H 1
#define HAVE_PWD_H 1
#define HAVE_GRP_H 1
#define HAVE_STRINGS_H 1
#define HAVE_STDCKDINT_H 1
#define HAVE_REGEX_H 1
#define HAVE_SYSLOG_H 1
#define HAVE_ULIMIT_H 1
#define HAVE_SYS_SELECT_H 1
#define HAVE_SYS_FILE_H 1
#define HAVE_SYS_IOCTL_H 1
#define HAVE_SYS_MMAN_H 1
#define HAVE_SYS_PARAM_H 1
#define HAVE_SYS_RANDOM_H 1
#define HAVE_SYS_SOCKET_H 1
#define HAVE_SYS_STAT_H 1
#define HAVE_SYS_TIME_H 1
#define HAVE_SYS_TIMES_H 1
#define HAVE_SYS_TYPES_H 1
#define HAVE_SYS_WAIT_H 1
#define HAVE_NETINET_IN_H 1
#define HAVE_ARPA_INET_H 1
#define HAVE_SYS_RESOURCE_H 1
#define HAVE_ALLOCA_H 1
#define HAVE_ALLOCA 1
#define HAVE_CHOWN 1
#define GETPGRP_VOID 1
#define HAVE_STRCOLL 1
#define HAVE_WAIT3 1
#define HAVE_MKFIFO 1
#define HAVE_DUP2 1
#define HAVE_EACCESS 1
#define HAVE_FCNTL 1
#define HAVE_GETDTABLESIZE 1
#define HAVE_GETENTROPY 1
#define HAVE_GETGROUPS 1
#define HAVE_GETHOSTNAME 1
#define HAVE_GETPAGESIZE 1
#define HAVE_GETPEERNAME 1
#define HAVE_GETRANDOM 1
#define HAVE_GETRLIMIT 1
#define HAVE_GETRUSAGE 1
#define HAVE_GETTIMEOFDAY 1
#define HAVE_KILL 1
#define HAVE_KILLPG 1
#define HAVE_LSTAT 1
#define HAVE_NANOSLEEP 1
#define HAVE_PSELECT 1
#define HAVE_READLINK 1
#define HAVE_SELECT 1
#define HAVE_SETITIMER 1
#define HAVE_STATFS 1
#define HAVE_TCGETPGRP 1
#define HAVE_UNAME 1
#define HAVE_ULIMIT 1
#define HAVE_WAITPID 1
#define HAVE_RENAME 1
#define HAVE_BCOPY 1
#define HAVE_BZERO 1
#define HAVE_CLOCK_GETTIME 1
#define HAVE_CONFSTR 1
#define HAVE_FACCESSAT 1
#define HAVE_FNMATCH 1
#define HAVE_GETADDRINFO 1
#define HAVE_GETHOSTBYNAME 1
#define HAVE_GETSERVBYNAME 1
#define HAVE_GETSERVENT 1
#define HAVE_INET_ATON 1
#define HAVE_IMAXDIV 1
#define HAVE_MEMMOVE 1
#define HAVE_PATHCONF 1
#define HAVE_PUTENV 1
#define HAVE_RAISE 1
#define HAVE_RANDOM 1
#define HAVE_REGCOMP 1
#define HAVE_REGEXEC 1
#define HAVE_SETENV 1
#define HAVE_SETLINEBUF 1
#define HAVE_SETLOCALE 1
#define HAVE_SETVBUF 1
#define HAVE_SIGINTERRUPT 1
#define HAVE_STRCHR 1
#define HAVE_SYSCONF 1
#define HAVE_SYSLOG 1
#define HAVE_TCGETATTR 1
#define HAVE_TCGETWINSIZE 1
#define HAVE_TCSETWINSIZE 1
#define HAVE_TIMES 1
#define HAVE_TTYNAME 1
#define HAVE_TZSET 1
#define HAVE_UNSETENV 1
#define HAVE_VASPRINTF 1
#define HAVE_ASPRINTF 1
#define HAVE_ISASCII 1
#define HAVE_ISBLANK 1
#define HAVE_ISGRAPH 1
#define HAVE_ISPRINT 1
#define HAVE_ISSPACE 1
#define HAVE_ISXDIGIT 1
#define HAVE_GETPWENT 1
#define HAVE_GETPWNAM 1
#define HAVE_GETPWUID 1
#define HAVE_MKSTEMP 1
#define HAVE_MKDTEMP 1
#define HAVE_STRLCAT 1
#define HAVE_MEMFD_CREATE 1
#define HAVE_SHM_OPEN 1
#define HAVE_GETCWD 1
#define HAVE_MEMSET 1
#define HAVE_STRCASECMP 1
#define HAVE_STRCASESTR 1
#define HAVE_STRERROR 1
#define HAVE_STRFTIME 1
#define HAVE_STRNLEN 1
#define HAVE_STRPBRK 1
#define HAVE_STRSTR 1
#define HAVE_STRTOD 1
#define HAVE_STRTOL 1
#define HAVE_STRTOUL 1
#define HAVE_STRTOLL 1
#define HAVE_STRTOULL 1
#define HAVE_STRTOUMAX 1
#define HAVE_DPRINTF 1
#define HAVE_STRDUP 1
#define HAVE_STRLCPY 1
#define HAVE_REALLOCARRAY 1
#define HAVE_DECL_AUDIT_USER_TTY 1
#define HAVE_DECL_CONFSTR 1
#define HAVE_DECL_PRINTF 1
#define HAVE_DECL_BRK 1
#define HAVE_DECL_SBRK 1
#define HAVE_DECL_SETREGID 1
#define HAVE_DECL_STRCPY 1
#define HAVE_DECL_STRSIGNAL 1
#define HAVE_SETRESUID 1
#define HAVE_SETRESGID 1
#define HAVE_DECL_STRTOLD 1
#define HAVE_DECL_STRTOL 1
#define HAVE_DECL_STRTOLL 1
#define HAVE_DECL_STRTOUL 1
#define HAVE_DECL_STRTOULL 1
#define HAVE_DECL_STRTOUMAX 1
#define HAVE_ERRNO_H 1
#define HAVE_FCNTL_H 1
#define HAVE_MALLOC_H 1
#define HAVE_STDIO_EXT_H 1
#define HAVE_MALLOC 1
#define HAVE_MMAP 1
#define HAVE_DCGETTEXT 1
#define HAVE_MEMPCPY 1
#define HAVE_MUNMAP 1
#define HAVE_MREMAP 1
#define HAVE_STPCPY 1
#define HAVE_STRCSPN 1
#define HAVE_WCTYPE_H 1
#define HAVE_WCHAR_H 1
#define HAVE_LANGINFO_H 1
#define HAVE_MBRLEN 1
#define HAVE_MBSNRTOWCS 1
#define HAVE_MBSRTOWCS 1
#define HAVE_WCRTOMB 1
#define HAVE_WCSCOLL 1
#define HAVE_WCSDUP 1
#define HAVE_WCWIDTH 1
#define HAVE_WCTYPE 1
#define HAVE_WCSNRTOMBS 1
#define HAVE_WCSWIDTH 1
#define HAVE_MBRTOWC 1
#define HAVE_MBSTATE_T 1
#define HAVE_ISWLOWER 1
#define HAVE_ISWUPPER 1
#define HAVE_TOWLOWER 1
#define HAVE_TOWUPPER 1
#define HAVE_ISWCTYPE 1
#define HAVE_WCHAR_T 1
#define HAVE_WCTYPE_T 1
#define HAVE_WINT_T 1
#define SIZEOF_WCHAR_T 4
#define HAVE_LIBDL 1
#define HAVE_DLOPEN 1
#define HAVE_DLCLOSE 1
#define HAVE_DLSYM 1
#define GETGROUPS_T gid_t
#define HAVE_INTPTR_T 1
#define HAVE_UINTPTR_T 1
#define HAVE_LONG_LONG_INT 1
#define HAVE_UNSIGNED_LONG_LONG_INT 1
#define SIZEOF_CHAR 1
#define SIZEOF_SHORT 2
#define SIZEOF_INT 4
#define SIZEOF_LONG 8
#define SIZEOF_CHAR_P 8
#define SIZEOF_SIZE_T 8
#define SIZEOF_DOUBLE 8
#define SIZEOF_LONG_LONG 8
#define bits16_t short
#define u_bits16_t unsigned short
#define bits32_t int
#define u_bits32_t unsigned int
#define bits64_t char *
#define HAVE_HASH_BANG_EXEC 1
#define HAVE_POSIX_SIGNALS 1
#define HAVE_SYS_ERRLIST 1
#define HAVE_DECL_SYS_SIGLIST 0
#define HAVE_SOCKLEN_T 1
#define HAVE_QUAD_T 1
#define RLIMTYPE rlim_t
#define HAVE_INTMAX_T 1
#define HAVE_UINTMAX_T 1
#define SIZEOF_INTMAX_T 8
#define TERMIOS_LDISC 1
#define HAVE_STRUCT_DIRENT_D_INO 1
#define HAVE_STRUCT_DIRENT_D_FILENO 1
#define HAVE_STRUCT_DIRENT_D_TYPE 1
#define STRUCT_WINSIZE_IN_SYS_IOCTL 1
#define HAVE_TIMEVAL 1
#define HAVE_STRUCT_STAT_ST_BLOCKS 1
#define HAVE_STRUCT_TM_TM_ZONE 1
#define HAVE_TM_ZONE 1
#define HAVE_STRUCT_TIMEZONE 1
#define WEXITSTATUS_OFFSET 8
#define HAVE_STRUCT_TIMESPEC 1
#define TIME_H_DEFINES_STRUCT_TIMESPEC 1
#define HAVE_STRUCT_STAT_ST_ATIM_TV_NSEC 1
#define TYPEOF_STRUCT_STAT_ST_ATIM_IS_STRUCT_TIMESPEC 1
#define HAVE_STRSIGNAL 1
#define ULIMIT_MAXFDS 1
#define HAVE_DECL_FPURGE 0
#define CAN_REDEFINE_GETENV 1
#define HAVE_GETCWD 1
#define HAVE_POSIX_SIGSETJMP 1
#define HAVE_STRTOIMAX 1
#define HAVE_DECL_STRTOIMAX 1
#define HAVE_DECL_CLEARERR_UNLOCKED 1
#define HAVE_DECL_FEOF_UNLOCKED 1
#define HAVE_DECL_FERROR_UNLOCKED 1
#define HAVE_DECL_FFLUSH_UNLOCKED 1
#define HAVE_DECL_FGETS_UNLOCKED 1
#define HAVE_DECL_FPUTC_UNLOCKED 1
#define HAVE_DECL_FPUTS_UNLOCKED 1
#define HAVE_DECL_FREAD_UNLOCKED 1
#define HAVE_DECL_FWRITE_UNLOCKED 1
#define HAVE_DECL_GETC_UNLOCKED 1
#define HAVE_DECL_GETCHAR_UNLOCKED 1
#define HAVE_DECL_PUTC_UNLOCKED 1
#define HAVE_DECL_PUTCHAR_UNLOCKED 1
#define HAVE_STD_PUTENV 1
#define HAVE_STD_UNSETENV 1
#define HAVE_PRINTF_A_FORMAT 1
#define FNMATCH_EQUIV_FALLBACK 0
#define GWINSZ_IN_SYS_IOCTL 1
#define FIONREAD_IN_SYS_IOCTL 1
#define HAVE_GETPW_DECLS 1
#define HAVE_DEV_FD 1
#define DEV_FD_PREFIX "/dev/fd/"
#define HAVE_DEV_STDIN 1
#define DEFAULT_MAIL_DIRECTORY "unknown"
#define JOB_CONTROL 1
#define PGRP_PIPE 1

configure: exit 0
