  GEN      lib/alloca.h
  GEN      lib/arpa/inet.h
  GEN      lib/ctype.h
  GEN      lib/configmake.h
  GEN      lib/dirent.h
  GEN      lib/error.h
  GEN      lib/fcntl.h
  GEN      lib/fnmatch.h
  GEN      lib/getopt.h
  GEN      lib/getopt-cdefs.h
  GEN      lib/malloc/dynarray.gl.h
  GEN      lib/malloc/dynarray-skeleton.gl.h
  GEN      lib/malloc/scratch_buffer.gl.h
  GEN      lib/iconv.h
  GEN      lib/inttypes.h
/nix/store/xjl7p8dvyk2j53kqf7f43kdj4ypbxz7g-coreutils-9.11/bin/mkdir -p 'lib'
  GEN      lib/langinfo.h
  GEN      lib/limits.h
echo '#include "mini-gmp.h"' > lib/gmp.h-t
  GEN      lib/locale.h
mv lib/gmp.h-t lib/gmp.h
  GEN      lib/math.h
  GEN      lib/netdb.h
  GEN      lib/obstack.h
  GEN      lib/pthread.h
  GEN      lib/sched.h
  GEN      lib/selinux/selinux.h
  GEN      lib/selinux/context.h
  GEN      lib/selinux/label.h
  GEN      lib/signal.h
  GEN      lib/stddef.h
  GEN      lib/stdint.h
  GEN      lib/stdio.h
  GEN      lib/stdlib.h
  GEN      lib/string.h
  GEN      lib/sys/ioctl.h
  GEN      lib/sys/random.h
  GEN      lib/sys/resource.h
  GEN      lib/sys/select.h
  GEN      lib/sys/socket.h
  GEN      lib/sys/stat.h
  GEN      lib/sys/time.h
  GEN      lib/sys/types.h
  GEN      lib/sys/uio.h
  GEN      lib/sys/utsname.h
  GEN      lib/sys/wait.h
  GEN      lib/termios.h
  GEN      lib/time.h
  GEN      lib/uchar.h
  GEN      lib/unicase.h
  GEN      lib/unictype.h
  GEN      lib/uninorm.h
  GEN      lib/unistd.h
  GEN      lib/unistr.h
  GEN      lib/unitypes.h
  GEN      lib/uniwidth.h
  GEN      lib/utime.h
  GEN      lib/wchar.h
  GEN      lib/wctype.h
  GEN      src/coreutils.h
  GEN      src/version.c
  GEN      src/version.h
make  all-recursive
make[1]: Entering directory '/home/samson/Projects/clojv3/store/tmp/coreutils-9.5/coreutils-9.5'
Making all in po
make[2]: Entering directory '/home/samson/Projects/clojv3/store/tmp/coreutils-9.5/coreutils-9.5/po'
make[2]: Nothing to be done for 'all'.
make[2]: Leaving directory '/home/samson/Projects/clojv3/store/tmp/coreutils-9.5/coreutils-9.5/po'
Making all in .
make[2]: Entering directory '/home/samson/Projects/clojv3/store/tmp/coreutils-9.5/coreutils-9.5'
  CC       lib/libcoreutils_a-long-options.o
  CC       lib/libcoreutils_a-malloca.o
  CC       lib/libcoreutils_a-math.o
  CC       lib/libcoreutils_a-mbscasecmp.o
  CC       lib/libcoreutils_a-mbschr.o
  CC       lib/libcoreutils_a-mbslen.o
  CC       lib/libcoreutils_a-mbsrtoc32s.o
  CC       lib/libcoreutils_a-mbswidth.o
  CC       lib/libcoreutils_a-mbszero.o
  CC       lib/libcoreutils_a-mcel.o
  CC       lib/libcoreutils_a-memcasecmp.o
  CC       lib/libcoreutils_a-memchr2.o
In file included from ./lib/getopt-cdefs.h:32,
                 from ./lib/unistd.h:692,
                 from ./lib/stdlib.h:105,
                 from lib/malloca.h:29,
                 from lib/malloca.c:22:
/nix/store/yzx98qlav3kgw6a9pkjpz13p1v280vyk-x86_64-unknown-linux-musl-gcc-15.3.0/x86_64-unknown-linux-musl/sys-include/sys/cdefs.h:1:2: warning: #warning usage of non-standard #include <sys/cdefs.h> is deprecated [-Wcpp]
    1 | #warning usage of non-standard #include <sys/cdefs.h> is deprecated
      |  ^~~~~~~
In file included from ./lib/getopt-cdefs.h:32,
                 from ./lib/unistd.h:692,
                 from ./lib/stdlib.h:105,
                 from lib/long-options.c:28:
/nix/store/yzx98qlav3kgw6a9pkjpz13p1v280vyk-x86_64-unknown-linux-musl-gcc-15.3.0/x86_64-unknown-linux-musl/sys-include/sys/cdefs.h:1:2: warning: #warning usage of non-standard #include <sys/cdefs.h> is deprecated [-Wcpp]
    1 | #warning usage of non-standard #include <sys/cdefs.h> is deprecated
      |  ^~~~~~~
In file included from ./lib/getopt-cdefs.h:32,
                 from ./lib/unistd.h:692,
                 from ./lib/stdlib.h:105,
                 from lib/mbschr.c:23:
/nix/store/yzx98qlav3kgw6a9pkjpz13p1v280vyk-x86_64-unknown-linux-musl-gcc-15.3.0/x86_64-unknown-linux-musl/sys-include/sys/cdefs.h:1:2: warning: #warning usage of non-standard #include <sys/cdefs.h> is deprecated [-Wcpp]
    1 | #warning usage of non-standard #include <sys/cdefs.h> is deprecated
      |  ^~~~~~~
In file included from ./lib/getopt-cdefs.h:32,
                 from ./lib/unistd.h:692,
                 from ./lib/stdlib.h:105,
                 from lib/mbscasecmp.c:26:
/nix/store/yzx98qlav3kgw6a9pkjpz13p1v280vyk-x86_64-unknown-linux-musl-gcc-15.3.0/x86_64-unknown-linux-musl/sys-include/sys/cdefs.h:1:2: warning: #warning usage of non-standard #include <sys/cdefs.h> is deprecated [-Wcpp]
    1 | #warning usage of non-standard #include <sys/cdefs.h> is deprecated
      |  ^~~~~~~
In file included from ./lib/getopt-cdefs.h:32,
                 from ./lib/unistd.h:692,
                 from ./lib/stdlib.h:105,
                 from lib/mbslen.c:23:
/nix/store/yzx98qlav3kgw6a9pkjpz13p1v280vyk-x86_64-unknown-linux-musl-gcc-15.3.0/x86_64-unknown-linux-musl/sys-include/sys/cdefs.h:1:2: warning: #warning usage of non-standard #include <sys/cdefs.h> is deprecated [-Wcpp]
    1 | #warning usage of non-standard #include <sys/cdefs.h> is deprecated
      |  ^~~~~~~
In file included from ./lib/getopt-cdefs.h:32,
                 from ./lib/unistd.h:692,
                 from ./lib/stdlib.h:105,
                 from lib/mbswidth.c:25:
/nix/store/yzx98qlav3kgw6a9pkjpz13p1v280vyk-x86_64-unknown-linux-musl-gcc-15.3.0/x86_64-unknown-linux-musl/sys-include/sys/cdefs.h:1:2: warning: #warning usage of non-standard #include <sys/cdefs.h> is deprecated [-Wcpp]
    1 | #warning usage of non-standard #include <sys/cdefs.h> is deprecated
      |  ^~~~~~~
  CC       lib/libcoreutils_a-memcmp2.o
  CC       lib/libcoreutils_a-memcoll.o
  CC       lib/libcoreutils_a-memset_explicit.o
  CC       lib/libcoreutils_a-mgetgroups.o
  CC       lib/libcoreutils_a-mkancesdirs.o
  CC       lib/libcoreutils_a-dirchownmod.o
  CC       lib/libcoreutils_a-modechange.o
  CC       lib/libcoreutils_a-mkdir-p.o
  CC       lib/libcoreutils_a-mountlist.o
  CC       lib/libcoreutils_a-mpsort.o
  CC       lib/libcoreutils_a-nanosleep.o
  CC       lib/libcoreutils_a-nl_langinfo.o
In file included from ./lib/getopt-cdefs.h:32,
                 from ./lib/unistd.h:692,
                 from ./lib/stdlib.h:105,
                 from lib/mgetgroups.c:24:
/nix/store/yzx98qlav3kgw6a9pkjpz13p1v280vyk-x86_64-unknown-linux-musl-gcc-15.3.0/x86_64-unknown-linux-musl/sys-include/sys/cdefs.h:1:2: warning: #warning usage of non-standard #include <sys/cdefs.h> is deprecated [-Wcpp]
    1 | #warning usage of non-standard #include <sys/cdefs.h> is deprecated
      |  ^~~~~~~
In file included from ./lib/getopt-cdefs.h:32,
                 from ./lib/unistd.h:692,
                 from ./lib/stdlib.h:105,
                 from lib/memcoll.c:26:
/nix/store/yzx98qlav3kgw6a9pkjpz13p1v280vyk-x86_64-unknown-linux-musl-gcc-15.3.0/x86_64-unknown-linux-musl/sys-include/sys/cdefs.h:1:2: warning: #warning usage of non-standard #include <sys/cdefs.h> is deprecated [-Wcpp]
    1 | #warning usage of non-standard #include <sys/cdefs.h> is deprecated
      |  ^~~~~~~
In file included from ./lib/getopt-cdefs.h:32,
                 from ./lib/unistd.h:692,
                 from ./lib/fcntl.h:84,
                 from lib/mkancesdirs.c:26:
/nix/store/yzx98qlav3kgw6a9pkjpz13p1v280vyk-x86_64-unknown-linux-musl-gcc-15.3.0/x86_64-unknown-linux-musl/sys-include/sys/cdefs.h:1:2: warning: #warning usage of non-standard #include <sys/cdefs.h> is deprecated [-Wcpp]
    1 | #warning usage of non-standard #include <sys/cdefs.h> is deprecated
      |  ^~~~~~~
In file included from ./lib/getopt-cdefs.h:32,
                 from ./lib/unistd.h:692,
                 from lib/mkdir-p.c:27:
/nix/store/yzx98qlav3kgw6a9pkjpz13p1v280vyk-x86_64-unknown-linux-musl-gcc-15.3.0/x86_64-unknown-linux-musl/sys-include/sys/cdefs.h:1:2: warning: #warning usage of non-standard #include <sys/cdefs.h> is deprecated [-Wcpp]
    1 | #warning usage of non-standard #include <sys/cdefs.h> is deprecated
      |  ^~~~~~~
In file included from ./lib/getopt-cdefs.h:32,
                 from ./lib/unistd.h:692,
                 from ./lib/stdlib.h:105,
                 from lib/nl_langinfo.c:24:
/nix/store/yzx98qlav3kgw6a9pkjpz13p1v280vyk-x86_64-unknown-linux-musl-gcc-15.3.0/x86_64-unknown-linux-musl/sys-include/sys/cdefs.h:1:2: warning: #warning usage of non-standard #include <sys/cdefs.h> is deprecated [-Wcpp]
    1 | #warning usage of non-standard #include <sys/cdefs.h> is deprecated
      |  ^~~~~~~
In file included from ./lib/getopt-cdefs.h:32,
                 from ./lib/unistd.h:692,
                 from ./lib/stdlib.h:105,
                 from lib/modechange.h:27,
                 from lib/modechange.c:30:
/nix/store/yzx98qlav3kgw6a9pkjpz13p1v280vyk-x86_64-unknown-linux-musl-gcc-15.3.0/x86_64-unknown-linux-musl/sys-include/sys/cdefs.h:1:2: warning: #warning usage of non-standard #include <sys/cdefs.h> is deprecated [-Wcpp]
    1 | #warning usage of non-standard #include <sys/cdefs.h> is deprecated
      |  ^~~~~~~
  CC       lib/libcoreutils_a-nproc.o
In file included from ./lib/getopt-cdefs.h:32,
                 from ./lib/unistd.h:692,
                 from ./lib/stdlib.h:105,
                 from lib/mountlist.c:24:
/nix/store/yzx98qlav3kgw6a9pkjpz13p1v280vyk-x86_64-unknown-linux-musl-gcc-15.3.0/x86_64-unknown-linux-musl/sys-include/sys/cdefs.h:1:2: warning: #warning usage of non-standard #include <sys/cdefs.h> is deprecated [-Wcpp]
    1 | #warning usage of non-standard #include <sys/cdefs.h> is deprecated
      |  ^~~~~~~
  CC       lib/libcoreutils_a-nstrftime.o
In file included from ./lib/getopt-cdefs.h:32,
                 from ./lib/unistd.h:692,
                 from lib/dirchownmod.c:27:
/nix/store/yzx98qlav3kgw6a9pkjpz13p1v280vyk-x86_64-unknown-linux-musl-gcc-15.3.0/x86_64-unknown-linux-musl/sys-include/sys/cdefs.h:1:2: warning: #warning usage of non-standard #include <sys/cdefs.h> is deprecated [-Wcpp]
    1 | #warning usage of non-standard #include <sys/cdefs.h> is deprecated
      |  ^~~~~~~
In file included from ./lib/getopt-cdefs.h:32,
                 from ./lib/unistd.h:692,
                 from lib/nanosleep.c:34:
/nix/store/yzx98qlav3kgw6a9pkjpz13p1v280vyk-x86_64-unknown-linux-musl-gcc-15.3.0/x86_64-unknown-linux-musl/sys-include/sys/cdefs.h:1:2: warning: #warning usage of non-standard #include <sys/cdefs.h> is deprecated [-Wcpp]
    1 | #warning usage of non-standard #include <sys/cdefs.h> is deprecated
      |  ^~~~~~~
  CC       lib/libcoreutils_a-obstack.o
In file included from ./lib/getopt-cdefs.h:32,
                 from ./lib/unistd.h:692,
                 from ./lib/stdlib.h:105,
                 from lib/nproc.c:24:
/nix/store/yzx98qlav3kgw6a9pkjpz13p1v280vyk-x86_64-unknown-linux-musl-gcc-15.3.0/x86_64-unknown-linux-musl/sys-include/sys/cdefs.h:1:2: warning: #warning usage of non-standard #include <sys/cdefs.h> is deprecated [-Wcpp]
    1 | #warning usage of non-standard #include <sys/cdefs.h> is deprecated
      |  ^~~~~~~
In file included from ./lib/sched.h:35,
                 from lib/nproc.c:32:
/nix/store/yzx98qlav3kgw6a9pkjpz13p1v280vyk-x86_64-unknown-linux-musl-gcc-15.3.0/x86_64-unknown-linux-musl/sys-include/sys/cdefs.h:1:2: warning: #warning usage of non-standard #include <sys/cdefs.h> is deprecated [-Wcpp]
    1 | #warning usage of non-standard #include <sys/cdefs.h> is deprecated
      |  ^~~~~~~
  CC       lib/libcoreutils_a-openat-die.o
In file included from ./lib/getopt-cdefs.h:32,
                 from ./lib/unistd.h:692,
                 from ./lib/stdlib.h:105,
                 from lib/strftime.c:92,
                 from lib/nstrftime.c:19:
/nix/store/yzx98qlav3kgw6a9pkjpz13p1v280vyk-x86_64-unknown-linux-musl-gcc-15.3.0/x86_64-unknown-linux-musl/sys-include/sys/cdefs.h:1:2: warning: #warning usage of non-standard #include <sys/cdefs.h> is deprecated [-Wcpp]
    1 | #warning usage of non-standard #include <sys/cdefs.h> is deprecated
      |  ^~~~~~~
  CC       lib/libcoreutils_a-openat-safer.o
  CC       lib/libcoreutils_a-opendirat.o
  CC       lib/libcoreutils_a-parse-datetime.o
In file included from ./lib/getopt-cdefs.h:32,
                 from ./lib/unistd.h:692,
                 from ./lib/stdlib.h:105,
                 from lib/obstack.c:37:
/nix/store/yzx98qlav3kgw6a9pkjpz13p1v280vyk-x86_64-unknown-linux-musl-gcc-15.3.0/x86_64-unknown-linux-musl/sys-include/sys/cdefs.h:1:2: warning: #warning usage of non-standard #include <sys/cdefs.h> is deprecated [-Wcpp]
    1 | #warning usage of non-standard #include <sys/cdefs.h> is deprecated
      |  ^~~~~~~
In file included from ./lib/getopt-cdefs.h:32,
                 from ./lib/unistd.h:692,
                 from ./lib/fcntl.h:84,
                 from lib/openat.h:28,
                 from lib/openat-die.c:20:
/nix/store/yzx98qlav3kgw6a9pkjpz13p1v280vyk-x86_64-unknown-linux-musl-gcc-15.3.0/x86_64-unknown-linux-musl/sys-include/sys/cdefs.h:1:2: warning: #warning usage of non-standard #include <sys/cdefs.h> is deprecated [-Wcpp]
    1 | #warning usage of non-standard #include <sys/cdefs.h> is deprecated
      |  ^~~~~~~
  CC       lib/libcoreutils_a-physmem.o
  CC       lib/libcoreutils_a-posixtm.o
  CC       lib/libcoreutils_a-pipe2.o
In file included from ./lib/getopt-cdefs.h:32,
                 from ./lib/unistd.h:692,
                 from ./lib/fcntl.h:84,
                 from lib/openat-safer.c:24:
/nix/store/yzx98qlav3kgw6a9pkjpz13p1v280vyk-x86_64-unknown-linux-musl-gcc-15.3.0/x86_64-unknown-linux-musl/sys-include/sys/cdefs.h:1:2: warning: #warning usage of non-standard #include <sys/cdefs.h> is deprecated [-Wcpp]
    1 | #warning usage of non-standard #include <sys/cdefs.h> is deprecated
      |  ^~~~~~~
In file included from ./lib/getopt-cdefs.h:32,
                 from ./lib/unistd.h:692,
                 from ./lib/fcntl.h:84,
                 from ./lib/fcntl--.h:20,
                 from lib/opendirat.c:25:
/nix/store/yzx98qlav3kgw6a9pkjpz13p1v280vyk-x86_64-unknown-linux-musl-gcc-15.3.0/x86_64-unknown-linux-musl/sys-include/sys/cdefs.h:1:2: warning: #warning usage of non-standard #include <sys/cdefs.h> is deprecated [-Wcpp]
    1 | #warning usage of non-standard #include <sys/cdefs.h> is deprecated
      |  ^~~~~~~
  CC       lib/libcoreutils_a-posixver.o
  CC       lib/libcoreutils_a-printf-frexp.o
In file included from ./lib/getopt-cdefs.h:32,
                 from ./lib/unistd.h:692,
                 from ./lib/stdlib.h:105,
                 from parse-datetime.y:59:
/nix/store/yzx98qlav3kgw6a9pkjpz13p1v280vyk-x86_64-unknown-linux-musl-gcc-15.3.0/x86_64-unknown-linux-musl/sys-include/sys/cdefs.h:1:2: warning: #warning usage of non-standard #include <sys/cdefs.h> is deprecated [-Wcpp]
    1 | #warning usage of non-standard #include <sys/cdefs.h> is deprecated
      |  ^~~~~~~
In file included from ./lib/getopt-cdefs.h:32,
                 from ./lib/unistd.h:692,
                 from lib/physmem.c:25:
/nix/store/yzx98qlav3kgw6a9pkjpz13p1v280vyk-x86_64-unknown-linux-musl-gcc-15.3.0/x86_64-unknown-linux-musl/sys-include/sys/cdefs.h:1:2: warning: #warning usage of non-standard #include <sys/cdefs.h> is deprecated [-Wcpp]
    1 | #warning usage of non-standard #include <sys/cdefs.h> is deprecated
      |  ^~~~~~~
  CC       lib/libcoreutils_a-printf-frexpl.o
In file included from ./lib/getopt-cdefs.h:32,
                 from ./lib/unistd.h:692,
                 from lib/pipe2.c:20:
/nix/store/yzx98qlav3kgw6a9pkjpz13p1v280vyk-x86_64-unknown-linux-musl-gcc-15.3.0/x86_64-unknown-linux-musl/sys-include/sys/cdefs.h:1:2: warning: #warning usage of non-standard #include <sys/cdefs.h> is deprecated [-Wcpp]
    1 | #warning usage of non-standard #include <sys/cdefs.h> is deprecated
      |  ^~~~~~~
  CC       lib/libcoreutils_a-priv-set.o
  CC       lib/libcoreutils_a-progname.o
In file included from ./lib/getopt-cdefs.h:32,
                 from ./lib/unistd.h:692,
                 from ./lib/stdlib.h:105,
                 from lib/posixver.c:25:
/nix/store/yzx98qlav3kgw6a9pkjpz13p1v280vyk-x86_64-unknown-linux-musl-gcc-15.3.0/x86_64-unknown-linux-musl/sys-include/sys/cdefs.h:1:2: warning: #warning usage of non-standard #include <sys/cdefs.h> is deprecated [-Wcpp]
    1 | #warning usage of non-standard #include <sys/cdefs.h> is deprecated
      |  ^~~~~~~
  CC       lib/libcoreutils_a-propername-lite.o
  CC       lib/libcoreutils_a-qcopy-acl.o
  CC       lib/libcoreutils_a-qset-acl.o
  CC       lib/libcoreutils_a-quotearg.o
  CC       lib/libcoreutils_a-randint.o
  CC       lib/libcoreutils_a-randperm.o
In file included from ./lib/getopt-cdefs.h:32,
                 from ./lib/unistd.h:692,
                 from ./lib/stdlib.h:105,
                 from lib/progname.c:27:
/nix/store/yzx98qlav3kgw6a9pkjpz13p1v280vyk-x86_64-unknown-linux-musl-gcc-15.3.0/x86_64-unknown-linux-musl/sys-include/sys/cdefs.h:1:2: warning: #warning usage of non-standard #include <sys/cdefs.h> is deprecated [-Wcpp]
    1 | #warning usage of non-standard #include <sys/cdefs.h> is deprecated
      |  ^~~~~~~
  CC       lib/libcoreutils_a-randread.o
  CC       lib/libcoreutils_a-rand-isaac.o
In file included from ./lib/getopt-cdefs.h:32,
                 from ./lib/unistd.h:692,
                 from ./lib/stdlib.h:105,
                 from lib/gettext.h:202,
                 from lib/propername-lite.c:23:
/nix/store/yzx98qlav3kgw6a9pkjpz13p1v280vyk-x86_64-unknown-linux-musl-gcc-15.3.0/x86_64-unknown-linux-musl/sys-include/sys/cdefs.h:1:2: warning: #warning usage of non-standard #include <sys/cdefs.h> is deprecated [-Wcpp]
    1 | #warning usage of non-standard #include <sys/cdefs.h> is deprecated
      |  ^~~~~~~
In file included from ./lib/getopt-cdefs.h:32,
                 from ./lib/unistd.h:692,
                 from ./lib/stdlib.h:105,
                 from lib/acl-internal.h:27,
                 from lib/qcopy-acl.c:24:
/nix/store/yzx98qlav3kgw6a9pkjpz13p1v280vyk-x86_64-unknown-linux-musl-gcc-15.3.0/x86_64-unknown-linux-musl/sys-include/sys/cdefs.h:1:2: warning: #warning usage of non-standard #include <sys/cdefs.h> is deprecated [-Wcpp]
    1 | #warning usage of non-standard #include <sys/cdefs.h> is deprecated
      |  ^~~~~~~
  CC       lib/libcoreutils_a-rawmemchr.o
In file included from ./lib/getopt-cdefs.h:32,
                 from ./lib/unistd.h:692,
                 from ./lib/stdlib.h:105,
                 from lib/acl-internal.h:27,
                 from lib/qset-acl.c:27:
/nix/store/yzx98qlav3kgw6a9pkjpz13p1v280vyk-x86_64-unknown-linux-musl-gcc-15.3.0/x86_64-unknown-linux-musl/sys-include/sys/cdefs.h:1:2: warning: #warning usage of non-standard #include <sys/cdefs.h> is deprecated [-Wcpp]
    1 | #warning usage of non-standard #include <sys/cdefs.h> is deprecated
      |  ^~~~~~~
In file included from ./lib/getopt-cdefs.h:32,
                 from ./lib/unistd.h:692,
                 from ./lib/stdlib.h:105,
                 from lib/randperm.h:3,
                 from lib/randperm.c:22:
/nix/store/yzx98qlav3kgw6a9pkjpz13p1v280vyk-x86_64-unknown-linux-musl-gcc-15.3.0/x86_64-unknown-linux-musl/sys-include/sys/cdefs.h:1:2: warning: #warning usage of non-standard #include <sys/cdefs.h> is deprecated [-Wcpp]
    1 | #warning usage of non-standard #include <sys/cdefs.h> is deprecated
      |  ^~~~~~~
In file included from ./lib/getopt-cdefs.h:32,
                 from ./lib/unistd.h:692,
                 from ./lib/stdlib.h:105,
                 from lib/quotearg.h:29,
                 from lib/quotearg.c:29:
/nix/store/yzx98qlav3kgw6a9pkjpz13p1v280vyk-x86_64-unknown-linux-musl-gcc-15.3.0/x86_64-unknown-linux-musl/sys-include/sys/cdefs.h:1:2: warning: #warning usage of non-standard #include <sys/cdefs.h> is deprecated [-Wcpp]
    1 | #warning usage of non-standard #include <sys/cdefs.h> is deprecated
      |  ^~~~~~~
In file included from ./lib/getopt-cdefs.h:32,
                 from ./lib/unistd.h:692,
                 from ./lib/stdlib.h:105,
                 from lib/randint.c:26:
/nix/store/yzx98qlav3kgw6a9pkjpz13p1v280vyk-x86_64-unknown-linux-musl-gcc-15.3.0/x86_64-unknown-linux-musl/sys-include/sys/cdefs.h:1:2: warning: #warning usage of non-standard #include <sys/cdefs.h> is deprecated [-Wcpp]
    1 | #warning usage of non-standard #include <sys/cdefs.h> is deprecated
      |  ^~~~~~~
  CC       lib/libcoreutils_a-read-file.o
  CC       lib/libcoreutils_a-readtokens.o
In file included from ./lib/getopt-cdefs.h:32,
                 from ./lib/unistd.h:692,
                 from ./lib/fcntl.h:84,
                 from lib/randread.c:30:
/nix/store/yzx98qlav3kgw6a9pkjpz13p1v280vyk-x86_64-unknown-linux-musl-gcc-15.3.0/x86_64-unknown-linux-musl/sys-include/sys/cdefs.h:1:2: warning: #warning usage of non-standard #include <sys/cdefs.h> is deprecated [-Wcpp]
    1 | #warning usage of non-standard #include <sys/cdefs.h> is deprecated
      |  ^~~~~~~
  CC       lib/libcoreutils_a-readtokens0.o
  CC       lib/libcoreutils_a-readutmp.o
In file included from ./lib/getopt-cdefs.h:32,
                 from ./lib/unistd.h:692,
                 from ./lib/stdlib.h:105,
                 from lib/read-file.h:27,
                 from lib/read-file.c:20:
/nix/store/yzx98qlav3kgw6a9pkjpz13p1v280vyk-x86_64-unknown-linux-musl-gcc-15.3.0/x86_64-unknown-linux-musl/sys-include/sys/cdefs.h:1:2: warning: #warning usage of non-standard #include <sys/cdefs.h> is deprecated [-Wcpp]
    1 | #warning usage of non-standard #include <sys/cdefs.h> is deprecated
      |  ^~~~~~~
In file included from ./lib/getopt-cdefs.h:32,
                 from ./lib/unistd.h:692,
                 from ./lib/stdlib.h:105,
                 from lib/readtokens.c:31:
/nix/store/yzx98qlav3kgw6a9pkjpz13p1v280vyk-x86_64-unknown-linux-musl-gcc-15.3.0/x86_64-unknown-linux-musl/sys-include/sys/cdefs.h:1:2: warning: #warning usage of non-standard #include <sys/cdefs.h> is deprecated [-Wcpp]
    1 | #warning usage of non-standard #include <sys/cdefs.h> is deprecated
      |  ^~~~~~~
  CC       lib/libcoreutils_a-regex.o
In file included from ./lib/getopt-cdefs.h:32,
                 from ./lib/unistd.h:692,
                 from ./lib/stdlib.h:105,
                 from lib/readtokens0.c:22:
/nix/store/yzx98qlav3kgw6a9pkjpz13p1v280vyk-x86_64-unknown-linux-musl-gcc-15.3.0/x86_64-unknown-linux-musl/sys-include/sys/cdefs.h:1:2: warning: #warning usage of non-standard #include <sys/cdefs.h> is deprecated [-Wcpp]
    1 | #warning usage of non-standard #include <sys/cdefs.h> is deprecated
      |  ^~~~~~~
In file included from ./lib/getopt-cdefs.h:32,
                 from ./lib/unistd.h:692,
                 from ./lib/stdlib.h:105,
                 from lib/readutmp.h:32,
                 from lib/readutmp.c:22:
/nix/store/yzx98qlav3kgw6a9pkjpz13p1v280vyk-x86_64-unknown-linux-musl-gcc-15.3.0/x86_64-unknown-linux-musl/sys-include/sys/cdefs.h:1:2: warning: #warning usage of non-standard #include <sys/cdefs.h> is deprecated [-Wcpp]
    1 | #warning usage of non-standard #include <sys/cdefs.h> is deprecated
      |  ^~~~~~~
  CC       lib/libcoreutils_a-renameatu.o
  CC       lib/libcoreutils_a-root-dev-ino.o
  CC       lib/libcoreutils_a-rpmatch.o
  CC       lib/libcoreutils_a-safe-read.o
In file included from ./lib/getopt-cdefs.h:32,
                 from ./lib/unistd.h:692,
                 from ./lib/stdlib.h:105,
                 from lib/regex_internal.h:25,
                 from lib/regex.c:67:
/nix/store/yzx98qlav3kgw6a9pkjpz13p1v280vyk-x86_64-unknown-linux-musl-gcc-15.3.0/x86_64-unknown-linux-musl/sys-include/sys/cdefs.h:1:2: warning: #warning usage of non-standard #include <sys/cdefs.h> is deprecated [-Wcpp]
    1 | #warning usage of non-standard #include <sys/cdefs.h> is deprecated
      |  ^~~~~~~
  CC       lib/libcoreutils_a-safe-write.o
In file included from ./lib/getopt-cdefs.h:32,
                 from ./lib/unistd.h:692,
                 from lib/renameatu.c:26:
/nix/store/yzx98qlav3kgw6a9pkjpz13p1v280vyk-x86_64-unknown-linux-musl-gcc-15.3.0/x86_64-unknown-linux-musl/sys-include/sys/cdefs.h:1:2: warning: #warning usage of non-standard #include <sys/cdefs.h> is deprecated [-Wcpp]
    1 | #warning usage of non-standard #include <sys/cdefs.h> is deprecated
      |  ^~~~~~~
In file included from ./lib/getopt-cdefs.h:32,
                 from ./lib/unistd.h:692,
                 from ./lib/stdlib.h:105,
                 from lib/root-dev-ino.c:23:
/nix/store/yzx98qlav3kgw6a9pkjpz13p1v280vyk-x86_64-unknown-linux-musl-gcc-15.3.0/x86_64-unknown-linux-musl/sys-include/sys/cdefs.h:1:2: warning: #warning usage of non-standard #include <sys/cdefs.h> is deprecated [-Wcpp]
    1 | #warning usage of non-standard #include <sys/cdefs.h> is deprecated
      |  ^~~~~~~
In file included from ./lib/getopt-cdefs.h:32,
                 from ./lib/unistd.h:692,
                 from ./lib/stdlib.h:105,
                 from lib/rpmatch.c:23:
/nix/store/yzx98qlav3kgw6a9pkjpz13p1v280vyk-x86_64-unknown-linux-musl-gcc-15.3.0/x86_64-unknown-linux-musl/sys-include/sys/cdefs.h:1:2: warning: #warning usage of non-standard #include <sys/cdefs.h> is deprecated [-Wcpp]
    1 | #warning usage of non-standard #include <sys/cdefs.h> is deprecated
      |  ^~~~~~~
  CC       lib/libcoreutils_a-same.o
  CC       lib/libcoreutils_a-same-inode.o
In file included from ./lib/getopt-cdefs.h:32,
                 from ./lib/unistd.h:692,
                 from lib/safe-read.c:30:
/nix/store/yzx98qlav3kgw6a9pkjpz13p1v280vyk-x86_64-unknown-linux-musl-gcc-15.3.0/x86_64-unknown-linux-musl/sys-include/sys/cdefs.h:1:2: warning: #warning usage of non-standard #include <sys/cdefs.h> is deprecated [-Wcpp]
    1 | #warning usage of non-standard #include <sys/cdefs.h> is deprecated
      |  ^~~~~~~
In file included from ./lib/getopt-cdefs.h:32,
                 from ./lib/unistd.h:692,
                 from lib/safe-read.c:30,
                 from lib/safe-write.c:18:
/nix/store/yzx98qlav3kgw6a9pkjpz13p1v280vyk-x86_64-unknown-linux-musl-gcc-15.3.0/x86_64-unknown-linux-musl/sys-include/sys/cdefs.h:1:2: warning: #warning usage of non-standard #include <sys/cdefs.h> is deprecated [-Wcpp]
    1 | #warning usage of non-standard #include <sys/cdefs.h> is deprecated
      |  ^~~~~~~
  CC       lib/libcoreutils_a-save-cwd.o
  CC       lib/libcoreutils_a-savedir.o
In file included from ./lib/getopt-cdefs.h:32,
                 from ./lib/unistd.h:692,
                 from ./lib/fcntl.h:84,
                 from lib/same.c:22:
/nix/store/yzx98qlav3kgw6a9pkjpz13p1v280vyk-x86_64-unknown-linux-musl-gcc-15.3.0/x86_64-unknown-linux-musl/sys-include/sys/cdefs.h:1:2: warning: #warning usage of non-standard #include <sys/cdefs.h> is deprecated [-Wcpp]
    1 | #warning usage of non-standard #include <sys/cdefs.h> is deprecated
      |  ^~~~~~~
  CC       lib/libcoreutils_a-savewd.o
  CC       lib/libcoreutils_a-selinux-at.o
  CC       lib/libcoreutils_a-se-context.o
In file included from ./lib/getopt-cdefs.h:32,
                 from ./lib/unistd.h:692,
                 from ./lib/fcntl.h:84,
                 from lib/save-cwd.c:26:
/nix/store/yzx98qlav3kgw6a9pkjpz13p1v280vyk-x86_64-unknown-linux-musl-gcc-15.3.0/x86_64-unknown-linux-musl/sys-include/sys/cdefs.h:1:2: warning: #warning usage of non-standard #include <sys/cdefs.h> is deprecated [-Wcpp]
    1 | #warning usage of non-standard #include <sys/cdefs.h> is deprecated
      |  ^~~~~~~
In file included from ./lib/getopt-cdefs.h:32,
                 from ./lib/unistd.h:692,
                 from ./lib/stdlib.h:105,
                 from lib/savedir.h:30,
                 from lib/savedir.c:23:
/nix/store/yzx98qlav3kgw6a9pkjpz13p1v280vyk-x86_64-unknown-linux-musl-gcc-15.3.0/x86_64-unknown-linux-musl/sys-include/sys/cdefs.h:1:2: warning: #warning usage of non-standard #include <sys/cdefs.h> is deprecated [-Wcpp]
    1 | #warning usage of non-standard #include <sys/cdefs.h> is deprecated
      |  ^~~~~~~
  CC       lib/libcoreutils_a-se-label.o
In file included from ./lib/getopt-cdefs.h:32,
                 from ./lib/unistd.h:692,
                 from ./lib/fcntl.h:84,
                 from lib/openat.h:28,
                 from lib/selinux-at.c:22:
/nix/store/yzx98qlav3kgw6a9pkjpz13p1v280vyk-x86_64-unknown-linux-musl-gcc-15.3.0/x86_64-unknown-linux-musl/sys-include/sys/cdefs.h:1:2: warning: #warning usage of non-standard #include <sys/cdefs.h> is deprecated [-Wcpp]
    1 | #warning usage of non-standard #include <sys/cdefs.h> is deprecated
      |  ^~~~~~~
In file included from ./lib/getopt-cdefs.h:32,
                 from ./lib/unistd.h:692,
                 from ./lib/fcntl.h:84,
                 from lib/savewd.c:27:
/nix/store/yzx98qlav3kgw6a9pkjpz13p1v280vyk-x86_64-unknown-linux-musl-gcc-15.3.0/x86_64-unknown-linux-musl/sys-include/sys/cdefs.h:1:2: warning: #warning usage of non-standard #include <sys/cdefs.h> is deprecated [-Wcpp]
    1 | #warning usage of non-standard #include <sys/cdefs.h> is deprecated
      |  ^~~~~~~
  CC       lib/libcoreutils_a-se-selinux.o
  CC       lib/libcoreutils_a-setlocale_null.o
  CC       lib/libcoreutils_a-setlocale-lock.o
  CC       lib/libcoreutils_a-setlocale_null-unlocked.o
  CC       lib/libcoreutils_a-settime.o
In file included from ./lib/getopt-cdefs.h:32,
                 from ./lib/unistd.h:692,
                 from ./lib/stdlib.h:105,
                 from lib/setlocale_null.c:26:
/nix/store/yzx98qlav3kgw6a9pkjpz13p1v280vyk-x86_64-unknown-linux-musl-gcc-15.3.0/x86_64-unknown-linux-musl/sys-include/sys/cdefs.h:1:2: warning: #warning usage of non-standard #include <sys/cdefs.h> is deprecated [-Wcpp]
    1 | #warning usage of non-standard #include <sys/cdefs.h> is deprecated
      |  ^~~~~~~
In file included from ./lib/sched.h:35,
                 from /home/samson/Projects/clojv3/./store/musl-1.2.6/include/pthread.h:30,
                 from ./lib/pthread.h:46,
                 from lib/setlocale_null.c:42:
/nix/store/yzx98qlav3kgw6a9pkjpz13p1v280vyk-x86_64-unknown-linux-musl-gcc-15.3.0/x86_64-unknown-linux-musl/sys-include/sys/cdefs.h:1:2: warning: #warning usage of non-standard #include <sys/cdefs.h> is deprecated [-Wcpp]
    1 | #warning usage of non-standard #include <sys/cdefs.h> is deprecated
      |  ^~~~~~~
In file included from ./lib/sched.h:35,
                 from /home/samson/Projects/clojv3/./store/musl-1.2.6/include/pthread.h:30,
                 from ./lib/pthread.h:46,
                 from lib/setlocale-lock.c:95:
/nix/store/yzx98qlav3kgw6a9pkjpz13p1v280vyk-x86_64-unknown-linux-musl-gcc-15.3.0/x86_64-unknown-linux-musl/sys-include/sys/cdefs.h:1:2: warning: #warning usage of non-standard #include <sys/cdefs.h> is deprecated [-Wcpp]
    1 | #warning usage of non-standard #include <sys/cdefs.h> is deprecated
      |  ^~~~~~~
  CC       lib/libcoreutils_a-sig2str.o
  CC       lib/libcoreutils_a-sig-handler.o
In file included from ./lib/getopt-cdefs.h:32,
                 from ./lib/unistd.h:692,
                 from lib/settime.c:25:
/nix/store/yzx98qlav3kgw6a9pkjpz13p1v280vyk-x86_64-unknown-linux-musl-gcc-15.3.0/x86_64-unknown-linux-musl/sys-include/sys/cdefs.h:1:2: warning: #warning usage of non-standard #include <sys/cdefs.h> is deprecated [-Wcpp]
    1 | #warning usage of non-standard #include <sys/cdefs.h> is deprecated
      |  ^~~~~~~
  CC       lib/libcoreutils_a-skipchars.o
In file included from ./lib/getopt-cdefs.h:32,
                 from ./lib/unistd.h:692,
                 from ./lib/stdlib.h:105,
                 from lib/sig2str.c:24:
/nix/store/yzx98qlav3kgw6a9pkjpz13p1v280vyk-x86_64-unknown-linux-musl-gcc-15.3.0/x86_64-unknown-linux-musl/sys-include/sys/cdefs.h:1:2: warning: #warning usage of non-standard #include <sys/cdefs.h> is deprecated [-Wcpp]
    1 | #warning usage of non-standard #include <sys/cdefs.h> is deprecated
      |  ^~~~~~~
  CC       lib/libcoreutils_a-sockets.o
  CC       lib/libcoreutils_a-stat-time.o
  CC       lib/libcoreutils_a-mkstemp-safer.o
  CC       lib/libcoreutils_a-strnlen1.o
  CC       lib/libcoreutils_a-strintcmp.o
  CC       lib/libcoreutils_a-strnumcmp.o
In file included from ./lib/getopt-cdefs.h:32,
                 from ./lib/unistd.h:692,
                 from ./lib/stdlib.h:105,
                 from lib/mkstemp-safer.c:24:
/nix/store/yzx98qlav3kgw6a9pkjpz13p1v280vyk-x86_64-unknown-linux-musl-gcc-15.3.0/x86_64-unknown-linux-musl/sys-include/sys/cdefs.h:1:2: warning: #warning usage of non-standard #include <sys/cdefs.h> is deprecated [-Wcpp]
    1 | #warning usage of non-standard #include <sys/cdefs.h> is deprecated
      |  ^~~~~~~
  CC       lib/libcoreutils_a-strtoll.o
  CC       lib/libcoreutils_a-strtoull.o
  CC       lib/libcoreutils_a-sys_socket.o
  CC       lib/libcoreutils_a-targetdir.o
  CC       lib/libcoreutils_a-tempname.o
  CC       lib/glthread/libcoreutils_a-threadlib.o
In file included from ./lib/getopt-cdefs.h:32,
                 from ./lib/unistd.h:692,
                 from ./lib/stdlib.h:105,
                 from ./lib/strtol.c:36,
                 from lib/strtoll.c:21:
/nix/store/yzx98qlav3kgw6a9pkjpz13p1v280vyk-x86_64-unknown-linux-musl-gcc-15.3.0/x86_64-unknown-linux-musl/sys-include/sys/cdefs.h:1:2: warning: #warning usage of non-standard #include <sys/cdefs.h> is deprecated [-Wcpp]
    1 | #warning usage of non-standard #include <sys/cdefs.h> is deprecated
      |  ^~~~~~~
In file included from ./lib/getopt-cdefs.h:32,
                 from ./lib/unistd.h:692,
                 from ./lib/stdlib.h:105,
                 from lib/strtol.c:36,
                 from lib/strtoul.c:19,
                 from lib/strtoull.c:21:
/nix/store/yzx98qlav3kgw6a9pkjpz13p1v280vyk-x86_64-unknown-linux-musl-gcc-15.3.0/x86_64-unknown-linux-musl/sys-include/sys/cdefs.h:1:2: warning: #warning usage of non-standard #include <sys/cdefs.h> is deprecated [-Wcpp]
    1 | #warning usage of non-standard #include <sys/cdefs.h> is deprecated
      |  ^~~~~~~
In file included from ./lib/getopt-cdefs.h:32,
                 from ./lib/unistd.h:692,
                 from ./lib/fcntl.h:84,
                 from ./lib/targetdir.h:18,
                 from lib/targetdir.c:21:
/nix/store/yzx98qlav3kgw6a9pkjpz13p1v280vyk-x86_64-unknown-linux-musl-gcc-15.3.0/x86_64-unknown-linux-musl/sys-include/sys/cdefs.h:1:2: warning: #warning usage of non-standard #include <sys/cdefs.h> is deprecated [-Wcpp]
    1 | #warning usage of non-standard #include <sys/cdefs.h> is deprecated
      |  ^~~~~~~
  CC       lib/libcoreutils_a-time_rz.o
  CC       lib/libcoreutils_a-timespec.o
  CC       lib/glthread/libcoreutils_a-tls.o
In file included from ./lib/sched.h:35,
                 from /home/samson/Projects/clojv3/./store/musl-1.2.6/include/pthread.h:30,
                 from ./lib/pthread.h:46,
                 from lib/glthread/threadlib.c:28:
/nix/store/yzx98qlav3kgw6a9pkjpz13p1v280vyk-x86_64-unknown-linux-musl-gcc-15.3.0/x86_64-unknown-linux-musl/sys-include/sys/cdefs.h:1:2: warning: #warning usage of non-standard #include <sys/cdefs.h> is deprecated [-Wcpp]
    1 | #warning usage of non-standard #include <sys/cdefs.h> is deprecated
      |  ^~~~~~~
In file included from ./lib/getopt-cdefs.h:32,
                 from ./lib/unistd.h:692,
                 from ./lib/stdlib.h:105,
                 from lib/tempname.c:39:
/nix/store/yzx98qlav3kgw6a9pkjpz13p1v280vyk-x86_64-unknown-linux-musl-gcc-15.3.0/x86_64-unknown-linux-musl/sys-include/sys/cdefs.h:1:2: warning: #warning usage of non-standard #include <sys/cdefs.h> is deprecated [-Wcpp]
    1 | #warning usage of non-standard #include <sys/cdefs.h> is deprecated
      |  ^~~~~~~
In file included from ./lib/getopt-cdefs.h:32,
                 from ./lib/unistd.h:692,
                 from ./lib/stdlib.h:105,
                 from lib/time_rz.c:31:
/nix/store/yzx98qlav3kgw6a9pkjpz13p1v280vyk-x86_64-unknown-linux-musl-gcc-15.3.0/x86_64-unknown-linux-musl/sys-include/sys/cdefs.h:1:2: warning: #warning usage of non-standard #include <sys/cdefs.h> is deprecated [-Wcpp]
    1 | #warning usage of non-standard #include <sys/cdefs.h> is deprecated
      |  ^~~~~~~
In file included from ./lib/getopt-cdefs.h:32,
                 from ./lib/unistd.h:692,
                 from ./lib/stdlib.h:105,
                 from lib/glthread/threadlib.c:29:
/nix/store/yzx98qlav3kgw6a9pkjpz13p1v280vyk-x86_64-unknown-linux-musl-gcc-15.3.0/x86_64-unknown-linux-musl/sys-include/sys/cdefs.h:1:2: warning: #warning usage of non-standard #include <sys/cdefs.h> is deprecated [-Wcpp]
    1 | #warning usage of non-standard #include <sys/cdefs.h> is deprecated
      |  ^~~~~~~
  CC       lib/libcoreutils_a-tmpdir.o
In file included from ./lib/getopt-cdefs.h:32,
                 from ./lib/unistd.h:692,
                 from ./lib/stdlib.h:105,
                 from ./lib/glthread/tls.h:52,
                 from lib/glthread/tls.c:21:
/nix/store/yzx98qlav3kgw6a9pkjpz13p1v280vyk-x86_64-unknown-linux-musl-gcc-15.3.0/x86_64-unknown-linux-musl/sys-include/sys/cdefs.h:1:2: warning: #warning usage of non-standard #include <sys/cdefs.h> is deprecated [-Wcpp]
    1 | #warning usage of non-standard #include <sys/cdefs.h> is deprecated
      |  ^~~~~~~
In file included from ./lib/sched.h:35,
                 from /home/samson/Projects/clojv3/./store/musl-1.2.6/include/pthread.h:30,
                 from ./lib/pthread.h:46,
                 from ./lib/glthread/tls.h:94:
/nix/store/yzx98qlav3kgw6a9pkjpz13p1v280vyk-x86_64-unknown-linux-musl-gcc-15.3.0/x86_64-unknown-linux-musl/sys-include/sys/cdefs.h:1:2: warning: #warning usage of non-standard #include <sys/cdefs.h> is deprecated [-Wcpp]
    1 | #warning usage of non-standard #include <sys/cdefs.h> is deprecated
      |  ^~~~~~~
  CC       lib/libcoreutils_a-u64.o
  CC       lib/libcoreutils_a-unicodeio.o
In file included from ./lib/getopt-cdefs.h:32,
                 from ./lib/unistd.h:692,
                 from ./lib/stdlib.h:105,
                 from lib/tmpdir.c:25:
/nix/store/yzx98qlav3kgw6a9pkjpz13p1v280vyk-x86_64-unknown-linux-musl-gcc-15.3.0/x86_64-unknown-linux-musl/sys-include/sys/cdefs.h:1:2: warning: #warning usage of non-standard #include <sys/cdefs.h> is deprecated [-Wcpp]
    1 | #warning usage of non-standard #include <sys/cdefs.h> is deprecated
      |  ^~~~~~~
  CC       lib/libcoreutils_a-unistd.o
  CC       lib/libcoreutils_a-dup-safer.o
  CC       lib/libcoreutils_a-fd-safer.o
  CC       lib/libcoreutils_a-pipe-safer.o
  CC       lib/libcoreutils_a-unlinkdir.o
  CC       lib/libcoreutils_a-userspec.o
In file included from ./lib/getopt-cdefs.h:32,
                 from ./lib/unistd.h:692,
                 from lib/unistd.c:21:
/nix/store/yzx98qlav3kgw6a9pkjpz13p1v280vyk-x86_64-unknown-linux-musl-gcc-15.3.0/x86_64-unknown-linux-musl/sys-include/sys/cdefs.h:1:2: warning: #warning usage of non-standard #include <sys/cdefs.h> is deprecated [-Wcpp]
    1 | #warning usage of non-standard #include <sys/cdefs.h> is deprecated
      |  ^~~~~~~
In file included from ./lib/getopt-cdefs.h:32,
                 from ./lib/unistd.h:692,
                 from ./lib/stdlib.h:105,
                 from lib/gettext.h:202,
                 from lib/unicodeio.c:35:
/nix/store/yzx98qlav3kgw6a9pkjpz13p1v280vyk-x86_64-unknown-linux-musl-gcc-15.3.0/x86_64-unknown-linux-musl/sys-include/sys/cdefs.h:1:2: warning: #warning usage of non-standard #include <sys/cdefs.h> is deprecated [-Wcpp]
    1 | #warning usage of non-standard #include <sys/cdefs.h> is deprecated
      |  ^~~~~~~
In file included from ./lib/getopt-cdefs.h:32,
                 from ./lib/unistd.h:692,
                 from lib/fd-safer.c:25:
/nix/store/yzx98qlav3kgw6a9pkjpz13p1v280vyk-x86_64-unknown-linux-musl-gcc-15.3.0/x86_64-unknown-linux-musl/sys-include/sys/cdefs.h:1:2: warning: #warning usage of non-standard #include <sys/cdefs.h> is deprecated [-Wcpp]
    1 | #warning usage of non-standard #include <sys/cdefs.h> is deprecated
      |  ^~~~~~~
In file included from ./lib/getopt-cdefs.h:32,
                 from ./lib/unistd.h:692,
                 from ./lib/fcntl.h:84,
                 from lib/dup-safer.c:24:
/nix/store/yzx98qlav3kgw6a9pkjpz13p1v280vyk-x86_64-unknown-linux-musl-gcc-15.3.0/x86_64-unknown-linux-musl/sys-include/sys/cdefs.h:1:2: warning: #warning usage of non-standard #include <sys/cdefs.h> is deprecated [-Wcpp]
    1 | #warning usage of non-standard #include <sys/cdefs.h> is deprecated
      |  ^~~~~~~
  CC       lib/libcoreutils_a-utimecmp.o
In file included from ./lib/getopt-cdefs.h:32,
                 from ./lib/unistd.h:692,
                 from lib/pipe-safer.c:23:
/nix/store/yzx98qlav3kgw6a9pkjpz13p1v280vyk-x86_64-unknown-linux-musl-gcc-15.3.0/x86_64-unknown-linux-musl/sys-include/sys/cdefs.h:1:2: warning: #warning usage of non-standard #include <sys/cdefs.h> is deprecated [-Wcpp]
    1 | #warning usage of non-standard #include <sys/cdefs.h> is deprecated
      |  ^~~~~~~
  CC       lib/libcoreutils_a-utimens.o
In file included from ./lib/getopt-cdefs.h:32,
                 from ./lib/unistd.h:692,
                 from lib/unlinkdir.c:25:
/nix/store/yzx98qlav3kgw6a9pkjpz13p1v280vyk-x86_64-unknown-linux-musl-gcc-15.3.0/x86_64-unknown-linux-musl/sys-include/sys/cdefs.h:1:2: warning: #warning usage of non-standard #include <sys/cdefs.h> is deprecated [-Wcpp]
    1 | #warning usage of non-standard #include <sys/cdefs.h> is deprecated
      |  ^~~~~~~
  CC       lib/libcoreutils_a-verror.o
In file included from ./lib/getopt-cdefs.h:32,
                 from ./lib/unistd.h:692,
                 from ./lib/stdlib.h:105,
                 from lib/userspec.c:35:
/nix/store/yzx98qlav3kgw6a9pkjpz13p1v280vyk-x86_64-unknown-linux-musl-gcc-15.3.0/x86_64-unknown-linux-musl/sys-include/sys/cdefs.h:1:2: warning: #warning usage of non-standard #include <sys/cdefs.h> is deprecated [-Wcpp]
    1 | #warning usage of non-standard #include <sys/cdefs.h> is deprecated
      |  ^~~~~~~
  CC       lib/libcoreutils_a-version-etc.o
  CC       lib/libcoreutils_a-version-etc-fsf.o
  CC       lib/libcoreutils_a-wctype-h.o
  CC       lib/libcoreutils_a-wmempcpy.o
In file included from ./lib/getopt-cdefs.h:32,
                 from ./lib/unistd.h:692,
                 from ./lib/fcntl.h:84,
                 from lib/utimecmp.c:24:
/nix/store/yzx98qlav3kgw6a9pkjpz13p1v280vyk-x86_64-unknown-linux-musl-gcc-15.3.0/x86_64-unknown-linux-musl/sys-include/sys/cdefs.h:1:2: warning: #warning usage of non-standard #include <sys/cdefs.h> is deprecated [-Wcpp]
    1 | #warning usage of non-standard #include <sys/cdefs.h> is deprecated
      |  ^~~~~~~
In file included from ./lib/getopt-cdefs.h:32,
                 from ./lib/unistd.h:692,
                 from ./lib/fcntl.h:84,
                 from lib/utimens.h:31,
                 from lib/utimens.c:25:
/nix/store/yzx98qlav3kgw6a9pkjpz13p1v280vyk-x86_64-unknown-linux-musl-gcc-15.3.0/x86_64-unknown-linux-musl/sys-include/sys/cdefs.h:1:2: warning: #warning usage of non-standard #include <sys/cdefs.h> is deprecated [-Wcpp]
    1 | #warning usage of non-standard #include <sys/cdefs.h> is deprecated
      |  ^~~~~~~
In file included from ./lib/getopt-cdefs.h:32,
                 from ./lib/unistd.h:692,
                 from ./lib/stdlib.h:105,
                 from lib/verror.c:26:
/nix/store/yzx98qlav3kgw6a9pkjpz13p1v280vyk-x86_64-unknown-linux-musl-gcc-15.3.0/x86_64-unknown-linux-musl/sys-include/sys/cdefs.h:1:2: warning: #warning usage of non-standard #include <sys/cdefs.h> is deprecated [-Wcpp]
    1 | #warning usage of non-standard #include <sys/cdefs.h> is deprecated
      |  ^~~~~~~
In file included from ./lib/getopt-cdefs.h:32,
                 from ./lib/unistd.h:692,
                 from ./lib/stdlib.h:105,
                 from lib/gettext.h:202,
                 from lib/version-etc.c:31:
/nix/store/yzx98qlav3kgw6a9pkjpz13p1v280vyk-x86_64-unknown-linux-musl-gcc-15.3.0/x86_64-unknown-linux-musl/sys-include/sys/cdefs.h:1:2: warning: #warning usage of non-standard #include <sys/cdefs.h> is deprecated [-Wcpp]
    1 | #warning usage of non-standard #include <sys/cdefs.h> is deprecated
      |  ^~~~~~~
  CC       lib/libcoreutils_a-write-any-file.o
  CC       lib/libcoreutils_a-xalignalloc.o
  CC       lib/libcoreutils_a-xmalloc.o
  CC       lib/libcoreutils_a-xalloc-die.o
  CC       lib/libcoreutils_a-xbinary-io.o
  CC       lib/libcoreutils_a-xdectoimax.o
In file included from ./lib/getopt-cdefs.h:32,
                 from ./lib/unistd.h:692,
                 from lib/write-any-file.c:26:
/nix/store/yzx98qlav3kgw6a9pkjpz13p1v280vyk-x86_64-unknown-linux-musl-gcc-15.3.0/x86_64-unknown-linux-musl/sys-include/sys/cdefs.h:1:2: warning: #warning usage of non-standard #include <sys/cdefs.h> is deprecated [-Wcpp]
    1 | #warning usage of non-standard #include <sys/cdefs.h> is deprecated
      |  ^~~~~~~
In file included from ./lib/getopt-cdefs.h:32,
                 from ./lib/unistd.h:692,
                 from ./lib/stdlib.h:105,
                 from lib/alignalloc.h:30,
                 from lib/xalignalloc.c:22:
/nix/store/yzx98qlav3kgw6a9pkjpz13p1v280vyk-x86_64-unknown-linux-musl-gcc-15.3.0/x86_64-unknown-linux-musl/sys-include/sys/cdefs.h:1:2: warning: #warning usage of non-standard #include <sys/cdefs.h> is deprecated [-Wcpp]
    1 | #warning usage of non-standard #include <sys/cdefs.h> is deprecated
      |  ^~~~~~~
  CC       lib/libcoreutils_a-xdectoumax.o
In file included from ./lib/getopt-cdefs.h:32,
                 from ./lib/unistd.h:692,
                 from ./lib/stdlib.h:105,
                 from lib/xalloc.h:29,
                 from lib/xalloc-die.c:21:
/nix/store/yzx98qlav3kgw6a9pkjpz13p1v280vyk-x86_64-unknown-linux-musl-gcc-15.3.0/x86_64-unknown-linux-musl/sys-include/sys/cdefs.h:1:2: warning: #warning usage of non-standard #include <sys/cdefs.h> is deprecated [-Wcpp]
    1 | #warning usage of non-standard #include <sys/cdefs.h> is deprecated
      |  ^~~~~~~
In file included from ./lib/getopt-cdefs.h:32,
                 from ./lib/unistd.h:692,
                 from ./lib/fcntl.h:84,
                 from lib/binary-io.h:27,
                 from lib/xbinary-io.h:25,
                 from lib/xbinary-io.c:20:
/nix/store/yzx98qlav3kgw6a9pkjpz13p1v280vyk-x86_64-unknown-linux-musl-gcc-15.3.0/x86_64-unknown-linux-musl/sys-include/sys/cdefs.h:1:2: warning: #warning usage of non-standard #include <sys/cdefs.h> is deprecated [-Wcpp]
    1 | #warning usage of non-standard #include <sys/cdefs.h> is deprecated
      |  ^~~~~~~
In file included from ./lib/getopt-cdefs.h:32,
                 from ./lib/unistd.h:692,
                 from ./lib/stdlib.h:105,
                 from lib/xalloc.h:29,
                 from lib/xmalloc.c:22:
/nix/store/yzx98qlav3kgw6a9pkjpz13p1v280vyk-x86_64-unknown-linux-musl-gcc-15.3.0/x86_64-unknown-linux-musl/sys-include/sys/cdefs.h:1:2: warning: #warning usage of non-standard #include <sys/cdefs.h> is deprecated [-Wcpp]
    1 | #warning usage of non-standard #include <sys/cdefs.h> is deprecated
      |  ^~~~~~~
  CC       lib/libcoreutils_a-xfts.o
  CC       lib/libcoreutils_a-xgetcwd.o
In file included from ./lib/getopt-cdefs.h:32,
                 from ./lib/unistd.h:692,
                 from ./lib/stdlib.h:105,
                 from lib/xdectoint.c:25,
                 from lib/xdectoumax.c:6:
/nix/store/yzx98qlav3kgw6a9pkjpz13p1v280vyk-x86_64-unknown-linux-musl-gcc-15.3.0/x86_64-unknown-linux-musl/sys-include/sys/cdefs.h:1:2: warning: #warning usage of non-standard #include <sys/cdefs.h> is deprecated [-Wcpp]
    1 | #warning usage of non-standard #include <sys/cdefs.h> is deprecated
      |  ^~~~~~~
In file included from ./lib/getopt-cdefs.h:32,
                 from ./lib/unistd.h:692,
                 from ./lib/stdlib.h:105,
                 from lib/xdectoint.c:25,
                 from lib/xdectoimax.c:6:
/nix/store/yzx98qlav3kgw6a9pkjpz13p1v280vyk-x86_64-unknown-linux-musl-gcc-15.3.0/x86_64-unknown-linux-musl/sys-include/sys/cdefs.h:1:2: warning: #warning usage of non-standard #include <sys/cdefs.h> is deprecated [-Wcpp]
    1 | #warning usage of non-standard #include <sys/cdefs.h> is deprecated
      |  ^~~~~~~
  CC       lib/libcoreutils_a-xgetgroups.o
  CC       lib/libcoreutils_a-xgethostname.o
  CC       lib/libcoreutils_a-xmemcoll.o
In file included from ./lib/getopt-cdefs.h:32,
                 from ./lib/unistd.h:692,
                 from ./lib/stdlib.h:105,
                 from lib/xfts.c:22:
/nix/store/yzx98qlav3kgw6a9pkjpz13p1v280vyk-x86_64-unknown-linux-musl-gcc-15.3.0/x86_64-unknown-linux-musl/sys-include/sys/cdefs.h:1:2: warning: #warning usage of non-standard #include <sys/cdefs.h> is deprecated [-Wcpp]
    1 | #warning usage of non-standard #include <sys/cdefs.h> is deprecated
      |  ^~~~~~~
  CC       lib/libcoreutils_a-xnanosleep.o
In file included from ./lib/getopt-cdefs.h:32,
                 from ./lib/unistd.h:692,
                 from ./lib/stdlib.h:105,
                 from lib/xgetcwd.h:22,
                 from lib/xgetcwd.c:23:
/nix/store/yzx98qlav3kgw6a9pkjpz13p1v280vyk-x86_64-unknown-linux-musl-gcc-15.3.0/x86_64-unknown-linux-musl/sys-include/sys/cdefs.h:1:2: warning: #warning usage of non-standard #include <sys/cdefs.h> is deprecated [-Wcpp]
    1 | #warning usage of non-standard #include <sys/cdefs.h> is deprecated
      |  ^~~~~~~
  CC       lib/libcoreutils_a-xprintf.o
  CC       lib/libcoreutils_a-xreadlink.o
In file included from ./lib/getopt-cdefs.h:32,
                 from ./lib/unistd.h:692,
                 from ./lib/stdlib.h:105,
                 from lib/xalloc.h:29,
                 from lib/xgetgroups.c:26:
/nix/store/yzx98qlav3kgw6a9pkjpz13p1v280vyk-x86_64-unknown-linux-musl-gcc-15.3.0/x86_64-unknown-linux-musl/sys-include/sys/cdefs.h:1:2: warning: #warning usage of non-standard #include <sys/cdefs.h> is deprecated [-Wcpp]
    1 | #warning usage of non-standard #include <sys/cdefs.h> is deprecated
      |  ^~~~~~~
In file included from ./lib/getopt-cdefs.h:32,
                 from ./lib/unistd.h:692,
                 from ./lib/stdlib.h:105,
                 from lib/xmemcoll.c:23:
/nix/store/yzx98qlav3kgw6a9pkjpz13p1v280vyk-x86_64-unknown-linux-musl-gcc-15.3.0/x86_64-unknown-linux-musl/sys-include/sys/cdefs.h:1:2: warning: #warning usage of non-standard #include <sys/cdefs.h> is deprecated [-Wcpp]
    1 | #warning usage of non-standard #include <sys/cdefs.h> is deprecated
      |  ^~~~~~~
In file included from ./lib/getopt-cdefs.h:32,
                 from ./lib/unistd.h:692,
                 from ./lib/stdlib.h:105,
                 from lib/xgethostname.h:23,
                 from lib/xgethostname.c:24:
/nix/store/yzx98qlav3kgw6a9pkjpz13p1v280vyk-x86_64-unknown-linux-musl-gcc-15.3.0/x86_64-unknown-linux-musl/sys-include/sys/cdefs.h:1:2: warning: #warning usage of non-standard #include <sys/cdefs.h> is deprecated [-Wcpp]
    1 | #warning usage of non-standard #include <sys/cdefs.h> is deprecated
      |  ^~~~~~~
  CC       lib/libcoreutils_a-xsize.o
In file included from ./lib/getopt-cdefs.h:32,
                 from ./lib/unistd.h:692,
                 from lib/xnanosleep.c:30:
/nix/store/yzx98qlav3kgw6a9pkjpz13p1v280vyk-x86_64-unknown-linux-musl-gcc-15.3.0/x86_64-unknown-linux-musl/sys-include/sys/cdefs.h:1:2: warning: #warning usage of non-standard #include <sys/cdefs.h> is deprecated [-Wcpp]
    1 | #warning usage of non-standard #include <sys/cdefs.h> is deprecated
      |  ^~~~~~~
  CC       lib/libcoreutils_a-xstrtod.o
In file included from ./lib/getopt-cdefs.h:32,
                 from ./lib/unistd.h:692,
                 from ./lib/stdlib.h:105,
                 from lib/xreadlink.h:26,
                 from lib/xreadlink.c:24:
/nix/store/yzx98qlav3kgw6a9pkjpz13p1v280vyk-x86_64-unknown-linux-musl-gcc-15.3.0/x86_64-unknown-linux-musl/sys-include/sys/cdefs.h:1:2: warning: #warning usage of non-standard #include <sys/cdefs.h> is deprecated [-Wcpp]
    1 | #warning usage of non-standard #include <sys/cdefs.h> is deprecated
      |  ^~~~~~~
  CC       lib/libcoreutils_a-xstrtoimax.o
In file included from ./lib/getopt-cdefs.h:32,
                 from ./lib/unistd.h:692,
                 from ./lib/stdlib.h:105,
                 from lib/gettext.h:202,
                 from lib/xprintf.c:25:
/nix/store/yzx98qlav3kgw6a9pkjpz13p1v280vyk-x86_64-unknown-linux-musl-gcc-15.3.0/x86_64-unknown-linux-musl/sys-include/sys/cdefs.h:1:2: warning: #warning usage of non-standard #include <sys/cdefs.h> is deprecated [-Wcpp]
    1 | #warning usage of non-standard #include <sys/cdefs.h> is deprecated
      |  ^~~~~~~
  CC       lib/libcoreutils_a-xstrtol.o
  CC       lib/libcoreutils_a-xstrtoul.o
  CC       lib/libcoreutils_a-xstrtol-error.o
  CC       lib/libcoreutils_a-xstrtold.o
  CC       lib/libcoreutils_a-xstrtoumax.o
  CC       lib/libcoreutils_a-xvasprintf.o
In file included from ./lib/getopt-cdefs.h:32,
                 from ./lib/unistd.h:692,
                 from ./lib/stdlib.h:105,
                 from lib/xstrtol.c:41,
                 from lib/xstrtoimax.c:24:
/nix/store/yzx98qlav3kgw6a9pkjpz13p1v280vyk-x86_64-unknown-linux-musl-gcc-15.3.0/x86_64-unknown-linux-musl/sys-include/sys/cdefs.h:1:2: warning: #warning usage of non-standard #include <sys/cdefs.h> is deprecated [-Wcpp]
    1 | #warning usage of non-standard #include <sys/cdefs.h> is deprecated
      |  ^~~~~~~
  CC       lib/libcoreutils_a-xasprintf.o
In file included from ./lib/getopt-cdefs.h:32,
                 from ./lib/unistd.h:692,
                 from ./lib/stdlib.h:105,
                 from lib/xstrtol.c:41:
/nix/store/yzx98qlav3kgw6a9pkjpz13p1v280vyk-x86_64-unknown-linux-musl-gcc-15.3.0/x86_64-unknown-linux-musl/sys-include/sys/cdefs.h:1:2: warning: #warning usage of non-standard #include <sys/cdefs.h> is deprecated [-Wcpp]
    1 | #warning usage of non-standard #include <sys/cdefs.h> is deprecated
      |  ^~~~~~~
In file included from ./lib/getopt-cdefs.h:32,
                 from ./lib/getopt.h:84,
                 from lib/xstrtol-error.h:29,
                 from lib/xstrtol-error.c:20:
/nix/store/yzx98qlav3kgw6a9pkjpz13p1v280vyk-x86_64-unknown-linux-musl-gcc-15.3.0/x86_64-unknown-linux-musl/sys-include/sys/cdefs.h:1:2: warning: #warning usage of non-standard #include <sys/cdefs.h> is deprecated [-Wcpp]
    1 | #warning usage of non-standard #include <sys/cdefs.h> is deprecated
      |  ^~~~~~~
  CC       lib/libcoreutils_a-yesno.o
In file included from ./lib/getopt-cdefs.h:32,
                 from ./lib/unistd.h:692,
                 from ./lib/stdlib.h:105,
                 from lib/xstrtol.c:41,
                 from lib/xstrtoul.c:23:
/nix/store/yzx98qlav3kgw6a9pkjpz13p1v280vyk-x86_64-unknown-linux-musl-gcc-15.3.0/x86_64-unknown-linux-musl/sys-include/sys/cdefs.h:1:2: warning: #warning usage of non-standard #include <sys/cdefs.h> is deprecated [-Wcpp]
    1 | #warning usage of non-standard #include <sys/cdefs.h> is deprecated
      |  ^~~~~~~
  CC       lib/asnprintf.o
In file included from ./lib/getopt-cdefs.h:32,
                 from ./lib/unistd.h:692,
                 from ./lib/stdlib.h:105,
                 from lib/xvasprintf.h:32,
                 from lib/xasprintf.c:21:
/nix/store/yzx98qlav3kgw6a9pkjpz13p1v280vyk-x86_64-unknown-linux-musl-gcc-15.3.0/x86_64-unknown-linux-musl/sys-include/sys/cdefs.h:1:2: warning: #warning usage of non-standard #include <sys/cdefs.h> is deprecated [-Wcpp]
    1 | #warning usage of non-standard #include <sys/cdefs.h> is deprecated
      |  ^~~~~~~
In file included from ./lib/getopt-cdefs.h:32,
                 from ./lib/unistd.h:692,
                 from ./lib/stdlib.h:105,
                 from lib/xstrtol.c:41,
                 from lib/xstrtoumax.c:24:
/nix/store/yzx98qlav3kgw6a9pkjpz13p1v280vyk-x86_64-unknown-linux-musl-gcc-15.3.0/x86_64-unknown-linux-musl/sys-include/sys/cdefs.h:1:2: warning: #warning usage of non-standard #include <sys/cdefs.h> is deprecated [-Wcpp]
    1 | #warning usage of non-standard #include <sys/cdefs.h> is deprecated
      |  ^~~~~~~
In file included from ./lib/getopt-cdefs.h:32,
                 from ./lib/unistd.h:692,
                 from ./lib/stdlib.h:105,
                 from lib/yesno.c:22:
/nix/store/yzx98qlav3kgw6a9pkjpz13p1v280vyk-x86_64-unknown-linux-musl-gcc-15.3.0/x86_64-unknown-linux-musl/sys-include/sys/cdefs.h:1:2: warning: #warning usage of non-standard #include <sys/cdefs.h> is deprecated [-Wcpp]
    1 | #warning usage of non-standard #include <sys/cdefs.h> is deprecated
      |  ^~~~~~~
In file included from ./lib/getopt-cdefs.h:32,
                 from ./lib/unistd.h:692,
                 from ./lib/stdlib.h:105,
                 from lib/xvasprintf.h:32,
                 from lib/xvasprintf.c:20:
/nix/store/yzx98qlav3kgw6a9pkjpz13p1v280vyk-x86_64-unknown-linux-musl-gcc-15.3.0/x86_64-unknown-linux-musl/sys-include/sys/cdefs.h:1:2: warning: #warning usage of non-standard #include <sys/cdefs.h> is deprecated [-Wcpp]
    1 | #warning usage of non-standard #include <sys/cdefs.h> is deprecated
      |  ^~~~~~~
  CC       lib/asprintf.o
  CC       lib/fnmatch.o
  CC       lib/mbsrtoc32s-state.o
  CC       lib/mktime.o
  CC       lib/printf-args.o
  CC       lib/printf-parse.o
  CC       lib/vasnprintf.o
In file included from ./lib/getopt-cdefs.h:32,
                 from ./lib/unistd.h:692,
                 from ./lib/stdlib.h:105,
                 from lib/fnmatch.c:34:
/nix/store/yzx98qlav3kgw6a9pkjpz13p1v280vyk-x86_64-unknown-linux-musl-gcc-15.3.0/x86_64-unknown-linux-musl/sys-include/sys/cdefs.h:1:2: warning: #warning usage of non-standard #include <sys/cdefs.h> is deprecated [-Wcpp]
    1 | #warning usage of non-standard #include <sys/cdefs.h> is deprecated
      |  ^~~~~~~
  CC       lib/vasprintf.o
  CC       lib/vfprintf.o
  CC       lib/vprintf.o
  CC       src/hostid.o
In file included from ./lib/getopt-cdefs.h:32,
                 from ./lib/unistd.h:692,
                 from ./lib/stdlib.h:105,
                 from lib/mktime.c:50:
/nix/store/yzx98qlav3kgw6a9pkjpz13p1v280vyk-x86_64-unknown-linux-musl-gcc-15.3.0/x86_64-unknown-linux-musl/sys-include/sys/cdefs.h:1:2: warning: #warning usage of non-standard #include <sys/cdefs.h> is deprecated [-Wcpp]
    1 | #warning usage of non-standard #include <sys/cdefs.h> is deprecated
      |  ^~~~~~~
  CC       src/timeout.o
In file included from ./lib/getopt-cdefs.h:32,
                 from ./lib/getopt.h:84,
                 from src/timeout.c:48:
/nix/store/yzx98qlav3kgw6a9pkjpz13p1v280vyk-x86_64-unknown-linux-musl-gcc-15.3.0/x86_64-unknown-linux-musl/sys-include/sys/cdefs.h:1:2: warning: #warning usage of non-standard #include <sys/cdefs.h> is deprecated [-Wcpp]
    1 | #warning usage of non-standard #include <sys/cdefs.h> is deprecated
      |  ^~~~~~~
In file included from ./lib/getopt-cdefs.h:32,
                 from ./lib/unistd.h:692,
                 from ./lib/stdlib.h:105,
                 from lib/printf-parse.c:54:
/nix/store/yzx98qlav3kgw6a9pkjpz13p1v280vyk-x86_64-unknown-linux-musl-gcc-15.3.0/x86_64-unknown-linux-musl/sys-include/sys/cdefs.h:1:2: warning: #warning usage of non-standard #include <sys/cdefs.h> is deprecated [-Wcpp]
    1 | #warning usage of non-standard #include <sys/cdefs.h> is deprecated
      |  ^~~~~~~
In file included from ./lib/getopt-cdefs.h:32,
                 from ./lib/unistd.h:692,
                 from ./lib/stdlib.h:105,
                 from lib/vasnprintf.c:84:
/nix/store/yzx98qlav3kgw6a9pkjpz13p1v280vyk-x86_64-unknown-linux-musl-gcc-15.3.0/x86_64-unknown-linux-musl/sys-include/sys/cdefs.h:1:2: warning: #warning usage of non-standard #include <sys/cdefs.h> is deprecated [-Wcpp]
    1 | #warning usage of non-standard #include <sys/cdefs.h> is deprecated
      |  ^~~~~~~
In file included from ./lib/getopt-cdefs.h:32,
                 from ./lib/unistd.h:692,
                 from ./lib/stdlib.h:105,
                 from lib/vasprintf.c:28:
/nix/store/yzx98qlav3kgw6a9pkjpz13p1v280vyk-x86_64-unknown-linux-musl-gcc-15.3.0/x86_64-unknown-linux-musl/sys-include/sys/cdefs.h:1:2: warning: #warning usage of non-standard #include <sys/cdefs.h> is deprecated [-Wcpp]
    1 | #warning usage of non-standard #include <sys/cdefs.h> is deprecated
      |  ^~~~~~~
  CC       src/operand2sig.o
In file included from ./lib/getopt-cdefs.h:32,
                 from ./lib/unistd.h:692,
                 from ./lib/stdlib.h:105,
                 from lib/vfprintf.c:27:
/nix/store/yzx98qlav3kgw6a9pkjpz13p1v280vyk-x86_64-unknown-linux-musl-gcc-15.3.0/x86_64-unknown-linux-musl/sys-include/sys/cdefs.h:1:2: warning: #warning usage of non-standard #include <sys/cdefs.h> is deprecated [-Wcpp]
    1 | #warning usage of non-standard #include <sys/cdefs.h> is deprecated
      |  ^~~~~~~
  CC       src/nice.o
  CC       src/who.o
  CC       src/users.o
In file included from ./lib/getopt-cdefs.h:32,
                 from ./lib/unistd.h:692,
                 from src/system.h:32,
                 from src/hostid.c:24:
/nix/store/yzx98qlav3kgw6a9pkjpz13p1v280vyk-x86_64-unknown-linux-musl-gcc-15.3.0/x86_64-unknown-linux-musl/sys-include/sys/cdefs.h:1:2: warning: #warning usage of non-standard #include <sys/cdefs.h> is deprecated [-Wcpp]
    1 | #warning usage of non-standard #include <sys/cdefs.h> is deprecated
      |  ^~~~~~~
In file included from ./lib/getopt-cdefs.h:32,
                 from ./lib/getopt.h:84,
                 from src/who.c:27:
/nix/store/yzx98qlav3kgw6a9pkjpz13p1v280vyk-x86_64-unknown-linux-musl-gcc-15.3.0/x86_64-unknown-linux-musl/sys-include/sys/cdefs.h:1:2: warning: #warning usage of non-standard #include <sys/cdefs.h> is deprecated [-Wcpp]
    1 | #warning usage of non-standard #include <sys/cdefs.h> is deprecated
      |  ^~~~~~~
In file included from ./lib/getopt-cdefs.h:32,
                 from ./lib/unistd.h:692,
                 from src/system.h:32,
                 from src/operand2sig.c:29:
/nix/store/yzx98qlav3kgw6a9pkjpz13p1v280vyk-x86_64-unknown-linux-musl-gcc-15.3.0/x86_64-unknown-linux-musl/sys-include/sys/cdefs.h:1:2: warning: #warning usage of non-standard #include <sys/cdefs.h> is deprecated [-Wcpp]
    1 | #warning usage of non-standard #include <sys/cdefs.h> is deprecated
      |  ^~~~~~~
In file included from ./lib/getopt-cdefs.h:32,
                 from ./lib/unistd.h:692,
                 from src/system.h:32,
                 from src/users.c:23:
/nix/store/yzx98qlav3kgw6a9pkjpz13p1v280vyk-x86_64-unknown-linux-musl-gcc-15.3.0/x86_64-unknown-linux-musl/sys-include/sys/cdefs.h:1:2: warning: #warning usage of non-standard #include <sys/cdefs.h> is deprecated [-Wcpp]
    1 | #warning usage of non-standard #include <sys/cdefs.h> is deprecated
      |  ^~~~~~~
In file included from ./lib/getopt-cdefs.h:32,
                 from ./lib/getopt.h:84,
                 from src/nice.c:21:
/nix/store/yzx98qlav3kgw6a9pkjpz13p1v280vyk-x86_64-unknown-linux-musl-gcc-15.3.0/x86_64-unknown-linux-musl/sys-include/sys/cdefs.h:1:2: warning: #warning usage of non-standard #include <sys/cdefs.h> is deprecated [-Wcpp]
    1 | #warning usage of non-standard #include <sys/cdefs.h> is deprecated
      |  ^~~~~~~
  CC       src/pinky.o
In file included from ./lib/getopt-cdefs.h:32,
                 from ./lib/getopt.h:84,
                 from src/pinky.c:21:
/nix/store/yzx98qlav3kgw6a9pkjpz13p1v280vyk-x86_64-unknown-linux-musl-gcc-15.3.0/x86_64-unknown-linux-musl/sys-include/sys/cdefs.h:1:2: warning: #warning usage of non-standard #include <sys/cdefs.h> is deprecated [-Wcpp]
    1 | #warning usage of non-standard #include <sys/cdefs.h> is deprecated
      |  ^~~~~~~
  CC       src/stty.o
  CC       src/df.o
  CC       src/find-mount-point.o
  CC       src/stdbuf.o
In file included from ./lib/getopt-cdefs.h:32,
                 from ./lib/unistd.h:692,
                 from src/system.h:32,
                 from src/find-mount-point.c:20:
/nix/store/yzx98qlav3kgw6a9pkjpz13p1v280vyk-x86_64-unknown-linux-musl-gcc-15.3.0/x86_64-unknown-linux-musl/sys-include/sys/cdefs.h:1:2: warning: #warning usage of non-standard #include <sys/cdefs.h> is deprecated [-Wcpp]
    1 | #warning usage of non-standard #include <sys/cdefs.h> is deprecated
      |  ^~~~~~~
In file included from ./lib/getopt-cdefs.h:32,
                 from ./lib/unistd.h:692,
                 from ./lib/sys/ioctl.h:43,
                 from src/stty.c:43:
/nix/store/yzx98qlav3kgw6a9pkjpz13p1v280vyk-x86_64-unknown-linux-musl-gcc-15.3.0/x86_64-unknown-linux-musl/sys-include/sys/cdefs.h:1:2: warning: #warning usage of non-standard #include <sys/cdefs.h> is deprecated [-Wcpp]
    1 | #warning usage of non-standard #include <sys/cdefs.h> is deprecated
      |  ^~~~~~~
  CC       src/lbracket.o
  CC       src/b2sum-digest.o
In file included from ./lib/getopt-cdefs.h:32,
                 from ./lib/getopt.h:84,
                 from src/df.c:24:
/nix/store/yzx98qlav3kgw6a9pkjpz13p1v280vyk-x86_64-unknown-linux-musl-gcc-15.3.0/x86_64-unknown-linux-musl/sys-include/sys/cdefs.h:1:2: warning: #warning usage of non-standard #include <sys/cdefs.h> is deprecated [-Wcpp]
    1 | #warning usage of non-standard #include <sys/cdefs.h> is deprecated
      |  ^~~~~~~
In file included from ./lib/getopt-cdefs.h:32,
                 from ./lib/getopt.h:84,
                 from src/digest.c:21:
/nix/store/yzx98qlav3kgw6a9pkjpz13p1v280vyk-x86_64-unknown-linux-musl-gcc-15.3.0/x86_64-unknown-linux-musl/sys-include/sys/cdefs.h:1:2: warning: #warning usage of non-standard #include <sys/cdefs.h> is deprecated [-Wcpp]
    1 | #warning usage of non-standard #include <sys/cdefs.h> is deprecated
      |  ^~~~~~~
In file included from ./lib/getopt-cdefs.h:32,
                 from ./lib/getopt.h:84,
                 from src/stdbuf.c:21:
/nix/store/yzx98qlav3kgw6a9pkjpz13p1v280vyk-x86_64-unknown-linux-musl-gcc-15.3.0/x86_64-unknown-linux-musl/sys-include/sys/cdefs.h:1:2: warning: #warning usage of non-standard #include <sys/cdefs.h> is deprecated [-Wcpp]
    1 | #warning usage of non-standard #include <sys/cdefs.h> is deprecated
      |  ^~~~~~~
In file included from ./lib/getopt-cdefs.h:32,
                 from ./lib/unistd.h:692,
                 from src/system.h:32,
                 from src/test.c:41,
                 from src/lbracket.c:2:
/nix/store/yzx98qlav3kgw6a9pkjpz13p1v280vyk-x86_64-unknown-linux-musl-gcc-15.3.0/x86_64-unknown-linux-musl/sys-include/sys/cdefs.h:1:2: warning: #warning usage of non-standard #include <sys/cdefs.h> is deprecated [-Wcpp]
    1 | #warning usage of non-standard #include <sys/cdefs.h> is deprecated
      |  ^~~~~~~
  CC       src/base64-basenc.o
  CC       src/base32-basenc.o
In file included from ./lib/getopt-cdefs.h:32,
                 from ./lib/getopt.h:84,
                 from src/basenc.c:22:
/nix/store/yzx98qlav3kgw6a9pkjpz13p1v280vyk-x86_64-unknown-linux-musl-gcc-15.3.0/x86_64-unknown-linux-musl/sys-include/sys/cdefs.h:1:2: warning: #warning usage of non-standard #include <sys/cdefs.h> is deprecated [-Wcpp]
    1 | #warning usage of non-standard #include <sys/cdefs.h> is deprecated
      |  ^~~~~~~
In file included from ./lib/getopt-cdefs.h:32,
                 from ./lib/getopt.h:84,
                 from src/basenc.c:22:
/nix/store/yzx98qlav3kgw6a9pkjpz13p1v280vyk-x86_64-unknown-linux-musl-gcc-15.3.0/x86_64-unknown-linux-musl/sys-include/sys/cdefs.h:1:2: warning: #warning usage of non-standard #include <sys/cdefs.h> is deprecated [-Wcpp]
    1 | #warning usage of non-standard #include <sys/cdefs.h> is deprecated
      |  ^~~~~~~
  CC       src/basenc-basenc.o
In file included from ./lib/getopt-cdefs.h:32,
                 from ./lib/getopt.h:84,
                 from src/basenc.c:22:
/nix/store/yzx98qlav3kgw6a9pkjpz13p1v280vyk-x86_64-unknown-linux-musl-gcc-15.3.0/x86_64-unknown-linux-musl/sys-include/sys/cdefs.h:1:2: warning: #warning usage of non-standard #include <sys/cdefs.h> is deprecated [-Wcpp]
    1 | #warning usage of non-standard #include <sys/cdefs.h> is deprecated
      |  ^~~~~~~
  CC       src/basename.o
  CC       src/cat.o
In file included from ./lib/getopt-cdefs.h:32,
                 from ./lib/getopt.h:84,
                 from src/basename.c:18:
/nix/store/yzx98qlav3kgw6a9pkjpz13p1v280vyk-x86_64-unknown-linux-musl-gcc-15.3.0/x86_64-unknown-linux-musl/sys-include/sys/cdefs.h:1:2: warning: #warning usage of non-standard #include <sys/cdefs.h> is deprecated [-Wcpp]
    1 | #warning usage of non-standard #include <sys/cdefs.h> is deprecated
      |  ^~~~~~~
In file included from ./lib/getopt-cdefs.h:32,
                 from ./lib/getopt.h:84,
                 from src/cat.c:27:
/nix/store/yzx98qlav3kgw6a9pkjpz13p1v280vyk-x86_64-unknown-linux-musl-gcc-15.3.0/x86_64-unknown-linux-musl/sys-include/sys/cdefs.h:1:2: warning: #warning usage of non-standard #include <sys/cdefs.h> is deprecated [-Wcpp]
    1 | #warning usage of non-standard #include <sys/cdefs.h> is deprecated
      |  ^~~~~~~
  CC       src/chcon.o
  CC       src/chown.o
In file included from ./lib/getopt-cdefs.h:32,
                 from ./lib/getopt.h:84,
                 from src/chcon.c:20:
/nix/store/yzx98qlav3kgw6a9pkjpz13p1v280vyk-x86_64-unknown-linux-musl-gcc-15.3.0/x86_64-unknown-linux-musl/sys-include/sys/cdefs.h:1:2: warning: #warning usage of non-standard #include <sys/cdefs.h> is deprecated [-Wcpp]
    1 | #warning usage of non-standard #include <sys/cdefs.h> is deprecated
      |  ^~~~~~~
In file included from ./lib/getopt-cdefs.h:32,
                 from ./lib/getopt.h:84,
                 from src/chown.c:22:
/nix/store/yzx98qlav3kgw6a9pkjpz13p1v280vyk-x86_64-unknown-linux-musl-gcc-15.3.0/x86_64-unknown-linux-musl/sys-include/sys/cdefs.h:1:2: warning: #warning usage of non-standard #include <sys/cdefs.h> is deprecated [-Wcpp]
    1 | #warning usage of non-standard #include <sys/cdefs.h> is deprecated
      |  ^~~~~~~
  CC       src/chown-core.o
  CC       src/chown-chgrp.o
In file included from ./lib/getopt-cdefs.h:32,
                 from ./lib/unistd.h:692,
                 from src/system.h:32,
                 from src/chown-core.c:25:
/nix/store/yzx98qlav3kgw6a9pkjpz13p1v280vyk-x86_64-unknown-linux-musl-gcc-15.3.0/x86_64-unknown-linux-musl/sys-include/sys/cdefs.h:1:2: warning: #warning usage of non-standard #include <sys/cdefs.h> is deprecated [-Wcpp]
    1 | #warning usage of non-standard #include <sys/cdefs.h> is deprecated
      |  ^~~~~~~
  CC       src/chmod.o
  CC       src/chown-chown.o
In file included from ./lib/getopt-cdefs.h:32,
                 from ./lib/getopt.h:84,
                 from src/chmod.c:21:
/nix/store/yzx98qlav3kgw6a9pkjpz13p1v280vyk-x86_64-unknown-linux-musl-gcc-15.3.0/x86_64-unknown-linux-musl/sys-include/sys/cdefs.h:1:2: warning: #warning usage of non-standard #include <sys/cdefs.h> is deprecated [-Wcpp]
    1 | #warning usage of non-standard #include <sys/cdefs.h> is deprecated
      |  ^~~~~~~
  CC       src/cksum-digest.o
  CC       src/blake2/cksum-blake2b-ref.o
In file included from ./lib/getopt-cdefs.h:32,
                 from ./lib/getopt.h:84,
                 from src/digest.c:21:
/nix/store/yzx98qlav3kgw6a9pkjpz13p1v280vyk-x86_64-unknown-linux-musl-gcc-15.3.0/x86_64-unknown-linux-musl/sys-include/sys/cdefs.h:1:2: warning: #warning usage of non-standard #include <sys/cdefs.h> is deprecated [-Wcpp]
    1 | #warning usage of non-standard #include <sys/cdefs.h> is deprecated
      |  ^~~~~~~
  CC       src/blake2/cksum-b2sum.o
  CC       src/cksum-sum.o
  CC       src/cksum-cksum.o
In file included from ./lib/getopt-cdefs.h:32,
                 from ./lib/unistd.h:692,
                 from ./lib/stdlib.h:105,
                 from src/blake2/b2sum.c:21:
/nix/store/yzx98qlav3kgw6a9pkjpz13p1v280vyk-x86_64-unknown-linux-musl-gcc-15.3.0/x86_64-unknown-linux-musl/sys-include/sys/cdefs.h:1:2: warning: #warning usage of non-standard #include <sys/cdefs.h> is deprecated [-Wcpp]
    1 | #warning usage of non-standard #include <sys/cdefs.h> is deprecated
      |  ^~~~~~~
In file included from ./lib/getopt-cdefs.h:32,
                 from ./lib/unistd.h:692,
                 from src/system.h:32,
                 from src/sum.c:25:
/nix/store/yzx98qlav3kgw6a9pkjpz13p1v280vyk-x86_64-unknown-linux-musl-gcc-15.3.0/x86_64-unknown-linux-musl/sys-include/sys/cdefs.h:1:2: warning: #warning usage of non-standard #include <sys/cdefs.h> is deprecated [-Wcpp]
    1 | #warning usage of non-standard #include <sys/cdefs.h> is deprecated
      |  ^~~~~~~
In file included from ./lib/getopt-cdefs.h:32,
                 from ./lib/unistd.h:692,
                 from src/system.h:32,
                 from src/cksum.c:40:
/nix/store/yzx98qlav3kgw6a9pkjpz13p1v280vyk-x86_64-unknown-linux-musl-gcc-15.3.0/x86_64-unknown-linux-musl/sys-include/sys/cdefs.h:1:2: warning: #warning usage of non-standard #include <sys/cdefs.h> is deprecated [-Wcpp]
    1 | #warning usage of non-standard #include <sys/cdefs.h> is deprecated
      |  ^~~~~~~
  CC       src/libcksum_pclmul_a-cksum_pclmul.o
  CC       src/cksum-crctab.o
  CC       src/comm.o
  CC       src/cp.o
In file included from ./lib/getopt-cdefs.h:32,
                 from ./lib/getopt.h:84,
                 from src/comm.c:21:
/nix/store/yzx98qlav3kgw6a9pkjpz13p1v280vyk-x86_64-unknown-linux-musl-gcc-15.3.0/x86_64-unknown-linux-musl/sys-include/sys/cdefs.h:1:2: warning: #warning usage of non-standard #include <sys/cdefs.h> is deprecated [-Wcpp]
    1 | #warning usage of non-standard #include <sys/cdefs.h> is deprecated
      |  ^~~~~~~
  CC       src/copy.o
In file included from ./lib/getopt-cdefs.h:32,
                 from ./lib/getopt.h:84,
                 from src/cp.c:22:
/nix/store/yzx98qlav3kgw6a9pkjpz13p1v280vyk-x86_64-unknown-linux-musl-gcc-15.3.0/x86_64-unknown-linux-musl/sys-include/sys/cdefs.h:1:2: warning: #warning usage of non-standard #include <sys/cdefs.h> is deprecated [-Wcpp]
    1 | #warning usage of non-standard #include <sys/cdefs.h> is deprecated
      |  ^~~~~~~
In file included from ./lib/getopt-cdefs.h:32,
                 from ./lib/unistd.h:692,
                 from ./lib/sys/ioctl.h:43,
                 from src/copy.c:21:
/nix/store/yzx98qlav3kgw6a9pkjpz13p1v280vyk-x86_64-unknown-linux-musl-gcc-15.3.0/x86_64-unknown-linux-musl/sys-include/sys/cdefs.h:1:2: warning: #warning usage of non-standard #include <sys/cdefs.h> is deprecated [-Wcpp]
    1 | #warning usage of non-standard #include <sys/cdefs.h> is deprecated
      |  ^~~~~~~
In file included from ./lib/getopt-cdefs.h:32,
                 from ./lib/unistd.h:692,
                 from ./lib/stdlib.h:105,
                 from /nix/store/yzx98qlav3kgw6a9pkjpz13p1v280vyk-x86_64-unknown-linux-musl-gcc-15.3.0/lib/gcc/x86_64-unknown-linux-musl/15.3.0/include/mm_malloc.h:27,
                 from /nix/store/yzx98qlav3kgw6a9pkjpz13p1v280vyk-x86_64-unknown-linux-musl-gcc-15.3.0/lib/gcc/x86_64-unknown-linux-musl/15.3.0/include/xmmintrin.h:34,
                 from /nix/store/yzx98qlav3kgw6a9pkjpz13p1v280vyk-x86_64-unknown-linux-musl-gcc-15.3.0/lib/gcc/x86_64-unknown-linux-musl/15.3.0/include/immintrin.h:31,
                 from /nix/store/yzx98qlav3kgw6a9pkjpz13p1v280vyk-x86_64-unknown-linux-musl-gcc-15.3.0/lib/gcc/x86_64-unknown-linux-musl/15.3.0/include/x86intrin.h:32,
                 from src/cksum_pclmul.c:22:
/nix/store/yzx98qlav3kgw6a9pkjpz13p1v280vyk-x86_64-unknown-linux-musl-gcc-15.3.0/x86_64-unknown-linux-musl/sys-include/sys/cdefs.h:1:2: warning: #warning usage of non-standard #include <sys/cdefs.h> is deprecated [-Wcpp]
    1 | #warning usage of non-standard #include <sys/cdefs.h> is deprecated
      |  ^~~~~~~
  CC       src/cp-hash.o
  CC       src/force-link.o
  CC       src/selinux.o
  CC       src/csplit.o
In file included from ./lib/getopt-cdefs.h:32,
                 from ./lib/unistd.h:692,
                 from src/system.h:32,
                 from src/cp-hash.c:23:
/nix/store/yzx98qlav3kgw6a9pkjpz13p1v280vyk-x86_64-unknown-linux-musl-gcc-15.3.0/x86_64-unknown-linux-musl/sys-include/sys/cdefs.h:1:2: warning: #warning usage of non-standard #include <sys/cdefs.h> is deprecated [-Wcpp]
    1 | #warning usage of non-standard #include <sys/cdefs.h> is deprecated
      |  ^~~~~~~
In file included from ./lib/getopt-cdefs.h:32,
                 from ./lib/getopt.h:84,
                 from src/csplit.c:23:
/nix/store/yzx98qlav3kgw6a9pkjpz13p1v280vyk-x86_64-unknown-linux-musl-gcc-15.3.0/x86_64-unknown-linux-musl/sys-include/sys/cdefs.h:1:2: warning: #warning usage of non-standard #include <sys/cdefs.h> is deprecated [-Wcpp]
    1 | #warning usage of non-standard #include <sys/cdefs.h> is deprecated
      |  ^~~~~~~
In file included from ./lib/getopt-cdefs.h:32,
                 from ./lib/unistd.h:692,
                 from src/system.h:32,
                 from src/force-link.c:27:
/nix/store/yzx98qlav3kgw6a9pkjpz13p1v280vyk-x86_64-unknown-linux-musl-gcc-15.3.0/x86_64-unknown-linux-musl/sys-include/sys/cdefs.h:1:2: warning: #warning usage of non-standard #include <sys/cdefs.h> is deprecated [-Wcpp]
    1 | #warning usage of non-standard #include <sys/cdefs.h> is deprecated
      |  ^~~~~~~
In file included from ./lib/getopt-cdefs.h:32,
                 from ./lib/unistd.h:692,
                 from src/system.h:32,
                 from src/selinux.c:24:
/nix/store/yzx98qlav3kgw6a9pkjpz13p1v280vyk-x86_64-unknown-linux-musl-gcc-15.3.0/x86_64-unknown-linux-musl/sys-include/sys/cdefs.h:1:2: warning: #warning usage of non-standard #include <sys/cdefs.h> is deprecated [-Wcpp]
    1 | #warning usage of non-standard #include <sys/cdefs.h> is deprecated
      |  ^~~~~~~
  CC       src/cut.o
In file included from ./lib/getopt-cdefs.h:32,
                 from ./lib/getopt.h:84,
                 from src/cut.c:28:
/nix/store/yzx98qlav3kgw6a9pkjpz13p1v280vyk-x86_64-unknown-linux-musl-gcc-15.3.0/x86_64-unknown-linux-musl/sys-include/sys/cdefs.h:1:2: warning: #warning usage of non-standard #include <sys/cdefs.h> is deprecated [-Wcpp]
    1 | #warning usage of non-standard #include <sys/cdefs.h> is deprecated
      |  ^~~~~~~
  CC       src/set-fields.o
  CC       src/date.o
In file included from ./lib/getopt-cdefs.h:32,
                 from ./lib/unistd.h:692,
                 from src/system.h:32,
                 from src/set-fields.c:21:
/nix/store/yzx98qlav3kgw6a9pkjpz13p1v280vyk-x86_64-unknown-linux-musl-gcc-15.3.0/x86_64-unknown-linux-musl/sys-include/sys/cdefs.h:1:2: warning: #warning usage of non-standard #include <sys/cdefs.h> is deprecated [-Wcpp]
    1 | #warning usage of non-standard #include <sys/cdefs.h> is deprecated
      |  ^~~~~~~
  CC       src/dd.o
In file included from ./lib/getopt-cdefs.h:32,
                 from ./lib/getopt.h:84,
                 from src/date.c:21:
/nix/store/yzx98qlav3kgw6a9pkjpz13p1v280vyk-x86_64-unknown-linux-musl-gcc-15.3.0/x86_64-unknown-linux-musl/sys-include/sys/cdefs.h:1:2: warning: #warning usage of non-standard #include <sys/cdefs.h> is deprecated [-Wcpp]
    1 | #warning usage of non-standard #include <sys/cdefs.h> is deprecated
      |  ^~~~~~~
  CC       src/ls.o
In file included from ./lib/getopt-cdefs.h:32,
                 from ./lib/unistd.h:692,
                 from src/system.h:32,
                 from src/dd.c:25:
/nix/store/yzx98qlav3kgw6a9pkjpz13p1v280vyk-x86_64-unknown-linux-musl-gcc-15.3.0/x86_64-unknown-linux-musl/sys-include/sys/cdefs.h:1:2: warning: #warning usage of non-standard #include <sys/cdefs.h> is deprecated [-Wcpp]
    1 | #warning usage of non-standard #include <sys/cdefs.h> is deprecated
      |  ^~~~~~~
In file included from ./lib/getopt-cdefs.h:32,
                 from ./lib/unistd.h:692,
                 from ./lib/sys/ioctl.h:43,
                 from src/ls.c:46:
/nix/store/yzx98qlav3kgw6a9pkjpz13p1v280vyk-x86_64-unknown-linux-musl-gcc-15.3.0/x86_64-unknown-linux-musl/sys-include/sys/cdefs.h:1:2: warning: #warning usage of non-standard #include <sys/cdefs.h> is deprecated [-Wcpp]
    1 | #warning usage of non-standard #include <sys/cdefs.h> is deprecated
      |  ^~~~~~~
  CC       src/ls-dir.o
  CC       src/dircolors.o
  CC       src/dirname.o
  CC       src/du.o
In file included from ./lib/getopt-cdefs.h:32,
                 from ./lib/getopt.h:84,
                 from src/dircolors.c:22:
/nix/store/yzx98qlav3kgw6a9pkjpz13p1v280vyk-x86_64-unknown-linux-musl-gcc-15.3.0/x86_64-unknown-linux-musl/sys-include/sys/cdefs.h:1:2: warning: #warning usage of non-standard #include <sys/cdefs.h> is deprecated [-Wcpp]
    1 | #warning usage of non-standard #include <sys/cdefs.h> is deprecated
      |  ^~~~~~~
In file included from ./lib/getopt-cdefs.h:32,
                 from ./lib/getopt.h:84,
                 from src/du.c:27:
/nix/store/yzx98qlav3kgw6a9pkjpz13p1v280vyk-x86_64-unknown-linux-musl-gcc-15.3.0/x86_64-unknown-linux-musl/sys-include/sys/cdefs.h:1:2: warning: #warning usage of non-standard #include <sys/cdefs.h> is deprecated [-Wcpp]
    1 | #warning usage of non-standard #include <sys/cdefs.h> is deprecated
      |  ^~~~~~~
In file included from ./lib/getopt-cdefs.h:32,
                 from ./lib/getopt.h:84,
                 from src/dirname.c:21:
/nix/store/yzx98qlav3kgw6a9pkjpz13p1v280vyk-x86_64-unknown-linux-musl-gcc-15.3.0/x86_64-unknown-linux-musl/sys-include/sys/cdefs.h:1:2: warning: #warning usage of non-standard #include <sys/cdefs.h> is deprecated [-Wcpp]
    1 | #warning usage of non-standard #include <sys/cdefs.h> is deprecated
      |  ^~~~~~~
  CC       src/echo.o
  CC       src/env.o
In file included from ./lib/getopt-cdefs.h:32,
                 from ./lib/unistd.h:692,
                 from src/system.h:32,
                 from src/echo.c:20:
/nix/store/yzx98qlav3kgw6a9pkjpz13p1v280vyk-x86_64-unknown-linux-musl-gcc-15.3.0/x86_64-unknown-linux-musl/sys-include/sys/cdefs.h:1:2: warning: #warning usage of non-standard #include <sys/cdefs.h> is deprecated [-Wcpp]
    1 | #warning usage of non-standard #include <sys/cdefs.h> is deprecated
      |  ^~~~~~~
In file included from ./lib/getopt-cdefs.h:32,
                 from ./lib/getopt.h:84,
                 from src/env.c:22:
/nix/store/yzx98qlav3kgw6a9pkjpz13p1v280vyk-x86_64-unknown-linux-musl-gcc-15.3.0/x86_64-unknown-linux-musl/sys-include/sys/cdefs.h:1:2: warning: #warning usage of non-standard #include <sys/cdefs.h> is deprecated [-Wcpp]
    1 | #warning usage of non-standard #include <sys/cdefs.h> is deprecated
      |  ^~~~~~~
  CC       src/expand.o
  CC       src/expand-common.o
In file included from ./lib/getopt-cdefs.h:32,
                 from ./lib/getopt.h:84,
                 from src/expand.c:39:
/nix/store/yzx98qlav3kgw6a9pkjpz13p1v280vyk-x86_64-unknown-linux-musl-gcc-15.3.0/x86_64-unknown-linux-musl/sys-include/sys/cdefs.h:1:2: warning: #warning usage of non-standard #include <sys/cdefs.h> is deprecated [-Wcpp]
    1 | #warning usage of non-standard #include <sys/cdefs.h> is deprecated
      |  ^~~~~~~
  CC       src/expr.o
In file included from ./lib/getopt-cdefs.h:32,
                 from ./lib/unistd.h:692,
                 from src/system.h:32,
                 from src/expand-common.c:22:
/nix/store/yzx98qlav3kgw6a9pkjpz13p1v280vyk-x86_64-unknown-linux-musl-gcc-15.3.0/x86_64-unknown-linux-musl/sys-include/sys/cdefs.h:1:2: warning: #warning usage of non-standard #include <sys/cdefs.h> is deprecated [-Wcpp]
    1 | #warning usage of non-standard #include <sys/cdefs.h> is deprecated
      |  ^~~~~~~
In file included from ./lib/getopt-cdefs.h:32,
                 from ./lib/unistd.h:692,
                 from src/system.h:32,
                 from src/expr.c:34:
/nix/store/yzx98qlav3kgw6a9pkjpz13p1v280vyk-x86_64-unknown-linux-musl-gcc-15.3.0/x86_64-unknown-linux-musl/sys-include/sys/cdefs.h:1:2: warning: #warning usage of non-standard #include <sys/cdefs.h> is deprecated [-Wcpp]
    1 | #warning usage of non-standard #include <sys/cdefs.h> is deprecated
      |  ^~~~~~~
  CC       src/factor.o
In file included from ./lib/getopt-cdefs.h:32,
                 from ./lib/getopt.h:84,
                 from src/factor.c:105:
/nix/store/yzx98qlav3kgw6a9pkjpz13p1v280vyk-x86_64-unknown-linux-musl-gcc-15.3.0/x86_64-unknown-linux-musl/sys-include/sys/cdefs.h:1:2: warning: #warning usage of non-standard #include <sys/cdefs.h> is deprecated [-Wcpp]
    1 | #warning usage of non-standard #include <sys/cdefs.h> is deprecated
      |  ^~~~~~~
  CC       src/false.o
  CC       src/fmt.o
In file included from ./lib/getopt-cdefs.h:32,
                 from ./lib/unistd.h:692,
                 from src/system.h:32,
                 from src/true.c:20,
                 from src/false.c:2:
/nix/store/yzx98qlav3kgw6a9pkjpz13p1v280vyk-x86_64-unknown-linux-musl-gcc-15.3.0/x86_64-unknown-linux-musl/sys-include/sys/cdefs.h:1:2: warning: #warning usage of non-standard #include <sys/cdefs.h> is deprecated [-Wcpp]
    1 | #warning usage of non-standard #include <sys/cdefs.h> is deprecated
      |  ^~~~~~~
  CC       src/fold.o
In file included from ./lib/getopt-cdefs.h:32,
                 from ./lib/getopt.h:84,
                 from src/fmt.c:23:
/nix/store/yzx98qlav3kgw6a9pkjpz13p1v280vyk-x86_64-unknown-linux-musl-gcc-15.3.0/x86_64-unknown-linux-musl/sys-include/sys/cdefs.h:1:2: warning: #warning usage of non-standard #include <sys/cdefs.h> is deprecated [-Wcpp]
    1 | #warning usage of non-standard #include <sys/cdefs.h> is deprecated
      |  ^~~~~~~
In file included from ./lib/getopt-cdefs.h:32,
                 from ./lib/getopt.h:84,
                 from src/fold.c:23:
/nix/store/yzx98qlav3kgw6a9pkjpz13p1v280vyk-x86_64-unknown-linux-musl-gcc-15.3.0/x86_64-unknown-linux-musl/sys-include/sys/cdefs.h:1:2: warning: #warning usage of non-standard #include <sys/cdefs.h> is deprecated [-Wcpp]
    1 | #warning usage of non-standard #include <sys/cdefs.h> is deprecated
      |  ^~~~~~~
  CC       src/install.o
  CC       src/prog-fprintf.o
In file included from ./lib/getopt-cdefs.h:32,
                 from ./lib/getopt.h:84,
                 from src/install.c:21:
/nix/store/yzx98qlav3kgw6a9pkjpz13p1v280vyk-x86_64-unknown-linux-musl-gcc-15.3.0/x86_64-unknown-linux-musl/sys-include/sys/cdefs.h:1:2: warning: #warning usage of non-standard #include <sys/cdefs.h> is deprecated [-Wcpp]
    1 | #warning usage of non-standard #include <sys/cdefs.h> is deprecated
      |  ^~~~~~~
  CC       src/groups.o
In file included from ./lib/getopt-cdefs.h:32,
                 from ./lib/unistd.h:692,
                 from src/system.h:32,
                 from src/prog-fprintf.c:21:
/nix/store/yzx98qlav3kgw6a9pkjpz13p1v280vyk-x86_64-unknown-linux-musl-gcc-15.3.0/x86_64-unknown-linux-musl/sys-include/sys/cdefs.h:1:2: warning: #warning usage of non-standard #include <sys/cdefs.h> is deprecated [-Wcpp]
    1 | #warning usage of non-standard #include <sys/cdefs.h> is deprecated
      |  ^~~~~~~
In file included from ./lib/getopt-cdefs.h:32,
                 from ./lib/getopt.h:84,
                 from src/groups.c:25:
/nix/store/yzx98qlav3kgw6a9pkjpz13p1v280vyk-x86_64-unknown-linux-musl-gcc-15.3.0/x86_64-unknown-linux-musl/sys-include/sys/cdefs.h:1:2: warning: #warning usage of non-standard #include <sys/cdefs.h> is deprecated [-Wcpp]
    1 | #warning usage of non-standard #include <sys/cdefs.h> is deprecated
      |  ^~~~~~~
  CC       src/group-list.o
  CC       src/head.o
  CC       src/id.o
In file included from ./lib/getopt-cdefs.h:32,
                 from ./lib/unistd.h:692,
                 from src/system.h:32,
                 from src/group-list.c:27:
/nix/store/yzx98qlav3kgw6a9pkjpz13p1v280vyk-x86_64-unknown-linux-musl-gcc-15.3.0/x86_64-unknown-linux-musl/sys-include/sys/cdefs.h:1:2: warning: #warning usage of non-standard #include <sys/cdefs.h> is deprecated [-Wcpp]
    1 | #warning usage of non-standard #include <sys/cdefs.h> is deprecated
      |  ^~~~~~~
In file included from ./lib/getopt-cdefs.h:32,
                 from ./lib/getopt.h:84,
                 from src/head.c:29:
/nix/store/yzx98qlav3kgw6a9pkjpz13p1v280vyk-x86_64-unknown-linux-musl-gcc-15.3.0/x86_64-unknown-linux-musl/sys-include/sys/cdefs.h:1:2: warning: #warning usage of non-standard #include <sys/cdefs.h> is deprecated [-Wcpp]
    1 | #warning usage of non-standard #include <sys/cdefs.h> is deprecated
      |  ^~~~~~~
  CC       src/join.o
In file included from ./lib/getopt-cdefs.h:32,
                 from ./lib/getopt.h:84,
                 from src/id.c:25:
/nix/store/yzx98qlav3kgw6a9pkjpz13p1v280vyk-x86_64-unknown-linux-musl-gcc-15.3.0/x86_64-unknown-linux-musl/sys-include/sys/cdefs.h:1:2: warning: #warning usage of non-standard #include <sys/cdefs.h> is deprecated [-Wcpp]
    1 | #warning usage of non-standard #include <sys/cdefs.h> is deprecated
      |  ^~~~~~~
In file included from ./lib/getopt-cdefs.h:32,
                 from ./lib/getopt.h:84,
                 from src/join.c:22:
/nix/store/yzx98qlav3kgw6a9pkjpz13p1v280vyk-x86_64-unknown-linux-musl-gcc-15.3.0/x86_64-unknown-linux-musl/sys-include/sys/cdefs.h:1:2: warning: #warning usage of non-standard #include <sys/cdefs.h> is deprecated [-Wcpp]
    1 | #warning usage of non-standard #include <sys/cdefs.h> is deprecated
      |  ^~~~~~~
  CC       src/kill.o
In file included from ./lib/getopt-cdefs.h:32,
                 from ./lib/getopt.h:84,
                 from src/kill.c:21:
/nix/store/yzx98qlav3kgw6a9pkjpz13p1v280vyk-x86_64-unknown-linux-musl-gcc-15.3.0/x86_64-unknown-linux-musl/sys-include/sys/cdefs.h:1:2: warning: #warning usage of non-standard #include <sys/cdefs.h> is deprecated [-Wcpp]
    1 | #warning usage of non-standard #include <sys/cdefs.h> is deprecated
      |  ^~~~~~~
  CC       src/link.o
  CC       src/ln.o
  CC       src/relpath.o
In file included from ./lib/getopt-cdefs.h:32,
                 from ./lib/unistd.h:692,
                 from src/system.h:32,
                 from src/link.c:27:
/nix/store/yzx98qlav3kgw6a9pkjpz13p1v280vyk-x86_64-unknown-linux-musl-gcc-15.3.0/x86_64-unknown-linux-musl/sys-include/sys/cdefs.h:1:2: warning: #warning usage of non-standard #include <sys/cdefs.h> is deprecated [-Wcpp]
    1 | #warning usage of non-standard #include <sys/cdefs.h> is deprecated
      |  ^~~~~~~
  CC       src/logname.o
In file included from ./lib/getopt-cdefs.h:32,
                 from ./lib/getopt.h:84,
                 from src/ln.c:22:
/nix/store/yzx98qlav3kgw6a9pkjpz13p1v280vyk-x86_64-unknown-linux-musl-gcc-15.3.0/x86_64-unknown-linux-musl/sys-include/sys/cdefs.h:1:2: warning: #warning usage of non-standard #include <sys/cdefs.h> is deprecated [-Wcpp]
    1 | #warning usage of non-standard #include <sys/cdefs.h> is deprecated
      |  ^~~~~~~
In file included from ./lib/getopt-cdefs.h:32,
                 from ./lib/unistd.h:692,
                 from src/system.h:32,
                 from src/relpath.c:21:
/nix/store/yzx98qlav3kgw6a9pkjpz13p1v280vyk-x86_64-unknown-linux-musl-gcc-15.3.0/x86_64-unknown-linux-musl/sys-include/sys/cdefs.h:1:2: warning: #warning usage of non-standard #include <sys/cdefs.h> is deprecated [-Wcpp]
    1 | #warning usage of non-standard #include <sys/cdefs.h> is deprecated
      |  ^~~~~~~
In file included from ./lib/getopt-cdefs.h:32,
                 from ./lib/unistd.h:692,
                 from src/system.h:32,
                 from src/logname.c:21:
/nix/store/yzx98qlav3kgw6a9pkjpz13p1v280vyk-x86_64-unknown-linux-musl-gcc-15.3.0/x86_64-unknown-linux-musl/sys-include/sys/cdefs.h:1:2: warning: #warning usage of non-standard #include <sys/cdefs.h> is deprecated [-Wcpp]
    1 | #warning usage of non-standard #include <sys/cdefs.h> is deprecated
      |  ^~~~~~~
  CC       src/ls-ls.o
  CC       src/md5sum-digest.o
  CC       src/mkdir.o
  CC       src/mkfifo.o
In file included from ./lib/getopt-cdefs.h:32,
                 from ./lib/getopt.h:84,
                 from src/digest.c:21:
/nix/store/yzx98qlav3kgw6a9pkjpz13p1v280vyk-x86_64-unknown-linux-musl-gcc-15.3.0/x86_64-unknown-linux-musl/sys-include/sys/cdefs.h:1:2: warning: #warning usage of non-standard #include <sys/cdefs.h> is deprecated [-Wcpp]
    1 | #warning usage of non-standard #include <sys/cdefs.h> is deprecated
      |  ^~~~~~~
  CC       src/mknod.o
In file included from ./lib/getopt-cdefs.h:32,
                 from ./lib/getopt.h:84,
                 from src/mkdir.c:21:
/nix/store/yzx98qlav3kgw6a9pkjpz13p1v280vyk-x86_64-unknown-linux-musl-gcc-15.3.0/x86_64-unknown-linux-musl/sys-include/sys/cdefs.h:1:2: warning: #warning usage of non-standard #include <sys/cdefs.h> is deprecated [-Wcpp]
    1 | #warning usage of non-standard #include <sys/cdefs.h> is deprecated
      |  ^~~~~~~
  CC       src/mktemp.o
In file included from ./lib/getopt-cdefs.h:32,
                 from ./lib/getopt.h:84,
                 from src/mkfifo.c:21:
/nix/store/yzx98qlav3kgw6a9pkjpz13p1v280vyk-x86_64-unknown-linux-musl-gcc-15.3.0/x86_64-unknown-linux-musl/sys-include/sys/cdefs.h:1:2: warning: #warning usage of non-standard #include <sys/cdefs.h> is deprecated [-Wcpp]
    1 | #warning usage of non-standard #include <sys/cdefs.h> is deprecated
      |  ^~~~~~~
  CC       src/mv.o
In file included from ./lib/getopt-cdefs.h:32,
                 from ./lib/getopt.h:84,
                 from src/mktemp.c:21:
/nix/store/yzx98qlav3kgw6a9pkjpz13p1v280vyk-x86_64-unknown-linux-musl-gcc-15.3.0/x86_64-unknown-linux-musl/sys-include/sys/cdefs.h:1:2: warning: #warning usage of non-standard #include <sys/cdefs.h> is deprecated [-Wcpp]
    1 | #warning usage of non-standard #include <sys/cdefs.h> is deprecated
      |  ^~~~~~~
In file included from ./lib/getopt-cdefs.h:32,
                 from ./lib/getopt.h:84,
                 from src/mknod.c:21:
/nix/store/yzx98qlav3kgw6a9pkjpz13p1v280vyk-x86_64-unknown-linux-musl-gcc-15.3.0/x86_64-unknown-linux-musl/sys-include/sys/cdefs.h:1:2: warning: #warning usage of non-standard #include <sys/cdefs.h> is deprecated [-Wcpp]
    1 | #warning usage of non-standard #include <sys/cdefs.h> is deprecated
      |  ^~~~~~~
In file included from ./lib/getopt-cdefs.h:32,
                 from ./lib/getopt.h:84,
                 from src/mv.c:21:
/nix/store/yzx98qlav3kgw6a9pkjpz13p1v280vyk-x86_64-unknown-linux-musl-gcc-15.3.0/x86_64-unknown-linux-musl/sys-include/sys/cdefs.h:1:2: warning: #warning usage of non-standard #include <sys/cdefs.h> is deprecated [-Wcpp]
    1 | #warning usage of non-standard #include <sys/cdefs.h> is deprecated
      |  ^~~~~~~
  CC       src/remove.o
  CC       src/nl.o
  CC       src/nproc.o
In file included from ./lib/getopt-cdefs.h:32,
                 from ./lib/unistd.h:692,
                 from src/system.h:32,
                 from src/remove.c:23:
/nix/store/yzx98qlav3kgw6a9pkjpz13p1v280vyk-x86_64-unknown-linux-musl-gcc-15.3.0/x86_64-unknown-linux-musl/sys-include/sys/cdefs.h:1:2: warning: #warning usage of non-standard #include <sys/cdefs.h> is deprecated [-Wcpp]
    1 | #warning usage of non-standard #include <sys/cdefs.h> is deprecated
      |  ^~~~~~~
In file included from ./lib/getopt-cdefs.h:32,
                 from ./lib/getopt.h:84,
                 from src/nproc.c:20:
/nix/store/yzx98qlav3kgw6a9pkjpz13p1v280vyk-x86_64-unknown-linux-musl-gcc-15.3.0/x86_64-unknown-linux-musl/sys-include/sys/cdefs.h:1:2: warning: #warning usage of non-standard #include <sys/cdefs.h> is deprecated [-Wcpp]
    1 | #warning usage of non-standard #include <sys/cdefs.h> is deprecated
      |  ^~~~~~~
In file included from ./lib/getopt-cdefs.h:32,
                 from ./lib/getopt.h:84,
                 from src/nl.c:24:
/nix/store/yzx98qlav3kgw6a9pkjpz13p1v280vyk-x86_64-unknown-linux-musl-gcc-15.3.0/x86_64-unknown-linux-musl/sys-include/sys/cdefs.h:1:2: warning: #warning usage of non-standard #include <sys/cdefs.h> is deprecated [-Wcpp]
    1 | #warning usage of non-standard #include <sys/cdefs.h> is deprecated
      |  ^~~~~~~
  CC       src/nohup.o
  CC       src/numfmt.o
  CC       src/od.o
  CC       src/paste.o
In file included from ./lib/getopt-cdefs.h:32,
                 from ./lib/unistd.h:692,
                 from src/system.h:32,
                 from src/nohup.c:24:
/nix/store/yzx98qlav3kgw6a9pkjpz13p1v280vyk-x86_64-unknown-linux-musl-gcc-15.3.0/x86_64-unknown-linux-musl/sys-include/sys/cdefs.h:1:2: warning: #warning usage of non-standard #include <sys/cdefs.h> is deprecated [-Wcpp]
    1 | #warning usage of non-standard #include <sys/cdefs.h> is deprecated
      |  ^~~~~~~
In file included from ./lib/getopt-cdefs.h:32,
                 from ./lib/getopt.h:84,
                 from src/numfmt.c:20:
/nix/store/yzx98qlav3kgw6a9pkjpz13p1v280vyk-x86_64-unknown-linux-musl-gcc-15.3.0/x86_64-unknown-linux-musl/sys-include/sys/cdefs.h:1:2: warning: #warning usage of non-standard #include <sys/cdefs.h> is deprecated [-Wcpp]
    1 | #warning usage of non-standard #include <sys/cdefs.h> is deprecated
      |  ^~~~~~~
In file included from ./lib/getopt-cdefs.h:32,
                 from ./lib/getopt.h:84,
                 from src/od.c:24:
/nix/store/yzx98qlav3kgw6a9pkjpz13p1v280vyk-x86_64-unknown-linux-musl-gcc-15.3.0/x86_64-unknown-linux-musl/sys-include/sys/cdefs.h:1:2: warning: #warning usage of non-standard #include <sys/cdefs.h> is deprecated [-Wcpp]
    1 | #warning usage of non-standard #include <sys/cdefs.h> is deprecated
      |  ^~~~~~~
In file included from ./lib/getopt-cdefs.h:32,
                 from ./lib/getopt.h:84,
                 from src/paste.c:41:
/nix/store/yzx98qlav3kgw6a9pkjpz13p1v280vyk-x86_64-unknown-linux-musl-gcc-15.3.0/x86_64-unknown-linux-musl/sys-include/sys/cdefs.h:1:2: warning: #warning usage of non-standard #include <sys/cdefs.h> is deprecated [-Wcpp]
    1 | #warning usage of non-standard #include <sys/cdefs.h> is deprecated
      |  ^~~~~~~
  CC       src/pathchk.o
  CC       src/pr.o
In file included from ./lib/getopt-cdefs.h:32,
                 from ./lib/getopt.h:84,
                 from src/pr.c:313:
/nix/store/yzx98qlav3kgw6a9pkjpz13p1v280vyk-x86_64-unknown-linux-musl-gcc-15.3.0/x86_64-unknown-linux-musl/sys-include/sys/cdefs.h:1:2: warning: #warning usage of non-standard #include <sys/cdefs.h> is deprecated [-Wcpp]
    1 | #warning usage of non-standard #include <sys/cdefs.h> is deprecated
      |  ^~~~~~~
In file included from ./lib/getopt-cdefs.h:32,
                 from ./lib/getopt.h:84,
                 from src/pathchk.c:19:
/nix/store/yzx98qlav3kgw6a9pkjpz13p1v280vyk-x86_64-unknown-linux-musl-gcc-15.3.0/x86_64-unknown-linux-musl/sys-include/sys/cdefs.h:1:2: warning: #warning usage of non-standard #include <sys/cdefs.h> is deprecated [-Wcpp]
    1 | #warning usage of non-standard #include <sys/cdefs.h> is deprecated
      |  ^~~~~~~
  CC       src/printenv.o
  CC       src/printf.o
  CC       src/ptx.o
In file included from ./lib/getopt-cdefs.h:32,
                 from ./lib/getopt.h:84,
                 from src/printenv.c:33:
/nix/store/yzx98qlav3kgw6a9pkjpz13p1v280vyk-x86_64-unknown-linux-musl-gcc-15.3.0/x86_64-unknown-linux-musl/sys-include/sys/cdefs.h:1:2: warning: #warning usage of non-standard #include <sys/cdefs.h> is deprecated [-Wcpp]
    1 | #warning usage of non-standard #include <sys/cdefs.h> is deprecated
      |  ^~~~~~~
  CC       src/pwd.o
In file included from ./lib/getopt-cdefs.h:32,
                 from ./lib/getopt.h:84,
                 from src/ptx.c:23:
/nix/store/yzx98qlav3kgw6a9pkjpz13p1v280vyk-x86_64-unknown-linux-musl-gcc-15.3.0/x86_64-unknown-linux-musl/sys-include/sys/cdefs.h:1:2: warning: #warning usage of non-standard #include <sys/cdefs.h> is deprecated [-Wcpp]
    1 | #warning usage of non-standard #include <sys/cdefs.h> is deprecated
      |  ^~~~~~~
In file included from ./lib/getopt-cdefs.h:32,
                 from ./lib/getopt.h:84,
                 from src/pwd.c:18:
/nix/store/yzx98qlav3kgw6a9pkjpz13p1v280vyk-x86_64-unknown-linux-musl-gcc-15.3.0/x86_64-unknown-linux-musl/sys-include/sys/cdefs.h:1:2: warning: #warning usage of non-standard #include <sys/cdefs.h> is deprecated [-Wcpp]
    1 | #warning usage of non-standard #include <sys/cdefs.h> is deprecated
      |  ^~~~~~~
In file included from ./lib/getopt-cdefs.h:32,
                 from ./lib/unistd.h:692,
                 from src/system.h:32,
                 from src/printf.c:58:
/nix/store/yzx98qlav3kgw6a9pkjpz13p1v280vyk-x86_64-unknown-linux-musl-gcc-15.3.0/x86_64-unknown-linux-musl/sys-include/sys/cdefs.h:1:2: warning: #warning usage of non-standard #include <sys/cdefs.h> is deprecated [-Wcpp]
    1 | #warning usage of non-standard #include <sys/cdefs.h> is deprecated
      |  ^~~~~~~
  CC       src/readlink.o
In file included from ./lib/getopt-cdefs.h:32,
                 from ./lib/getopt.h:84,
                 from src/readlink.c:21:
/nix/store/yzx98qlav3kgw6a9pkjpz13p1v280vyk-x86_64-unknown-linux-musl-gcc-15.3.0/x86_64-unknown-linux-musl/sys-include/sys/cdefs.h:1:2: warning: #warning usage of non-standard #include <sys/cdefs.h> is deprecated [-Wcpp]
    1 | #warning usage of non-standard #include <sys/cdefs.h> is deprecated
      |  ^~~~~~~
  CC       src/realpath.o
  CC       src/rm.o
  CC       src/rmdir.o
In file included from ./lib/getopt-cdefs.h:32,
                 from ./lib/getopt.h:84,
                 from src/realpath.c:20:
/nix/store/yzx98qlav3kgw6a9pkjpz13p1v280vyk-x86_64-unknown-linux-musl-gcc-15.3.0/x86_64-unknown-linux-musl/sys-include/sys/cdefs.h:1:2: warning: #warning usage of non-standard #include <sys/cdefs.h> is deprecated [-Wcpp]
    1 | #warning usage of non-standard #include <sys/cdefs.h> is deprecated
      |  ^~~~~~~
In file included from ./lib/getopt-cdefs.h:32,
                 from ./lib/getopt.h:84,
                 from src/rm.c:23:
/nix/store/yzx98qlav3kgw6a9pkjpz13p1v280vyk-x86_64-unknown-linux-musl-gcc-15.3.0/x86_64-unknown-linux-musl/sys-include/sys/cdefs.h:1:2: warning: #warning usage of non-standard #include <sys/cdefs.h> is deprecated [-Wcpp]
    1 | #warning usage of non-standard #include <sys/cdefs.h> is deprecated
      |  ^~~~~~~
In file included from ./lib/getopt-cdefs.h:32,
                 from ./lib/getopt.h:84,
                 from src/rmdir.c:27:
/nix/store/yzx98qlav3kgw6a9pkjpz13p1v280vyk-x86_64-unknown-linux-musl-gcc-15.3.0/x86_64-unknown-linux-musl/sys-include/sys/cdefs.h:1:2: warning: #warning usage of non-standard #include <sys/cdefs.h> is deprecated [-Wcpp]
    1 | #warning usage of non-standard #include <sys/cdefs.h> is deprecated
      |  ^~~~~~~
  CC       src/runcon.o
In file included from ./lib/getopt-cdefs.h:32,
                 from ./lib/getopt.h:84,
                 from src/runcon.c:45:
/nix/store/yzx98qlav3kgw6a9pkjpz13p1v280vyk-x86_64-unknown-linux-musl-gcc-15.3.0/x86_64-unknown-linux-musl/sys-include/sys/cdefs.h:1:2: warning: #warning usage of non-standard #include <sys/cdefs.h> is deprecated [-Wcpp]
    1 | #warning usage of non-standard #include <sys/cdefs.h> is deprecated
      |  ^~~~~~~
  CC       src/seq.o
  CC       src/sha1sum-digest.o
  CC       src/sha224sum-digest.o
In file included from ./lib/getopt-cdefs.h:32,
                 from ./lib/getopt.h:84,
                 from src/seq.c:21:
/nix/store/yzx98qlav3kgw6a9pkjpz13p1v280vyk-x86_64-unknown-linux-musl-gcc-15.3.0/x86_64-unknown-linux-musl/sys-include/sys/cdefs.h:1:2: warning: #warning usage of non-standard #include <sys/cdefs.h> is deprecated [-Wcpp]
    1 | #warning usage of non-standard #include <sys/cdefs.h> is deprecated
      |  ^~~~~~~
In file included from ./lib/getopt-cdefs.h:32,
                 from ./lib/getopt.h:84,
                 from src/digest.c:21:
/nix/store/yzx98qlav3kgw6a9pkjpz13p1v280vyk-x86_64-unknown-linux-musl-gcc-15.3.0/x86_64-unknown-linux-musl/sys-include/sys/cdefs.h:1:2: warning: #warning usage of non-standard #include <sys/cdefs.h> is deprecated [-Wcpp]
    1 | #warning usage of non-standard #include <sys/cdefs.h> is deprecated
      |  ^~~~~~~
In file included from ./lib/getopt-cdefs.h:32,
                 from ./lib/getopt.h:84,
                 from src/digest.c:21:
/nix/store/yzx98qlav3kgw6a9pkjpz13p1v280vyk-x86_64-unknown-linux-musl-gcc-15.3.0/x86_64-unknown-linux-musl/sys-include/sys/cdefs.h:1:2: warning: #warning usage of non-standard #include <sys/cdefs.h> is deprecated [-Wcpp]
    1 | #warning usage of non-standard #include <sys/cdefs.h> is deprecated
      |  ^~~~~~~
  CC       src/sha256sum-digest.o
  CC       src/sha384sum-digest.o
In file included from ./lib/getopt-cdefs.h:32,
                 from ./lib/getopt.h:84,
                 from src/digest.c:21:
/nix/store/yzx98qlav3kgw6a9pkjpz13p1v280vyk-x86_64-unknown-linux-musl-gcc-15.3.0/x86_64-unknown-linux-musl/sys-include/sys/cdefs.h:1:2: warning: #warning usage of non-standard #include <sys/cdefs.h> is deprecated [-Wcpp]
    1 | #warning usage of non-standard #include <sys/cdefs.h> is deprecated
      |  ^~~~~~~
In file included from ./lib/getopt-cdefs.h:32,
                 from ./lib/getopt.h:84,
                 from src/digest.c:21:
/nix/store/yzx98qlav3kgw6a9pkjpz13p1v280vyk-x86_64-unknown-linux-musl-gcc-15.3.0/x86_64-unknown-linux-musl/sys-include/sys/cdefs.h:1:2: warning: #warning usage of non-standard #include <sys/cdefs.h> is deprecated [-Wcpp]
    1 | #warning usage of non-standard #include <sys/cdefs.h> is deprecated
      |  ^~~~~~~
  CC       src/sha512sum-digest.o
In file included from ./lib/getopt-cdefs.h:32,
                 from ./lib/getopt.h:84,
                 from src/digest.c:21:
/nix/store/yzx98qlav3kgw6a9pkjpz13p1v280vyk-x86_64-unknown-linux-musl-gcc-15.3.0/x86_64-unknown-linux-musl/sys-include/sys/cdefs.h:1:2: warning: #warning usage of non-standard #include <sys/cdefs.h> is deprecated [-Wcpp]
    1 | #warning usage of non-standard #include <sys/cdefs.h> is deprecated
      |  ^~~~~~~
  CC       src/shred.o
In file included from ./lib/getopt-cdefs.h:32,
                 from ./lib/getopt.h:84,
                 from src/shred.c:78:
/nix/store/yzx98qlav3kgw6a9pkjpz13p1v280vyk-x86_64-unknown-linux-musl-gcc-15.3.0/x86_64-unknown-linux-musl/sys-include/sys/cdefs.h:1:2: warning: #warning usage of non-standard #include <sys/cdefs.h> is deprecated [-Wcpp]
    1 | #warning usage of non-standard #include <sys/cdefs.h> is deprecated
      |  ^~~~~~~
  CC       src/shuf.o
In file included from ./lib/getopt-cdefs.h:32,
                 from ./lib/getopt.h:84,
                 from src/shuf.c:23:
/nix/store/yzx98qlav3kgw6a9pkjpz13p1v280vyk-x86_64-unknown-linux-musl-gcc-15.3.0/x86_64-unknown-linux-musl/sys-include/sys/cdefs.h:1:2: warning: #warning usage of non-standard #include <sys/cdefs.h> is deprecated [-Wcpp]
    1 | #warning usage of non-standard #include <sys/cdefs.h> is deprecated
      |  ^~~~~~~
  CC       src/sleep.o
  CC       src/sort.o
In file included from ./lib/getopt-cdefs.h:32,
                 from ./lib/getopt.h:84,
                 from src/sort.c:26:
/nix/store/yzx98qlav3kgw6a9pkjpz13p1v280vyk-x86_64-unknown-linux-musl-gcc-15.3.0/x86_64-unknown-linux-musl/sys-include/sys/cdefs.h:1:2: warning: #warning usage of non-standard #include <sys/cdefs.h> is deprecated [-Wcpp]
    1 | #warning usage of non-standard #include <sys/cdefs.h> is deprecated
      |  ^~~~~~~
In file included from ./lib/sched.h:35,
                 from /home/samson/Projects/clojv3/./store/musl-1.2.6/include/pthread.h:30,
                 from ./lib/pthread.h:46,
                 from src/sort.c:27:
/nix/store/yzx98qlav3kgw6a9pkjpz13p1v280vyk-x86_64-unknown-linux-musl-gcc-15.3.0/x86_64-unknown-linux-musl/sys-include/sys/cdefs.h:1:2: warning: #warning usage of non-standard #include <sys/cdefs.h> is deprecated [-Wcpp]
    1 | #warning usage of non-standard #include <sys/cdefs.h> is deprecated
      |  ^~~~~~~
In file included from ./lib/getopt-cdefs.h:32,
                 from ./lib/unistd.h:692,
                 from src/system.h:32,
                 from src/sleep.c:21:
/nix/store/yzx98qlav3kgw6a9pkjpz13p1v280vyk-x86_64-unknown-linux-musl-gcc-15.3.0/x86_64-unknown-linux-musl/sys-include/sys/cdefs.h:1:2: warning: #warning usage of non-standard #include <sys/cdefs.h> is deprecated [-Wcpp]
    1 | #warning usage of non-standard #include <sys/cdefs.h> is deprecated
      |  ^~~~~~~
  CC       src/split.o
In file included from ./lib/getopt-cdefs.h:32,
                 from ./lib/getopt.h:84,
                 from src/split.c:26:
/nix/store/yzx98qlav3kgw6a9pkjpz13p1v280vyk-x86_64-unknown-linux-musl-gcc-15.3.0/x86_64-unknown-linux-musl/sys-include/sys/cdefs.h:1:2: warning: #warning usage of non-standard #include <sys/cdefs.h> is deprecated [-Wcpp]
    1 | #warning usage of non-standard #include <sys/cdefs.h> is deprecated
      |  ^~~~~~~
  CC       src/temp-stream.o
  CC       src/stat.o
  CC       src/sum-sum.o
In file included from ./lib/getopt-cdefs.h:32,
                 from ./lib/unistd.h:692,
                 from ./lib/stdlib.h:105,
                 from ./lib/stdlib--.h:20,
                 from src/temp-stream.c:23:
/nix/store/yzx98qlav3kgw6a9pkjpz13p1v280vyk-x86_64-unknown-linux-musl-gcc-15.3.0/x86_64-unknown-linux-musl/sys-include/sys/cdefs.h:1:2: warning: #warning usage of non-standard #include <sys/cdefs.h> is deprecated [-Wcpp]
    1 | #warning usage of non-standard #include <sys/cdefs.h> is deprecated
      |  ^~~~~~~
In file included from ./lib/getopt-cdefs.h:32,
                 from ./lib/getopt.h:84,
                 from src/stat.c:56:
/nix/store/yzx98qlav3kgw6a9pkjpz13p1v280vyk-x86_64-unknown-linux-musl-gcc-15.3.0/x86_64-unknown-linux-musl/sys-include/sys/cdefs.h:1:2: warning: #warning usage of non-standard #include <sys/cdefs.h> is deprecated [-Wcpp]
    1 | #warning usage of non-standard #include <sys/cdefs.h> is deprecated
      |  ^~~~~~~
In file included from ./lib/getopt-cdefs.h:32,
                 from ./lib/unistd.h:692,
                 from src/system.h:32,
                 from src/sum.c:25:
/nix/store/yzx98qlav3kgw6a9pkjpz13p1v280vyk-x86_64-unknown-linux-musl-gcc-15.3.0/x86_64-unknown-linux-musl/sys-include/sys/cdefs.h:1:2: warning: #warning usage of non-standard #include <sys/cdefs.h> is deprecated [-Wcpp]
    1 | #warning usage of non-standard #include <sys/cdefs.h> is deprecated
      |  ^~~~~~~
  CC       src/sum-digest.o
  CC       src/sync.o
In file included from ./lib/getopt-cdefs.h:32,
                 from ./lib/getopt.h:84,
                 from src/digest.c:21:
/nix/store/yzx98qlav3kgw6a9pkjpz13p1v280vyk-x86_64-unknown-linux-musl-gcc-15.3.0/x86_64-unknown-linux-musl/sys-include/sys/cdefs.h:1:2: warning: #warning usage of non-standard #include <sys/cdefs.h> is deprecated [-Wcpp]
    1 | #warning usage of non-standard #include <sys/cdefs.h> is deprecated
      |  ^~~~~~~
  CC       src/tac.o
  CC       src/tail.o
  CC       src/iopoll.o
In file included from ./lib/getopt-cdefs.h:32,
                 from ./lib/getopt.h:84,
                 from src/sync.c:20:
/nix/store/yzx98qlav3kgw6a9pkjpz13p1v280vyk-x86_64-unknown-linux-musl-gcc-15.3.0/x86_64-unknown-linux-musl/sys-include/sys/cdefs.h:1:2: warning: #warning usage of non-standard #include <sys/cdefs.h> is deprecated [-Wcpp]
    1 | #warning usage of non-standard #include <sys/cdefs.h> is deprecated
      |  ^~~~~~~
In file included from ./lib/getopt-cdefs.h:32,
                 from ./lib/getopt.h:84,
                 from src/tail.c:29:
/nix/store/yzx98qlav3kgw6a9pkjpz13p1v280vyk-x86_64-unknown-linux-musl-gcc-15.3.0/x86_64-unknown-linux-musl/sys-include/sys/cdefs.h:1:2: warning: #warning usage of non-standard #include <sys/cdefs.h> is deprecated [-Wcpp]
    1 | #warning usage of non-standard #include <sys/cdefs.h> is deprecated
      |  ^~~~~~~
In file included from ./lib/getopt-cdefs.h:32,
                 from ./lib/getopt.h:84,
                 from src/tac.c:40:
/nix/store/yzx98qlav3kgw6a9pkjpz13p1v280vyk-x86_64-unknown-linux-musl-gcc-15.3.0/x86_64-unknown-linux-musl/sys-include/sys/cdefs.h:1:2: warning: #warning usage of non-standard #include <sys/cdefs.h> is deprecated [-Wcpp]
    1 | #warning usage of non-standard #include <sys/cdefs.h> is deprecated
      |  ^~~~~~~
  CC       src/tee.o
In file included from ./lib/getopt-cdefs.h:32,
                 from ./lib/unistd.h:692,
                 from src/system.h:32,
                 from src/iopoll.c:43:
/nix/store/yzx98qlav3kgw6a9pkjpz13p1v280vyk-x86_64-unknown-linux-musl-gcc-15.3.0/x86_64-unknown-linux-musl/sys-include/sys/cdefs.h:1:2: warning: #warning usage of non-standard #include <sys/cdefs.h> is deprecated [-Wcpp]
    1 | #warning usage of non-standard #include <sys/cdefs.h> is deprecated
      |  ^~~~~~~
  CC       src/test.o
In file included from ./lib/getopt-cdefs.h:32,
                 from ./lib/getopt.h:84,
                 from src/tee.c:22:
/nix/store/yzx98qlav3kgw6a9pkjpz13p1v280vyk-x86_64-unknown-linux-musl-gcc-15.3.0/x86_64-unknown-linux-musl/sys-include/sys/cdefs.h:1:2: warning: #warning usage of non-standard #include <sys/cdefs.h> is deprecated [-Wcpp]
    1 | #warning usage of non-standard #include <sys/cdefs.h> is deprecated
      |  ^~~~~~~
  CC       src/touch.o
In file included from ./lib/getopt-cdefs.h:32,
                 from ./lib/getopt.h:84,
                 from src/touch.c:22:
/nix/store/yzx98qlav3kgw6a9pkjpz13p1v280vyk-x86_64-unknown-linux-musl-gcc-15.3.0/x86_64-unknown-linux-musl/sys-include/sys/cdefs.h:1:2: warning: #warning usage of non-standard #include <sys/cdefs.h> is deprecated [-Wcpp]
    1 | #warning usage of non-standard #include <sys/cdefs.h> is deprecated
      |  ^~~~~~~
  CC       src/tr.o
  CC       src/true.o
In file included from ./lib/getopt-cdefs.h:32,
                 from ./lib/unistd.h:692,
                 from src/system.h:32,
                 from src/test.c:41:
/nix/store/yzx98qlav3kgw6a9pkjpz13p1v280vyk-x86_64-unknown-linux-musl-gcc-15.3.0/x86_64-unknown-linux-musl/sys-include/sys/cdefs.h:1:2: warning: #warning usage of non-standard #include <sys/cdefs.h> is deprecated [-Wcpp]
    1 | #warning usage of non-standard #include <sys/cdefs.h> is deprecated
      |  ^~~~~~~
In file included from ./lib/getopt-cdefs.h:32,
                 from ./lib/getopt.h:84,
                 from src/tr.c:24:
/nix/store/yzx98qlav3kgw6a9pkjpz13p1v280vyk-x86_64-unknown-linux-musl-gcc-15.3.0/x86_64-unknown-linux-musl/sys-include/sys/cdefs.h:1:2: warning: #warning usage of non-standard #include <sys/cdefs.h> is deprecated [-Wcpp]
    1 | #warning usage of non-standard #include <sys/cdefs.h> is deprecated
      |  ^~~~~~~
  CC       src/truncate.o
  CC       src/tsort.o
In file included from ./lib/getopt-cdefs.h:32,
                 from ./lib/unistd.h:692,
                 from src/system.h:32,
                 from src/true.c:20:
/nix/store/yzx98qlav3kgw6a9pkjpz13p1v280vyk-x86_64-unknown-linux-musl-gcc-15.3.0/x86_64-unknown-linux-musl/sys-include/sys/cdefs.h:1:2: warning: #warning usage of non-standard #include <sys/cdefs.h> is deprecated [-Wcpp]
    1 | #warning usage of non-standard #include <sys/cdefs.h> is deprecated
      |  ^~~~~~~
  CC       src/tty.o
In file included from ./lib/getopt-cdefs.h:32,
                 from ./lib/unistd.h:692,
                 from src/system.h:32,
                 from src/tsort.c:27:
/nix/store/yzx98qlav3kgw6a9pkjpz13p1v280vyk-x86_64-unknown-linux-musl-gcc-15.3.0/x86_64-unknown-linux-musl/sys-include/sys/cdefs.h:1:2: warning: #warning usage of non-standard #include <sys/cdefs.h> is deprecated [-Wcpp]
    1 | #warning usage of non-standard #include <sys/cdefs.h> is deprecated
      |  ^~~~~~~
In file included from ./lib/getopt-cdefs.h:32,
                 from ./lib/getopt.h:84,
                 from src/truncate.c:26:
/nix/store/yzx98qlav3kgw6a9pkjpz13p1v280vyk-x86_64-unknown-linux-musl-gcc-15.3.0/x86_64-unknown-linux-musl/sys-include/sys/cdefs.h:1:2: warning: #warning usage of non-standard #include <sys/cdefs.h> is deprecated [-Wcpp]
    1 | #warning usage of non-standard #include <sys/cdefs.h> is deprecated
      |  ^~~~~~~
In file included from ./lib/getopt-cdefs.h:32,
                 from ./lib/getopt.h:84,
                 from src/tty.c:26:
/nix/store/yzx98qlav3kgw6a9pkjpz13p1v280vyk-x86_64-unknown-linux-musl-gcc-15.3.0/x86_64-unknown-linux-musl/sys-include/sys/cdefs.h:1:2: warning: #warning usage of non-standard #include <sys/cdefs.h> is deprecated [-Wcpp]
    1 | #warning usage of non-standard #include <sys/cdefs.h> is deprecated
      |  ^~~~~~~
  CC       src/uname.o
In file included from ./lib/getopt-cdefs.h:32,
                 from ./lib/getopt.h:84,
                 from src/uname.c:24:
/nix/store/yzx98qlav3kgw6a9pkjpz13p1v280vyk-x86_64-unknown-linux-musl-gcc-15.3.0/x86_64-unknown-linux-musl/sys-include/sys/cdefs.h:1:2: warning: #warning usage of non-standard #include <sys/cdefs.h> is deprecated [-Wcpp]
    1 | #warning usage of non-standard #include <sys/cdefs.h> is deprecated
      |  ^~~~~~~
  CC       src/uname-uname.o
  CC       src/unexpand.o
  CC       src/uniq.o
  CC       src/unlink.o
In file included from ./lib/getopt-cdefs.h:32,
                 from ./lib/getopt.h:84,
                 from src/unexpand.c:40:
/nix/store/yzx98qlav3kgw6a9pkjpz13p1v280vyk-x86_64-unknown-linux-musl-gcc-15.3.0/x86_64-unknown-linux-musl/sys-include/sys/cdefs.h:1:2: warning: #warning usage of non-standard #include <sys/cdefs.h> is deprecated [-Wcpp]
    1 | #warning usage of non-standard #include <sys/cdefs.h> is deprecated
      |  ^~~~~~~
In file included from ./lib/getopt-cdefs.h:32,
                 from ./lib/getopt.h:84,
                 from src/uniq.c:21:
/nix/store/yzx98qlav3kgw6a9pkjpz13p1v280vyk-x86_64-unknown-linux-musl-gcc-15.3.0/x86_64-unknown-linux-musl/sys-include/sys/cdefs.h:1:2: warning: #warning usage of non-standard #include <sys/cdefs.h> is deprecated [-Wcpp]
    1 | #warning usage of non-standard #include <sys/cdefs.h> is deprecated
      |  ^~~~~~~
  CC       src/uptime.o
In file included from ./lib/getopt-cdefs.h:32,
                 from ./lib/unistd.h:692,
                 from src/system.h:32,
                 from src/unlink.c:27:
/nix/store/yzx98qlav3kgw6a9pkjpz13p1v280vyk-x86_64-unknown-linux-musl-gcc-15.3.0/x86_64-unknown-linux-musl/sys-include/sys/cdefs.h:1:2: warning: #warning usage of non-standard #include <sys/cdefs.h> is deprecated [-Wcpp]
    1 | #warning usage of non-standard #include <sys/cdefs.h> is deprecated
      |  ^~~~~~~
  CC       src/ls-vdir.o
In file included from ./lib/getopt-cdefs.h:32,
                 from ./lib/unistd.h:692,
                 from src/system.h:32,
                 from src/uptime.c:24:
/nix/store/yzx98qlav3kgw6a9pkjpz13p1v280vyk-x86_64-unknown-linux-musl-gcc-15.3.0/x86_64-unknown-linux-musl/sys-include/sys/cdefs.h:1:2: warning: #warning usage of non-standard #include <sys/cdefs.h> is deprecated [-Wcpp]
    1 | #warning usage of non-standard #include <sys/cdefs.h> is deprecated
      |  ^~~~~~~
  CC       src/wc.o
  CC       src/libwc_avx2_a-wc_avx2.o
  CC       src/whoami.o
In file included from ./lib/getopt-cdefs.h:32,
                 from ./lib/getopt.h:84,
                 from src/wc.c:24:
/nix/store/yzx98qlav3kgw6a9pkjpz13p1v280vyk-x86_64-unknown-linux-musl-gcc-15.3.0/x86_64-unknown-linux-musl/sys-include/sys/cdefs.h:1:2: warning: #warning usage of non-standard #include <sys/cdefs.h> is deprecated [-Wcpp]
    1 | #warning usage of non-standard #include <sys/cdefs.h> is deprecated
      |  ^~~~~~~
  CC       src/yes.o
In file included from ./lib/getopt-cdefs.h:32,
                 from ./lib/unistd.h:692,
                 from src/system.h:32,
                 from src/wc_avx2.c:21:
/nix/store/yzx98qlav3kgw6a9pkjpz13p1v280vyk-x86_64-unknown-linux-musl-gcc-15.3.0/x86_64-unknown-linux-musl/sys-include/sys/cdefs.h:1:2: warning: #warning usage of non-standard #include <sys/cdefs.h> is deprecated [-Wcpp]
    1 | #warning usage of non-standard #include <sys/cdefs.h> is deprecated
      |  ^~~~~~~
  CC       src/getlimits.o
In file included from ./lib/getopt-cdefs.h:32,
                 from ./lib/unistd.h:692,
                 from src/system.h:32,
                 from src/yes.c:23:
/nix/store/yzx98qlav3kgw6a9pkjpz13p1v280vyk-x86_64-unknown-linux-musl-gcc-15.3.0/x86_64-unknown-linux-musl/sys-include/sys/cdefs.h:1:2: warning: #warning usage of non-standard #include <sys/cdefs.h> is deprecated [-Wcpp]
    1 | #warning usage of non-standard #include <sys/cdefs.h> is deprecated
      |  ^~~~~~~
In file included from ./lib/getopt-cdefs.h:32,
                 from ./lib/unistd.h:692,
                 from src/system.h:32,
                 from src/whoami.c:26:
/nix/store/yzx98qlav3kgw6a9pkjpz13p1v280vyk-x86_64-unknown-linux-musl-gcc-15.3.0/x86_64-unknown-linux-musl/sys-include/sys/cdefs.h:1:2: warning: #warning usage of non-standard #include <sys/cdefs.h> is deprecated [-Wcpp]
    1 | #warning usage of non-standard #include <sys/cdefs.h> is deprecated
      |  ^~~~~~~
  CC       src/make-prime-list.o
In file included from ./lib/getopt-cdefs.h:32,
                 from ./lib/unistd.h:692,
                 from src/system.h:32,
                 from src/getlimits.c:25:
/nix/store/yzx98qlav3kgw6a9pkjpz13p1v280vyk-x86_64-unknown-linux-musl-gcc-15.3.0/x86_64-unknown-linux-musl/sys-include/sys/cdefs.h:1:2: warning: #warning usage of non-standard #include <sys/cdefs.h> is deprecated [-Wcpp]
    1 | #warning usage of non-standard #include <sys/cdefs.h> is deprecated
      |  ^~~~~~~
  CC       src/libstdbuf_so-libstdbuf.o
In file included from ./lib/getopt-cdefs.h:32,
                 from ./lib/unistd.h:692,
                 from ./lib/stdlib.h:105,
                 from src/make-prime-list.c:29:
/nix/store/yzx98qlav3kgw6a9pkjpz13p1v280vyk-x86_64-unknown-linux-musl-gcc-15.3.0/x86_64-unknown-linux-musl/sys-include/sys/cdefs.h:1:2: warning: #warning usage of non-standard #include <sys/cdefs.h> is deprecated [-Wcpp]
    1 | #warning usage of non-standard #include <sys/cdefs.h> is deprecated
      |  ^~~~~~~
  CC       src/chroot.o
In file included from ./lib/getopt-cdefs.h:32,
                 from ./lib/getopt.h:84,
                 from src/chroot.c:21:
/nix/store/yzx98qlav3kgw6a9pkjpz13p1v280vyk-x86_64-unknown-linux-musl-gcc-15.3.0/x86_64-unknown-linux-musl/sys-include/sys/cdefs.h:1:2: warning: #warning usage of non-standard #include <sys/cdefs.h> is deprecated [-Wcpp]
    1 | #warning usage of non-standard #include <sys/cdefs.h> is deprecated
      |  ^~~~~~~
In file included from ./lib/getopt-cdefs.h:32,
                 from ./lib/unistd.h:692,
                 from src/system.h:32,
                 from src/libstdbuf.c:22:
/nix/store/yzx98qlav3kgw6a9pkjpz13p1v280vyk-x86_64-unknown-linux-musl-gcc-15.3.0/x86_64-unknown-linux-musl/sys-include/sys/cdefs.h:1:2: warning: #warning usage of non-standard #include <sys/cdefs.h> is deprecated [-Wcpp]
    1 | #warning usage of non-standard #include <sys/cdefs.h> is deprecated
      |  ^~~~~~~
  CC       src/version.o
  CC       lib/libcoreutils_a-copy-acl.o
  CC       lib/libcoreutils_a-set-acl.o
  CC       lib/libcoreutils_a-acl-errno-valid.o
  CC       lib/libcoreutils_a-acl-internal.o
In file included from ./lib/getopt-cdefs.h:32,
                 from ./lib/unistd.h:692,
                 from ./lib/stdlib.h:105,
                 from lib/gettext.h:202,
                 from lib/copy-acl.c:28:
/nix/store/yzx98qlav3kgw6a9pkjpz13p1v280vyk-x86_64-unknown-linux-musl-gcc-15.3.0/x86_64-unknown-linux-musl/sys-include/sys/cdefs.h:1:2: warning: #warning usage of non-standard #include <sys/cdefs.h> is deprecated [-Wcpp]
    1 | #warning usage of non-standard #include <sys/cdefs.h> is deprecated
      |  ^~~~~~~
  CC       lib/libcoreutils_a-get-permissions.o
In file included from ./lib/getopt-cdefs.h:32,
                 from ./lib/unistd.h:692,
                 from ./lib/stdlib.h:105,
                 from lib/gettext.h:202,
                 from lib/set-acl.c:28:
/nix/store/yzx98qlav3kgw6a9pkjpz13p1v280vyk-x86_64-unknown-linux-musl-gcc-15.3.0/x86_64-unknown-linux-musl/sys-include/sys/cdefs.h:1:2: warning: #warning usage of non-standard #include <sys/cdefs.h> is deprecated [-Wcpp]
    1 | #warning usage of non-standard #include <sys/cdefs.h> is deprecated
      |  ^~~~~~~
In file included from ./lib/getopt-cdefs.h:32,
                 from ./lib/unistd.h:692,
                 from ./lib/stdlib.h:105,
                 from lib/acl-internal.h:27,
                 from lib/acl-internal.c:24:
/nix/store/yzx98qlav3kgw6a9pkjpz13p1v280vyk-x86_64-unknown-linux-musl-gcc-15.3.0/x86_64-unknown-linux-musl/sys-include/sys/cdefs.h:1:2: warning: #warning usage of non-standard #include <sys/cdefs.h> is deprecated [-Wcpp]
    1 | #warning usage of non-standard #include <sys/cdefs.h> is deprecated
      |  ^~~~~~~
  CC       lib/libcoreutils_a-set-permissions.o
  CC       lib/libcoreutils_a-alignalloc.o
In file included from ./lib/getopt-cdefs.h:32,
                 from ./lib/unistd.h:692,
                 from ./lib/stdlib.h:105,
                 from lib/acl-internal.h:27,
                 from lib/get-permissions.c:25:
/nix/store/yzx98qlav3kgw6a9pkjpz13p1v280vyk-x86_64-unknown-linux-musl-gcc-15.3.0/x86_64-unknown-linux-musl/sys-include/sys/cdefs.h:1:2: warning: #warning usage of non-standard #include <sys/cdefs.h> is deprecated [-Wcpp]
    1 | #warning usage of non-standard #include <sys/cdefs.h> is deprecated
      |  ^~~~~~~
  CC       lib/libcoreutils_a-allocator.o
In file included from ./lib/getopt-cdefs.h:32,
                 from ./lib/unistd.h:692,
                 from ./lib/stdlib.h:105,
                 from lib/alignalloc.h:30,
                 from lib/alignalloc.c:23:
/nix/store/yzx98qlav3kgw6a9pkjpz13p1v280vyk-x86_64-unknown-linux-musl-gcc-15.3.0/x86_64-unknown-linux-musl/sys-include/sys/cdefs.h:1:2: warning: #warning usage of non-standard #include <sys/cdefs.h> is deprecated [-Wcpp]
    1 | #warning usage of non-standard #include <sys/cdefs.h> is deprecated
      |  ^~~~~~~
  CC       lib/libcoreutils_a-areadlink.o
  CC       lib/libcoreutils_a-areadlink-with-size.o
In file included from ./lib/getopt-cdefs.h:32,
                 from ./lib/unistd.h:692,
                 from ./lib/stdlib.h:105,
                 from lib/areadlink.h:21,
                 from lib/areadlink.c:25:
/nix/store/yzx98qlav3kgw6a9pkjpz13p1v280vyk-x86_64-unknown-linux-musl-gcc-15.3.0/x86_64-unknown-linux-musl/sys-include/sys/cdefs.h:1:2: warning: #warning usage of non-standard #include <sys/cdefs.h> is deprecated [-Wcpp]
    1 | #warning usage of non-standard #include <sys/cdefs.h> is deprecated
      |  ^~~~~~~
  CC       lib/libcoreutils_a-areadlinkat.o
  CC       lib/libcoreutils_a-areadlinkat-with-size.o
In file included from ./lib/getopt-cdefs.h:32,
                 from ./lib/unistd.h:692,
                 from ./lib/stdlib.h:105,
                 from lib/allocator.c:21:
/nix/store/yzx98qlav3kgw6a9pkjpz13p1v280vyk-x86_64-unknown-linux-musl-gcc-15.3.0/x86_64-unknown-linux-musl/sys-include/sys/cdefs.h:1:2: warning: #warning usage of non-standard #include <sys/cdefs.h> is deprecated [-Wcpp]
    1 | #warning usage of non-standard #include <sys/cdefs.h> is deprecated
      |  ^~~~~~~
In file included from ./lib/getopt-cdefs.h:32,
                 from ./lib/unistd.h:692,
                 from ./lib/stdlib.h:105,
                 from lib/acl-internal.h:27,
                 from lib/set-permissions.c:24:
/nix/store/yzx98qlav3kgw6a9pkjpz13p1v280vyk-x86_64-unknown-linux-musl-gcc-15.3.0/x86_64-unknown-linux-musl/sys-include/sys/cdefs.h:1:2: warning: #warning usage of non-standard #include <sys/cdefs.h> is deprecated [-Wcpp]
    1 | #warning usage of non-standard #include <sys/cdefs.h> is deprecated
      |  ^~~~~~~
  CC       lib/libcoreutils_a-argmatch.o
  CC       lib/libcoreutils_a-argv-iter.o
In file included from ./lib/getopt-cdefs.h:32,
                 from ./lib/unistd.h:692,
                 from ./lib/stdlib.h:105,
                 from lib/areadlink.h:21,
                 from lib/areadlink-with-size.c:23:
/nix/store/yzx98qlav3kgw6a9pkjpz13p1v280vyk-x86_64-unknown-linux-musl-gcc-15.3.0/x86_64-unknown-linux-musl/sys-include/sys/cdefs.h:1:2: warning: #warning usage of non-standard #include <sys/cdefs.h> is deprecated [-Wcpp]
    1 | #warning usage of non-standard #include <sys/cdefs.h> is deprecated
      |  ^~~~~~~
  CC       lib/libcoreutils_a-openat-proc.o
In file included from ./lib/getopt-cdefs.h:32,
                 from ./lib/unistd.h:692,
                 from ./lib/stdlib.h:105,
                 from lib/areadlink.h:21,
                 from lib/areadlinkat.c:26:
/nix/store/yzx98qlav3kgw6a9pkjpz13p1v280vyk-x86_64-unknown-linux-musl-gcc-15.3.0/x86_64-unknown-linux-musl/sys-include/sys/cdefs.h:1:2: warning: #warning usage of non-standard #include <sys/cdefs.h> is deprecated [-Wcpp]
    1 | #warning usage of non-standard #include <sys/cdefs.h> is deprecated
      |  ^~~~~~~
In file included from ./lib/getopt-cdefs.h:32,
                 from ./lib/unistd.h:692,
                 from ./lib/stdlib.h:105,
                 from lib/areadlink.h:21,
                 from lib/areadlinkat-with-size.c:24:
/nix/store/yzx98qlav3kgw6a9pkjpz13p1v280vyk-x86_64-unknown-linux-musl-gcc-15.3.0/x86_64-unknown-linux-musl/sys-include/sys/cdefs.h:1:2: warning: #warning usage of non-standard #include <sys/cdefs.h> is deprecated [-Wcpp]
    1 | #warning usage of non-standard #include <sys/cdefs.h> is deprecated
      |  ^~~~~~~
  CC       lib/libcoreutils_a-backupfile.o
  CC       lib/libcoreutils_a-backup-rename.o
In file included from ./lib/getopt-cdefs.h:32,
                 from ./lib/unistd.h:692,
                 from ./lib/stdlib.h:105,
                 from lib/gettext.h:202,
                 from lib/argmatch.h:35,
                 from lib/argmatch.c:25:
/nix/store/yzx98qlav3kgw6a9pkjpz13p1v280vyk-x86_64-unknown-linux-musl-gcc-15.3.0/x86_64-unknown-linux-musl/sys-include/sys/cdefs.h:1:2: warning: #warning usage of non-standard #include <sys/cdefs.h> is deprecated [-Wcpp]
    1 | #warning usage of non-standard #include <sys/cdefs.h> is deprecated
      |  ^~~~~~~
In file included from ./lib/getopt-cdefs.h:32,
                 from ./lib/unistd.h:692,
                 from ./lib/stdlib.h:105,
                 from lib/argv-iter.c:22:
/nix/store/yzx98qlav3kgw6a9pkjpz13p1v280vyk-x86_64-unknown-linux-musl-gcc-15.3.0/x86_64-unknown-linux-musl/sys-include/sys/cdefs.h:1:2: warning: #warning usage of non-standard #include <sys/cdefs.h> is deprecated [-Wcpp]
    1 | #warning usage of non-standard #include <sys/cdefs.h> is deprecated
      |  ^~~~~~~
In file included from ./lib/getopt-cdefs.h:32,
                 from ./lib/unistd.h:692,
                 from ./lib/stdlib.h:105,
                 from lib/openat-priv.h:25,
                 from lib/openat-proc.c:22:
/nix/store/yzx98qlav3kgw6a9pkjpz13p1v280vyk-x86_64-unknown-linux-musl-gcc-15.3.0/x86_64-unknown-linux-musl/sys-include/sys/cdefs.h:1:2: warning: #warning usage of non-standard #include <sys/cdefs.h> is deprecated [-Wcpp]
    1 | #warning usage of non-standard #include <sys/cdefs.h> is deprecated
      |  ^~~~~~~
  CC       lib/libcoreutils_a-backup-find.o
  CC       lib/libcoreutils_a-base32.o
In file included from ./lib/getopt-cdefs.h:32,
                 from ./lib/unistd.h:692,
                 from ./lib/fcntl.h:84,
                 from lib/backupfile.h:28,
                 from lib/backup-internal.h:18,
                 from lib/backup-rename.c:20:
/nix/store/yzx98qlav3kgw6a9pkjpz13p1v280vyk-x86_64-unknown-linux-musl-gcc-15.3.0/x86_64-unknown-linux-musl/sys-include/sys/cdefs.h:1:2: warning: #warning usage of non-standard #include <sys/cdefs.h> is deprecated [-Wcpp]
    1 | #warning usage of non-standard #include <sys/cdefs.h> is deprecated
      |  ^~~~~~~
In file included from ./lib/getopt-cdefs.h:32,
                 from ./lib/unistd.h:692,
                 from ./lib/fcntl.h:84,
                 from lib/backupfile.h:28,
                 from lib/backup-internal.h:18,
                 from lib/backupfile.c:23:
/nix/store/yzx98qlav3kgw6a9pkjpz13p1v280vyk-x86_64-unknown-linux-musl-gcc-15.3.0/x86_64-unknown-linux-musl/sys-include/sys/cdefs.h:1:2: warning: #warning usage of non-standard #include <sys/cdefs.h> is deprecated [-Wcpp]
    1 | #warning usage of non-standard #include <sys/cdefs.h> is deprecated
      |  ^~~~~~~
  CC       lib/libcoreutils_a-base64.o
  CC       lib/libcoreutils_a-basename-lgpl.o
  CC       lib/libcoreutils_a-binary-io.o
In file included from ./lib/getopt-cdefs.h:32,
                 from ./lib/unistd.h:692,
                 from ./lib/fcntl.h:84,
                 from lib/backupfile.h:28,
                 from lib/backup-internal.h:18,
                 from lib/backup-find.c:20:
/nix/store/yzx98qlav3kgw6a9pkjpz13p1v280vyk-x86_64-unknown-linux-musl-gcc-15.3.0/x86_64-unknown-linux-musl/sys-include/sys/cdefs.h:1:2: warning: #warning usage of non-standard #include <sys/cdefs.h> is deprecated [-Wcpp]
    1 | #warning usage of non-standard #include <sys/cdefs.h> is deprecated
      |  ^~~~~~~
In file included from ./lib/getopt-cdefs.h:32,
                 from ./lib/unistd.h:692,
                 from ./lib/stdlib.h:105,
                 from ./lib/ialloc.h:31,
                 from lib/base32.c:47:
/nix/store/yzx98qlav3kgw6a9pkjpz13p1v280vyk-x86_64-unknown-linux-musl-gcc-15.3.0/x86_64-unknown-linux-musl/sys-include/sys/cdefs.h:1:2: warning: #warning usage of non-standard #include <sys/cdefs.h> is deprecated [-Wcpp]
    1 | #warning usage of non-standard #include <sys/cdefs.h> is deprecated
      |  ^~~~~~~
  CC       lib/libcoreutils_a-bitrotate.o
  CC       lib/libcoreutils_a-btoc32.o
  CC       lib/libcoreutils_a-buffer-lcm.o
In file included from ./lib/getopt-cdefs.h:32,
                 from ./lib/unistd.h:692,
                 from ./lib/stdlib.h:105,
                 from ./lib/ialloc.h:31,
                 from lib/base64.c:49:
/nix/store/yzx98qlav3kgw6a9pkjpz13p1v280vyk-x86_64-unknown-linux-musl-gcc-15.3.0/x86_64-unknown-linux-musl/sys-include/sys/cdefs.h:1:2: warning: #warning usage of non-standard #include <sys/cdefs.h> is deprecated [-Wcpp]
    1 | #warning usage of non-standard #include <sys/cdefs.h> is deprecated
      |  ^~~~~~~
In file included from ./lib/getopt-cdefs.h:32,
                 from ./lib/unistd.h:692,
                 from ./lib/fcntl.h:84,
                 from lib/binary-io.h:27,
                 from lib/binary-io.c:20:
/nix/store/yzx98qlav3kgw6a9pkjpz13p1v280vyk-x86_64-unknown-linux-musl-gcc-15.3.0/x86_64-unknown-linux-musl/sys-include/sys/cdefs.h:1:2: warning: #warning usage of non-standard #include <sys/cdefs.h> is deprecated [-Wcpp]
    1 | #warning usage of non-standard #include <sys/cdefs.h> is deprecated
      |  ^~~~~~~
  CC       lib/libcoreutils_a-c-ctype.o
  CC       lib/libcoreutils_a-c-file-type.o
  CC       lib/libcoreutils_a-c-strcasecmp.o
  CC       lib/libcoreutils_a-c-strncasecmp.o
  CC       lib/libcoreutils_a-c-strtod.o
  CC       lib/libcoreutils_a-c-strtold.o
  CC       lib/libcoreutils_a-c32_apply_type_test.o
  CC       lib/libcoreutils_a-c32_get_type_test.o
In file included from ./lib/getopt-cdefs.h:32,
                 from ./lib/unistd.h:692,
                 from ./lib/stdlib.h:105,
                 from lib/c-strtod.c:26,
                 from lib/c-strtold.c:19:
/nix/store/yzx98qlav3kgw6a9pkjpz13p1v280vyk-x86_64-unknown-linux-musl-gcc-15.3.0/x86_64-unknown-linux-musl/sys-include/sys/cdefs.h:1:2: warning: #warning usage of non-standard #include <sys/cdefs.h> is deprecated [-Wcpp]
    1 | #warning usage of non-standard #include <sys/cdefs.h> is deprecated
      |  ^~~~~~~
In file included from ./lib/getopt-cdefs.h:32,
                 from ./lib/unistd.h:692,
                 from ./lib/stdlib.h:105,
                 from lib/c-strtod.c:26:
/nix/store/yzx98qlav3kgw6a9pkjpz13p1v280vyk-x86_64-unknown-linux-musl-gcc-15.3.0/x86_64-unknown-linux-musl/sys-include/sys/cdefs.h:1:2: warning: #warning usage of non-standard #include <sys/cdefs.h> is deprecated [-Wcpp]
    1 | #warning usage of non-standard #include <sys/cdefs.h> is deprecated
      |  ^~~~~~~
  CC       lib/libcoreutils_a-c32isalnum.o
  CC       lib/libcoreutils_a-c32isalpha.o
  CC       lib/libcoreutils_a-c32isblank.o
  CC       lib/libcoreutils_a-c32iscntrl.o
  CC       lib/libcoreutils_a-c32isdigit.o
  CC       lib/libcoreutils_a-c32isgraph.o
  CC       lib/libcoreutils_a-c32islower.o
  CC       lib/libcoreutils_a-c32isprint.o
  CC       lib/libcoreutils_a-c32ispunct.o
  CC       lib/libcoreutils_a-c32isspace.o
  CC       lib/libcoreutils_a-c32isupper.o
  CC       lib/libcoreutils_a-c32isxdigit.o
  CC       lib/libcoreutils_a-c32tolower.o
  CC       lib/libcoreutils_a-c32width.o
  CC       lib/libcoreutils_a-canon-host.o
  CC       lib/libcoreutils_a-canonicalize.o
  CC       lib/libcoreutils_a-careadlinkat.o
  CC       lib/libcoreutils_a-chdir-long.o
  CC       lib/libcoreutils_a-chmodat.o
  CC       lib/libcoreutils_a-chownat.o
In file included from ./lib/getopt-cdefs.h:32,
                 from ./lib/unistd.h:692,
                 from ./lib/stdlib.h:105,
                 from lib/canonicalize.h:25,
                 from lib/canonicalize.c:19:
/nix/store/yzx98qlav3kgw6a9pkjpz13p1v280vyk-x86_64-unknown-linux-musl-gcc-15.3.0/x86_64-unknown-linux-musl/sys-include/sys/cdefs.h:1:2: warning: #warning usage of non-standard #include <sys/cdefs.h> is deprecated [-Wcpp]
    1 | #warning usage of non-standard #include <sys/cdefs.h> is deprecated
      |  ^~~~~~~
In file included from ./lib/getopt-cdefs.h:32,
                 from ./lib/unistd.h:692,
                 from ./lib/stdlib.h:105,
                 from lib/canon-host.h:28,
                 from lib/canon-host.c:22:
/nix/store/yzx98qlav3kgw6a9pkjpz13p1v280vyk-x86_64-unknown-linux-musl-gcc-15.3.0/x86_64-unknown-linux-musl/sys-include/sys/cdefs.h:1:2: warning: #warning usage of non-standard #include <sys/cdefs.h> is deprecated [-Wcpp]
    1 | #warning usage of non-standard #include <sys/cdefs.h> is deprecated
      |  ^~~~~~~
In file included from ./lib/getopt-cdefs.h:32,
                 from ./lib/unistd.h:692,
                 from ./lib/fcntl.h:84,
                 from lib/careadlinkat.h:28,
                 from lib/careadlinkat.c:23:
/nix/store/yzx98qlav3kgw6a9pkjpz13p1v280vyk-x86_64-unknown-linux-musl-gcc-15.3.0/x86_64-unknown-linux-musl/sys-include/sys/cdefs.h:1:2: warning: #warning usage of non-standard #include <sys/cdefs.h> is deprecated [-Wcpp]
    1 | #warning usage of non-standard #include <sys/cdefs.h> is deprecated
      |  ^~~~~~~
In file included from ./lib/getopt-cdefs.h:32,
                 from ./lib/unistd.h:692,
                 from lib/chdir-long.h:19,
                 from lib/chdir-long.c:21:
/nix/store/yzx98qlav3kgw6a9pkjpz13p1v280vyk-x86_64-unknown-linux-musl-gcc-15.3.0/x86_64-unknown-linux-musl/sys-include/sys/cdefs.h:1:2: warning: #warning usage of non-standard #include <sys/cdefs.h> is deprecated [-Wcpp]
    1 | #warning usage of non-standard #include <sys/cdefs.h> is deprecated
      |  ^~~~~~~
  CC       lib/libcoreutils_a-cl-strtod.o
  CC       lib/libcoreutils_a-cl-strtold.o
  CC       lib/libcoreutils_a-cloexec.o
In file included from ./lib/getopt-cdefs.h:32,
                 from ./lib/unistd.h:692,
                 from ./lib/fcntl.h:84,
                 from lib/openat.h:28,
                 from lib/chownat.c:21:
/nix/store/yzx98qlav3kgw6a9pkjpz13p1v280vyk-x86_64-unknown-linux-musl-gcc-15.3.0/x86_64-unknown-linux-musl/sys-include/sys/cdefs.h:1:2: warning: #warning usage of non-standard #include <sys/cdefs.h> is deprecated [-Wcpp]
    1 | #warning usage of non-standard #include <sys/cdefs.h> is deprecated
      |  ^~~~~~~
  CC       lib/libcoreutils_a-close-stream.o
In file included from ./lib/getopt-cdefs.h:32,
                 from ./lib/unistd.h:692,
                 from ./lib/fcntl.h:84,
                 from lib/openat.h:28,
                 from lib/chmodat.c:21:
/nix/store/yzx98qlav3kgw6a9pkjpz13p1v280vyk-x86_64-unknown-linux-musl-gcc-15.3.0/x86_64-unknown-linux-musl/sys-include/sys/cdefs.h:1:2: warning: #warning usage of non-standard #include <sys/cdefs.h> is deprecated [-Wcpp]
    1 | #warning usage of non-standard #include <sys/cdefs.h> is deprecated
      |  ^~~~~~~
In file included from ./lib/getopt-cdefs.h:32,
                 from ./lib/unistd.h:692,
                 from ./lib/stdlib.h:105,
                 from lib/cl-strtod.c:27:
/nix/store/yzx98qlav3kgw6a9pkjpz13p1v280vyk-x86_64-unknown-linux-musl-gcc-15.3.0/x86_64-unknown-linux-musl/sys-include/sys/cdefs.h:1:2: warning: #warning usage of non-standard #include <sys/cdefs.h> is deprecated [-Wcpp]
    1 | #warning usage of non-standard #include <sys/cdefs.h> is deprecated
      |  ^~~~~~~
  CC       lib/libcoreutils_a-closein.o
  CC       lib/libcoreutils_a-closeout.o
In file included from ./lib/getopt-cdefs.h:32,
                 from ./lib/unistd.h:692,
                 from ./lib/stdlib.h:105,
                 from lib/cl-strtod.c:27,
                 from lib/cl-strtold.c:2:
/nix/store/yzx98qlav3kgw6a9pkjpz13p1v280vyk-x86_64-unknown-linux-musl-gcc-15.3.0/x86_64-unknown-linux-musl/sys-include/sys/cdefs.h:1:2: warning: #warning usage of non-standard #include <sys/cdefs.h> is deprecated [-Wcpp]
    1 | #warning usage of non-standard #include <sys/cdefs.h> is deprecated
      |  ^~~~~~~
In file included from ./lib/getopt-cdefs.h:32,
                 from ./lib/unistd.h:692,
                 from ./lib/fcntl.h:84,
                 from lib/cloexec.c:25:
/nix/store/yzx98qlav3kgw6a9pkjpz13p1v280vyk-x86_64-unknown-linux-musl-gcc-15.3.0/x86_64-unknown-linux-musl/sys-include/sys/cdefs.h:1:2: warning: #warning usage of non-standard #include <sys/cdefs.h> is deprecated [-Wcpp]
    1 | #warning usage of non-standard #include <sys/cdefs.h> is deprecated
      |  ^~~~~~~
  CC       lib/libcoreutils_a-copy-file-range.o
  CC       lib/libcoreutils_a-count-leading-zeros.o
  CC       lib/libcoreutils_a-af_alg.o
In file included from ./lib/getopt-cdefs.h:32,
                 from ./lib/unistd.h:692,
                 from lib/closein.c:24:
/nix/store/yzx98qlav3kgw6a9pkjpz13p1v280vyk-x86_64-unknown-linux-musl-gcc-15.3.0/x86_64-unknown-linux-musl/sys-include/sys/cdefs.h:1:2: warning: #warning usage of non-standard #include <sys/cdefs.h> is deprecated [-Wcpp]
    1 | #warning usage of non-standard #include <sys/cdefs.h> is deprecated
      |  ^~~~~~~
  CC       lib/libcoreutils_a-md5-stream.o
In file included from ./lib/getopt-cdefs.h:32,
                 from ./lib/unistd.h:692,
                 from lib/closeout.c:25:
/nix/store/yzx98qlav3kgw6a9pkjpz13p1v280vyk-x86_64-unknown-linux-musl-gcc-15.3.0/x86_64-unknown-linux-musl/sys-include/sys/cdefs.h:1:2: warning: #warning usage of non-standard #include <sys/cdefs.h> is deprecated [-Wcpp]
    1 | #warning usage of non-standard #include <sys/cdefs.h> is deprecated
      |  ^~~~~~~
  CC       lib/libcoreutils_a-md5.o
  CC       lib/libcoreutils_a-sha1-stream.o
In file included from ./lib/getopt-cdefs.h:32,
                 from ./lib/unistd.h:692,
                 from lib/copy-file-range.c:19:
/nix/store/yzx98qlav3kgw6a9pkjpz13p1v280vyk-x86_64-unknown-linux-musl-gcc-15.3.0/x86_64-unknown-linux-musl/sys-include/sys/cdefs.h:1:2: warning: #warning usage of non-standard #include <sys/cdefs.h> is deprecated [-Wcpp]
    1 | #warning usage of non-standard #include <sys/cdefs.h> is deprecated
      |  ^~~~~~~
  CC       lib/libcoreutils_a-sha1.o
In file included from ./lib/getopt-cdefs.h:32,
                 from ./lib/unistd.h:692,
                 from ./lib/stdlib.h:105,
                 from lib/count-leading-zeros.h:28,
                 from lib/count-leading-zeros.c:21:
/nix/store/yzx98qlav3kgw6a9pkjpz13p1v280vyk-x86_64-unknown-linux-musl-gcc-15.3.0/x86_64-unknown-linux-musl/sys-include/sys/cdefs.h:1:2: warning: #warning usage of non-standard #include <sys/cdefs.h> is deprecated [-Wcpp]
    1 | #warning usage of non-standard #include <sys/cdefs.h> is deprecated
      |  ^~~~~~~
  CC       lib/libcoreutils_a-sha256-stream.o
In file included from ./lib/getopt-cdefs.h:32,
                 from ./lib/unistd.h:692,
                 from ./lib/stdlib.h:105,
                 from lib/md5-stream.c:30:
/nix/store/yzx98qlav3kgw6a9pkjpz13p1v280vyk-x86_64-unknown-linux-musl-gcc-15.3.0/x86_64-unknown-linux-musl/sys-include/sys/cdefs.h:1:2: warning: #warning usage of non-standard #include <sys/cdefs.h> is deprecated [-Wcpp]
    1 | #warning usage of non-standard #include <sys/cdefs.h> is deprecated
      |  ^~~~~~~
  CC       lib/libcoreutils_a-sha256.o
  CC       lib/libcoreutils_a-sha512-stream.o
  CC       lib/libcoreutils_a-sha512.o
  CC       lib/libcoreutils_a-sm3-stream.o
  CC       lib/libcoreutils_a-sm3.o
In file included from ./lib/getopt-cdefs.h:32,
                 from ./lib/unistd.h:692,
                 from ./lib/stdlib.h:105,
                 from lib/sha1-stream.c:32:
/nix/store/yzx98qlav3kgw6a9pkjpz13p1v280vyk-x86_64-unknown-linux-musl-gcc-15.3.0/x86_64-unknown-linux-musl/sys-include/sys/cdefs.h:1:2: warning: #warning usage of non-standard #include <sys/cdefs.h> is deprecated [-Wcpp]
    1 | #warning usage of non-standard #include <sys/cdefs.h> is deprecated
      |  ^~~~~~~
In file included from ./lib/getopt-cdefs.h:32,
                 from ./lib/unistd.h:692,
                 from ./lib/stdlib.h:105,
                 from lib/sha256-stream.c:31:
/nix/store/yzx98qlav3kgw6a9pkjpz13p1v280vyk-x86_64-unknown-linux-musl-gcc-15.3.0/x86_64-unknown-linux-musl/sys-include/sys/cdefs.h:1:2: warning: #warning usage of non-standard #include <sys/cdefs.h> is deprecated [-Wcpp]
    1 | #warning usage of non-standard #include <sys/cdefs.h> is deprecated
      |  ^~~~~~~
In file included from ./lib/getopt-cdefs.h:32,
                 from ./lib/unistd.h:692,
                 from ./lib/stdlib.h:105,
                 from lib/sm3-stream.c:34:
/nix/store/yzx98qlav3kgw6a9pkjpz13p1v280vyk-x86_64-unknown-linux-musl-gcc-15.3.0/x86_64-unknown-linux-musl/sys-include/sys/cdefs.h:1:2: warning: #warning usage of non-standard #include <sys/cdefs.h> is deprecated [-Wcpp]
    1 | #warning usage of non-standard #include <sys/cdefs.h> is deprecated
      |  ^~~~~~~
  CC       lib/libcoreutils_a-cycle-check.o
  CC       lib/libcoreutils_a-di-set.o
In file included from ./lib/getopt-cdefs.h:32,
                 from ./lib/unistd.h:692,
                 from ./lib/stdlib.h:105,
                 from lib/sha512-stream.c:31:
/nix/store/yzx98qlav3kgw6a9pkjpz13p1v280vyk-x86_64-unknown-linux-musl-gcc-15.3.0/x86_64-unknown-linux-musl/sys-include/sys/cdefs.h:1:2: warning: #warning usage of non-standard #include <sys/cdefs.h> is deprecated [-Wcpp]
    1 | #warning usage of non-standard #include <sys/cdefs.h> is deprecated
      |  ^~~~~~~
In file included from ./lib/getopt-cdefs.h:32,
                 from ./lib/unistd.h:692,
                 from ./lib/stdlib.h:105,
                 from lib/di-set.c:28:
/nix/store/yzx98qlav3kgw6a9pkjpz13p1v280vyk-x86_64-unknown-linux-musl-gcc-15.3.0/x86_64-unknown-linux-musl/sys-include/sys/cdefs.h:1:2: warning: #warning usage of non-standard #include <sys/cdefs.h> is deprecated [-Wcpp]
    1 | #warning usage of non-standard #include <sys/cdefs.h> is deprecated
      |  ^~~~~~~
In file included from ./lib/getopt-cdefs.h:32,
                 from ./lib/unistd.h:692,
                 from ./lib/stdlib.h:105,
                 from lib/cycle-check.c:27:
/nix/store/yzx98qlav3kgw6a9pkjpz13p1v280vyk-x86_64-unknown-linux-musl-gcc-15.3.0/x86_64-unknown-linux-musl/sys-include/sys/cdefs.h:1:2: warning: #warning usage of non-standard #include <sys/cdefs.h> is deprecated [-Wcpp]
    1 | #warning usage of non-standard #include <sys/cdefs.h> is deprecated
      |  ^~~~~~~
  CC       lib/libcoreutils_a-opendir-safer.o
  CC       lib/libcoreutils_a-dirname.o
  CC       lib/libcoreutils_a-basename.o
  CC       lib/libcoreutils_a-dirname-lgpl.o
  CC       lib/libcoreutils_a-stripslash.o
  CC       lib/libcoreutils_a-dtoastr.o
  CC       lib/libcoreutils_a-dtotimespec.o
In file included from ./lib/getopt-cdefs.h:32,
                 from ./lib/unistd.h:692,
                 from ./lib/stdlib.h:105,
                 from lib/dirname.h:28,
                 from lib/dirname.c:21:
/nix/store/yzx98qlav3kgw6a9pkjpz13p1v280vyk-x86_64-unknown-linux-musl-gcc-15.3.0/x86_64-unknown-linux-musl/sys-include/sys/cdefs.h:1:2: warning: #warning usage of non-standard #include <sys/cdefs.h> is deprecated [-Wcpp]
    1 | #warning usage of non-standard #include <sys/cdefs.h> is deprecated
      |  ^~~~~~~
In file included from ./lib/getopt-cdefs.h:32,
                 from ./lib/unistd.h:692,
                 from ./lib/fcntl.h:84,
                 from lib/opendir-safer.c:25:
/nix/store/yzx98qlav3kgw6a9pkjpz13p1v280vyk-x86_64-unknown-linux-musl-gcc-15.3.0/x86_64-unknown-linux-musl/sys-include/sys/cdefs.h:1:2: warning: #warning usage of non-standard #include <sys/cdefs.h> is deprecated [-Wcpp]
    1 | #warning usage of non-standard #include <sys/cdefs.h> is deprecated
      |  ^~~~~~~
In file included from ./lib/getopt-cdefs.h:32,
                 from ./lib/unistd.h:692,
                 from ./lib/stdlib.h:105,
                 from lib/dirname.h:28,
                 from lib/basename.c:21:
/nix/store/yzx98qlav3kgw6a9pkjpz13p1v280vyk-x86_64-unknown-linux-musl-gcc-15.3.0/x86_64-unknown-linux-musl/sys-include/sys/cdefs.h:1:2: warning: #warning usage of non-standard #include <sys/cdefs.h> is deprecated [-Wcpp]
    1 | #warning usage of non-standard #include <sys/cdefs.h> is deprecated
      |  ^~~~~~~
In file included from ./lib/getopt-cdefs.h:32,
                 from ./lib/unistd.h:692,
                 from ./lib/stdlib.h:105,
                 from lib/dirname.h:28,
                 from lib/dirname-lgpl.c:21:
/nix/store/yzx98qlav3kgw6a9pkjpz13p1v280vyk-x86_64-unknown-linux-musl-gcc-15.3.0/x86_64-unknown-linux-musl/sys-include/sys/cdefs.h:1:2: warning: #warning usage of non-standard #include <sys/cdefs.h> is deprecated [-Wcpp]
    1 | #warning usage of non-standard #include <sys/cdefs.h> is deprecated
      |  ^~~~~~~
  CC       lib/libcoreutils_a-error.o
In file included from ./lib/getopt-cdefs.h:32,
                 from ./lib/unistd.h:692,
                 from ./lib/stdlib.h:105,
                 from lib/ftoastr.c:34,
                 from lib/dtoastr.c:19:
/nix/store/yzx98qlav3kgw6a9pkjpz13p1v280vyk-x86_64-unknown-linux-musl-gcc-15.3.0/x86_64-unknown-linux-musl/sys-include/sys/cdefs.h:1:2: warning: #warning usage of non-standard #include <sys/cdefs.h> is deprecated [-Wcpp]
    1 | #warning usage of non-standard #include <sys/cdefs.h> is deprecated
      |  ^~~~~~~
  CC       lib/libcoreutils_a-exclude.o
In file included from ./lib/getopt-cdefs.h:32,
                 from ./lib/unistd.h:692,
                 from ./lib/stdlib.h:105,
                 from lib/dirname.h:28,
                 from lib/stripslash.c:21:
/nix/store/yzx98qlav3kgw6a9pkjpz13p1v280vyk-x86_64-unknown-linux-musl-gcc-15.3.0/x86_64-unknown-linux-musl/sys-include/sys/cdefs.h:1:2: warning: #warning usage of non-standard #include <sys/cdefs.h> is deprecated [-Wcpp]
    1 | #warning usage of non-standard #include <sys/cdefs.h> is deprecated
      |  ^~~~~~~
  CC       lib/libcoreutils_a-exitfail.o
  CC       lib/libcoreutils_a-fadvise.o
In file included from ./lib/getopt-cdefs.h:32,
                 from ./lib/unistd.h:692,
                 from ./lib/stdlib.h:105,
                 from lib/error.c:29:
/nix/store/yzx98qlav3kgw6a9pkjpz13p1v280vyk-x86_64-unknown-linux-musl-gcc-15.3.0/x86_64-unknown-linux-musl/sys-include/sys/cdefs.h:1:2: warning: #warning usage of non-standard #include <sys/cdefs.h> is deprecated [-Wcpp]
    1 | #warning usage of non-standard #include <sys/cdefs.h> is deprecated
      |  ^~~~~~~
  CC       lib/libcoreutils_a-fcntl.o
  CC       lib/libcoreutils_a-creat-safer.o
  CC       lib/libcoreutils_a-open-safer.o
In file included from ./lib/getopt-cdefs.h:32,
                 from ./lib/unistd.h:692,
                 from ./lib/stdlib.h:105,
                 from lib/exclude.c:31:
/nix/store/yzx98qlav3kgw6a9pkjpz13p1v280vyk-x86_64-unknown-linux-musl-gcc-15.3.0/x86_64-unknown-linux-musl/sys-include/sys/cdefs.h:1:2: warning: #warning usage of non-standard #include <sys/cdefs.h> is deprecated [-Wcpp]
    1 | #warning usage of non-standard #include <sys/cdefs.h> is deprecated
      |  ^~~~~~~
In file included from ./lib/getopt-cdefs.h:32,
                 from ./lib/unistd.h:692,
                 from ./lib/fcntl.h:84,
                 from lib/fcntl.c:23:
/nix/store/yzx98qlav3kgw6a9pkjpz13p1v280vyk-x86_64-unknown-linux-musl-gcc-15.3.0/x86_64-unknown-linux-musl/sys-include/sys/cdefs.h:1:2: warning: #warning usage of non-standard #include <sys/cdefs.h> is deprecated [-Wcpp]
    1 | #warning usage of non-standard #include <sys/cdefs.h> is deprecated
      |  ^~~~~~~
In file included from ./lib/getopt-cdefs.h:32,
                 from ./lib/unistd.h:692,
                 from ./lib/stdlib.h:105,
                 from lib/exitfail.c:22:
/nix/store/yzx98qlav3kgw6a9pkjpz13p1v280vyk-x86_64-unknown-linux-musl-gcc-15.3.0/x86_64-unknown-linux-musl/sys-include/sys/cdefs.h:1:2: warning: #warning usage of non-standard #include <sys/cdefs.h> is deprecated [-Wcpp]
    1 | #warning usage of non-standard #include <sys/cdefs.h> is deprecated
      |  ^~~~~~~
In file included from ./lib/getopt-cdefs.h:32,
                 from ./lib/unistd.h:692,
                 from ./lib/fcntl.h:84,
                 from lib/open-safer.c:24:
/nix/store/yzx98qlav3kgw6a9pkjpz13p1v280vyk-x86_64-unknown-linux-musl-gcc-15.3.0/x86_64-unknown-linux-musl/sys-include/sys/cdefs.h:1:2: warning: #warning usage of non-standard #include <sys/cdefs.h> is deprecated [-Wcpp]
    1 | #warning usage of non-standard #include <sys/cdefs.h> is deprecated
      |  ^~~~~~~
In file included from ./lib/getopt-cdefs.h:32,
                 from ./lib/unistd.h:692,
                 from ./lib/fcntl.h:84,
                 from lib/creat-safer.c:24:
/nix/store/yzx98qlav3kgw6a9pkjpz13p1v280vyk-x86_64-unknown-linux-musl-gcc-15.3.0/x86_64-unknown-linux-musl/sys-include/sys/cdefs.h:1:2: warning: #warning usage of non-standard #include <sys/cdefs.h> is deprecated [-Wcpp]
    1 | #warning usage of non-standard #include <sys/cdefs.h> is deprecated
      |  ^~~~~~~
  CC       lib/libcoreutils_a-fd-hook.o
In file included from ./lib/getopt-cdefs.h:32,
                 from ./lib/unistd.h:692,
                 from ./lib/fcntl.h:84,
                 from lib/fadvise.h:18,
                 from lib/fadvise.c:18:
/nix/store/yzx98qlav3kgw6a9pkjpz13p1v280vyk-x86_64-unknown-linux-musl-gcc-15.3.0/x86_64-unknown-linux-musl/sys-include/sys/cdefs.h:1:2: warning: #warning usage of non-standard #include <sys/cdefs.h> is deprecated [-Wcpp]
    1 | #warning usage of non-standard #include <sys/cdefs.h> is deprecated
      |  ^~~~~~~
  CC       lib/libcoreutils_a-fd-reopen.o
  CC       lib/libcoreutils_a-fd-safer-flag.o
  CC       lib/libcoreutils_a-dup-safer-flag.o
  CC       lib/libcoreutils_a-fdutimensat.o
  CC       lib/libcoreutils_a-file-has-acl.o
In file included from ./lib/getopt-cdefs.h:32,
                 from ./lib/unistd.h:692,
                 from ./lib/fcntl.h:84,
                 from lib/fd-reopen.c:25:
/nix/store/yzx98qlav3kgw6a9pkjpz13p1v280vyk-x86_64-unknown-linux-musl-gcc-15.3.0/x86_64-unknown-linux-musl/sys-include/sys/cdefs.h:1:2: warning: #warning usage of non-standard #include <sys/cdefs.h> is deprecated [-Wcpp]
    1 | #warning usage of non-standard #include <sys/cdefs.h> is deprecated
      |  ^~~~~~~
In file included from ./lib/getopt-cdefs.h:32,
                 from ./lib/unistd.h:692,
                 from lib/fd-safer-flag.c:27:
/nix/store/yzx98qlav3kgw6a9pkjpz13p1v280vyk-x86_64-unknown-linux-musl-gcc-15.3.0/x86_64-unknown-linux-musl/sys-include/sys/cdefs.h:1:2: warning: #warning usage of non-standard #include <sys/cdefs.h> is deprecated [-Wcpp]
    1 | #warning usage of non-standard #include <sys/cdefs.h> is deprecated
      |  ^~~~~~~
  CC       lib/libcoreutils_a-file-set.o
In file included from ./lib/getopt-cdefs.h:32,
                 from ./lib/unistd.h:692,
                 from ./lib/fcntl.h:84,
                 from lib/utimens.h:31,
                 from lib/fdutimensat.c:24:
/nix/store/yzx98qlav3kgw6a9pkjpz13p1v280vyk-x86_64-unknown-linux-musl-gcc-15.3.0/x86_64-unknown-linux-musl/sys-include/sys/cdefs.h:1:2: warning: #warning usage of non-standard #include <sys/cdefs.h> is deprecated [-Wcpp]
    1 | #warning usage of non-standard #include <sys/cdefs.h> is deprecated
      |  ^~~~~~~
In file included from ./lib/getopt-cdefs.h:32,
                 from ./lib/unistd.h:692,
                 from ./lib/stdlib.h:105,
                 from lib/fd-hook.c:23:
/nix/store/yzx98qlav3kgw6a9pkjpz13p1v280vyk-x86_64-unknown-linux-musl-gcc-15.3.0/x86_64-unknown-linux-musl/sys-include/sys/cdefs.h:1:2: warning: #warning usage of non-standard #include <sys/cdefs.h> is deprecated [-Wcpp]
    1 | #warning usage of non-standard #include <sys/cdefs.h> is deprecated
      |  ^~~~~~~
In file included from ./lib/getopt-cdefs.h:32,
                 from ./lib/unistd.h:692,
                 from ./lib/fcntl.h:84,
                 from lib/dup-safer-flag.c:26:
/nix/store/yzx98qlav3kgw6a9pkjpz13p1v280vyk-x86_64-unknown-linux-musl-gcc-15.3.0/x86_64-unknown-linux-musl/sys-include/sys/cdefs.h:1:2: warning: #warning usage of non-standard #include <sys/cdefs.h> is deprecated [-Wcpp]
    1 | #warning usage of non-standard #include <sys/cdefs.h> is deprecated
      |  ^~~~~~~
  CC       lib/libcoreutils_a-file-type.o
  CC       lib/libcoreutils_a-filemode.o
  CC       lib/libcoreutils_a-filenamecat.o
  CC       lib/libcoreutils_a-filenamecat-lgpl.o
In file included from ./lib/getopt-cdefs.h:32,
                 from ./lib/unistd.h:692,
                 from ./lib/stdlib.h:105,
                 from lib/acl-internal.h:27,
                 from lib/file-has-acl.c:30:
/nix/store/yzx98qlav3kgw6a9pkjpz13p1v280vyk-x86_64-unknown-linux-musl-gcc-15.3.0/x86_64-unknown-linux-musl/sys-include/sys/cdefs.h:1:2: warning: #warning usage of non-standard #include <sys/cdefs.h> is deprecated [-Wcpp]
    1 | #warning usage of non-standard #include <sys/cdefs.h> is deprecated
      |  ^~~~~~~
  CC       lib/libcoreutils_a-filevercmp.o
  CC       lib/libcoreutils_a-fopen-safer.o
In file included from ./lib/getopt-cdefs.h:32,
                 from ./lib/unistd.h:692,
                 from ./lib/stdlib.h:105,
                 from lib/xalloc.h:29,
                 from lib/file-set.c:23:
/nix/store/yzx98qlav3kgw6a9pkjpz13p1v280vyk-x86_64-unknown-linux-musl-gcc-15.3.0/x86_64-unknown-linux-musl/sys-include/sys/cdefs.h:1:2: warning: #warning usage of non-standard #include <sys/cdefs.h> is deprecated [-Wcpp]
    1 | #warning usage of non-standard #include <sys/cdefs.h> is deprecated
      |  ^~~~~~~
In file included from ./lib/getopt-cdefs.h:32,
                 from ./lib/unistd.h:692,
                 from ./lib/stdlib.h:105,
                 from lib/filenamecat.h:26,
                 from lib/filenamecat-lgpl.c:23:
/nix/store/yzx98qlav3kgw6a9pkjpz13p1v280vyk-x86_64-unknown-linux-musl-gcc-15.3.0/x86_64-unknown-linux-musl/sys-include/sys/cdefs.h:1:2: warning: #warning usage of non-standard #include <sys/cdefs.h> is deprecated [-Wcpp]
    1 | #warning usage of non-standard #include <sys/cdefs.h> is deprecated
      |  ^~~~~~~
In file included from ./lib/getopt-cdefs.h:32,
                 from ./lib/unistd.h:692,
                 from ./lib/stdlib.h:105,
                 from lib/filenamecat.h:26,
                 from lib/filenamecat.c:23:
/nix/store/yzx98qlav3kgw6a9pkjpz13p1v280vyk-x86_64-unknown-linux-musl-gcc-15.3.0/x86_64-unknown-linux-musl/sys-include/sys/cdefs.h:1:2: warning: #warning usage of non-standard #include <sys/cdefs.h> is deprecated [-Wcpp]
    1 | #warning usage of non-standard #include <sys/cdefs.h> is deprecated
      |  ^~~~~~~
In file included from ./lib/getopt-cdefs.h:32,
                 from ./lib/unistd.h:692,
                 from ./lib/stdlib.h:105,
                 from ./lib/gettext.h:202,
                 from lib/file-type.c:25:
/nix/store/yzx98qlav3kgw6a9pkjpz13p1v280vyk-x86_64-unknown-linux-musl-gcc-15.3.0/x86_64-unknown-linux-musl/sys-include/sys/cdefs.h:1:2: warning: #warning usage of non-standard #include <sys/cdefs.h> is deprecated [-Wcpp]
    1 | #warning usage of non-standard #include <sys/cdefs.h> is deprecated
      |  ^~~~~~~
  CC       lib/libcoreutils_a-fprintftime.o
In file included from ./lib/getopt-cdefs.h:32,
                 from ./lib/unistd.h:692,
                 from lib/fopen-safer.c:25:
/nix/store/yzx98qlav3kgw6a9pkjpz13p1v280vyk-x86_64-unknown-linux-musl-gcc-15.3.0/x86_64-unknown-linux-musl/sys-include/sys/cdefs.h:1:2: warning: #warning usage of non-standard #include <sys/cdefs.h> is deprecated [-Wcpp]
    1 | #warning usage of non-standard #include <sys/cdefs.h> is deprecated
      |  ^~~~~~~
  CC       lib/libcoreutils_a-fpurge.o
  CC       lib/libcoreutils_a-freading.o
  CC       lib/libcoreutils_a-freadseek.o
  CC       lib/libcoreutils_a-free.o
  CC       lib/libcoreutils_a-freopen-safer.o
In file included from ./lib/getopt-cdefs.h:32,
                 from ./lib/unistd.h:692,
                 from ./lib/stdlib.h:105,
                 from lib/strftime.c:92,
                 from lib/fprintftime.c:20:
/nix/store/yzx98qlav3kgw6a9pkjpz13p1v280vyk-x86_64-unknown-linux-musl-gcc-15.3.0/x86_64-unknown-linux-musl/sys-include/sys/cdefs.h:1:2: warning: #warning usage of non-standard #include <sys/cdefs.h> is deprecated [-Wcpp]
    1 | #warning usage of non-standard #include <sys/cdefs.h> is deprecated
      |  ^~~~~~~
In file included from ./lib/getopt-cdefs.h:32,
                 from ./lib/unistd.h:692,
                 from ./lib/stdlib.h:105,
                 from lib/fpurge.c:27:
/nix/store/yzx98qlav3kgw6a9pkjpz13p1v280vyk-x86_64-unknown-linux-musl-gcc-15.3.0/x86_64-unknown-linux-musl/sys-include/sys/cdefs.h:1:2: warning: #warning usage of non-standard #include <sys/cdefs.h> is deprecated [-Wcpp]
    1 | #warning usage of non-standard #include <sys/cdefs.h> is deprecated
      |  ^~~~~~~
In file included from ./lib/getopt-cdefs.h:32,
                 from ./lib/unistd.h:692,
                 from ./lib/stdlib.h:105,
                 from lib/freadseek.c:22:
/nix/store/yzx98qlav3kgw6a9pkjpz13p1v280vyk-x86_64-unknown-linux-musl-gcc-15.3.0/x86_64-unknown-linux-musl/sys-include/sys/cdefs.h:1:2: warning: #warning usage of non-standard #include <sys/cdefs.h> is deprecated [-Wcpp]
    1 | #warning usage of non-standard #include <sys/cdefs.h> is deprecated
      |  ^~~~~~~
  CC       lib/libcoreutils_a-fsusage.o
In file included from ./lib/getopt-cdefs.h:32,
                 from ./lib/unistd.h:692,
                 from ./lib/stdlib.h:105,
                 from lib/free.c:23:
/nix/store/yzx98qlav3kgw6a9pkjpz13p1v280vyk-x86_64-unknown-linux-musl-gcc-15.3.0/x86_64-unknown-linux-musl/sys-include/sys/cdefs.h:1:2: warning: #warning usage of non-standard #include <sys/cdefs.h> is deprecated [-Wcpp]
    1 | #warning usage of non-standard #include <sys/cdefs.h> is deprecated
      |  ^~~~~~~
  CC       lib/libcoreutils_a-ftoastr.o
In file included from ./lib/getopt-cdefs.h:32,
                 from ./lib/unistd.h:692,
                 from ./lib/fcntl.h:84,
                 from lib/freopen-safer.c:27:
/nix/store/yzx98qlav3kgw6a9pkjpz13p1v280vyk-x86_64-unknown-linux-musl-gcc-15.3.0/x86_64-unknown-linux-musl/sys-include/sys/cdefs.h:1:2: warning: #warning usage of non-standard #include <sys/cdefs.h> is deprecated [-Wcpp]
    1 | #warning usage of non-standard #include <sys/cdefs.h> is deprecated
      |  ^~~~~~~
  CC       lib/libcoreutils_a-fts.o
  CC       lib/libcoreutils_a-full-read.o
In file included from ./lib/getopt-cdefs.h:32,
                 from ./lib/unistd.h:692,
                 from ./lib/stdlib.h:105,
                 from lib/ftoastr.c:34:
/nix/store/yzx98qlav3kgw6a9pkjpz13p1v280vyk-x86_64-unknown-linux-musl-gcc-15.3.0/x86_64-unknown-linux-musl/sys-include/sys/cdefs.h:1:2: warning: #warning usage of non-standard #include <sys/cdefs.h> is deprecated [-Wcpp]
    1 | #warning usage of non-standard #include <sys/cdefs.h> is deprecated
      |  ^~~~~~~
  CC       lib/libcoreutils_a-full-write.o
In file included from ./lib/getopt-cdefs.h:32,
                 from ./lib/unistd.h:692,
                 from ./lib/fcntl.h:84,
                 from lib/fts.c:63:
/nix/store/yzx98qlav3kgw6a9pkjpz13p1v280vyk-x86_64-unknown-linux-musl-gcc-15.3.0/x86_64-unknown-linux-musl/sys-include/sys/cdefs.h:1:2: warning: #warning usage of non-standard #include <sys/cdefs.h> is deprecated [-Wcpp]
    1 | #warning usage of non-standard #include <sys/cdefs.h> is deprecated
      |  ^~~~~~~
  CC       lib/libcoreutils_a-futimens.o
  CC       lib/libcoreutils_a-getcwd.o
  CC       lib/libcoreutils_a-getcwd-lgpl.o
  CC       lib/libcoreutils_a-gethrxtime.o
  CC       lib/libcoreutils_a-xtime.o
  CC       lib/libcoreutils_a-getndelim2.o
In file included from ./lib/getopt-cdefs.h:32,
                 from ./lib/unistd.h:692,
                 from lib/getcwd.c:20:
/nix/store/yzx98qlav3kgw6a9pkjpz13p1v280vyk-x86_64-unknown-linux-musl-gcc-15.3.0/x86_64-unknown-linux-musl/sys-include/sys/cdefs.h:1:2: warning: #warning usage of non-standard #include <sys/cdefs.h> is deprecated [-Wcpp]
    1 | #warning usage of non-standard #include <sys/cdefs.h> is deprecated
      |  ^~~~~~~
In file included from ./lib/getopt-cdefs.h:32,
                 from ./lib/unistd.h:692,
                 from lib/getcwd-lgpl.c:20:
/nix/store/yzx98qlav3kgw6a9pkjpz13p1v280vyk-x86_64-unknown-linux-musl-gcc-15.3.0/x86_64-unknown-linux-musl/sys-include/sys/cdefs.h:1:2: warning: #warning usage of non-standard #include <sys/cdefs.h> is deprecated [-Wcpp]
    1 | #warning usage of non-standard #include <sys/cdefs.h> is deprecated
      |  ^~~~~~~
In file included from ./lib/getopt-cdefs.h:32,
                 from ./lib/unistd.h:692,
                 from ./lib/fcntl.h:84,
                 from lib/utimens.h:31,
                 from lib/futimens.c:23:
/nix/store/yzx98qlav3kgw6a9pkjpz13p1v280vyk-x86_64-unknown-linux-musl-gcc-15.3.0/x86_64-unknown-linux-musl/sys-include/sys/cdefs.h:1:2: warning: #warning usage of non-standard #include <sys/cdefs.h> is deprecated [-Wcpp]
    1 | #warning usage of non-standard #include <sys/cdefs.h> is deprecated
      |  ^~~~~~~
  CC       lib/libcoreutils_a-getopt.o
  CC       lib/libcoreutils_a-getopt1.o
In file included from ./lib/getopt-cdefs.h:32,
                 from ./lib/unistd.h:692,
                 from ./lib/stdlib.h:105,
                 from lib/getndelim2.c:27:
/nix/store/yzx98qlav3kgw6a9pkjpz13p1v280vyk-x86_64-unknown-linux-musl-gcc-15.3.0/x86_64-unknown-linux-musl/sys-include/sys/cdefs.h:1:2: warning: #warning usage of non-standard #include <sys/cdefs.h> is deprecated [-Wcpp]
    1 | #warning usage of non-standard #include <sys/cdefs.h> is deprecated
      |  ^~~~~~~
  CC       lib/libcoreutils_a-getprogname.o
In file included from ./lib/getopt-cdefs.h:32,
                 from ./lib/getopt.h:84,
                 from lib/getopt.c:24:
/nix/store/yzx98qlav3kgw6a9pkjpz13p1v280vyk-x86_64-unknown-linux-musl-gcc-15.3.0/x86_64-unknown-linux-musl/sys-include/sys/cdefs.h:1:2: warning: #warning usage of non-standard #include <sys/cdefs.h> is deprecated [-Wcpp]
    1 | #warning usage of non-standard #include <sys/cdefs.h> is deprecated
      |  ^~~~~~~
  CC       lib/libcoreutils_a-gettime.o
In file included from ./lib/getopt-cdefs.h:32,
                 from ./lib/getopt.h:84,
                 from lib/getopt1.c:24:
/nix/store/yzx98qlav3kgw6a9pkjpz13p1v280vyk-x86_64-unknown-linux-musl-gcc-15.3.0/x86_64-unknown-linux-musl/sys-include/sys/cdefs.h:1:2: warning: #warning usage of non-standard #include <sys/cdefs.h> is deprecated [-Wcpp]
    1 | #warning usage of non-standard #include <sys/cdefs.h> is deprecated
      |  ^~~~~~~
  CC       lib/libcoreutils_a-gettime-res.o
  CC       lib/libcoreutils_a-getugroups.o
In file included from ./lib/getopt-cdefs.h:32,
                 from ./lib/unistd.h:692,
                 from ./lib/stdlib.h:105,
                 from lib/getprogname.c:20:
/nix/store/yzx98qlav3kgw6a9pkjpz13p1v280vyk-x86_64-unknown-linux-musl-gcc-15.3.0/x86_64-unknown-linux-musl/sys-include/sys/cdefs.h:1:2: warning: #warning usage of non-standard #include <sys/cdefs.h> is deprecated [-Wcpp]
    1 | #warning usage of non-standard #include <sys/cdefs.h> is deprecated
      |  ^~~~~~~
  CC       lib/malloc/libcoreutils_a-dynarray_at_failure.o
  CC       lib/malloc/libcoreutils_a-dynarray_emplace_enlarge.o
  CC       lib/malloc/libcoreutils_a-dynarray_finalize.o
  CC       lib/malloc/libcoreutils_a-dynarray_resize.o
In file included from ./lib/getopt-cdefs.h:32,
                 from ./lib/unistd.h:692,
                 from lib/getugroups.c:28:
/nix/store/yzx98qlav3kgw6a9pkjpz13p1v280vyk-x86_64-unknown-linux-musl-gcc-15.3.0/x86_64-unknown-linux-musl/sys-include/sys/cdefs.h:1:2: warning: #warning usage of non-standard #include <sys/cdefs.h> is deprecated [-Wcpp]
    1 | #warning usage of non-standard #include <sys/cdefs.h> is deprecated
      |  ^~~~~~~
In file included from ./lib/getopt-cdefs.h:32,
                 from ./lib/unistd.h:692,
                 from ./lib/stdlib.h:105,
                 from lib/malloc/dynarray_emplace_enlarge.c:26:
/nix/store/yzx98qlav3kgw6a9pkjpz13p1v280vyk-x86_64-unknown-linux-musl-gcc-15.3.0/x86_64-unknown-linux-musl/sys-include/sys/cdefs.h:1:2: warning: #warning usage of non-standard #include <sys/cdefs.h> is deprecated [-Wcpp]
    1 | #warning usage of non-standard #include <sys/cdefs.h> is deprecated
      |  ^~~~~~~
  CC       lib/malloc/libcoreutils_a-dynarray_resize_clear.o
In file included from ./lib/getopt-cdefs.h:32,
                 from ./lib/unistd.h:692,
                 from ./lib/stdlib.h:105,
                 from lib/malloc/dynarray_at_failure.c:21:
/nix/store/yzx98qlav3kgw6a9pkjpz13p1v280vyk-x86_64-unknown-linux-musl-gcc-15.3.0/x86_64-unknown-linux-musl/sys-include/sys/cdefs.h:1:2: warning: #warning usage of non-standard #include <sys/cdefs.h> is deprecated [-Wcpp]
    1 | #warning usage of non-standard #include <sys/cdefs.h> is deprecated
      |  ^~~~~~~
In file included from ./lib/getopt-cdefs.h:32,
                 from ./lib/unistd.h:692,
                 from ./lib/stdlib.h:105,
                 from lib/malloc/dynarray_finalize.c:24:
/nix/store/yzx98qlav3kgw6a9pkjpz13p1v280vyk-x86_64-unknown-linux-musl-gcc-15.3.0/x86_64-unknown-linux-musl/sys-include/sys/cdefs.h:1:2: warning: #warning usage of non-standard #include <sys/cdefs.h> is deprecated [-Wcpp]
    1 | #warning usage of non-standard #include <sys/cdefs.h> is deprecated
      |  ^~~~~~~
  CC       lib/malloc/libcoreutils_a-scratch_buffer_grow.o
In file included from ./lib/getopt-cdefs.h:32,
                 from ./lib/unistd.h:692,
                 from ./lib/stdlib.h:105,
                 from lib/malloc/dynarray_resize.c:26:
/nix/store/yzx98qlav3kgw6a9pkjpz13p1v280vyk-x86_64-unknown-linux-musl-gcc-15.3.0/x86_64-unknown-linux-musl/sys-include/sys/cdefs.h:1:2: warning: #warning usage of non-standard #include <sys/cdefs.h> is deprecated [-Wcpp]
    1 | #warning usage of non-standard #include <sys/cdefs.h> is deprecated
      |  ^~~~~~~
  CC       lib/malloc/libcoreutils_a-scratch_buffer_grow_preserve.o
  CC       lib/malloc/libcoreutils_a-scratch_buffer_set_array_size.o
  CC       lib/libcoreutils_a-group-member.o
In file included from ./lib/getopt-cdefs.h:32,
                 from ./lib/unistd.h:692,
                 from ./lib/stdlib.h:105,
                 from ./lib/malloc/scratch_buffer.gl.h:63,
                 from ./lib/scratch_buffer.h:115,
                 from lib/malloc/scratch_buffer_grow.c:23:
/nix/store/yzx98qlav3kgw6a9pkjpz13p1v280vyk-x86_64-unknown-linux-musl-gcc-15.3.0/x86_64-unknown-linux-musl/sys-include/sys/cdefs.h:1:2: warning: #warning usage of non-standard #include <sys/cdefs.h> is deprecated [-Wcpp]
    1 | #warning usage of non-standard #include <sys/cdefs.h> is deprecated
      |  ^~~~~~~
  CC       lib/libcoreutils_a-hard-locale.o
  CC       lib/libcoreutils_a-hash.o
  CC       lib/libcoreutils_a-hash-pjw.o
In file included from ./lib/getopt-cdefs.h:32,
                 from ./lib/unistd.h:692,
                 from lib/group-member.c:22:
/nix/store/yzx98qlav3kgw6a9pkjpz13p1v280vyk-x86_64-unknown-linux-musl-gcc-15.3.0/x86_64-unknown-linux-musl/sys-include/sys/cdefs.h:1:2: warning: #warning usage of non-standard #include <sys/cdefs.h> is deprecated [-Wcpp]
    1 | #warning usage of non-standard #include <sys/cdefs.h> is deprecated
      |  ^~~~~~~
In file included from ./lib/getopt-cdefs.h:32,
                 from ./lib/unistd.h:692,
                 from ./lib/stdlib.h:105,
                 from ./lib/malloc/scratch_buffer.gl.h:63,
                 from ./lib/scratch_buffer.h:115,
                 from lib/malloc/scratch_buffer_set_array_size.c:23:
/nix/store/yzx98qlav3kgw6a9pkjpz13p1v280vyk-x86_64-unknown-linux-musl-gcc-15.3.0/x86_64-unknown-linux-musl/sys-include/sys/cdefs.h:1:2: warning: #warning usage of non-standard #include <sys/cdefs.h> is deprecated [-Wcpp]
    1 | #warning usage of non-standard #include <sys/cdefs.h> is deprecated
      |  ^~~~~~~
In file included from ./lib/getopt-cdefs.h:32,
                 from ./lib/unistd.h:692,
                 from ./lib/stdlib.h:105,
                 from ./lib/malloc/scratch_buffer.gl.h:63,
                 from ./lib/scratch_buffer.h:115,
                 from lib/malloc/scratch_buffer_grow_preserve.c:23:
/nix/store/yzx98qlav3kgw6a9pkjpz13p1v280vyk-x86_64-unknown-linux-musl-gcc-15.3.0/x86_64-unknown-linux-musl/sys-include/sys/cdefs.h:1:2: warning: #warning usage of non-standard #include <sys/cdefs.h> is deprecated [-Wcpp]
    1 | #warning usage of non-standard #include <sys/cdefs.h> is deprecated
      |  ^~~~~~~
In file included from ./lib/getopt-cdefs.h:32,
                 from ./lib/unistd.h:692,
                 from ./lib/stdlib.h:105,
                 from lib/hard-locale.c:24:
/nix/store/yzx98qlav3kgw6a9pkjpz13p1v280vyk-x86_64-unknown-linux-musl-gcc-15.3.0/x86_64-unknown-linux-musl/sys-include/sys/cdefs.h:1:2: warning: #warning usage of non-standard #include <sys/cdefs.h> is deprecated [-Wcpp]
    1 | #warning usage of non-standard #include <sys/cdefs.h> is deprecated
      |  ^~~~~~~
In file included from ./lib/getopt-cdefs.h:32,
                 from ./lib/unistd.h:692,
                 from ./lib/stdlib.h:105,
                 from lib/hash.c:35:
/nix/store/yzx98qlav3kgw6a9pkjpz13p1v280vyk-x86_64-unknown-linux-musl-gcc-15.3.0/x86_64-unknown-linux-musl/sys-include/sys/cdefs.h:1:2: warning: #warning usage of non-standard #include <sys/cdefs.h> is deprecated [-Wcpp]
    1 | #warning usage of non-standard #include <sys/cdefs.h> is deprecated
      |  ^~~~~~~
  CC       lib/libcoreutils_a-hash-triple.o
  CC       lib/libcoreutils_a-hash-triple-simple.o
  CC       lib/libcoreutils_a-heap.o
  CC       lib/libcoreutils_a-human.o
  CC       lib/libcoreutils_a-i-ring.o
  CC       lib/libcoreutils_a-ialloc.o
  CC       lib/libcoreutils_a-idcache.o
In file included from ./lib/getopt-cdefs.h:32,
                 from ./lib/unistd.h:692,
                 from ./lib/stdlib.h:105,
                 from lib/hash-triple-simple.c:24:
/nix/store/yzx98qlav3kgw6a9pkjpz13p1v280vyk-x86_64-unknown-linux-musl-gcc-15.3.0/x86_64-unknown-linux-musl/sys-include/sys/cdefs.h:1:2: warning: #warning usage of non-standard #include <sys/cdefs.h> is deprecated [-Wcpp]
    1 | #warning usage of non-standard #include <sys/cdefs.h> is deprecated
      |  ^~~~~~~
In file included from ./lib/getopt-cdefs.h:32,
                 from ./lib/unistd.h:692,
                 from ./lib/stdlib.h:105,
                 from lib/stdlib--.h:20,
                 from lib/heap.c:24:
/nix/store/yzx98qlav3kgw6a9pkjpz13p1v280vyk-x86_64-unknown-linux-musl-gcc-15.3.0/x86_64-unknown-linux-musl/sys-include/sys/cdefs.h:1:2: warning: #warning usage of non-standard #include <sys/cdefs.h> is deprecated [-Wcpp]
    1 | #warning usage of non-standard #include <sys/cdefs.h> is deprecated
      |  ^~~~~~~
  CC       lib/libcoreutils_a-ino-map.o
  CC       lib/libcoreutils_a-imaxtostr.o
In file included from ./lib/getopt-cdefs.h:32,
                 from ./lib/unistd.h:692,
                 from ./lib/stdlib.h:105,
                 from lib/i-ring.c:22:
/nix/store/yzx98qlav3kgw6a9pkjpz13p1v280vyk-x86_64-unknown-linux-musl-gcc-15.3.0/x86_64-unknown-linux-musl/sys-include/sys/cdefs.h:1:2: warning: #warning usage of non-standard #include <sys/cdefs.h> is deprecated [-Wcpp]
    1 | #warning usage of non-standard #include <sys/cdefs.h> is deprecated
      |  ^~~~~~~
In file included from ./lib/getopt-cdefs.h:32,
                 from ./lib/unistd.h:692,
                 from ./lib/stdlib.h:105,
                 from lib/ialloc.h:31,
                 from lib/ialloc.c:21:
/nix/store/yzx98qlav3kgw6a9pkjpz13p1v280vyk-x86_64-unknown-linux-musl-gcc-15.3.0/x86_64-unknown-linux-musl/sys-include/sys/cdefs.h:1:2: warning: #warning usage of non-standard #include <sys/cdefs.h> is deprecated [-Wcpp]
    1 | #warning usage of non-standard #include <sys/cdefs.h> is deprecated
      |  ^~~~~~~
In file included from ./lib/getopt-cdefs.h:32,
                 from ./lib/unistd.h:692,
                 from lib/human.h:25,
                 from lib/human.c:22:
/nix/store/yzx98qlav3kgw6a9pkjpz13p1v280vyk-x86_64-unknown-linux-musl-gcc-15.3.0/x86_64-unknown-linux-musl/sys-include/sys/cdefs.h:1:2: warning: #warning usage of non-standard #include <sys/cdefs.h> is deprecated [-Wcpp]
    1 | #warning usage of non-standard #include <sys/cdefs.h> is deprecated
      |  ^~~~~~~
  CC       lib/libcoreutils_a-inttostr.o
In file included from ./lib/getopt-cdefs.h:32,
                 from ./lib/unistd.h:692,
                 from lib/idcache.c:28:
/nix/store/yzx98qlav3kgw6a9pkjpz13p1v280vyk-x86_64-unknown-linux-musl-gcc-15.3.0/x86_64-unknown-linux-musl/sys-include/sys/cdefs.h:1:2: warning: #warning usage of non-standard #include <sys/cdefs.h> is deprecated [-Wcpp]
    1 | #warning usage of non-standard #include <sys/cdefs.h> is deprecated
      |  ^~~~~~~
In file included from ./lib/getopt-cdefs.h:32,
                 from ./lib/unistd.h:692,
                 from ./lib/stdlib.h:105,
                 from lib/ino-map.c:26:
/nix/store/yzx98qlav3kgw6a9pkjpz13p1v280vyk-x86_64-unknown-linux-musl-gcc-15.3.0/x86_64-unknown-linux-musl/sys-include/sys/cdefs.h:1:2: warning: #warning usage of non-standard #include <sys/cdefs.h> is deprecated [-Wcpp]
    1 | #warning usage of non-standard #include <sys/cdefs.h> is deprecated
      |  ^~~~~~~
  CC       lib/libcoreutils_a-offtostr.o
  CC       lib/libcoreutils_a-uinttostr.o
  CC       lib/libcoreutils_a-umaxtostr.o
  CC       lib/libcoreutils_a-isapipe.o
  CC       lib/libcoreutils_a-ldtoastr.o
  CC       lib/libcoreutils_a-mini-gmp-gnulib.o
  CC       lib/libcoreutils_a-linebuffer.o
  CC       lib/libcoreutils_a-localcharset.o
In file included from ./lib/getopt-cdefs.h:32,
                 from ./lib/unistd.h:692,
                 from lib/isapipe.c:58:
/nix/store/yzx98qlav3kgw6a9pkjpz13p1v280vyk-x86_64-unknown-linux-musl-gcc-15.3.0/x86_64-unknown-linux-musl/sys-include/sys/cdefs.h:1:2: warning: #warning usage of non-standard #include <sys/cdefs.h> is deprecated [-Wcpp]
    1 | #warning usage of non-standard #include <sys/cdefs.h> is deprecated
      |  ^~~~~~~
  CC       lib/glthread/libcoreutils_a-lock.o
  CC       lib/unicase/libcoreutils_a-tolower.o
  CC       lib/unictype/libcoreutils_a-ctype_alnum.o
In file included from ./lib/getopt-cdefs.h:32,
                 from ./lib/unistd.h:692,
                 from ./lib/stdlib.h:105,
                 from lib/linebuffer.c:24:
/nix/store/yzx98qlav3kgw6a9pkjpz13p1v280vyk-x86_64-unknown-linux-musl-gcc-15.3.0/x86_64-unknown-linux-musl/sys-include/sys/cdefs.h:1:2: warning: #warning usage of non-standard #include <sys/cdefs.h> is deprecated [-Wcpp]
    1 | #warning usage of non-standard #include <sys/cdefs.h> is deprecated
      |  ^~~~~~~
In file included from ./lib/getopt-cdefs.h:32,
                 from ./lib/unistd.h:692,
                 from ./lib/stdlib.h:105,
                 from lib/localcharset.c:28:
/nix/store/yzx98qlav3kgw6a9pkjpz13p1v280vyk-x86_64-unknown-linux-musl-gcc-15.3.0/x86_64-unknown-linux-musl/sys-include/sys/cdefs.h:1:2: warning: #warning usage of non-standard #include <sys/cdefs.h> is deprecated [-Wcpp]
    1 | #warning usage of non-standard #include <sys/cdefs.h> is deprecated
      |  ^~~~~~~
In file included from ./lib/getopt-cdefs.h:32,
                 from ./lib/unistd.h:692,
                 from ./lib/stdlib.h:105,
                 from lib/ftoastr.c:34,
                 from lib/ldtoastr.c:19:
/nix/store/yzx98qlav3kgw6a9pkjpz13p1v280vyk-x86_64-unknown-linux-musl-gcc-15.3.0/x86_64-unknown-linux-musl/sys-include/sys/cdefs.h:1:2: warning: #warning usage of non-standard #include <sys/cdefs.h> is deprecated [-Wcpp]
    1 | #warning usage of non-standard #include <sys/cdefs.h> is deprecated
      |  ^~~~~~~
In file included from ./lib/getopt-cdefs.h:32,
                 from ./lib/unistd.h:692,
                 from ./lib/stdlib.h:105,
                 from lib/mini-gmp.c:49,
                 from lib/mini-gmp-gnulib.c:48:
/nix/store/yzx98qlav3kgw6a9pkjpz13p1v280vyk-x86_64-unknown-linux-musl-gcc-15.3.0/x86_64-unknown-linux-musl/sys-include/sys/cdefs.h:1:2: warning: #warning usage of non-standard #include <sys/cdefs.h> is deprecated [-Wcpp]
    1 | #warning usage of non-standard #include <sys/cdefs.h> is deprecated
      |  ^~~~~~~
In file included from ./lib/getopt-cdefs.h:32,
                 from ./lib/unistd.h:692,
                 from ./lib/stdlib.h:105,
                 from ./lib/glthread/lock.h:89,
                 from lib/glthread/lock.c:22:
/nix/store/yzx98qlav3kgw6a9pkjpz13p1v280vyk-x86_64-unknown-linux-musl-gcc-15.3.0/x86_64-unknown-linux-musl/sys-include/sys/cdefs.h:1:2: warning: #warning usage of non-standard #include <sys/cdefs.h> is deprecated [-Wcpp]
    1 | #warning usage of non-standard #include <sys/cdefs.h> is deprecated
      |  ^~~~~~~
  CC       lib/unictype/libcoreutils_a-ctype_alpha.o
In file included from ./lib/sched.h:35,
                 from /home/samson/Projects/clojv3/./store/musl-1.2.6/include/pthread.h:30,
                 from ./lib/pthread.h:46,
                 from ./lib/glthread/lock.h:218:
/nix/store/yzx98qlav3kgw6a9pkjpz13p1v280vyk-x86_64-unknown-linux-musl-gcc-15.3.0/x86_64-unknown-linux-musl/sys-include/sys/cdefs.h:1:2: warning: #warning usage of non-standard #include <sys/cdefs.h> is deprecated [-Wcpp]
    1 | #warning usage of non-standard #include <sys/cdefs.h> is deprecated
      |  ^~~~~~~
  CC       lib/unictype/libcoreutils_a-ctype_blank.o
  CC       lib/unictype/libcoreutils_a-ctype_cntrl.o
  CC       lib/unictype/libcoreutils_a-ctype_digit.o
  CC       lib/unictype/libcoreutils_a-ctype_graph.o
  CC       lib/unictype/libcoreutils_a-ctype_lower.o
  CC       lib/unictype/libcoreutils_a-ctype_print.o
  CC       lib/unictype/libcoreutils_a-ctype_punct.o
  CC       lib/unictype/libcoreutils_a-ctype_space.o
  CC       lib/unictype/libcoreutils_a-ctype_upper.o
  CC       lib/unictype/libcoreutils_a-ctype_xdigit.o
  CC       lib/unistr/libcoreutils_a-u32-chr.o
  CC       lib/unistr/libcoreutils_a-u32-cpy.o
  CC       lib/unistr/libcoreutils_a-u32-pcpy.o
  CC       lib/unistr/libcoreutils_a-u32-strcat.o
  CC       lib/unistr/libcoreutils_a-u32-strlen.o
  CC       lib/unistr/libcoreutils_a-u8-mbtoucr.o
  CC       lib/unistr/libcoreutils_a-u8-uctomb.o
In file included from ./lib/getopt-cdefs.h:32,
                 from ./lib/unistd.h:692,
                 from ./lib/stdlib.h:105,
                 from ./lib/unistr.h:30,
                 from lib/unistr/u32-strcat.c:21:
/nix/store/yzx98qlav3kgw6a9pkjpz13p1v280vyk-x86_64-unknown-linux-musl-gcc-15.3.0/x86_64-unknown-linux-musl/sys-include/sys/cdefs.h:1:2: warning: #warning usage of non-standard #include <sys/cdefs.h> is deprecated [-Wcpp]
    1 | #warning usage of non-standard #include <sys/cdefs.h> is deprecated
      |  ^~~~~~~
In file included from ./lib/getopt-cdefs.h:32,
                 from ./lib/unistd.h:692,
                 from ./lib/stdlib.h:105,
                 from ./lib/unistr.h:30,
                 from lib/unistr/u32-chr.c:21:
/nix/store/yzx98qlav3kgw6a9pkjpz13p1v280vyk-x86_64-unknown-linux-musl-gcc-15.3.0/x86_64-unknown-linux-musl/sys-include/sys/cdefs.h:1:2: warning: #warning usage of non-standard #include <sys/cdefs.h> is deprecated [-Wcpp]
    1 | #warning usage of non-standard #include <sys/cdefs.h> is deprecated
      |  ^~~~~~~
In file included from ./lib/getopt-cdefs.h:32,
                 from ./lib/unistd.h:692,
                 from ./lib/stdlib.h:105,
                 from ./lib/unistr.h:30,
                 from lib/unistr/u32-cpy.c:21:
/nix/store/yzx98qlav3kgw6a9pkjpz13p1v280vyk-x86_64-unknown-linux-musl-gcc-15.3.0/x86_64-unknown-linux-musl/sys-include/sys/cdefs.h:1:2: warning: #warning usage of non-standard #include <sys/cdefs.h> is deprecated [-Wcpp]
    1 | #warning usage of non-standard #include <sys/cdefs.h> is deprecated
      |  ^~~~~~~
In file included from ./lib/getopt-cdefs.h:32,
                 from ./lib/unistd.h:692,
                 from ./lib/stdlib.h:105,
                 from ./lib/unistr.h:30,
                 from lib/unistr/u32-pcpy.c:21:
/nix/store/yzx98qlav3kgw6a9pkjpz13p1v280vyk-x86_64-unknown-linux-musl-gcc-15.3.0/x86_64-unknown-linux-musl/sys-include/sys/cdefs.h:1:2: warning: #warning usage of non-standard #include <sys/cdefs.h> is deprecated [-Wcpp]
    1 | #warning usage of non-standard #include <sys/cdefs.h> is deprecated
      |  ^~~~~~~
  CC       lib/unistr/libcoreutils_a-u8-uctomb-aux.o
  CC       lib/uniwidth/libcoreutils_a-width.o
In file included from ./lib/getopt-cdefs.h:32,
                 from ./lib/unistd.h:692,
                 from ./lib/stdlib.h:105,
                 from ./lib/unistr.h:30,
                 from lib/unistr/u8-mbtoucr.c:21:
/nix/store/yzx98qlav3kgw6a9pkjpz13p1v280vyk-x86_64-unknown-linux-musl-gcc-15.3.0/x86_64-unknown-linux-musl/sys-include/sys/cdefs.h:1:2: warning: #warning usage of non-standard #include <sys/cdefs.h> is deprecated [-Wcpp]
    1 | #warning usage of non-standard #include <sys/cdefs.h> is deprecated
      |  ^~~~~~~
In file included from ./lib/getopt-cdefs.h:32,
                 from ./lib/unistd.h:692,
                 from ./lib/stdlib.h:105,
                 from ./lib/unistr.h:30,
                 from lib/unistr/u32-strlen.c:21:
/nix/store/yzx98qlav3kgw6a9pkjpz13p1v280vyk-x86_64-unknown-linux-musl-gcc-15.3.0/x86_64-unknown-linux-musl/sys-include/sys/cdefs.h:1:2: warning: #warning usage of non-standard #include <sys/cdefs.h> is deprecated [-Wcpp]
    1 | #warning usage of non-standard #include <sys/cdefs.h> is deprecated
      |  ^~~~~~~
  CC       src/blake2/b2sum-blake2b-ref.o
  CC       src/blake2/b2sum-b2sum.o
  AR       src/libcksum_pclmul.a
  CCLD     src/make-prime-list
In file included from ./lib/getopt-cdefs.h:32,
                 from ./lib/unistd.h:692,
                 from ./lib/stdlib.h:105,
                 from ./lib/unistr.h:30,
                 from lib/unistr/u8-uctomb.c:26:
/nix/store/yzx98qlav3kgw6a9pkjpz13p1v280vyk-x86_64-unknown-linux-musl-gcc-15.3.0/x86_64-unknown-linux-musl/sys-include/sys/cdefs.h:1:2: warning: #warning usage of non-standard #include <sys/cdefs.h> is deprecated [-Wcpp]
    1 | #warning usage of non-standard #include <sys/cdefs.h> is deprecated
      |  ^~~~~~~
  AR       src/libwc_avx2.a
In file included from ./lib/getopt-cdefs.h:32,
                 from ./lib/unistd.h:692,
                 from ./lib/stdlib.h:105,
                 from ./lib/unistr.h:30,
                 from lib/unistr/u8-uctomb-aux.c:21:
/nix/store/yzx98qlav3kgw6a9pkjpz13p1v280vyk-x86_64-unknown-linux-musl-gcc-15.3.0/x86_64-unknown-linux-musl/sys-include/sys/cdefs.h:1:2: warning: #warning usage of non-standard #include <sys/cdefs.h> is deprecated [-Wcpp]
    1 | #warning usage of non-standard #include <sys/cdefs.h> is deprecated
      |  ^~~~~~~
  CCLD     src/libstdbuf.so
  AR       src/libver.a
In file included from ./lib/getopt-cdefs.h:32,
                 from ./lib/unistd.h:692,
                 from ./lib/stdlib.h:105,
                 from src/blake2/b2sum.c:21:
/nix/store/yzx98qlav3kgw6a9pkjpz13p1v280vyk-x86_64-unknown-linux-musl-gcc-15.3.0/x86_64-unknown-linux-musl/sys-include/sys/cdefs.h:1:2: warning: #warning usage of non-standard #include <sys/cdefs.h> is deprecated [-Wcpp]
    1 | #warning usage of non-standard #include <sys/cdefs.h> is deprecated
      |  ^~~~~~~
  AR       lib/libcoreutils.a
  CCLD     src/chroot
  CCLD     src/hostid
  CCLD     src/nice
  CCLD     src/timeout
  CCLD     src/who
  CCLD     src/users
  CCLD     src/stty
  CCLD     src/pinky
  CCLD     src/df
  CCLD     src/[
  CCLD     src/stdbuf
  CCLD     src/b2sum
  CCLD     src/base64
  CCLD     src/base32
  CCLD     src/basenc
  CCLD     src/basename
  CCLD     src/cat
  CCLD     src/chcon
  CCLD     src/chgrp
  CCLD     src/chmod
  CCLD     src/chown
  CCLD     src/cksum
  CCLD     src/cp
  CCLD     src/comm
  CCLD     src/csplit
  CCLD     src/cut
  CCLD     src/date
  CCLD     src/dd
  CCLD     src/dir
  CCLD     src/dircolors
  CCLD     src/dirname
  CCLD     src/du
  CCLD     src/echo
  CCLD     src/env
  CCLD     src/expand
  CCLD     src/expr
  CCLD     src/factor
  CCLD     src/false
  CCLD     src/fmt
  CCLD     src/fold
  CCLD     src/ginstall
  CCLD     src/groups
  CCLD     src/head
  CCLD     src/id
  CCLD     src/join
  CCLD     src/kill
  CCLD     src/link
  CCLD     src/ln
  CCLD     src/logname
  CCLD     src/ls
  CCLD     src/md5sum
  CCLD     src/mkdir
  CCLD     src/mknod
  CCLD     src/mkfifo
  CCLD     src/mktemp
  CCLD     src/mv
  CCLD     src/nproc
  CCLD     src/nl
  CCLD     src/nohup
  CCLD     src/numfmt
  CCLD     src/od
  CCLD     src/paste
  CCLD     src/pathchk
  CCLD     src/pr
  CCLD     src/printenv
  CCLD     src/printf
  CCLD     src/ptx
  CCLD     src/pwd
  CCLD     src/readlink
  CCLD     src/realpath
  CCLD     src/rmdir
  CCLD     src/rm
  CCLD     src/runcon
  CCLD     src/seq
  CCLD     src/sha1sum
  CCLD     src/sha224sum
  CCLD     src/sha256sum
  CCLD     src/sha384sum
  CCLD     src/sha512sum
  CCLD     src/shred
  CCLD     src/shuf
  CCLD     src/sleep
  CCLD     src/sort
  CCLD     src/split
  CCLD     src/stat
  CCLD     src/sum
  CCLD     src/sync
  CCLD     src/tac
  CCLD     src/tail
  CCLD     src/tee
  CCLD     src/test
  CCLD     src/touch
  CCLD     src/tr
  CCLD     src/true
  CCLD     src/tsort
  CCLD     src/truncate
  CCLD     src/uname
  CCLD     src/tty
  CCLD     src/unexpand
  CCLD     src/uniq
  CCLD     src/unlink
  CCLD     src/uptime
  CCLD     src/vdir
  CCLD     src/wc
  CCLD     src/whoami
  GEN      man/chroot.1
  CCLD     src/yes
  CCLD     src/getlimits
  GEN      man/hostid.1
  GEN      man/timeout.1
  GEN      man/nice.1
  GEN      man/who.1
  GEN      man/users.1
  GEN      man/pinky.1
  GEN      man/stty.1
  GEN      man/df.1
  GEN      man/stdbuf.1
  GEN      man/b2sum.1
  GEN      man/base64.1
  GEN      man/base32.1
  GEN      man/basenc.1
  GEN      man/basename.1
  GEN      man/chcon.1
  GEN      man/cat.1
  GEN      man/chgrp.1
  GEN      man/chmod.1
  GEN      man/chown.1
  GEN      man/cksum.1
  GEN      man/comm.1
  GEN      man/cp.1
  GEN      man/csplit.1
  GEN      man/date.1
  GEN      man/cut.1
  GEN      man/dd.1
  GEN      man/dir.1
  GEN      man/dircolors.1
  GEN      man/dirname.1
  GEN      man/du.1
  GEN      man/echo.1
  GEN      man/env.1
  GEN      man/expand.1
  GEN      man/expr.1
  GEN      man/factor.1
  GEN      man/false.1
  GEN      man/fmt.1
  GEN      man/fold.1
  GEN      man/install.1
  GEN      man/groups.1
  GEN      man/head.1
  GEN      man/id.1
  GEN      man/join.1
  GEN      man/kill.1
  GEN      man/link.1
  GEN      man/ln.1
  GEN      man/logname.1
  GEN      man/ls.1
  GEN      man/md5sum.1
  GEN      man/mkdir.1
  GEN      man/mkfifo.1
  GEN      man/mknod.1
  GEN      man/mktemp.1
  GEN      man/mv.1
  GEN      man/nl.1
  GEN      man/nproc.1
  GEN      man/nohup.1
  GEN      man/numfmt.1
  GEN      man/od.1
  GEN      man/paste.1
  GEN      man/pathchk.1
  GEN      man/pr.1
  GEN      man/printenv.1
  GEN      man/printf.1
  GEN      man/ptx.1
  GEN      man/pwd.1
  GEN      man/readlink.1
  GEN      man/realpath.1
  GEN      man/rm.1
  GEN      man/rmdir.1
  GEN      man/runcon.1
  GEN      man/seq.1
  GEN      man/sha1sum.1
  GEN      man/sha224sum.1
  GEN      man/sha256sum.1
  GEN      man/sha384sum.1
  GEN      man/sha512sum.1
  GEN      man/shred.1
  GEN      man/shuf.1
  GEN      man/sleep.1
  GEN      man/sort.1
  GEN      man/split.1
  GEN      man/stat.1
  GEN      man/sum.1
  GEN      man/sync.1
  GEN      man/tac.1
  GEN      man/tail.1
  GEN      man/tee.1
  GEN      man/test.1
  GEN      man/touch.1
  GEN      man/tr.1
  GEN      man/true.1
  GEN      man/truncate.1
  GEN      man/tsort.1
  GEN      man/tty.1
  GEN      man/uname.1
  GEN      man/unexpand.1
  GEN      man/uniq.1
  GEN      man/unlink.1
  GEN      man/uptime.1
  GEN      man/vdir.1
  GEN      man/wc.1
  GEN      man/whoami.1
  GEN      man/yes.1
make[2]: Leaving directory '/home/samson/Projects/clojv3/store/tmp/coreutils-9.5/coreutils-9.5'
Making all in gnulib-tests
make[2]: Entering directory '/home/samson/Projects/clojv3/store/tmp/coreutils-9.5/coreutils-9.5/gnulib-tests'
## ---------------------------------------------------- ##
## ------------------- Gnulib tests ------------------- ##
## You can ignore compiler warnings in this directory.  ##
## ---------------------------------------------------- ##
make  all-recursive
make[3]: Entering directory '/home/samson/Projects/clojv3/store/tmp/coreutils-9.5/coreutils-9.5/gnulib-tests'
Making all in .
make[4]: Entering directory '/home/samson/Projects/clojv3/store/tmp/coreutils-9.5/coreutils-9.5/gnulib-tests'
  CC       bench_md5-bench-md5.o
  CC       c-strcasestr.o
  CC       c32tob.o
  CC       localename.o
  CC       localename-unsafe.o
  CC       localename-table.o
  CC       random_r.o
  CC       setlocale.o
  CC       timespec-add.o
  CC       timespec-sub.o
  CC       vma-iter.o
  CC       bench_sha1-bench-sha1.o
In file included from ../lib/getopt-cdefs.h:32,
                 from ../lib/unistd.h:692,
                 from ../lib/stdlib.h:105,
                 from localename-unsafe.c:34:
/nix/store/yzx98qlav3kgw6a9pkjpz13p1v280vyk-x86_64-unknown-linux-musl-gcc-15.3.0/x86_64-unknown-linux-musl/sys-include/sys/cdefs.h:1:2: warning: #warning usage of non-standard #include <sys/cdefs.h> is deprecated [-Wcpp]
    1 | #warning usage of non-standard #include <sys/cdefs.h> is deprecated
      |  ^~~~~~~
In file included from ../lib/getopt-cdefs.h:32,
                 from ../lib/unistd.h:692,
                 from ../lib/stdlib.h:105,
                 from random_r.c:68:
/nix/store/yzx98qlav3kgw6a9pkjpz13p1v280vyk-x86_64-unknown-linux-musl-gcc-15.3.0/x86_64-unknown-linux-musl/sys-include/sys/cdefs.h:1:2: warning: #warning usage of non-standard #include <sys/cdefs.h> is deprecated [-Wcpp]
    1 | #warning usage of non-standard #include <sys/cdefs.h> is deprecated
      |  ^~~~~~~
In file included from ../lib/getopt-cdefs.h:32,
                 from ../lib/unistd.h:692,
                 from ../lib/stdlib.h:105,
                 from bench-digest.h:18,
                 from bench-md5.c:24:
/nix/store/yzx98qlav3kgw6a9pkjpz13p1v280vyk-x86_64-unknown-linux-musl-gcc-15.3.0/x86_64-unknown-linux-musl/sys-include/sys/cdefs.h:1:2: warning: #warning usage of non-standard #include <sys/cdefs.h> is deprecated [-Wcpp]
    1 | #warning usage of non-standard #include <sys/cdefs.h> is deprecated
      |  ^~~~~~~
  CC       bench_sha224-bench-sha224.o
In file included from ../lib/getopt-cdefs.h:32,
                 from ../lib/unistd.h:692,
                 from ../lib/stdlib.h:105,
                 from localename.c:29:
/nix/store/yzx98qlav3kgw6a9pkjpz13p1v280vyk-x86_64-unknown-linux-musl-gcc-15.3.0/x86_64-unknown-linux-musl/sys-include/sys/cdefs.h:1:2: warning: #warning usage of non-standard #include <sys/cdefs.h> is deprecated [-Wcpp]
    1 | #warning usage of non-standard #include <sys/cdefs.h> is deprecated
      |  ^~~~~~~
In file included from ../lib/getopt-cdefs.h:32,
                 from ../lib/unistd.h:692,
                 from ../lib/stdlib.h:105,
                 from vma-iter.c:44:
/nix/store/yzx98qlav3kgw6a9pkjpz13p1v280vyk-x86_64-unknown-linux-musl-gcc-15.3.0/x86_64-unknown-linux-musl/sys-include/sys/cdefs.h:1:2: warning: #warning usage of non-standard #include <sys/cdefs.h> is deprecated [-Wcpp]
    1 | #warning usage of non-standard #include <sys/cdefs.h> is deprecated
      |  ^~~~~~~
In file included from ../lib/getopt-cdefs.h:32,
                 from ../lib/unistd.h:692,
                 from ../lib/stdlib.h:105,
                 from setlocale.c:33:
/nix/store/yzx98qlav3kgw6a9pkjpz13p1v280vyk-x86_64-unknown-linux-musl-gcc-15.3.0/x86_64-unknown-linux-musl/sys-include/sys/cdefs.h:1:2: warning: #warning usage of non-standard #include <sys/cdefs.h> is deprecated [-Wcpp]
    1 | #warning usage of non-standard #include <sys/cdefs.h> is deprecated
      |  ^~~~~~~
In file included from ../lib/getopt-cdefs.h:32,
                 from ../lib/unistd.h:692,
                 from ../lib/stdlib.h:105,
                 from bench-digest.h:18,
                 from bench-sha1.c:24:
/nix/store/yzx98qlav3kgw6a9pkjpz13p1v280vyk-x86_64-unknown-linux-musl-gcc-15.3.0/x86_64-unknown-linux-musl/sys-include/sys/cdefs.h:1:2: warning: #warning usage of non-standard #include <sys/cdefs.h> is deprecated [-Wcpp]
    1 | #warning usage of non-standard #include <sys/cdefs.h> is deprecated
      |  ^~~~~~~
In file included from ../lib/sched.h:35,
                 from /home/samson/Projects/clojv3/./store/musl-1.2.6/include/pthread.h:30,
                 from ../lib/pthread.h:46,
                 from ../lib/glthread/lock.h:218,
                 from localename.c:34:
/nix/store/yzx98qlav3kgw6a9pkjpz13p1v280vyk-x86_64-unknown-linux-musl-gcc-15.3.0/x86_64-unknown-linux-musl/sys-include/sys/cdefs.h:1:2: warning: #warning usage of non-standard #include <sys/cdefs.h> is deprecated [-Wcpp]
    1 | #warning usage of non-standard #include <sys/cdefs.h> is deprecated
      |  ^~~~~~~
  CC       bench_sha256-bench-sha256.o
  CC       bench_sha512-bench-sha512.o
  CC       bench_sha384-bench-sha384.o
In file included from ../lib/getopt-cdefs.h:32,
                 from ../lib/unistd.h:692,
                 from ../lib/stdlib.h:105,
                 from bench-digest.h:18,
                 from bench-sha224.c:24:
/nix/store/yzx98qlav3kgw6a9pkjpz13p1v280vyk-x86_64-unknown-linux-musl-gcc-15.3.0/x86_64-unknown-linux-musl/sys-include/sys/cdefs.h:1:2: warning: #warning usage of non-standard #include <sys/cdefs.h> is deprecated [-Wcpp]
    1 | #warning usage of non-standard #include <sys/cdefs.h> is deprecated
      |  ^~~~~~~
  CC       locale.o
  CC       test-localcharset.o
  CC       glthread/thread.o
  CC       unistr/u32-set.o
In file included from ../lib/getopt-cdefs.h:32,
                 from ../lib/unistd.h:692,
                 from ../lib/stdlib.h:105,
                 from bench-digest.h:18,
                 from bench-sha256.c:24:
/nix/store/yzx98qlav3kgw6a9pkjpz13p1v280vyk-x86_64-unknown-linux-musl-gcc-15.3.0/x86_64-unknown-linux-musl/sys-include/sys/cdefs.h:1:2: warning: #warning usage of non-standard #include <sys/cdefs.h> is deprecated [-Wcpp]
    1 | #warning usage of non-standard #include <sys/cdefs.h> is deprecated
      |  ^~~~~~~
In file included from ../lib/getopt-cdefs.h:32,
                 from ../lib/unistd.h:692,
                 from ../lib/stdlib.h:105,
                 from bench-digest.h:18,
                 from bench-sha384.c:24:
/nix/store/yzx98qlav3kgw6a9pkjpz13p1v280vyk-x86_64-unknown-linux-musl-gcc-15.3.0/x86_64-unknown-linux-musl/sys-include/sys/cdefs.h:1:2: warning: #warning usage of non-standard #include <sys/cdefs.h> is deprecated [-Wcpp]
    1 | #warning usage of non-standard #include <sys/cdefs.h> is deprecated
      |  ^~~~~~~
In file included from ../lib/getopt-cdefs.h:32,
                 from ../lib/unistd.h:692,
                 from ../lib/stdlib.h:105,
                 from locale.c:23:
/nix/store/yzx98qlav3kgw6a9pkjpz13p1v280vyk-x86_64-unknown-linux-musl-gcc-15.3.0/x86_64-unknown-linux-musl/sys-include/sys/cdefs.h:1:2: warning: #warning usage of non-standard #include <sys/cdefs.h> is deprecated [-Wcpp]
    1 | #warning usage of non-standard #include <sys/cdefs.h> is deprecated
      |  ^~~~~~~
In file included from ../lib/getopt-cdefs.h:32,
                 from ../lib/unistd.h:692,
                 from ../lib/stdlib.h:105,
                 from ./glthread/thread.h:79,
                 from glthread/thread.c:23:
/nix/store/yzx98qlav3kgw6a9pkjpz13p1v280vyk-x86_64-unknown-linux-musl-gcc-15.3.0/x86_64-unknown-linux-musl/sys-include/sys/cdefs.h:1:2: warning: #warning usage of non-standard #include <sys/cdefs.h> is deprecated [-Wcpp]
    1 | #warning usage of non-standard #include <sys/cdefs.h> is deprecated
      |  ^~~~~~~
In file included from ../lib/getopt-cdefs.h:32,
                 from ../lib/unistd.h:692,
                 from ../lib/stdlib.h:105,
                 from bench-digest.h:18,
                 from bench-sha512.c:24:
/nix/store/yzx98qlav3kgw6a9pkjpz13p1v280vyk-x86_64-unknown-linux-musl-gcc-15.3.0/x86_64-unknown-linux-musl/sys-include/sys/cdefs.h:1:2: warning: #warning usage of non-standard #include <sys/cdefs.h> is deprecated [-Wcpp]
    1 | #warning usage of non-standard #include <sys/cdefs.h> is deprecated
      |  ^~~~~~~
In file included from ../lib/sched.h:35,
                 from /home/samson/Projects/clojv3/./store/musl-1.2.6/include/pthread.h:30,
                 from ../lib/pthread.h:46,
                 from ./glthread/thread.h:131:
/nix/store/yzx98qlav3kgw6a9pkjpz13p1v280vyk-x86_64-unknown-linux-musl-gcc-15.3.0/x86_64-unknown-linux-musl/sys-include/sys/cdefs.h:1:2: warning: #warning usage of non-standard #include <sys/cdefs.h> is deprecated [-Wcpp]
    1 | #warning usage of non-standard #include <sys/cdefs.h> is deprecated
      |  ^~~~~~~
In file included from ../lib/getopt-cdefs.h:32,
                 from ../lib/unistd.h:692,
                 from ../lib/stdlib.h:105,
                 from ../lib/unistr.h:30,
                 from unistr/u32-set.c:29:
/nix/store/yzx98qlav3kgw6a9pkjpz13p1v280vyk-x86_64-unknown-linux-musl-gcc-15.3.0/x86_64-unknown-linux-musl/sys-include/sys/cdefs.h:1:2: warning: #warning usage of non-standard #include <sys/cdefs.h> is deprecated [-Wcpp]
    1 | #warning usage of non-standard #include <sys/cdefs.h> is deprecated
      |  ^~~~~~~
  AR       libtests.a
  CCLD     bench-md5
  CCLD     bench-sha1
  CCLD     bench-sha224
  CCLD     bench-sha256
  CCLD     bench-sha384
  CCLD     bench-sha512
  CCLD     current-locale
  CCLD     test-localcharset
make[4]: Leaving directory '/home/samson/Projects/clojv3/store/tmp/coreutils-9.5/coreutils-9.5/gnulib-tests'
make[3]: Leaving directory '/home/samson/Projects/clojv3/store/tmp/coreutils-9.5/coreutils-9.5/gnulib-tests'
make[2]: Leaving directory '/home/samson/Projects/clojv3/store/tmp/coreutils-9.5/coreutils-9.5/gnulib-tests'
make[1]: Leaving directory '/home/samson/Projects/clojv3/store/tmp/coreutils-9.5/coreutils-9.5'
