coreutils-9.5/
coreutils-9.5/.mailmap
coreutils-9.5/.prev-version
coreutils-9.5/.tarball-version
coreutils-9.5/.timestamp
coreutils-9.5/.version
coreutils-9.5/.vg-suppressions
coreutils-9.5/ABOUT-NLS
coreutils-9.5/AUTHORS
coreutils-9.5/COPYING
coreutils-9.5/ChangeLog
coreutils-9.5/GNUmakefile
coreutils-9.5/INSTALL
coreutils-9.5/Makefile.am
coreutils-9.5/Makefile.in
coreutils-9.5/NEWS
coreutils-9.5/README
coreutils-9.5/README-install
coreutils-9.5/THANKS
coreutils-9.5/THANKS-to-translators
coreutils-9.5/THANKS.in
coreutils-9.5/THANKStt.in
coreutils-9.5/TODO
coreutils-9.5/aclocal.m4
coreutils-9.5/bootstrap
coreutils-9.5/bootstrap.conf
coreutils-9.5/build-aux/
coreutils-9.5/build-aux/announce-gen
coreutils-9.5/build-aux/ar-lib
coreutils-9.5/build-aux/compile
coreutils-9.5/build-aux/config.guess
coreutils-9.5/build-aux/config.rpath
coreutils-9.5/build-aux/config.sub
coreutils-9.5/build-aux/depcomp
coreutils-9.5/build-aux/do-release-commit-and-tag
coreutils-9.5/build-aux/gen-lists-of-programs.sh
coreutils-9.5/build-aux/gen-single-binary.sh
coreutils-9.5/build-aux/gendocs.sh
coreutils-9.5/build-aux/git-version-gen
coreutils-9.5/build-aux/gitlog-to-changelog
coreutils-9.5/build-aux/gnu-web-doc-update
coreutils-9.5/build-aux/gnupload
coreutils-9.5/build-aux/install-sh
coreutils-9.5/build-aux/mdate-sh
coreutils-9.5/build-aux/missing
coreutils-9.5/build-aux/test-driver
coreutils-9.5/build-aux/texinfo.tex
coreutils-9.5/build-aux/update-copyright
coreutils-9.5/build-aux/useless-if-before-free
coreutils-9.5/build-aux/vc-list-files
coreutils-9.5/build-aux/ylwrap
coreutils-9.5/cfg.mk
coreutils-9.5/configure
coreutils-9.5/configure.ac
coreutils-9.5/dist-check.mk
coreutils-9.5/doc/
coreutils-9.5/doc/constants.texi
coreutils-9.5/doc/coreutils.info
coreutils-9.5/doc/coreutils.texi
coreutils-9.5/doc/fdl.texi
coreutils-9.5/doc/local.mk
coreutils-9.5/doc/parse-datetime.texi
coreutils-9.5/doc/perm.texi
coreutils-9.5/doc/sort-version.texi
coreutils-9.5/doc/stamp-vti
coreutils-9.5/doc/version.texi
coreutils-9.5/gnulib-tests/
coreutils-9.5/gnulib-tests/Makefile.am
coreutils-9.5/gnulib-tests/Makefile.in
coreutils-9.5/gnulib-tests/_Noreturn.h
coreutils-9.5/gnulib-tests/accept.c
coreutils-9.5/gnulib-tests/arg-nonnull.h
coreutils-9.5/gnulib-tests/array-mergesort.h
coreutils-9.5/gnulib-tests/atoll.c
coreutils-9.5/gnulib-tests/atomic-int-gnulib.h
coreutils-9.5/gnulib-tests/atomic-int-posix.h
coreutils-9.5/gnulib-tests/bench-digest.h
coreutils-9.5/gnulib-tests/bench-md5.c
coreutils-9.5/gnulib-tests/bench-sha1.c
coreutils-9.5/gnulib-tests/bench-sha224.c
coreutils-9.5/gnulib-tests/bench-sha256.c
coreutils-9.5/gnulib-tests/bench-sha384.c
coreutils-9.5/gnulib-tests/bench-sha512.c
coreutils-9.5/gnulib-tests/bench.h
coreutils-9.5/gnulib-tests/bind.c
coreutils-9.5/gnulib-tests/c++defs.h
coreutils-9.5/gnulib-tests/c-strcasestr.c
coreutils-9.5/gnulib-tests/c-strcasestr.h
coreutils-9.5/gnulib-tests/c32rtomb.c
coreutils-9.5/gnulib-tests/c32tob.c
coreutils-9.5/gnulib-tests/connect.c
coreutils-9.5/gnulib-tests/creat.c
coreutils-9.5/gnulib-tests/getrusage.c
coreutils-9.5/gnulib-tests/glthread/
coreutils-9.5/gnulib-tests/glthread/thread.c
coreutils-9.5/gnulib-tests/glthread/thread.h
coreutils-9.5/gnulib-tests/glthread/yield.h
coreutils-9.5/gnulib-tests/gnulib.mk
coreutils-9.5/gnulib-tests/inet_pton.c
coreutils-9.5/gnulib-tests/infinity.h
coreutils-9.5/gnulib-tests/init.sh
coreutils-9.5/gnulib-tests/ioctl.c
coreutils-9.5/gnulib-tests/listen.c
coreutils-9.5/gnulib-tests/locale.c
coreutils-9.5/gnulib-tests/localename-table.c
coreutils-9.5/gnulib-tests/localename-table.h
coreutils-9.5/gnulib-tests/localename-unsafe.c
coreutils-9.5/gnulib-tests/localename.c
coreutils-9.5/gnulib-tests/localename.h
coreutils-9.5/gnulib-tests/macros.h
coreutils-9.5/gnulib-tests/minus-zero.h
coreutils-9.5/gnulib-tests/nan.h
coreutils-9.5/gnulib-tests/nap.h
coreutils-9.5/gnulib-tests/null-ptr.h
coreutils-9.5/gnulib-tests/perror.c
coreutils-9.5/gnulib-tests/qemu.h
coreutils-9.5/gnulib-tests/random.c
coreutils-9.5/gnulib-tests/random_r.c
coreutils-9.5/gnulib-tests/randomd.c
coreutils-9.5/gnulib-tests/randoml.c
coreutils-9.5/gnulib-tests/sched_yield.c
coreutils-9.5/gnulib-tests/setlocale.c
coreutils-9.5/gnulib-tests/setsockopt.c
coreutils-9.5/gnulib-tests/signature.h
coreutils-9.5/gnulib-tests/signed-nan.h
coreutils-9.5/gnulib-tests/signed-snan.h
coreutils-9.5/gnulib-tests/sleep.c
coreutils-9.5/gnulib-tests/snan.h
coreutils-9.5/gnulib-tests/socket.c
coreutils-9.5/gnulib-tests/str-two-way.h
coreutils-9.5/gnulib-tests/strerror_r.c
coreutils-9.5/gnulib-tests/strftime-fixes.c
coreutils-9.5/gnulib-tests/struniq.h
coreutils-9.5/gnulib-tests/test-accept.c
coreutils-9.5/gnulib-tests/test-access.c
coreutils-9.5/gnulib-tests/test-access.h
coreutils-9.5/gnulib-tests/test-alignalloc.c
coreutils-9.5/gnulib-tests/test-alignasof.c
coreutils-9.5/gnulib-tests/test-alignof.c
coreutils-9.5/gnulib-tests/test-alloca-opt.c
coreutils-9.5/gnulib-tests/test-areadlink-with-size.c
coreutils-9.5/gnulib-tests/test-areadlink.c
coreutils-9.5/gnulib-tests/test-areadlink.h
coreutils-9.5/gnulib-tests/test-areadlinkat-with-size.c
coreutils-9.5/gnulib-tests/test-areadlinkat.c
coreutils-9.5/gnulib-tests/test-argmatch.c
coreutils-9.5/gnulib-tests/test-argv-iter.c
coreutils-9.5/gnulib-tests/test-arpa_inet.c
coreutils-9.5/gnulib-tests/test-array-mergesort.c
coreutils-9.5/gnulib-tests/test-assert.c
coreutils-9.5/gnulib-tests/test-base32.c
coreutils-9.5/gnulib-tests/test-base64.c
coreutils-9.5/gnulib-tests/test-binary-io.c
coreutils-9.5/gnulib-tests/test-binary-io.sh
coreutils-9.5/gnulib-tests/test-bind.c
coreutils-9.5/gnulib-tests/test-bitrotate.c
coreutils-9.5/gnulib-tests/test-btoc32-1.sh
coreutils-9.5/gnulib-tests/test-btoc32-2.sh
coreutils-9.5/gnulib-tests/test-btoc32-3.sh
coreutils-9.5/gnulib-tests/test-btoc32.c
coreutils-9.5/gnulib-tests/test-btowc-1.sh
coreutils-9.5/gnulib-tests/test-btowc-2.sh
coreutils-9.5/gnulib-tests/test-btowc-3.sh
coreutils-9.5/gnulib-tests/test-btowc.c
coreutils-9.5/gnulib-tests/test-byteswap.c
coreutils-9.5/gnulib-tests/test-c-ctype.c
coreutils-9.5/gnulib-tests/test-c-strcase.sh
coreutils-9.5/gnulib-tests/test-c-strcasecmp.c
coreutils-9.5/gnulib-tests/test-c-strcasestr.c
coreutils-9.5/gnulib-tests/test-c-strncasecmp.c
coreutils-9.5/gnulib-tests/test-c-strtod-mt.c
coreutils-9.5/gnulib-tests/test-c-strtod-mt.sh
coreutils-9.5/gnulib-tests/test-c-strtod.c
coreutils-9.5/gnulib-tests/test-c-strtod1.c
coreutils-9.5/gnulib-tests/test-c-strtod1.sh
coreutils-9.5/gnulib-tests/test-c-strtold-mt.c
coreutils-9.5/gnulib-tests/test-c-strtold-mt.sh
coreutils-9.5/gnulib-tests/test-c-strtold.c
coreutils-9.5/gnulib-tests/test-c-strtold1.c
coreutils-9.5/gnulib-tests/test-c-strtold1.sh
coreutils-9.5/gnulib-tests/test-c32_apply_type_test.c
coreutils-9.5/gnulib-tests/test-c32_get_type_test.c
coreutils-9.5/gnulib-tests/test-c32isalnum.c
coreutils-9.5/gnulib-tests/test-c32isalnum.sh
coreutils-9.5/gnulib-tests/test-c32isalpha.c
coreutils-9.5/gnulib-tests/test-c32isalpha.sh
coreutils-9.5/gnulib-tests/test-c32isblank.c
coreutils-9.5/gnulib-tests/test-c32isblank.sh
coreutils-9.5/gnulib-tests/test-c32iscntrl.c
coreutils-9.5/gnulib-tests/test-c32iscntrl.sh
coreutils-9.5/gnulib-tests/test-c32isdigit.c
coreutils-9.5/gnulib-tests/test-c32isdigit.sh
coreutils-9.5/gnulib-tests/test-c32isgraph.c
coreutils-9.5/gnulib-tests/test-c32isgraph.sh
coreutils-9.5/gnulib-tests/test-c32islower.c
coreutils-9.5/gnulib-tests/test-c32islower.sh
coreutils-9.5/gnulib-tests/test-c32isprint.c
coreutils-9.5/gnulib-tests/test-c32isprint.sh
coreutils-9.5/gnulib-tests/test-c32ispunct.c
coreutils-9.5/gnulib-tests/test-c32ispunct.sh
coreutils-9.5/gnulib-tests/test-c32isspace.c
coreutils-9.5/gnulib-tests/test-c32isspace.sh
coreutils-9.5/gnulib-tests/test-c32isupper.c
coreutils-9.5/gnulib-tests/test-c32isupper.sh
coreutils-9.5/gnulib-tests/test-c32isxdigit.c
coreutils-9.5/gnulib-tests/test-c32isxdigit.sh
coreutils-9.5/gnulib-tests/test-c32rtomb-w32-2.sh
coreutils-9.5/gnulib-tests/test-c32rtomb-w32-3.sh
coreutils-9.5/gnulib-tests/test-c32rtomb-w32-4.sh
coreutils-9.5/gnulib-tests/test-c32rtomb-w32-5.sh
coreutils-9.5/gnulib-tests/test-c32rtomb-w32-6.sh
coreutils-9.5/gnulib-tests/test-c32rtomb-w32-7.sh
coreutils-9.5/gnulib-tests/test-c32rtomb-w32-8.sh
coreutils-9.5/gnulib-tests/test-c32rtomb-w32.c
coreutils-9.5/gnulib-tests/test-c32rtomb.c
coreutils-9.5/gnulib-tests/test-c32rtomb.sh
coreutils-9.5/gnulib-tests/test-c32tolower.c
coreutils-9.5/gnulib-tests/test-c32tolower.sh
coreutils-9.5/gnulib-tests/test-c32width.c
coreutils-9.5/gnulib-tests/test-calloc-gnu.c
coreutils-9.5/gnulib-tests/test-canonicalize.c
coreutils-9.5/gnulib-tests/test-chdir.c
coreutils-9.5/gnulib-tests/test-chmod.c
coreutils-9.5/gnulib-tests/test-chown.c
coreutils-9.5/gnulib-tests/test-chown.h
coreutils-9.5/gnulib-tests/test-cloexec.c
coreutils-9.5/gnulib-tests/test-close.c
coreutils-9.5/gnulib-tests/test-closein.c
coreutils-9.5/gnulib-tests/test-closein.sh
coreutils-9.5/gnulib-tests/test-connect.c
coreutils-9.5/gnulib-tests/test-copy-acl-1.sh
coreutils-9.5/gnulib-tests/test-copy-acl-2.sh
coreutils-9.5/gnulib-tests/test-copy-acl.c
coreutils-9.5/gnulib-tests/test-copy-acl.sh
coreutils-9.5/gnulib-tests/test-count-leading-zeros.c
coreutils-9.5/gnulib-tests/test-creat.c
coreutils-9.5/gnulib-tests/test-ctype.c
coreutils-9.5/gnulib-tests/test-di-set.c
coreutils-9.5/gnulib-tests/test-digest.h
coreutils-9.5/gnulib-tests/test-dirent-safer.c
coreutils-9.5/gnulib-tests/test-dirent.c
coreutils-9.5/gnulib-tests/test-dirfd.c
coreutils-9.5/gnulib-tests/test-dirname.c
coreutils-9.5/gnulib-tests/test-dup-safer.c
coreutils-9.5/gnulib-tests/test-dup.c
coreutils-9.5/gnulib-tests/test-dup2.c
coreutils-9.5/gnulib-tests/test-dynarray.c
coreutils-9.5/gnulib-tests/test-environ.c
coreutils-9.5/gnulib-tests/test-errno.c
coreutils-9.5/gnulib-tests/test-error.c
coreutils-9.5/gnulib-tests/test-error.sh
coreutils-9.5/gnulib-tests/test-euidaccess.c
coreutils-9.5/gnulib-tests/test-exclude.c
coreutils-9.5/gnulib-tests/test-exclude1.sh
coreutils-9.5/gnulib-tests/test-exclude2.sh
coreutils-9.5/gnulib-tests/test-exclude3.sh
coreutils-9.5/gnulib-tests/test-exclude4.sh
coreutils-9.5/gnulib-tests/test-exclude5.sh
coreutils-9.5/gnulib-tests/test-exclude6.sh
coreutils-9.5/gnulib-tests/test-exclude7.sh
coreutils-9.5/gnulib-tests/test-exclude8.sh
coreutils-9.5/gnulib-tests/test-explicit_bzero.c
coreutils-9.5/gnulib-tests/test-faccessat.c
coreutils-9.5/gnulib-tests/test-fadvise.c
coreutils-9.5/gnulib-tests/test-fchdir.c
coreutils-9.5/gnulib-tests/test-fchmodat.c
coreutils-9.5/gnulib-tests/test-fchownat.c
coreutils-9.5/gnulib-tests/test-fclose.c
coreutils-9.5/gnulib-tests/test-fcntl-h.c
coreutils-9.5/gnulib-tests/test-fcntl-safer.c
coreutils-9.5/gnulib-tests/test-fcntl.c
coreutils-9.5/gnulib-tests/test-fdatasync.c
coreutils-9.5/gnulib-tests/test-fdopen.c
coreutils-9.5/gnulib-tests/test-fdopendir.c
coreutils-9.5/gnulib-tests/test-fdutimensat.c
coreutils-9.5/gnulib-tests/test-fflush.c
coreutils-9.5/gnulib-tests/test-fflush2.c
coreutils-9.5/gnulib-tests/test-fflush2.sh
coreutils-9.5/gnulib-tests/test-fgetc.c
coreutils-9.5/gnulib-tests/test-file-has-acl-1.sh
coreutils-9.5/gnulib-tests/test-file-has-acl-2.sh
coreutils-9.5/gnulib-tests/test-file-has-acl.c
coreutils-9.5/gnulib-tests/test-file-has-acl.sh
coreutils-9.5/gnulib-tests/test-filenamecat.c
coreutils-9.5/gnulib-tests/test-filevercmp.c
coreutils-9.5/gnulib-tests/test-float.c
coreutils-9.5/gnulib-tests/test-fnmatch-1.sh
coreutils-9.5/gnulib-tests/test-fnmatch-2.sh
coreutils-9.5/gnulib-tests/test-fnmatch-3.sh
coreutils-9.5/gnulib-tests/test-fnmatch-4.sh
coreutils-9.5/gnulib-tests/test-fnmatch-5.sh
coreutils-9.5/gnulib-tests/test-fnmatch-h.c
coreutils-9.5/gnulib-tests/test-fnmatch-w32-2.sh
coreutils-9.5/gnulib-tests/test-fnmatch-w32-3.sh
coreutils-9.5/gnulib-tests/test-fnmatch-w32-4.sh
coreutils-9.5/gnulib-tests/test-fnmatch-w32-5.sh
coreutils-9.5/gnulib-tests/test-fnmatch-w32-6.sh
coreutils-9.5/gnulib-tests/test-fnmatch-w32-7.sh
coreutils-9.5/gnulib-tests/test-fnmatch-w32-8.sh
coreutils-9.5/gnulib-tests/test-fnmatch-w32.c
coreutils-9.5/gnulib-tests/test-fnmatch.c
coreutils-9.5/gnulib-tests/test-fopen-gnu.c
coreutils-9.5/gnulib-tests/test-fopen-safer.c
coreutils-9.5/gnulib-tests/test-fopen.c
coreutils-9.5/gnulib-tests/test-fopen.h
coreutils-9.5/gnulib-tests/test-fpending.c
coreutils-9.5/gnulib-tests/test-fpending.sh
coreutils-9.5/gnulib-tests/test-fprintf-posix.h
coreutils-9.5/gnulib-tests/test-fpurge.c
coreutils-9.5/gnulib-tests/test-fputc.c
coreutils-9.5/gnulib-tests/test-fread.c
coreutils-9.5/gnulib-tests/test-freadahead.c
coreutils-9.5/gnulib-tests/test-freadahead.sh
coreutils-9.5/gnulib-tests/test-freading.c
coreutils-9.5/gnulib-tests/test-freadptr.c
coreutils-9.5/gnulib-tests/test-freadptr.sh
coreutils-9.5/gnulib-tests/test-freadptr2.c
coreutils-9.5/gnulib-tests/test-freadptr2.sh
coreutils-9.5/gnulib-tests/test-freadseek.c
coreutils-9.5/gnulib-tests/test-freadseek.sh
coreutils-9.5/gnulib-tests/test-free.c
coreutils-9.5/gnulib-tests/test-freopen-safer.c
coreutils-9.5/gnulib-tests/test-freopen.c
coreutils-9.5/gnulib-tests/test-frexp.c
coreutils-9.5/gnulib-tests/test-frexp.h
coreutils-9.5/gnulib-tests/test-frexpl.c
coreutils-9.5/gnulib-tests/test-fseek.c
coreutils-9.5/gnulib-tests/test-fseek.sh
coreutils-9.5/gnulib-tests/test-fseek2.sh
coreutils-9.5/gnulib-tests/test-fseeko.c
coreutils-9.5/gnulib-tests/test-fseeko.sh
coreutils-9.5/gnulib-tests/test-fseeko2.sh
coreutils-9.5/gnulib-tests/test-fseeko3.c
coreutils-9.5/gnulib-tests/test-fseeko3.sh
coreutils-9.5/gnulib-tests/test-fseeko4.c
coreutils-9.5/gnulib-tests/test-fseeko4.sh
coreutils-9.5/gnulib-tests/test-fseterr.c
coreutils-9.5/gnulib-tests/test-fstat.c
coreutils-9.5/gnulib-tests/test-fstatat.c
coreutils-9.5/gnulib-tests/test-fsync.c
coreutils-9.5/gnulib-tests/test-ftell.c
coreutils-9.5/gnulib-tests/test-ftell.sh
coreutils-9.5/gnulib-tests/test-ftell2.sh
coreutils-9.5/gnulib-tests/test-ftell3.c
coreutils-9.5/gnulib-tests/test-ftello.c
coreutils-9.5/gnulib-tests/test-ftello.sh
coreutils-9.5/gnulib-tests/test-ftello2.sh
coreutils-9.5/gnulib-tests/test-ftello3.c
coreutils-9.5/gnulib-tests/test-ftello4.c
coreutils-9.5/gnulib-tests/test-ftello4.sh
coreutils-9.5/gnulib-tests/test-ftruncate.c
coreutils-9.5/gnulib-tests/test-ftruncate.sh
coreutils-9.5/gnulib-tests/test-futimens.c
coreutils-9.5/gnulib-tests/test-futimens.h
coreutils-9.5/gnulib-tests/test-fwrite.c
coreutils-9.5/gnulib-tests/test-getaddrinfo.c
coreutils-9.5/gnulib-tests/test-getcwd-lgpl.c
coreutils-9.5/gnulib-tests/test-getcwd.c
coreutils-9.5/gnulib-tests/test-getcwd.sh
coreutils-9.5/gnulib-tests/test-getdelim.c
coreutils-9.5/gnulib-tests/test-getdtablesize.c
coreutils-9.5/gnulib-tests/test-getgroups.c
coreutils-9.5/gnulib-tests/test-gethostname.c
coreutils-9.5/gnulib-tests/test-getline.c
coreutils-9.5/gnulib-tests/test-getloadavg.c
coreutils-9.5/gnulib-tests/test-getlogin.c
coreutils-9.5/gnulib-tests/test-getlogin.h
coreutils-9.5/gnulib-tests/test-getndelim2.c
coreutils-9.5/gnulib-tests/test-getopt-gnu.c
coreutils-9.5/gnulib-tests/test-getopt-main.h
coreutils-9.5/gnulib-tests/test-getopt-posix.c
coreutils-9.5/gnulib-tests/test-getopt.h
coreutils-9.5/gnulib-tests/test-getopt_long.h
coreutils-9.5/gnulib-tests/test-getprogname.c
coreutils-9.5/gnulib-tests/test-getrandom.c
coreutils-9.5/gnulib-tests/test-getrusage.c
coreutils-9.5/gnulib-tests/test-gettime-res.c
coreutils-9.5/gnulib-tests/test-gettimeofday.c
coreutils-9.5/gnulib-tests/test-gmtime_r-mt.c
coreutils-9.5/gnulib-tests/test-gmtime_r.c
coreutils-9.5/gnulib-tests/test-hard-locale.c
coreutils-9.5/gnulib-tests/test-hash.c
coreutils-9.5/gnulib-tests/test-i-ring.c
coreutils-9.5/gnulib-tests/test-iconv-h.c
coreutils-9.5/gnulib-tests/test-iconv.c
coreutils-9.5/gnulib-tests/test-ignore-value.c
coreutils-9.5/gnulib-tests/test-inet_ntop.c
coreutils-9.5/gnulib-tests/test-inet_pton.c
coreutils-9.5/gnulib-tests/test-init.sh
coreutils-9.5/gnulib-tests/test-ino-map.c
coreutils-9.5/gnulib-tests/test-intprops.c
coreutils-9.5/gnulib-tests/test-inttostr.c
coreutils-9.5/gnulib-tests/test-inttypes.c
coreutils-9.5/gnulib-tests/test-ioctl.c
coreutils-9.5/gnulib-tests/test-isatty.c
coreutils-9.5/gnulib-tests/test-isblank.c
coreutils-9.5/gnulib-tests/test-isnand-nolibm.c
coreutils-9.5/gnulib-tests/test-isnand.h
coreutils-9.5/gnulib-tests/test-isnanf-nolibm.c
coreutils-9.5/gnulib-tests/test-isnanf.h
coreutils-9.5/gnulib-tests/test-isnanl-nolibm.c
coreutils-9.5/gnulib-tests/test-isnanl.h
coreutils-9.5/gnulib-tests/test-iswblank.c
coreutils-9.5/gnulib-tests/test-iswctype.c
coreutils-9.5/gnulib-tests/test-iswdigit.c
coreutils-9.5/gnulib-tests/test-iswdigit.sh
coreutils-9.5/gnulib-tests/test-iswpunct.c
coreutils-9.5/gnulib-tests/test-iswpunct.sh
coreutils-9.5/gnulib-tests/test-iswxdigit.c
coreutils-9.5/gnulib-tests/test-iswxdigit.sh
coreutils-9.5/gnulib-tests/test-langinfo.c
coreutils-9.5/gnulib-tests/test-largefile.c
coreutils-9.5/gnulib-tests/test-lchmod.c
coreutils-9.5/gnulib-tests/test-lchown.c
coreutils-9.5/gnulib-tests/test-lchown.h
coreutils-9.5/gnulib-tests/test-libgmp.c
coreutils-9.5/gnulib-tests/test-limits-h.c
coreutils-9.5/gnulib-tests/test-link.c
coreutils-9.5/gnulib-tests/test-link.h
coreutils-9.5/gnulib-tests/test-linkat.c
coreutils-9.5/gnulib-tests/test-listen.c
coreutils-9.5/gnulib-tests/test-localcharset.c
coreutils-9.5/gnulib-tests/test-locale.c
coreutils-9.5/gnulib-tests/test-localeconv.c
coreutils-9.5/gnulib-tests/test-localename.c
coreutils-9.5/gnulib-tests/test-localtime_r-mt.c
coreutils-9.5/gnulib-tests/test-localtime_r.c
coreutils-9.5/gnulib-tests/test-lock.c
coreutils-9.5/gnulib-tests/test-lseek.c
coreutils-9.5/gnulib-tests/test-lseek.sh
coreutils-9.5/gnulib-tests/test-lstat.c
coreutils-9.5/gnulib-tests/test-lstat.h
coreutils-9.5/gnulib-tests/test-lutimens.h
coreutils-9.5/gnulib-tests/test-malloc-gnu.c
coreutils-9.5/gnulib-tests/test-malloca.c
coreutils-9.5/gnulib-tests/test-math.c
coreutils-9.5/gnulib-tests/test-mbrlen-1.sh
coreutils-9.5/gnulib-tests/test-mbrlen-2.sh
coreutils-9.5/gnulib-tests/test-mbrlen-3.sh
coreutils-9.5/gnulib-tests/test-mbrlen-4.sh
coreutils-9.5/gnulib-tests/test-mbrlen-5.sh
coreutils-9.5/gnulib-tests/test-mbrlen-w32-2.sh
coreutils-9.5/gnulib-tests/test-mbrlen-w32-3.sh
coreutils-9.5/gnulib-tests/test-mbrlen-w32-4.sh
coreutils-9.5/gnulib-tests/test-mbrlen-w32-5.sh
coreutils-9.5/gnulib-tests/test-mbrlen-w32-6.sh
coreutils-9.5/gnulib-tests/test-mbrlen-w32-7.sh
coreutils-9.5/gnulib-tests/test-mbrlen-w32-8.sh
coreutils-9.5/gnulib-tests/test-mbrlen-w32.c
coreutils-9.5/gnulib-tests/test-mbrlen.c
coreutils-9.5/gnulib-tests/test-mbrtoc32-1.sh
coreutils-9.5/gnulib-tests/test-mbrtoc32-2.sh
coreutils-9.5/gnulib-tests/test-mbrtoc32-3.sh
coreutils-9.5/gnulib-tests/test-mbrtoc32-4.sh
coreutils-9.5/gnulib-tests/test-mbrtoc32-5.sh
coreutils-9.5/gnulib-tests/test-mbrtoc32-w32-2.sh
coreutils-9.5/gnulib-tests/test-mbrtoc32-w32-3.sh
coreutils-9.5/gnulib-tests/test-mbrtoc32-w32-4.sh
coreutils-9.5/gnulib-tests/test-mbrtoc32-w32-5.sh
coreutils-9.5/gnulib-tests/test-mbrtoc32-w32-6.sh
coreutils-9.5/gnulib-tests/test-mbrtoc32-w32-7.sh
coreutils-9.5/gnulib-tests/test-mbrtoc32-w32-8.sh
coreutils-9.5/gnulib-tests/test-mbrtoc32-w32.c
coreutils-9.5/gnulib-tests/test-mbrtoc32.c
coreutils-9.5/gnulib-tests/test-mbrtowc-1.sh
coreutils-9.5/gnulib-tests/test-mbrtowc-2.sh
coreutils-9.5/gnulib-tests/test-mbrtowc-3.sh
coreutils-9.5/gnulib-tests/test-mbrtowc-4.sh
coreutils-9.5/gnulib-tests/test-mbrtowc-5.sh
coreutils-9.5/gnulib-tests/test-mbrtowc-w32-2.sh
coreutils-9.5/gnulib-tests/test-mbrtowc-w32-3.sh
coreutils-9.5/gnulib-tests/test-mbrtowc-w32-4.sh
coreutils-9.5/gnulib-tests/test-mbrtowc-w32-5.sh
coreutils-9.5/gnulib-tests/test-mbrtowc-w32-6.sh
coreutils-9.5/gnulib-tests/test-mbrtowc-w32-7.sh
coreutils-9.5/gnulib-tests/test-mbrtowc-w32-8.sh
coreutils-9.5/gnulib-tests/test-mbrtowc-w32.c
coreutils-9.5/gnulib-tests/test-mbrtowc.c
coreutils-9.5/gnulib-tests/test-mbscasecmp.c
coreutils-9.5/gnulib-tests/test-mbscasecmp.sh
coreutils-9.5/gnulib-tests/test-mbschr.c
coreutils-9.5/gnulib-tests/test-mbschr.sh
coreutils-9.5/gnulib-tests/test-mbsinit.c
coreutils-9.5/gnulib-tests/test-mbsinit.sh
coreutils-9.5/gnulib-tests/test-mbsrtoc32s-1.sh
coreutils-9.5/gnulib-tests/test-mbsrtoc32s-2.sh
coreutils-9.5/gnulib-tests/test-mbsrtoc32s-3.sh
coreutils-9.5/gnulib-tests/test-mbsrtoc32s-4.sh
coreutils-9.5/gnulib-tests/test-mbsrtoc32s-5.sh
coreutils-9.5/gnulib-tests/test-mbsrtoc32s.c
coreutils-9.5/gnulib-tests/test-mbsrtowcs-1.sh
coreutils-9.5/gnulib-tests/test-mbsrtowcs-2.sh
coreutils-9.5/gnulib-tests/test-mbsrtowcs-3.sh
coreutils-9.5/gnulib-tests/test-mbsrtowcs-4.sh
coreutils-9.5/gnulib-tests/test-mbsrtowcs-5.sh
coreutils-9.5/gnulib-tests/test-mbsrtowcs.c
coreutils-9.5/gnulib-tests/test-mcel.c
coreutils-9.5/gnulib-tests/test-md5-buffer.c
coreutils-9.5/gnulib-tests/test-md5-stream.c
coreutils-9.5/gnulib-tests/test-memcasecmp.c
coreutils-9.5/gnulib-tests/test-memchr.c
coreutils-9.5/gnulib-tests/test-memchr2.c
coreutils-9.5/gnulib-tests/test-memcoll.c
coreutils-9.5/gnulib-tests/test-memrchr.c
coreutils-9.5/gnulib-tests/test-memset_explicit.c
coreutils-9.5/gnulib-tests/test-mkdir.c
coreutils-9.5/gnulib-tests/test-mkdir.h
coreutils-9.5/gnulib-tests/test-mkdirat.c
coreutils-9.5/gnulib-tests/test-mkfifo.c
coreutils-9.5/gnulib-tests/test-mkfifo.h
coreutils-9.5/gnulib-tests/test-mkfifoat.c
coreutils-9.5/gnulib-tests/test-mknod.c
coreutils-9.5/gnulib-tests/test-nanosleep.c
coreutils-9.5/gnulib-tests/test-netdb.c
coreutils-9.5/gnulib-tests/test-netinet_in.c
coreutils-9.5/gnulib-tests/test-nl_langinfo-mt.c
coreutils-9.5/gnulib-tests/test-nl_langinfo1.c
coreutils-9.5/gnulib-tests/test-nl_langinfo1.sh
coreutils-9.5/gnulib-tests/test-nl_langinfo2.c
coreutils-9.5/gnulib-tests/test-nl_langinfo2.sh
coreutils-9.5/gnulib-tests/test-nstrftime-1.sh
coreutils-9.5/gnulib-tests/test-nstrftime-2.sh
coreutils-9.5/gnulib-tests/test-nstrftime.c
coreutils-9.5/gnulib-tests/test-nstrftime.h
coreutils-9.5/gnulib-tests/test-nullptr.c
coreutils-9.5/gnulib-tests/test-once.c
coreutils-9.5/gnulib-tests/test-open.c
coreutils-9.5/gnulib-tests/test-open.h
coreutils-9.5/gnulib-tests/test-openat-safer.c
coreutils-9.5/gnulib-tests/test-openat.c
coreutils-9.5/gnulib-tests/test-parse-datetime.c
coreutils-9.5/gnulib-tests/test-pathmax.c
coreutils-9.5/gnulib-tests/test-perror.c
coreutils-9.5/gnulib-tests/test-perror.sh
coreutils-9.5/gnulib-tests/test-perror2.c
coreutils-9.5/gnulib-tests/test-physmem.c
coreutils-9.5/gnulib-tests/test-pipe.c
coreutils-9.5/gnulib-tests/test-pipe2.c
coreutils-9.5/gnulib-tests/test-posix_memalign.c
coreutils-9.5/gnulib-tests/test-posixtm.c
coreutils-9.5/gnulib-tests/test-printf-frexp.c
coreutils-9.5/gnulib-tests/test-printf-frexpl.c
coreutils-9.5/gnulib-tests/test-printf-posix.h
coreutils-9.5/gnulib-tests/test-printf-posix.output
coreutils-9.5/gnulib-tests/test-priv-set.c
coreutils-9.5/gnulib-tests/test-pselect.c
coreutils-9.5/gnulib-tests/test-pthread-cond.c
coreutils-9.5/gnulib-tests/test-pthread-mutex.c
coreutils-9.5/gnulib-tests/test-pthread-thread.c
coreutils-9.5/gnulib-tests/test-pthread.c
coreutils-9.5/gnulib-tests/test-pthread_sigmask1.c
coreutils-9.5/gnulib-tests/test-pthread_sigmask2.c
coreutils-9.5/gnulib-tests/test-qsort_r.c
coreutils-9.5/gnulib-tests/test-quotearg-simple.c
coreutils-9.5/gnulib-tests/test-quotearg.h
coreutils-9.5/gnulib-tests/test-raise.c
coreutils-9.5/gnulib-tests/test-rand-isaac.c
coreutils-9.5/gnulib-tests/test-random-mt.c
coreutils-9.5/gnulib-tests/test-random.c
coreutils-9.5/gnulib-tests/test-random_r.c
coreutils-9.5/gnulib-tests/test-rawmemchr.c
coreutils-9.5/gnulib-tests/test-read-file.c
coreutils-9.5/gnulib-tests/test-read.c
coreutils-9.5/gnulib-tests/test-readlink.c
coreutils-9.5/gnulib-tests/test-readlink.h
coreutils-9.5/gnulib-tests/test-readlinkat.c
coreutils-9.5/gnulib-tests/test-readtokens.c
coreutils-9.5/gnulib-tests/test-readtokens.sh
coreutils-9.5/gnulib-tests/test-readutmp.c
coreutils-9.5/gnulib-tests/test-realloc-gnu.c
coreutils-9.5/gnulib-tests/test-reallocarray.c
coreutils-9.5/gnulib-tests/test-regex.c
coreutils-9.5/gnulib-tests/test-remove.c
coreutils-9.5/gnulib-tests/test-rename.c
coreutils-9.5/gnulib-tests/test-rename.h
coreutils-9.5/gnulib-tests/test-renameat.c
coreutils-9.5/gnulib-tests/test-renameatu.c
coreutils-9.5/gnulib-tests/test-rmdir.c
coreutils-9.5/gnulib-tests/test-rmdir.h
coreutils-9.5/gnulib-tests/test-rwlock1.c
coreutils-9.5/gnulib-tests/test-sameacls.c
coreutils-9.5/gnulib-tests/test-sched.c
coreutils-9.5/gnulib-tests/test-scratch-buffer.c
coreutils-9.5/gnulib-tests/test-select-fd.c
coreutils-9.5/gnulib-tests/test-select-in.sh
coreutils-9.5/gnulib-tests/test-select-out.sh
coreutils-9.5/gnulib-tests/test-select-stdin.c
coreutils-9.5/gnulib-tests/test-select.c
coreutils-9.5/gnulib-tests/test-select.h
coreutils-9.5/gnulib-tests/test-set-mode-acl-1.sh
coreutils-9.5/gnulib-tests/test-set-mode-acl-2.sh
coreutils-9.5/gnulib-tests/test-set-mode-acl.c
coreutils-9.5/gnulib-tests/test-set-mode-acl.sh
coreutils-9.5/gnulib-tests/test-setenv.c
coreutils-9.5/gnulib-tests/test-setlocale1.c
coreutils-9.5/gnulib-tests/test-setlocale1.sh
coreutils-9.5/gnulib-tests/test-setlocale2.c
coreutils-9.5/gnulib-tests/test-setlocale2.sh
coreutils-9.5/gnulib-tests/test-setlocale_null-mt-all.c
coreutils-9.5/gnulib-tests/test-setlocale_null-mt-one.c
coreutils-9.5/gnulib-tests/test-setlocale_null-unlocked.c
coreutils-9.5/gnulib-tests/test-setlocale_null.c
coreutils-9.5/gnulib-tests/test-setsockopt.c
coreutils-9.5/gnulib-tests/test-sha1-buffer.c
coreutils-9.5/gnulib-tests/test-sha1-stream.c
coreutils-9.5/gnulib-tests/test-sha256-stream.c
coreutils-9.5/gnulib-tests/test-sha512-stream.c
coreutils-9.5/gnulib-tests/test-sig2str.c
coreutils-9.5/gnulib-tests/test-sigaction.c
coreutils-9.5/gnulib-tests/test-signal-h.c
coreutils-9.5/gnulib-tests/test-signbit.c
coreutils-9.5/gnulib-tests/test-sigprocmask.c
coreutils-9.5/gnulib-tests/test-sleep.c
coreutils-9.5/gnulib-tests/test-sm3-buffer.c
coreutils-9.5/gnulib-tests/test-snprintf.c
coreutils-9.5/gnulib-tests/test-sockets.c
coreutils-9.5/gnulib-tests/test-stat-time.c
coreutils-9.5/gnulib-tests/test-stat.c
coreutils-9.5/gnulib-tests/test-stat.h
coreutils-9.5/gnulib-tests/test-stdbool.c
coreutils-9.5/gnulib-tests/test-stdckdint.c
coreutils-9.5/gnulib-tests/test-stddef.c
coreutils-9.5/gnulib-tests/test-stdint.c
coreutils-9.5/gnulib-tests/test-stdio.c
coreutils-9.5/gnulib-tests/test-stdlib.c
coreutils-9.5/gnulib-tests/test-strerror.c
coreutils-9.5/gnulib-tests/test-strerror_r.c
coreutils-9.5/gnulib-tests/test-string.c
coreutils-9.5/gnulib-tests/test-strnlen.c
coreutils-9.5/gnulib-tests/test-strsignal.c
coreutils-9.5/gnulib-tests/test-strtod.c
coreutils-9.5/gnulib-tests/test-strtod.h
coreutils-9.5/gnulib-tests/test-strtod1.c
coreutils-9.5/gnulib-tests/test-strtod1.sh
coreutils-9.5/gnulib-tests/test-strtoimax.c
coreutils-9.5/gnulib-tests/test-strtold.c
coreutils-9.5/gnulib-tests/test-strtold.h
coreutils-9.5/gnulib-tests/test-strtold1.c
coreutils-9.5/gnulib-tests/test-strtold1.sh
coreutils-9.5/gnulib-tests/test-strtoll.c
coreutils-9.5/gnulib-tests/test-strtoull.c
coreutils-9.5/gnulib-tests/test-strtoumax.c
coreutils-9.5/gnulib-tests/test-symlink.c
coreutils-9.5/gnulib-tests/test-symlink.h
coreutils-9.5/gnulib-tests/test-symlinkat.c
coreutils-9.5/gnulib-tests/test-sys_ioctl.c
coreutils-9.5/gnulib-tests/test-sys_random.c
coreutils-9.5/gnulib-tests/test-sys_resource.c
coreutils-9.5/gnulib-tests/test-sys_select.c
coreutils-9.5/gnulib-tests/test-sys_socket.c
coreutils-9.5/gnulib-tests/test-sys_stat.c
coreutils-9.5/gnulib-tests/test-sys_time.c
coreutils-9.5/gnulib-tests/test-sys_types.c
coreutils-9.5/gnulib-tests/test-sys_uio.c
coreutils-9.5/gnulib-tests/test-sys_utsname.c
coreutils-9.5/gnulib-tests/test-sys_wait.c
coreutils-9.5/gnulib-tests/test-sys_wait.h
coreutils-9.5/gnulib-tests/test-termios.c
coreutils-9.5/gnulib-tests/test-thread_create.c
coreutils-9.5/gnulib-tests/test-thread_self.c
coreutils-9.5/gnulib-tests/test-time-h.c
coreutils-9.5/gnulib-tests/test-time.c
coreutils-9.5/gnulib-tests/test-timespec.c
coreutils-9.5/gnulib-tests/test-tls.c
coreutils-9.5/gnulib-tests/test-u64.c
coreutils-9.5/gnulib-tests/test-uchar.c
coreutils-9.5/gnulib-tests/test-uname.c
coreutils-9.5/gnulib-tests/test-unicodeio.c
coreutils-9.5/gnulib-tests/test-unicodeio1.sh
coreutils-9.5/gnulib-tests/test-unicodeio2.sh
coreutils-9.5/gnulib-tests/test-unicodeio3.sh
coreutils-9.5/gnulib-tests/test-unistd.c
coreutils-9.5/gnulib-tests/test-unlink.c
coreutils-9.5/gnulib-tests/test-unlink.h
coreutils-9.5/gnulib-tests/test-unlinkat.c
coreutils-9.5/gnulib-tests/test-unsetenv.c
coreutils-9.5/gnulib-tests/test-update-copyright.sh
coreutils-9.5/gnulib-tests/test-userspec.c
coreutils-9.5/gnulib-tests/test-usleep.c
coreutils-9.5/gnulib-tests/test-utime-h.c
coreutils-9.5/gnulib-tests/test-utime.c
coreutils-9.5/gnulib-tests/test-utimens-common.h
coreutils-9.5/gnulib-tests/test-utimens.c
coreutils-9.5/gnulib-tests/test-utimens.h
coreutils-9.5/gnulib-tests/test-utimensat.c
coreutils-9.5/gnulib-tests/test-vasnprintf.c
coreutils-9.5/gnulib-tests/test-vasprintf-posix.c
coreutils-9.5/gnulib-tests/test-vasprintf.c
coreutils-9.5/gnulib-tests/test-vc-list-files-cvs.sh
coreutils-9.5/gnulib-tests/test-vc-list-files-git.sh
coreutils-9.5/gnulib-tests/test-verify-try.c
coreutils-9.5/gnulib-tests/test-verify.c
coreutils-9.5/gnulib-tests/test-verify.sh
coreutils-9.5/gnulib-tests/test-verror.c
coreutils-9.5/gnulib-tests/test-verror.sh
coreutils-9.5/gnulib-tests/test-version-etc.c
coreutils-9.5/gnulib-tests/test-version-etc.sh
coreutils-9.5/gnulib-tests/test-vfprintf-posix.c
coreutils-9.5/gnulib-tests/test-vfprintf-posix.sh
coreutils-9.5/gnulib-tests/test-vprintf-posix.c
coreutils-9.5/gnulib-tests/test-vprintf-posix.sh
coreutils-9.5/gnulib-tests/test-wchar.c
coreutils-9.5/gnulib-tests/test-wcrtomb-w32-2.sh
coreutils-9.5/gnulib-tests/test-wcrtomb-w32-3.sh
coreutils-9.5/gnulib-tests/test-wcrtomb-w32-4.sh
coreutils-9.5/gnulib-tests/test-wcrtomb-w32-5.sh
coreutils-9.5/gnulib-tests/test-wcrtomb-w32-6.sh
coreutils-9.5/gnulib-tests/test-wcrtomb-w32-7.sh
coreutils-9.5/gnulib-tests/test-wcrtomb-w32-8.sh
coreutils-9.5/gnulib-tests/test-wcrtomb-w32.c
coreutils-9.5/gnulib-tests/test-wcrtomb.c
coreutils-9.5/gnulib-tests/test-wcrtomb.sh
coreutils-9.5/gnulib-tests/test-wctype-h.c
coreutils-9.5/gnulib-tests/test-wctype.c
coreutils-9.5/gnulib-tests/test-wcwidth.c
coreutils-9.5/gnulib-tests/test-write.c
coreutils-9.5/gnulib-tests/test-xalloc-die.c
coreutils-9.5/gnulib-tests/test-xalloc-die.sh
coreutils-9.5/gnulib-tests/test-xfprintf-posix.c
coreutils-9.5/gnulib-tests/test-xprintf-posix.c
coreutils-9.5/gnulib-tests/test-xprintf-posix.sh
coreutils-9.5/gnulib-tests/test-xstrtoimax.c
coreutils-9.5/gnulib-tests/test-xstrtoimax.sh
coreutils-9.5/gnulib-tests/test-xstrtol.c
coreutils-9.5/gnulib-tests/test-xstrtol.sh
coreutils-9.5/gnulib-tests/test-xstrtoul.c
coreutils-9.5/gnulib-tests/test-xstrtoumax.c
coreutils-9.5/gnulib-tests/test-xstrtoumax.sh
coreutils-9.5/gnulib-tests/test-xvasprintf.c
coreutils-9.5/gnulib-tests/test-year2038.c
coreutils-9.5/gnulib-tests/test-yesno.c
coreutils-9.5/gnulib-tests/test-yesno.sh
coreutils-9.5/gnulib-tests/thread-optim.h
coreutils-9.5/gnulib-tests/timespec-add.c
coreutils-9.5/gnulib-tests/timespec-sub.c
coreutils-9.5/gnulib-tests/tmpfile.c
coreutils-9.5/gnulib-tests/unicase/
coreutils-9.5/gnulib-tests/unicase/test-mapping-part1.h
coreutils-9.5/gnulib-tests/unicase/test-mapping-part2.h
coreutils-9.5/gnulib-tests/unicase/test-uc_tolower.c
coreutils-9.5/gnulib-tests/unictype/
coreutils-9.5/gnulib-tests/unictype/test-ctype_alnum.c
coreutils-9.5/gnulib-tests/unictype/test-ctype_alpha.c
coreutils-9.5/gnulib-tests/unictype/test-ctype_blank.c
coreutils-9.5/gnulib-tests/unictype/test-ctype_cntrl.c
coreutils-9.5/gnulib-tests/unictype/test-ctype_digit.c
coreutils-9.5/gnulib-tests/unictype/test-ctype_graph.c
coreutils-9.5/gnulib-tests/unictype/test-ctype_lower.c
coreutils-9.5/gnulib-tests/unictype/test-ctype_print.c
coreutils-9.5/gnulib-tests/unictype/test-ctype_punct.c
coreutils-9.5/gnulib-tests/unictype/test-ctype_space.c
coreutils-9.5/gnulib-tests/unictype/test-ctype_upper.c
coreutils-9.5/gnulib-tests/unictype/test-ctype_xdigit.c
coreutils-9.5/gnulib-tests/unictype/test-predicate-part1.h
coreutils-9.5/gnulib-tests/unictype/test-predicate-part2.h
coreutils-9.5/gnulib-tests/unistr/
coreutils-9.5/gnulib-tests/unistr/test-chr.h
coreutils-9.5/gnulib-tests/unistr/test-cpy.h
coreutils-9.5/gnulib-tests/unistr/test-pcpy.h
coreutils-9.5/gnulib-tests/unistr/test-set.h
coreutils-9.5/gnulib-tests/unistr/test-strcat.h
coreutils-9.5/gnulib-tests/unistr/test-u32-chr.c
coreutils-9.5/gnulib-tests/unistr/test-u32-cpy.c
coreutils-9.5/gnulib-tests/unistr/test-u32-pcpy.c
coreutils-9.5/gnulib-tests/unistr/test-u32-set.c
coreutils-9.5/gnulib-tests/unistr/test-u32-strcat.c
coreutils-9.5/gnulib-tests/unistr/test-u32-strlen.c
coreutils-9.5/gnulib-tests/unistr/test-u8-mbtoucr.c
coreutils-9.5/gnulib-tests/unistr/test-u8-uctomb.c
coreutils-9.5/gnulib-tests/unistr/u-set.h
coreutils-9.5/gnulib-tests/unistr/u32-set.c
coreutils-9.5/gnulib-tests/uniwidth/
coreutils-9.5/gnulib-tests/uniwidth/test-uc_width.c
coreutils-9.5/gnulib-tests/uniwidth/test-uc_width2.c
coreutils-9.5/gnulib-tests/uniwidth/test-uc_width2.sh
coreutils-9.5/gnulib-tests/usleep.c
coreutils-9.5/gnulib-tests/vma-iter.c
coreutils-9.5/gnulib-tests/vma-iter.h
coreutils-9.5/gnulib-tests/w32sock.h
coreutils-9.5/gnulib-tests/warn-on-use.h
coreutils-9.5/gnulib-tests/wctob.c
coreutils-9.5/gnulib-tests/wctomb-impl.h
coreutils-9.5/gnulib-tests/wctomb.c
coreutils-9.5/gnulib-tests/zerosize-ptr.h
coreutils-9.5/init.cfg
coreutils-9.5/lib/
coreutils-9.5/lib/_Noreturn.h
coreutils-9.5/lib/access.c
coreutils-9.5/lib/acl-errno-valid.c
coreutils-9.5/lib/acl-internal.c
coreutils-9.5/lib/acl-internal.h
coreutils-9.5/lib/acl.h
coreutils-9.5/lib/acl_entries.c
coreutils-9.5/lib/af_alg.c
coreutils-9.5/lib/af_alg.h
coreutils-9.5/lib/alignalloc.c
coreutils-9.5/lib/alignalloc.h
coreutils-9.5/lib/alignof.h
coreutils-9.5/lib/alloca.c
coreutils-9.5/lib/alloca.in.h
coreutils-9.5/lib/allocator.c
coreutils-9.5/lib/allocator.h
coreutils-9.5/lib/anytostr.c
coreutils-9.5/lib/areadlink-with-size.c
coreutils-9.5/lib/areadlink.c
coreutils-9.5/lib/areadlink.h
coreutils-9.5/lib/areadlinkat-with-size.c
coreutils-9.5/lib/areadlinkat.c
coreutils-9.5/lib/arg-nonnull.h
coreutils-9.5/lib/argmatch.c
coreutils-9.5/lib/argmatch.h
coreutils-9.5/lib/argv-iter.c
coreutils-9.5/lib/argv-iter.h
coreutils-9.5/lib/arpa_inet.in.h
coreutils-9.5/lib/asnprintf.c
coreutils-9.5/lib/asprintf.c
coreutils-9.5/lib/assert.in.h
coreutils-9.5/lib/assure.h
coreutils-9.5/lib/at-func.c
coreutils-9.5/lib/at-func2.c
coreutils-9.5/lib/attribute.h
coreutils-9.5/lib/backup-find.c
coreutils-9.5/lib/backup-internal.h
coreutils-9.5/lib/backup-rename.c
coreutils-9.5/lib/backupfile.c
coreutils-9.5/lib/backupfile.h
coreutils-9.5/lib/base32.c
coreutils-9.5/lib/base32.h
coreutils-9.5/lib/base64.c
coreutils-9.5/lib/base64.h
coreutils-9.5/lib/basename-lgpl.c
coreutils-9.5/lib/basename-lgpl.h
coreutils-9.5/lib/basename.c
coreutils-9.5/lib/binary-io.c
coreutils-9.5/lib/binary-io.h
coreutils-9.5/lib/bitrotate.c
coreutils-9.5/lib/bitrotate.h
coreutils-9.5/lib/boot-time-aux.h
coreutils-9.5/lib/btoc32.c
coreutils-9.5/lib/btowc.c
coreutils-9.5/lib/buffer-lcm.c
coreutils-9.5/lib/buffer-lcm.h
coreutils-9.5/lib/byteswap.in.h
coreutils-9.5/lib/c++defs.h
coreutils-9.5/lib/c-ctype.c
coreutils-9.5/lib/c-ctype.h
coreutils-9.5/lib/c-file-type.c
coreutils-9.5/lib/c-strcase.h
coreutils-9.5/lib/c-strcasecmp.c
coreutils-9.5/lib/c-strcaseeq.h
coreutils-9.5/lib/c-strncasecmp.c
coreutils-9.5/lib/c-strtod.c
coreutils-9.5/lib/c-strtod.h
coreutils-9.5/lib/c-strtold.c
coreutils-9.5/lib/c32_apply_type_test.c
coreutils-9.5/lib/c32_get_type_test.c
coreutils-9.5/lib/c32is-impl.h
coreutils-9.5/lib/c32isalnum.c
coreutils-9.5/lib/c32isalpha.c
coreutils-9.5/lib/c32isblank.c
coreutils-9.5/lib/c32iscntrl.c
coreutils-9.5/lib/c32isdigit.c
coreutils-9.5/lib/c32isgraph.c
coreutils-9.5/lib/c32islower.c
coreutils-9.5/lib/c32isprint.c
coreutils-9.5/lib/c32ispunct.c
coreutils-9.5/lib/c32isspace.c
coreutils-9.5/lib/c32isupper.c
coreutils-9.5/lib/c32isxdigit.c
coreutils-9.5/lib/c32to-impl.h
coreutils-9.5/lib/c32tolower.c
coreutils-9.5/lib/c32width.c
coreutils-9.5/lib/calloc.c
coreutils-9.5/lib/canon-host.c
coreutils-9.5/lib/canon-host.h
coreutils-9.5/lib/canonicalize.c
coreutils-9.5/lib/canonicalize.h
coreutils-9.5/lib/careadlinkat.c
coreutils-9.5/lib/careadlinkat.h
coreutils-9.5/lib/cdefs.h
coreutils-9.5/lib/chdir-long.c
coreutils-9.5/lib/chdir-long.h
coreutils-9.5/lib/chmod.c
coreutils-9.5/lib/chmodat.c
coreutils-9.5/lib/chown.c
coreutils-9.5/lib/chownat.c
coreutils-9.5/lib/cl-strtod.c
coreutils-9.5/lib/cl-strtod.h
coreutils-9.5/lib/cl-strtold.c
coreutils-9.5/lib/cloexec.c
coreutils-9.5/lib/cloexec.h
coreutils-9.5/lib/close-stream.c
coreutils-9.5/lib/close-stream.h
coreutils-9.5/lib/close.c
coreutils-9.5/lib/closedir.c
coreutils-9.5/lib/closein.c
coreutils-9.5/lib/closein.h
coreutils-9.5/lib/closeout.c
coreutils-9.5/lib/closeout.h
coreutils-9.5/lib/config.hin
coreutils-9.5/lib/copy-acl.c
coreutils-9.5/lib/copy-file-range.c
coreutils-9.5/lib/count-leading-zeros.c
coreutils-9.5/lib/count-leading-zeros.h
coreutils-9.5/lib/creat-safer.c
coreutils-9.5/lib/ctype.in.h
coreutils-9.5/lib/cycle-check.c
coreutils-9.5/lib/cycle-check.h
coreutils-9.5/lib/dev-ino.h
coreutils-9.5/lib/di-set.c
coreutils-9.5/lib/di-set.h
coreutils-9.5/lib/dirchownmod.c
coreutils-9.5/lib/dirchownmod.h
coreutils-9.5/lib/dirent--.h
coreutils-9.5/lib/dirent-private.h
coreutils-9.5/lib/dirent-safer.h
coreutils-9.5/lib/dirent.in.h
coreutils-9.5/lib/dirfd.c
coreutils-9.5/lib/dirname-lgpl.c
coreutils-9.5/lib/dirname.c
coreutils-9.5/lib/dirname.h
coreutils-9.5/lib/dtoastr.c
coreutils-9.5/lib/dtotimespec.c
coreutils-9.5/lib/dup-safer-flag.c
coreutils-9.5/lib/dup-safer.c
coreutils-9.5/lib/dup.c
coreutils-9.5/lib/dup2.c
coreutils-9.5/lib/dynarray.h
coreutils-9.5/lib/eloop-threshold.h
coreutils-9.5/lib/errno.in.h
coreutils-9.5/lib/error.c
coreutils-9.5/lib/error.in.h
coreutils-9.5/lib/euidaccess.c
coreutils-9.5/lib/exclude.c
coreutils-9.5/lib/exclude.h
coreutils-9.5/lib/exitfail.c
coreutils-9.5/lib/exitfail.h
coreutils-9.5/lib/explicit_bzero.c
coreutils-9.5/lib/faccessat.c
coreutils-9.5/lib/fadvise.c
coreutils-9.5/lib/fadvise.h
coreutils-9.5/lib/fchdir.c
coreutils-9.5/lib/fchmodat.c
coreutils-9.5/lib/fchown-stub.c
coreutils-9.5/lib/fchownat.c
coreutils-9.5/lib/fclose.c
coreutils-9.5/lib/fcntl--.h
coreutils-9.5/lib/fcntl-safer.h
coreutils-9.5/lib/fcntl.c
coreutils-9.5/lib/fcntl.in.h
coreutils-9.5/lib/fd-hook.c
coreutils-9.5/lib/fd-hook.h
coreutils-9.5/lib/fd-reopen.c
coreutils-9.5/lib/fd-reopen.h
coreutils-9.5/lib/fd-safer-flag.c
coreutils-9.5/lib/fd-safer.c
coreutils-9.5/lib/fdatasync.c
coreutils-9.5/lib/fdopen.c
coreutils-9.5/lib/fdopendir.c
coreutils-9.5/lib/fdutimensat.c
coreutils-9.5/lib/fflush.c
coreutils-9.5/lib/file-has-acl.c
coreutils-9.5/lib/file-set.c
coreutils-9.5/lib/file-set.h
coreutils-9.5/lib/file-type.c
coreutils-9.5/lib/file-type.h
coreutils-9.5/lib/fileblocks.c
coreutils-9.5/lib/filemode.c
coreutils-9.5/lib/filemode.h
coreutils-9.5/lib/filename.h
coreutils-9.5/lib/filenamecat-lgpl.c
coreutils-9.5/lib/filenamecat.c
coreutils-9.5/lib/filenamecat.h
coreutils-9.5/lib/filevercmp.c
coreutils-9.5/lib/filevercmp.h
coreutils-9.5/lib/flexmember.h
coreutils-9.5/lib/float+.h
coreutils-9.5/lib/float.c
coreutils-9.5/lib/float.in.h
coreutils-9.5/lib/fnmatch.c
coreutils-9.5/lib/fnmatch.in.h
coreutils-9.5/lib/fnmatch_loop.c
coreutils-9.5/lib/fopen-safer.c
coreutils-9.5/lib/fopen.c
coreutils-9.5/lib/fpending.c
coreutils-9.5/lib/fpending.h
coreutils-9.5/lib/fprintftime.c
coreutils-9.5/lib/fprintftime.h
coreutils-9.5/lib/fpucw.h
coreutils-9.5/lib/fpurge.c
coreutils-9.5/lib/freadahead.c
coreutils-9.5/lib/freadahead.h
coreutils-9.5/lib/freading.c
coreutils-9.5/lib/freading.h
coreutils-9.5/lib/freadptr.c
coreutils-9.5/lib/freadptr.h
coreutils-9.5/lib/freadseek.c
coreutils-9.5/lib/freadseek.h
coreutils-9.5/lib/free.c
coreutils-9.5/lib/freopen-safer.c
coreutils-9.5/lib/freopen.c
coreutils-9.5/lib/frexp.c
coreutils-9.5/lib/frexpl.c
coreutils-9.5/lib/fseek.c
coreutils-9.5/lib/fseeko.c
coreutils-9.5/lib/fseterr.c
coreutils-9.5/lib/fseterr.h
coreutils-9.5/lib/fstat.c
coreutils-9.5/lib/fstatat.c
coreutils-9.5/lib/fsusage.c
coreutils-9.5/lib/fsusage.h
coreutils-9.5/lib/fsync.c
coreutils-9.5/lib/ftell.c
coreutils-9.5/lib/ftello.c
coreutils-9.5/lib/ftoastr.c
coreutils-9.5/lib/ftoastr.h
coreutils-9.5/lib/ftruncate.c
coreutils-9.5/lib/fts-cycle.c
coreutils-9.5/lib/fts.c
coreutils-9.5/lib/fts_.h
coreutils-9.5/lib/full-read.c
coreutils-9.5/lib/full-read.h
coreutils-9.5/lib/full-write.c
coreutils-9.5/lib/full-write.h
coreutils-9.5/lib/futimens.c
coreutils-9.5/lib/gai_strerror.c
coreutils-9.5/lib/get-permissions.c
coreutils-9.5/lib/getaddrinfo.c
coreutils-9.5/lib/getcwd-lgpl.c
coreutils-9.5/lib/getcwd.c
coreutils-9.5/lib/getdelim.c
coreutils-9.5/lib/getdtablesize.c
coreutils-9.5/lib/getfilecon.c
coreutils-9.5/lib/getgroups.c
coreutils-9.5/lib/gethostname.c
coreutils-9.5/lib/gethrxtime.c
coreutils-9.5/lib/gethrxtime.h
coreutils-9.5/lib/getline.c
coreutils-9.5/lib/getloadavg.c
coreutils-9.5/lib/getlogin.c
coreutils-9.5/lib/getndelim2.c
coreutils-9.5/lib/getndelim2.h
coreutils-9.5/lib/getopt-cdefs.in.h
coreutils-9.5/lib/getopt-core.h
coreutils-9.5/lib/getopt-ext.h
coreutils-9.5/lib/getopt-pfx-core.h
coreutils-9.5/lib/getopt-pfx-ext.h
coreutils-9.5/lib/getopt.c
coreutils-9.5/lib/getopt.in.h
coreutils-9.5/lib/getopt1.c
coreutils-9.5/lib/getopt_int.h
coreutils-9.5/lib/getpagesize.c
coreutils-9.5/lib/getprogname.c
coreutils-9.5/lib/getprogname.h
coreutils-9.5/lib/getrandom.c
coreutils-9.5/lib/gettext.h
coreutils-9.5/lib/gettime-res.c
coreutils-9.5/lib/gettime.c
coreutils-9.5/lib/gettimeofday.c
coreutils-9.5/lib/getugroups.c
coreutils-9.5/lib/getugroups.h
coreutils-9.5/lib/gl_openssl.h
coreutils-9.5/lib/glthread/
coreutils-9.5/lib/glthread/lock.c
coreutils-9.5/lib/glthread/lock.h
coreutils-9.5/lib/glthread/threadlib.c
coreutils-9.5/lib/glthread/tls.c
coreutils-9.5/lib/glthread/tls.h
coreutils-9.5/lib/gnulib.mk
coreutils-9.5/lib/group-member.c
coreutils-9.5/lib/hard-locale.c
coreutils-9.5/lib/hard-locale.h
coreutils-9.5/lib/hash-pjw.c
coreutils-9.5/lib/hash-pjw.h
coreutils-9.5/lib/hash-triple-simple.c
coreutils-9.5/lib/hash-triple.c
coreutils-9.5/lib/hash-triple.h
coreutils-9.5/lib/hash.c
coreutils-9.5/lib/hash.h
coreutils-9.5/lib/heap.c
coreutils-9.5/lib/heap.h
coreutils-9.5/lib/human.c
coreutils-9.5/lib/human.h
coreutils-9.5/lib/i-ring.c
coreutils-9.5/lib/i-ring.h
coreutils-9.5/lib/ialloc.c
coreutils-9.5/lib/ialloc.h
coreutils-9.5/lib/iconv.c
coreutils-9.5/lib/iconv.in.h
coreutils-9.5/lib/iconv_close.c
coreutils-9.5/lib/iconv_open-aix.gperf
coreutils-9.5/lib/iconv_open-aix.h
coreutils-9.5/lib/iconv_open-hpux.gperf
coreutils-9.5/lib/iconv_open-hpux.h
coreutils-9.5/lib/iconv_open-irix.gperf
coreutils-9.5/lib/iconv_open-irix.h
coreutils-9.5/lib/iconv_open-osf.gperf
coreutils-9.5/lib/iconv_open-osf.h
coreutils-9.5/lib/iconv_open-solaris.gperf
coreutils-9.5/lib/iconv_open-solaris.h
coreutils-9.5/lib/iconv_open-zos.gperf
coreutils-9.5/lib/iconv_open-zos.h
coreutils-9.5/lib/iconv_open.c
coreutils-9.5/lib/idcache.c
coreutils-9.5/lib/idcache.h
coreutils-9.5/lib/idx.h
coreutils-9.5/lib/ignore-value.h
coreutils-9.5/lib/imaxtostr.c
coreutils-9.5/lib/inet_ntop.c
coreutils-9.5/lib/ino-map.c
coreutils-9.5/lib/ino-map.h
coreutils-9.5/lib/intprops-internal.h
coreutils-9.5/lib/intprops.h
coreutils-9.5/lib/inttostr.c
coreutils-9.5/lib/inttostr.h
coreutils-9.5/lib/inttypes.in.h
coreutils-9.5/lib/isapipe.c
coreutils-9.5/lib/isapipe.h
coreutils-9.5/lib/isatty.c
coreutils-9.5/lib/isblank.c
coreutils-9.5/lib/isnan.c
coreutils-9.5/lib/isnand-nolibm.h
coreutils-9.5/lib/isnand.c
coreutils-9.5/lib/isnanf-nolibm.h
coreutils-9.5/lib/isnanf.c
coreutils-9.5/lib/isnanl-nolibm.h
coreutils-9.5/lib/isnanl.c
coreutils-9.5/lib/iswblank.c
coreutils-9.5/lib/iswctype-impl.h
coreutils-9.5/lib/iswctype.c
coreutils-9.5/lib/iswdigit.c
coreutils-9.5/lib/iswpunct.c
coreutils-9.5/lib/iswxdigit.c
coreutils-9.5/lib/itold.c
coreutils-9.5/lib/langinfo.in.h
coreutils-9.5/lib/lc-charset-dispatch.c
coreutils-9.5/lib/lc-charset-dispatch.h
coreutils-9.5/lib/lchmod.c
coreutils-9.5/lib/lchown.c
coreutils-9.5/lib/ldtoastr.c
coreutils-9.5/lib/libc-config.h
coreutils-9.5/lib/limits.in.h
coreutils-9.5/lib/linebuffer.c
coreutils-9.5/lib/linebuffer.h
coreutils-9.5/lib/link.c
coreutils-9.5/lib/linkat.c
coreutils-9.5/lib/local.mk
coreutils-9.5/lib/localcharset.c
coreutils-9.5/lib/localcharset.h
coreutils-9.5/lib/locale.in.h
coreutils-9.5/lib/localeconv.c
coreutils-9.5/lib/localename-unsafe.c
coreutils-9.5/lib/localename.h
coreutils-9.5/lib/long-options.c
coreutils-9.5/lib/long-options.h
coreutils-9.5/lib/lseek.c
coreutils-9.5/lib/lstat.c
coreutils-9.5/lib/malloc/
coreutils-9.5/lib/malloc/dynarray-skeleton.c
coreutils-9.5/lib/malloc/dynarray.h
coreutils-9.5/lib/malloc/dynarray_at_failure.c
coreutils-9.5/lib/malloc/dynarray_emplace_enlarge.c
coreutils-9.5/lib/malloc/dynarray_finalize.c
coreutils-9.5/lib/malloc/dynarray_resize.c
coreutils-9.5/lib/malloc/dynarray_resize_clear.c
coreutils-9.5/lib/malloc/scratch_buffer.h
coreutils-9.5/lib/malloc/scratch_buffer_grow.c
coreutils-9.5/lib/malloc/scratch_buffer_grow_preserve.c
coreutils-9.5/lib/malloc/scratch_buffer_set_array_size.c
coreutils-9.5/lib/malloc.c
coreutils-9.5/lib/malloca.c
coreutils-9.5/lib/malloca.h
coreutils-9.5/lib/math.c
coreutils-9.5/lib/math.in.h
coreutils-9.5/lib/mbrlen.c
coreutils-9.5/lib/mbrtoc32.c
coreutils-9.5/lib/mbrtowc-impl-utf8.h
coreutils-9.5/lib/mbrtowc-impl.h
coreutils-9.5/lib/mbrtowc.c
coreutils-9.5/lib/mbscasecmp.c
coreutils-9.5/lib/mbschr.c
coreutils-9.5/lib/mbsinit.c
coreutils-9.5/lib/mbslen.c
coreutils-9.5/lib/mbsrtoc32s-state.c
coreutils-9.5/lib/mbsrtoc32s.c
coreutils-9.5/lib/mbsrtowcs-impl.h
coreutils-9.5/lib/mbsrtowcs-state.c
coreutils-9.5/lib/mbsrtowcs.c
coreutils-9.5/lib/mbswidth.c
coreutils-9.5/lib/mbswidth.h
coreutils-9.5/lib/mbszero.c
coreutils-9.5/lib/mbtowc-impl.h
coreutils-9.5/lib/mbtowc-lock.c
coreutils-9.5/lib/mbtowc-lock.h
coreutils-9.5/lib/mbtowc.c
coreutils-9.5/lib/mcel.c
coreutils-9.5/lib/mcel.h
coreutils-9.5/lib/md5-stream.c
coreutils-9.5/lib/md5.c
coreutils-9.5/lib/md5.h
coreutils-9.5/lib/memcasecmp.c
coreutils-9.5/lib/memcasecmp.h
coreutils-9.5/lib/memchr.c
coreutils-9.5/lib/memchr.valgrind
coreutils-9.5/lib/memchr2.c
coreutils-9.5/lib/memchr2.h
coreutils-9.5/lib/memchr2.valgrind
coreutils-9.5/lib/memcmp2.c
coreutils-9.5/lib/memcmp2.h
coreutils-9.5/lib/memcoll.c
coreutils-9.5/lib/memcoll.h
coreutils-9.5/lib/mempcpy.c
coreutils-9.5/lib/memrchr.c
coreutils-9.5/lib/memset_explicit.c
coreutils-9.5/lib/mgetgroups.c
coreutils-9.5/lib/mgetgroups.h
coreutils-9.5/lib/mini-gmp-gnulib.c
coreutils-9.5/lib/mini-gmp.c
coreutils-9.5/lib/mini-gmp.h
coreutils-9.5/lib/minmax.h
coreutils-9.5/lib/mkancesdirs.c
coreutils-9.5/lib/mkancesdirs.h
coreutils-9.5/lib/mkdir-p.c
coreutils-9.5/lib/mkdir-p.h
coreutils-9.5/lib/mkdir.c
coreutils-9.5/lib/mkdirat.c
coreutils-9.5/lib/mkfifo.c
coreutils-9.5/lib/mkfifoat.c
coreutils-9.5/lib/mknod.c
coreutils-9.5/lib/mknodat.c
coreutils-9.5/lib/mkostemp.c
coreutils-9.5/lib/mkstemp-safer.c
coreutils-9.5/lib/mkstemp.c
coreutils-9.5/lib/mktime-internal.h
coreutils-9.5/lib/mktime.c
coreutils-9.5/lib/modechange.c
coreutils-9.5/lib/modechange.h
coreutils-9.5/lib/mountlist.c
coreutils-9.5/lib/mountlist.h
coreutils-9.5/lib/mpsort.c
coreutils-9.5/lib/mpsort.h
coreutils-9.5/lib/msvc-inval.c
coreutils-9.5/lib/msvc-inval.h
coreutils-9.5/lib/msvc-nothrow.c
coreutils-9.5/lib/msvc-nothrow.h
coreutils-9.5/lib/nanosleep.c
coreutils-9.5/lib/netdb.in.h
coreutils-9.5/lib/netinet_in.in.h
coreutils-9.5/lib/nl_langinfo-lock.c
coreutils-9.5/lib/nl_langinfo.c
coreutils-9.5/lib/nproc.c
coreutils-9.5/lib/nproc.h
coreutils-9.5/lib/nstrftime.c
coreutils-9.5/lib/obstack.c
coreutils-9.5/lib/obstack.in.h
coreutils-9.5/lib/offtostr.c
coreutils-9.5/lib/open-safer.c
coreutils-9.5/lib/open.c
coreutils-9.5/lib/openat-die.c
coreutils-9.5/lib/openat-priv.h
coreutils-9.5/lib/openat-proc.c
coreutils-9.5/lib/openat-safer.c
coreutils-9.5/lib/openat.c
coreutils-9.5/lib/openat.h
coreutils-9.5/lib/opendir-safer.c
coreutils-9.5/lib/opendir.c
coreutils-9.5/lib/opendirat.c
coreutils-9.5/lib/opendirat.h
coreutils-9.5/lib/parse-datetime.c
coreutils-9.5/lib/parse-datetime.h
coreutils-9.5/lib/parse-datetime.y
coreutils-9.5/lib/pathmax.h
coreutils-9.5/lib/physmem.c
coreutils-9.5/lib/physmem.h
coreutils-9.5/lib/pipe-safer.c
coreutils-9.5/lib/pipe.c
coreutils-9.5/lib/pipe2.c
coreutils-9.5/lib/posix_memalign.c
coreutils-9.5/lib/posixtm.c
coreutils-9.5/lib/posixtm.h
coreutils-9.5/lib/posixver.c
coreutils-9.5/lib/posixver.h
coreutils-9.5/lib/printf-args.c
coreutils-9.5/lib/printf-args.h
coreutils-9.5/lib/printf-frexp.c
coreutils-9.5/lib/printf-frexp.h
coreutils-9.5/lib/printf-frexpl.c
coreutils-9.5/lib/printf-frexpl.h
coreutils-9.5/lib/printf-parse.c
coreutils-9.5/lib/printf-parse.h
coreutils-9.5/lib/priv-set.c
coreutils-9.5/lib/priv-set.h
coreutils-9.5/lib/progname.c
coreutils-9.5/lib/progname.h
coreutils-9.5/lib/propername-lite.c
coreutils-9.5/lib/propername.h
coreutils-9.5/lib/pselect.c
coreutils-9.5/lib/pthread-cond.c
coreutils-9.5/lib/pthread-mutex.c
coreutils-9.5/lib/pthread-thread.c
coreutils-9.5/lib/pthread.in.h
coreutils-9.5/lib/pthread_mutex_timedlock.c
coreutils-9.5/lib/pthread_sigmask.c
coreutils-9.5/lib/putenv.c
coreutils-9.5/lib/qcopy-acl.c
coreutils-9.5/lib/qset-acl.c
coreutils-9.5/lib/qsort.c
coreutils-9.5/lib/qsort_r.c
coreutils-9.5/lib/quote.h
coreutils-9.5/lib/quotearg.c
coreutils-9.5/lib/quotearg.h
coreutils-9.5/lib/raise.c
coreutils-9.5/lib/rand-isaac.c
coreutils-9.5/lib/rand-isaac.h
coreutils-9.5/lib/randint.c
coreutils-9.5/lib/randint.h
coreutils-9.5/lib/randperm.c
coreutils-9.5/lib/randperm.h
coreutils-9.5/lib/randread.c
coreutils-9.5/lib/randread.h
coreutils-9.5/lib/rawmemchr.c
coreutils-9.5/lib/rawmemchr.valgrind
coreutils-9.5/lib/read-file.c
coreutils-9.5/lib/read-file.h
coreutils-9.5/lib/read.c
coreutils-9.5/lib/readdir.c
coreutils-9.5/lib/readlink.c
coreutils-9.5/lib/readlinkat.c
coreutils-9.5/lib/readtokens.c
coreutils-9.5/lib/readtokens.h
coreutils-9.5/lib/readtokens0.c
coreutils-9.5/lib/readtokens0.h
coreutils-9.5/lib/readutmp.c
coreutils-9.5/lib/readutmp.h
coreutils-9.5/lib/realloc.c
coreutils-9.5/lib/reallocarray.c
coreutils-9.5/lib/regcomp.c
coreutils-9.5/lib/regex.c
coreutils-9.5/lib/regex.h
coreutils-9.5/lib/regex_internal.c
coreutils-9.5/lib/regex_internal.h
coreutils-9.5/lib/regexec.c
coreutils-9.5/lib/remove.c
coreutils-9.5/lib/rename.c
coreutils-9.5/lib/renameat.c
coreutils-9.5/lib/renameatu.c
coreutils-9.5/lib/renameatu.h
coreutils-9.5/lib/rewinddir.c
coreutils-9.5/lib/rmdir.c
coreutils-9.5/lib/root-dev-ino.c
coreutils-9.5/lib/root-dev-ino.h
coreutils-9.5/lib/root-uid.h
coreutils-9.5/lib/rpmatch.c
coreutils-9.5/lib/safe-read.c
coreutils-9.5/lib/safe-read.h
coreutils-9.5/lib/safe-write.c
coreutils-9.5/lib/safe-write.h
coreutils-9.5/lib/same-inode.c
coreutils-9.5/lib/same-inode.h
coreutils-9.5/lib/same.c
coreutils-9.5/lib/same.h
coreutils-9.5/lib/save-cwd.c
coreutils-9.5/lib/save-cwd.h
coreutils-9.5/lib/savedir.c
coreutils-9.5/lib/savedir.h
coreutils-9.5/lib/savewd.c
coreutils-9.5/lib/savewd.h
coreutils-9.5/lib/sched.in.h
coreutils-9.5/lib/scratch_buffer.h
coreutils-9.5/lib/se-context.c
coreutils-9.5/lib/se-context.in.h
coreutils-9.5/lib/se-label.c
coreutils-9.5/lib/se-label.in.h
coreutils-9.5/lib/se-selinux.c
coreutils-9.5/lib/se-selinux.in.h
coreutils-9.5/lib/secure_getenv.c
coreutils-9.5/lib/select.c
coreutils-9.5/lib/selinux-at.c
coreutils-9.5/lib/selinux-at.h
coreutils-9.5/lib/set-acl.c
coreutils-9.5/lib/set-permissions.c
coreutils-9.5/lib/setenv.c
coreutils-9.5/lib/setlocale-lock.c
coreutils-9.5/lib/setlocale_null-unlocked.c
coreutils-9.5/lib/setlocale_null.c
coreutils-9.5/lib/setlocale_null.h
coreutils-9.5/lib/settime.c
coreutils-9.5/lib/sha1-stream.c
coreutils-9.5/lib/sha1.c
coreutils-9.5/lib/sha1.h
coreutils-9.5/lib/sha256-stream.c
coreutils-9.5/lib/sha256.c
coreutils-9.5/lib/sha256.h
coreutils-9.5/lib/sha512-stream.c
coreutils-9.5/lib/sha512.c
coreutils-9.5/lib/sha512.h
coreutils-9.5/lib/sig-handler.c
coreutils-9.5/lib/sig-handler.h
coreutils-9.5/lib/sig2str.c
coreutils-9.5/lib/sig2str.h
coreutils-9.5/lib/sigaction.c
coreutils-9.5/lib/siglist.h
coreutils-9.5/lib/signal.in.h
coreutils-9.5/lib/signbitd.c
coreutils-9.5/lib/signbitf.c
coreutils-9.5/lib/signbitl.c
coreutils-9.5/lib/sigprocmask.c
coreutils-9.5/lib/size_max.h
coreutils-9.5/lib/skipchars.c
coreutils-9.5/lib/skipchars.h
coreutils-9.5/lib/sm3-stream.c
coreutils-9.5/lib/sm3.c
coreutils-9.5/lib/sm3.h
coreutils-9.5/lib/smack.h
coreutils-9.5/lib/snprintf.c
coreutils-9.5/lib/sockets.c
coreutils-9.5/lib/sockets.h
coreutils-9.5/lib/stat-macros.h
coreutils-9.5/lib/stat-size.h
coreutils-9.5/lib/stat-time.c
coreutils-9.5/lib/stat-time.h
coreutils-9.5/lib/stat-w32.c
coreutils-9.5/lib/stat-w32.h
coreutils-9.5/lib/stat.c
coreutils-9.5/lib/stdarg.in.h
coreutils-9.5/lib/stdckdint.in.h
coreutils-9.5/lib/stddef.in.h
coreutils-9.5/lib/stdint.in.h
coreutils-9.5/lib/stdio--.h
coreutils-9.5/lib/stdio-impl.h
coreutils-9.5/lib/stdio-read.c
coreutils-9.5/lib/stdio-safer.h
coreutils-9.5/lib/stdio-write.c
coreutils-9.5/lib/stdio.in.h
coreutils-9.5/lib/stdlib--.h
coreutils-9.5/lib/stdlib-safer.h
coreutils-9.5/lib/stdlib.in.h
coreutils-9.5/lib/stpcpy.c
coreutils-9.5/lib/str-two-way.h
coreutils-9.5/lib/strdup.c
coreutils-9.5/lib/streq.h
coreutils-9.5/lib/strerror-override.c
coreutils-9.5/lib/strerror-override.h
coreutils-9.5/lib/strerror.c
coreutils-9.5/lib/strftime.c
coreutils-9.5/lib/strftime.h
coreutils-9.5/lib/string.in.h
coreutils-9.5/lib/strintcmp.c
coreutils-9.5/lib/stripslash.c
coreutils-9.5/lib/strnlen.c
coreutils-9.5/lib/strnlen1.c
coreutils-9.5/lib/strnlen1.h
coreutils-9.5/lib/strnumcmp-in.h
coreutils-9.5/lib/strnumcmp.c
coreutils-9.5/lib/strnumcmp.h
coreutils-9.5/lib/strsignal.c
coreutils-9.5/lib/strstr.c
coreutils-9.5/lib/strtod.c
coreutils-9.5/lib/strtoimax.c
coreutils-9.5/lib/strtol.c
coreutils-9.5/lib/strtold.c
coreutils-9.5/lib/strtoll.c
coreutils-9.5/lib/strtoul.c
coreutils-9.5/lib/strtoull.c
coreutils-9.5/lib/strtoumax.c
coreutils-9.5/lib/symlink.c
coreutils-9.5/lib/symlinkat.c
coreutils-9.5/lib/sys-limits.h
coreutils-9.5/lib/sys_ioctl.in.h
coreutils-9.5/lib/sys_random.in.h
coreutils-9.5/lib/sys_resource.in.h
coreutils-9.5/lib/sys_select.in.h
coreutils-9.5/lib/sys_socket.c
coreutils-9.5/lib/sys_socket.in.h
coreutils-9.5/lib/sys_stat.in.h
coreutils-9.5/lib/sys_time.in.h
coreutils-9.5/lib/sys_types.in.h
coreutils-9.5/lib/sys_uio.in.h
coreutils-9.5/lib/sys_utsname.in.h
coreutils-9.5/lib/sys_wait.in.h
coreutils-9.5/lib/targetdir.c
coreutils-9.5/lib/targetdir.h
coreutils-9.5/lib/tempname.c
coreutils-9.5/lib/tempname.h
coreutils-9.5/lib/termios.in.h
coreutils-9.5/lib/time-internal.h
coreutils-9.5/lib/time.c
coreutils-9.5/lib/time.in.h
coreutils-9.5/lib/time_r.c
coreutils-9.5/lib/time_rz.c
coreutils-9.5/lib/timegm.c
coreutils-9.5/lib/timespec.c
coreutils-9.5/lib/timespec.h
coreutils-9.5/lib/tmpdir.c
coreutils-9.5/lib/tmpdir.h
coreutils-9.5/lib/tzset.c
coreutils-9.5/lib/u64.c
coreutils-9.5/lib/u64.h
coreutils-9.5/lib/uchar.in.h
coreutils-9.5/lib/uinttostr.c
coreutils-9.5/lib/umaxtostr.c
coreutils-9.5/lib/uname.c
coreutils-9.5/lib/unicase/
coreutils-9.5/lib/unicase/simple-mapping.h
coreutils-9.5/lib/unicase/tolower.c
coreutils-9.5/lib/unicase/tolower.h
coreutils-9.5/lib/unicase.in.h
coreutils-9.5/lib/unicodeio.c
coreutils-9.5/lib/unicodeio.h
coreutils-9.5/lib/unictype/
coreutils-9.5/lib/unictype/bitmap.h
coreutils-9.5/lib/unictype/ctype_alnum.c
coreutils-9.5/lib/unictype/ctype_alnum.h
coreutils-9.5/lib/unictype/ctype_alpha.c
coreutils-9.5/lib/unictype/ctype_alpha.h
coreutils-9.5/lib/unictype/ctype_blank.c
coreutils-9.5/lib/unictype/ctype_blank.h
coreutils-9.5/lib/unictype/ctype_cntrl.c
coreutils-9.5/lib/unictype/ctype_cntrl.h
coreutils-9.5/lib/unictype/ctype_digit.c
coreutils-9.5/lib/unictype/ctype_digit.h
coreutils-9.5/lib/unictype/ctype_graph.c
coreutils-9.5/lib/unictype/ctype_graph.h
coreutils-9.5/lib/unictype/ctype_lower.c
coreutils-9.5/lib/unictype/ctype_lower.h
coreutils-9.5/lib/unictype/ctype_print.c
coreutils-9.5/lib/unictype/ctype_print.h
coreutils-9.5/lib/unictype/ctype_punct.c
coreutils-9.5/lib/unictype/ctype_punct.h
coreutils-9.5/lib/unictype/ctype_space.c
coreutils-9.5/lib/unictype/ctype_space.h
coreutils-9.5/lib/unictype/ctype_upper.c
coreutils-9.5/lib/unictype/ctype_upper.h
coreutils-9.5/lib/unictype/ctype_xdigit.c
coreutils-9.5/lib/unictype/ctype_xdigit.h
coreutils-9.5/lib/unictype.in.h
coreutils-9.5/lib/uninorm.in.h
coreutils-9.5/lib/unistd--.h
coreutils-9.5/lib/unistd-safer.h
coreutils-9.5/lib/unistd.c
coreutils-9.5/lib/unistd.in.h
coreutils-9.5/lib/unistr/
coreutils-9.5/lib/unistr/u-cpy.h
coreutils-9.5/lib/unistr/u-pcpy.h
coreutils-9.5/lib/unistr/u-strcat.h
coreutils-9.5/lib/unistr/u-strlen.h
coreutils-9.5/lib/unistr/u32-chr.c
coreutils-9.5/lib/unistr/u32-cpy.c
coreutils-9.5/lib/unistr/u32-pcpy.c
coreutils-9.5/lib/unistr/u32-strcat.c
coreutils-9.5/lib/unistr/u32-strlen.c
coreutils-9.5/lib/unistr/u8-mbtoucr.c
coreutils-9.5/lib/unistr/u8-uctomb-aux.c
coreutils-9.5/lib/unistr/u8-uctomb.c
coreutils-9.5/lib/unistr.in.h
coreutils-9.5/lib/unitypes.in.h
coreutils-9.5/lib/uniwidth/
coreutils-9.5/lib/uniwidth/cjk.h
coreutils-9.5/lib/uniwidth/width.c
coreutils-9.5/lib/uniwidth/width0.h
coreutils-9.5/lib/uniwidth/width2.h
coreutils-9.5/lib/uniwidth.in.h
coreutils-9.5/lib/unlink.c
coreutils-9.5/lib/unlinkat.c
coreutils-9.5/lib/unlinkdir.c
coreutils-9.5/lib/unlinkdir.h
coreutils-9.5/lib/unlocked-io.h
coreutils-9.5/lib/unsetenv.c
coreutils-9.5/lib/userspec.c
coreutils-9.5/lib/userspec.h
coreutils-9.5/lib/utime.c
coreutils-9.5/lib/utime.in.h
coreutils-9.5/lib/utimecmp.c
coreutils-9.5/lib/utimecmp.h
coreutils-9.5/lib/utimens.c
coreutils-9.5/lib/utimens.h
coreutils-9.5/lib/utimensat.c
coreutils-9.5/lib/vasnprintf.c
coreutils-9.5/lib/vasnprintf.h
coreutils-9.5/lib/vasprintf.c
coreutils-9.5/lib/verify.h
coreutils-9.5/lib/verror.c
coreutils-9.5/lib/verror.h
coreutils-9.5/lib/version-etc-fsf.c
coreutils-9.5/lib/version-etc.c
coreutils-9.5/lib/version-etc.h
coreutils-9.5/lib/vfprintf.c
coreutils-9.5/lib/vprintf.c
coreutils-9.5/lib/w32sock.h
coreutils-9.5/lib/warn-on-use.h
coreutils-9.5/lib/wchar.in.h
coreutils-9.5/lib/wcrtomb.c
coreutils-9.5/lib/wctype-h.c
coreutils-9.5/lib/wctype-impl.h
coreutils-9.5/lib/wctype.c
coreutils-9.5/lib/wctype.in.h
coreutils-9.5/lib/wcwidth.c
coreutils-9.5/lib/windows-cond.c
coreutils-9.5/lib/windows-cond.h
coreutils-9.5/lib/windows-initguard.h
coreutils-9.5/lib/windows-mutex.c
coreutils-9.5/lib/windows-mutex.h
coreutils-9.5/lib/windows-once.c
coreutils-9.5/lib/windows-once.h
coreutils-9.5/lib/windows-recmutex.c
coreutils-9.5/lib/windows-recmutex.h
coreutils-9.5/lib/windows-rwlock.c
coreutils-9.5/lib/windows-rwlock.h
coreutils-9.5/lib/windows-thread.c
coreutils-9.5/lib/windows-thread.h
coreutils-9.5/lib/windows-timedmutex.c
coreutils-9.5/lib/windows-timedmutex.h
coreutils-9.5/lib/windows-timedrecmutex.c
coreutils-9.5/lib/windows-timedrecmutex.h
coreutils-9.5/lib/windows-tls.c
coreutils-9.5/lib/windows-tls.h
coreutils-9.5/lib/wmemchr-impl.h
coreutils-9.5/lib/wmemchr.c
coreutils-9.5/lib/wmempcpy.c
coreutils-9.5/lib/write-any-file.c
coreutils-9.5/lib/write-any-file.h
coreutils-9.5/lib/write.c
coreutils-9.5/lib/xalignalloc.c
coreutils-9.5/lib/xalloc-die.c
coreutils-9.5/lib/xalloc-oversized.h
coreutils-9.5/lib/xalloc.h
coreutils-9.5/lib/xasprintf.c
coreutils-9.5/lib/xbinary-io.c
coreutils-9.5/lib/xbinary-io.h
coreutils-9.5/lib/xdectoimax.c
coreutils-9.5/lib/xdectoint.c
coreutils-9.5/lib/xdectoint.h
coreutils-9.5/lib/xdectoumax.c
coreutils-9.5/lib/xfts.c
coreutils-9.5/lib/xfts.h
coreutils-9.5/lib/xgetaname-impl.h
coreutils-9.5/lib/xgetcwd.c
coreutils-9.5/lib/xgetcwd.h
coreutils-9.5/lib/xgetgroups.c
coreutils-9.5/lib/xgethostname.c
coreutils-9.5/lib/xgethostname.h
coreutils-9.5/lib/xmalloc.c
coreutils-9.5/lib/xmemcoll.c
coreutils-9.5/lib/xmemcoll.h
coreutils-9.5/lib/xnanosleep.c
coreutils-9.5/lib/xnanosleep.h
coreutils-9.5/lib/xprintf.c
coreutils-9.5/lib/xprintf.h
coreutils-9.5/lib/xreadlink.c
coreutils-9.5/lib/xreadlink.h
coreutils-9.5/lib/xsize.c
coreutils-9.5/lib/xsize.h
coreutils-9.5/lib/xstrtod.c
coreutils-9.5/lib/xstrtod.h
coreutils-9.5/lib/xstrtoimax.c
coreutils-9.5/lib/xstrtol-error.c
coreutils-9.5/lib/xstrtol-error.h
coreutils-9.5/lib/xstrtol.c
coreutils-9.5/lib/xstrtol.h
coreutils-9.5/lib/xstrtold.c
coreutils-9.5/lib/xstrtoul.c
coreutils-9.5/lib/xstrtoumax.c
coreutils-9.5/lib/xtime.c
coreutils-9.5/lib/xtime.h
coreutils-9.5/lib/xvasprintf.c
coreutils-9.5/lib/xvasprintf.h
coreutils-9.5/lib/yesno.c
coreutils-9.5/lib/yesno.h
coreutils-9.5/m4/
coreutils-9.5/m4/00gnulib.m4
coreutils-9.5/m4/__inline.m4
coreutils-9.5/m4/absolute-header.m4
coreutils-9.5/m4/access.m4
coreutils-9.5/m4/acl.m4
coreutils-9.5/m4/af_alg.m4
coreutils-9.5/m4/alignalloc.m4
coreutils-9.5/m4/alloca.m4
coreutils-9.5/m4/arpa_inet_h.m4
coreutils-9.5/m4/assert.m4
coreutils-9.5/m4/assert_h.m4
coreutils-9.5/m4/atoll.m4
coreutils-9.5/m4/autobuild.m4
coreutils-9.5/m4/backupfile.m4
coreutils-9.5/m4/base32.m4
coreutils-9.5/m4/base64.m4
coreutils-9.5/m4/bison.m4
coreutils-9.5/m4/btowc.m4
coreutils-9.5/m4/build-to-host.m4
coreutils-9.5/m4/builtin-expect.m4
coreutils-9.5/m4/byteswap.m4
coreutils-9.5/m4/c-bool.m4
coreutils-9.5/m4/c-strtod.m4
coreutils-9.5/m4/c32rtomb.m4
coreutils-9.5/m4/calloc.m4
coreutils-9.5/m4/canon-host.m4
coreutils-9.5/m4/canonicalize.m4
coreutils-9.5/m4/chdir-long.m4
coreutils-9.5/m4/check-decl.m4
coreutils-9.5/m4/chmod.m4
coreutils-9.5/m4/chown.m4
coreutils-9.5/m4/clock_time.m4
coreutils-9.5/m4/close.m4
coreutils-9.5/m4/closedir.m4
coreutils-9.5/m4/codeset.m4
coreutils-9.5/m4/config-h.m4
coreutils-9.5/m4/configmake.m4
coreutils-9.5/m4/copy-file-range.m4
coreutils-9.5/m4/creat.m4
coreutils-9.5/m4/ctype_h.m4
coreutils-9.5/m4/cu-progs.m4
coreutils-9.5/m4/cycle-check.m4
coreutils-9.5/m4/d-ino.m4
coreutils-9.5/m4/d-type.m4
coreutils-9.5/m4/dirent-safer.m4
coreutils-9.5/m4/dirent_h.m4
coreutils-9.5/m4/dirfd.m4
coreutils-9.5/m4/double-slash-root.m4
coreutils-9.5/m4/dup.m4
coreutils-9.5/m4/dup2.m4
coreutils-9.5/m4/eealloc.m4
coreutils-9.5/m4/environ.m4
coreutils-9.5/m4/errno_h.m4
coreutils-9.5/m4/error.m4
coreutils-9.5/m4/error_h.m4
coreutils-9.5/m4/euidaccess.m4
coreutils-9.5/m4/explicit_bzero.m4
coreutils-9.5/m4/exponentd.m4
coreutils-9.5/m4/exponentf.m4
coreutils-9.5/m4/exponentl.m4
coreutils-9.5/m4/extensions.m4
coreutils-9.5/m4/extern-inline.m4
coreutils-9.5/m4/faccessat.m4
coreutils-9.5/m4/fchdir.m4
coreutils-9.5/m4/fchmodat.m4
coreutils-9.5/m4/fchownat.m4
coreutils-9.5/m4/fclose.m4
coreutils-9.5/m4/fcntl-o.m4
coreutils-9.5/m4/fcntl-safer.m4
coreutils-9.5/m4/fcntl.m4
coreutils-9.5/m4/fcntl_h.m4
coreutils-9.5/m4/fdatasync.m4
coreutils-9.5/m4/fdopen.m4
coreutils-9.5/m4/fdopendir.m4
coreutils-9.5/m4/fflush.m4
coreutils-9.5/m4/fileblocks.m4
coreutils-9.5/m4/filemode.m4
coreutils-9.5/m4/filenamecat.m4
coreutils-9.5/m4/flexmember.m4
coreutils-9.5/m4/float_h.m4
coreutils-9.5/m4/fnmatch.m4
coreutils-9.5/m4/fnmatch_h.m4
coreutils-9.5/m4/fopen.m4
coreutils-9.5/m4/fpending.m4
coreutils-9.5/m4/fpieee.m4
coreutils-9.5/m4/fpurge.m4
coreutils-9.5/m4/freadahead.m4
coreutils-9.5/m4/freading.m4
coreutils-9.5/m4/freadptr.m4
coreutils-9.5/m4/freadseek.m4
coreutils-9.5/m4/free.m4
coreutils-9.5/m4/freopen.m4
coreutils-9.5/m4/frexp.m4
coreutils-9.5/m4/frexpl.m4
coreutils-9.5/m4/fseek.m4
coreutils-9.5/m4/fseeko.m4
coreutils-9.5/m4/fseterr.m4
coreutils-9.5/m4/fstat.m4
coreutils-9.5/m4/fstatat.m4
coreutils-9.5/m4/fstypename.m4
coreutils-9.5/m4/fsusage.m4
coreutils-9.5/m4/fsync.m4
coreutils-9.5/m4/ftell.m4
coreutils-9.5/m4/ftello.m4
coreutils-9.5/m4/ftruncate.m4
coreutils-9.5/m4/fts.m4
coreutils-9.5/m4/futimens.m4
coreutils-9.5/m4/getaddrinfo.m4
coreutils-9.5/m4/getcwd-abort-bug.m4
coreutils-9.5/m4/getcwd-path-max.m4
coreutils-9.5/m4/getcwd.m4
coreutils-9.5/m4/getdelim.m4
coreutils-9.5/m4/getdtablesize.m4
coreutils-9.5/m4/getgroups.m4
coreutils-9.5/m4/gethostname.m4
coreutils-9.5/m4/gethrxtime.m4
coreutils-9.5/m4/getline.m4
coreutils-9.5/m4/getloadavg.m4
coreutils-9.5/m4/getlogin.m4
coreutils-9.5/m4/getndelim2.m4
coreutils-9.5/m4/getopt.m4
coreutils-9.5/m4/getpagesize.m4
coreutils-9.5/m4/getprogname.m4
coreutils-9.5/m4/getrandom.m4
coreutils-9.5/m4/getrusage.m4
coreutils-9.5/m4/gettext.m4
coreutils-9.5/m4/gettime.m4
coreutils-9.5/m4/gettimeofday.m4
coreutils-9.5/m4/getugroups.m4
coreutils-9.5/m4/gl-openssl.m4
coreutils-9.5/m4/gnulib-common.m4
coreutils-9.5/m4/gnulib-comp.m4
coreutils-9.5/m4/group-member.m4
coreutils-9.5/m4/host-cpu-c-abi.m4
coreutils-9.5/m4/host-os.m4
coreutils-9.5/m4/hostent.m4
coreutils-9.5/m4/human.m4
coreutils-9.5/m4/i-ring.m4
coreutils-9.5/m4/iconv.m4
coreutils-9.5/m4/iconv_h.m4
coreutils-9.5/m4/iconv_open.m4
coreutils-9.5/m4/idcache.m4
coreutils-9.5/m4/include-exclude-prog.m4
coreutils-9.5/m4/include_next.m4
coreutils-9.5/m4/inet_ntop.m4
coreutils-9.5/m4/inet_pton.m4
coreutils-9.5/m4/inline.m4
coreutils-9.5/m4/intl-thread-locale.m4
coreutils-9.5/m4/intlmacosx.m4
coreutils-9.5/m4/intmax_t.m4
coreutils-9.5/m4/inttostr.m4
coreutils-9.5/m4/inttypes.m4
coreutils-9.5/m4/inttypes_h.m4
coreutils-9.5/m4/ioctl.m4
coreutils-9.5/m4/isapipe.m4
coreutils-9.5/m4/isatty.m4
coreutils-9.5/m4/isblank.m4
coreutils-9.5/m4/isnand.m4
coreutils-9.5/m4/isnanf.m4
coreutils-9.5/m4/isnanl.m4
coreutils-9.5/m4/iswblank.m4
coreutils-9.5/m4/iswctype.m4
coreutils-9.5/m4/iswdigit.m4
coreutils-9.5/m4/iswpunct.m4
coreutils-9.5/m4/iswxdigit.m4
coreutils-9.5/m4/jm-macros.m4
coreutils-9.5/m4/jm-winsz1.m4
coreutils-9.5/m4/jm-winsz2.m4
coreutils-9.5/m4/langinfo_h.m4
coreutils-9.5/m4/largefile.m4
coreutils-9.5/m4/lchmod.m4
coreutils-9.5/m4/lchown.m4
coreutils-9.5/m4/lcmessage.m4
coreutils-9.5/m4/ldexp.m4
coreutils-9.5/m4/ldexpl.m4
coreutils-9.5/m4/lib-ignore.m4
coreutils-9.5/m4/lib-ld.m4
coreutils-9.5/m4/lib-link.m4
coreutils-9.5/m4/lib-prefix.m4
coreutils-9.5/m4/libgmp.m4
coreutils-9.5/m4/libunistring-base.m4
coreutils-9.5/m4/limits-h.m4
coreutils-9.5/m4/link-follow.m4
coreutils-9.5/m4/link.m4
coreutils-9.5/m4/linkat.m4
coreutils-9.5/m4/localcharset.m4
coreutils-9.5/m4/locale-fr.m4
coreutils-9.5/m4/locale-ja.m4
coreutils-9.5/m4/locale-tr.m4
coreutils-9.5/m4/locale-zh.m4
coreutils-9.5/m4/locale_h.m4
coreutils-9.5/m4/localeconv.m4
coreutils-9.5/m4/localename.m4
coreutils-9.5/m4/lock.m4
coreutils-9.5/m4/longlong.m4
coreutils-9.5/m4/lseek.m4
coreutils-9.5/m4/lstat.m4
coreutils-9.5/m4/malloc.m4
coreutils-9.5/m4/malloca.m4
coreutils-9.5/m4/manywarnings.m4
coreutils-9.5/m4/math_h.m4
coreutils-9.5/m4/mbrlen.m4
coreutils-9.5/m4/mbrtoc32.m4
coreutils-9.5/m4/mbrtowc.m4
coreutils-9.5/m4/mbsinit.m4
coreutils-9.5/m4/mbslen.m4
coreutils-9.5/m4/mbsrtowcs.m4
coreutils-9.5/m4/mbstate_t.m4
coreutils-9.5/m4/mbswidth.m4
coreutils-9.5/m4/mbtowc.m4
coreutils-9.5/m4/md5.m4
coreutils-9.5/m4/memcasecmp.m4
coreutils-9.5/m4/memchr.m4
coreutils-9.5/m4/memcoll.m4
coreutils-9.5/m4/mempcpy.m4
coreutils-9.5/m4/memrchr.m4
coreutils-9.5/m4/memset_explicit.m4
coreutils-9.5/m4/mgetgroups.m4
coreutils-9.5/m4/minmax.m4
coreutils-9.5/m4/mkancesdirs.m4
coreutils-9.5/m4/mkdir-p.m4
coreutils-9.5/m4/mkdir.m4
coreutils-9.5/m4/mkdirat.m4
coreutils-9.5/m4/mkfifo.m4
coreutils-9.5/m4/mkfifoat.m4
coreutils-9.5/m4/mknod.m4
coreutils-9.5/m4/mkostemp.m4
coreutils-9.5/m4/mkstemp.m4
coreutils-9.5/m4/mktime.m4
coreutils-9.5/m4/mmap-anon.m4
coreutils-9.5/m4/mode_t.m4
coreutils-9.5/m4/modechange.m4
coreutils-9.5/m4/mountlist.m4
coreutils-9.5/m4/mpsort.m4
coreutils-9.5/m4/msvc-inval.m4
coreutils-9.5/m4/msvc-nothrow.m4
coreutils-9.5/m4/multiarch.m4
coreutils-9.5/m4/musl.m4
coreutils-9.5/m4/nan-mips.m4
coreutils-9.5/m4/nanosleep.m4
coreutils-9.5/m4/netdb_h.m4
coreutils-9.5/m4/netinet_in_h.m4
coreutils-9.5/m4/nl_langinfo.m4
coreutils-9.5/m4/nls.m4
coreutils-9.5/m4/nocrash.m4
coreutils-9.5/m4/nproc.m4
coreutils-9.5/m4/nstrftime.m4
coreutils-9.5/m4/nullptr.m4
coreutils-9.5/m4/obstack.m4
coreutils-9.5/m4/off_t.m4
coreutils-9.5/m4/open-cloexec.m4
coreutils-9.5/m4/open-slash.m4
coreutils-9.5/m4/open.m4
coreutils-9.5/m4/openat.m4
coreutils-9.5/m4/opendir.m4
coreutils-9.5/m4/parse-datetime.m4
coreutils-9.5/m4/pathmax.m4
coreutils-9.5/m4/perl.m4
coreutils-9.5/m4/perror.m4
coreutils-9.5/m4/physmem.m4
coreutils-9.5/m4/pipe.m4
coreutils-9.5/m4/pipe2.m4
coreutils-9.5/m4/po.m4
coreutils-9.5/m4/posix-shell.m4
coreutils-9.5/m4/posix_memalign.m4
coreutils-9.5/m4/posixtm.m4
coreutils-9.5/m4/posixver.m4
coreutils-9.5/m4/prereq.m4
coreutils-9.5/m4/printf-frexp.m4
coreutils-9.5/m4/printf-frexpl.m4
coreutils-9.5/m4/printf.m4
coreutils-9.5/m4/priv-set.m4
coreutils-9.5/m4/progtest.m4
coreutils-9.5/m4/pselect.m4
coreutils-9.5/m4/pthread-cond.m4
coreutils-9.5/m4/pthread-mutex.m4
coreutils-9.5/m4/pthread-thread.m4
coreutils-9.5/m4/pthread_h.m4
coreutils-9.5/m4/pthread_mutex_timedlock.m4
coreutils-9.5/m4/pthread_rwlock_rdlock.m4
coreutils-9.5/m4/pthread_sigmask.m4
coreutils-9.5/m4/putenv.m4
coreutils-9.5/m4/qsort_r.m4
coreutils-9.5/m4/quote.m4
coreutils-9.5/m4/quotearg.m4
coreutils-9.5/m4/raise.m4
coreutils-9.5/m4/random.m4
coreutils-9.5/m4/random_r.m4
coreutils-9.5/m4/rawmemchr.m4
coreutils-9.5/m4/read-file.m4
coreutils-9.5/m4/read.m4
coreutils-9.5/m4/readdir.m4
coreutils-9.5/m4/readlink.m4
coreutils-9.5/m4/readlinkat.m4
coreutils-9.5/m4/readtokens.m4
coreutils-9.5/m4/readutmp.m4
coreutils-9.5/m4/realloc.m4
coreutils-9.5/m4/reallocarray.m4
coreutils-9.5/m4/regex.m4
coreutils-9.5/m4/remove.m4
coreutils-9.5/m4/rename.m4
coreutils-9.5/m4/renameat.m4
coreutils-9.5/m4/rewinddir.m4
coreutils-9.5/m4/rmdir.m4
coreutils-9.5/m4/rpmatch.m4
coreutils-9.5/m4/safe-read.m4
coreutils-9.5/m4/safe-write.m4
coreutils-9.5/m4/same.m4
coreutils-9.5/m4/save-cwd.m4
coreutils-9.5/m4/savedir.m4
coreutils-9.5/m4/savewd.m4
coreutils-9.5/m4/sched_h.m4
coreutils-9.5/m4/sched_yield.m4
coreutils-9.5/m4/secure_getenv.m4
coreutils-9.5/m4/select.m4
coreutils-9.5/m4/selinux-context-h.m4
coreutils-9.5/m4/selinux-label-h.m4
coreutils-9.5/m4/selinux-selinux-h.m4
coreutils-9.5/m4/semaphore.m4
coreutils-9.5/m4/servent.m4
coreutils-9.5/m4/setenv.m4
coreutils-9.5/m4/setlocale.m4
coreutils-9.5/m4/setlocale_null.m4
coreutils-9.5/m4/settime.m4
coreutils-9.5/m4/sha1.m4
coreutils-9.5/m4/sha256.m4
coreutils-9.5/m4/sha512.m4
coreutils-9.5/m4/sig2str.m4
coreutils-9.5/m4/sigaction.m4
coreutils-9.5/m4/signal_h.m4
coreutils-9.5/m4/signalblocking.m4
coreutils-9.5/m4/signbit.m4
coreutils-9.5/m4/size_max.m4
coreutils-9.5/m4/sleep.m4
coreutils-9.5/m4/sm3.m4
coreutils-9.5/m4/snan.m4
coreutils-9.5/m4/snprintf.m4
coreutils-9.5/m4/socketlib.m4
coreutils-9.5/m4/sockets.m4
coreutils-9.5/m4/socklen.m4
coreutils-9.5/m4/sockpfaf.m4
coreutils-9.5/m4/ssize_t.m4
coreutils-9.5/m4/stat-prog.m4
coreutils-9.5/m4/stat-size.m4
coreutils-9.5/m4/stat-time.m4
coreutils-9.5/m4/stat.m4
coreutils-9.5/m4/stdalign.m4
coreutils-9.5/m4/stdarg.m4
coreutils-9.5/m4/stddef_h.m4
coreutils-9.5/m4/stdint.m4
coreutils-9.5/m4/stdint_h.m4
coreutils-9.5/m4/stdio_h.m4
coreutils-9.5/m4/stdlib_h.m4
coreutils-9.5/m4/stpcpy.m4
coreutils-9.5/m4/strdup.m4
coreutils-9.5/m4/strerror.m4
coreutils-9.5/m4/strerror_r.m4
coreutils-9.5/m4/strftime-fixes.m4
coreutils-9.5/m4/string_h.m4
coreutils-9.5/m4/strnlen.m4
coreutils-9.5/m4/strsignal.m4
coreutils-9.5/m4/strstr.m4
coreutils-9.5/m4/strtod.m4
coreutils-9.5/m4/strtoimax.m4
coreutils-9.5/m4/strtold.m4
coreutils-9.5/m4/strtoll.m4
coreutils-9.5/m4/strtoull.m4
coreutils-9.5/m4/strtoumax.m4
coreutils-9.5/m4/symlink.m4
coreutils-9.5/m4/symlinkat.m4
coreutils-9.5/m4/sys_ioctl_h.m4
coreutils-9.5/m4/sys_random_h.m4
coreutils-9.5/m4/sys_resource_h.m4
coreutils-9.5/m4/sys_select_h.m4
coreutils-9.5/m4/sys_socket_h.m4
coreutils-9.5/m4/sys_stat_h.m4
coreutils-9.5/m4/sys_time_h.m4
coreutils-9.5/m4/sys_types_h.m4
coreutils-9.5/m4/sys_uio_h.m4
coreutils-9.5/m4/sys_utsname_h.m4
coreutils-9.5/m4/sys_wait_h.m4
coreutils-9.5/m4/systemd.m4
coreutils-9.5/m4/tempname.m4
coreutils-9.5/m4/termios_h.m4
coreutils-9.5/m4/thread.m4
coreutils-9.5/m4/threadlib.m4
coreutils-9.5/m4/time.m4
coreutils-9.5/m4/time_h.m4
coreutils-9.5/m4/time_r.m4
coreutils-9.5/m4/time_rz.m4
coreutils-9.5/m4/timegm.m4
coreutils-9.5/m4/timer_time.m4
coreutils-9.5/m4/timespec.m4
coreutils-9.5/m4/tls.m4
coreutils-9.5/m4/tm_gmtoff.m4
coreutils-9.5/m4/tmpdir.m4
coreutils-9.5/m4/tmpfile.m4
coreutils-9.5/m4/tzset.m4
coreutils-9.5/m4/uchar_h.m4
coreutils-9.5/m4/uname.m4
coreutils-9.5/m4/ungetc.m4
coreutils-9.5/m4/unicase_h.m4
coreutils-9.5/m4/unicodeio.m4
coreutils-9.5/m4/unictype_h.m4
coreutils-9.5/m4/uninorm_h.m4
coreutils-9.5/m4/unistd-safer.m4
coreutils-9.5/m4/unistd_h.m4
coreutils-9.5/m4/unlink-busy.m4
coreutils-9.5/m4/unlink.m4
coreutils-9.5/m4/unlinkat.m4
coreutils-9.5/m4/unlinkdir.m4
coreutils-9.5/m4/unlocked-io.m4
coreutils-9.5/m4/userspec.m4
coreutils-9.5/m4/usleep.m4
coreutils-9.5/m4/utime.m4
coreutils-9.5/m4/utime_h.m4
coreutils-9.5/m4/utimecmp.m4
coreutils-9.5/m4/utimens.m4
coreutils-9.5/m4/utimensat.m4
coreutils-9.5/m4/utimes.m4
coreutils-9.5/m4/vasnprintf.m4
coreutils-9.5/m4/vasprintf-posix.m4
coreutils-9.5/m4/vasprintf.m4
coreutils-9.5/m4/version-etc.m4
coreutils-9.5/m4/vfprintf-posix.m4
coreutils-9.5/m4/visibility.m4
coreutils-9.5/m4/vprintf-posix.m4
coreutils-9.5/m4/warnings.m4
coreutils-9.5/m4/wchar_h.m4
coreutils-9.5/m4/wchar_t.m4
coreutils-9.5/m4/wcrtomb.m4
coreutils-9.5/m4/wctob.m4
coreutils-9.5/m4/wctomb.m4
coreutils-9.5/m4/wctype.m4
coreutils-9.5/m4/wctype_h.m4
coreutils-9.5/m4/wcwidth.m4
coreutils-9.5/m4/wint_t.m4
coreutils-9.5/m4/wmemchr.m4
coreutils-9.5/m4/wmempcpy.m4
coreutils-9.5/m4/write-any-file.m4
coreutils-9.5/m4/write.m4
coreutils-9.5/m4/xalloc.m4
coreutils-9.5/m4/xattr.m4
coreutils-9.5/m4/xgetcwd.m4
coreutils-9.5/m4/xnanosleep.m4
coreutils-9.5/m4/xsize.m4
coreutils-9.5/m4/xstrtod.m4
coreutils-9.5/m4/xstrtol.m4
coreutils-9.5/m4/xvasprintf.m4
coreutils-9.5/m4/yesno.m4
coreutils-9.5/m4/yield.m4
coreutils-9.5/m4/zzgnulib.m4
coreutils-9.5/maint.mk
coreutils-9.5/man/
coreutils-9.5/man/arch.1
coreutils-9.5/man/arch.x
coreutils-9.5/man/b2sum.1
coreutils-9.5/man/b2sum.x
coreutils-9.5/man/base32.1
coreutils-9.5/man/base32.x
coreutils-9.5/man/base64.1
coreutils-9.5/man/base64.x
coreutils-9.5/man/basename.1
coreutils-9.5/man/basename.x
coreutils-9.5/man/basenc.1
coreutils-9.5/man/basenc.x
coreutils-9.5/man/cat.1
coreutils-9.5/man/cat.x
coreutils-9.5/man/chcon.1
coreutils-9.5/man/chcon.x
coreutils-9.5/man/chgrp.1
coreutils-9.5/man/chgrp.x
coreutils-9.5/man/chmod.1
coreutils-9.5/man/chmod.x
coreutils-9.5/man/chown.1
coreutils-9.5/man/chown.x
coreutils-9.5/man/chroot.1
coreutils-9.5/man/chroot.x
coreutils-9.5/man/cksum.1
coreutils-9.5/man/cksum.x
coreutils-9.5/man/comm.1
coreutils-9.5/man/comm.x
coreutils-9.5/man/coreutils.1
coreutils-9.5/man/coreutils.x
coreutils-9.5/man/cp.1
coreutils-9.5/man/cp.x
coreutils-9.5/man/csplit.1
coreutils-9.5/man/csplit.x
coreutils-9.5/man/cut.1
coreutils-9.5/man/cut.x
coreutils-9.5/man/date.1
coreutils-9.5/man/date.x
coreutils-9.5/man/dd.1
coreutils-9.5/man/dd.x
coreutils-9.5/man/df.1
coreutils-9.5/man/df.x
coreutils-9.5/man/dir.1
coreutils-9.5/man/dir.x
coreutils-9.5/man/dircolors.1
coreutils-9.5/man/dircolors.x
coreutils-9.5/man/dirname.1
coreutils-9.5/man/dirname.x
coreutils-9.5/man/du.1
coreutils-9.5/man/du.x
coreutils-9.5/man/dummy-man
coreutils-9.5/man/echo.1
coreutils-9.5/man/echo.x
coreutils-9.5/man/env.1
coreutils-9.5/man/env.x
coreutils-9.5/man/expand.1
coreutils-9.5/man/expand.x
coreutils-9.5/man/expr.1
coreutils-9.5/man/expr.x
coreutils-9.5/man/factor.1
coreutils-9.5/man/factor.x
coreutils-9.5/man/false.1
coreutils-9.5/man/false.x
coreutils-9.5/man/fmt.1
coreutils-9.5/man/fmt.x
coreutils-9.5/man/fold.1
coreutils-9.5/man/fold.x
coreutils-9.5/man/groups.1
coreutils-9.5/man/groups.x
coreutils-9.5/man/head.1
coreutils-9.5/man/head.x
coreutils-9.5/man/help2man
coreutils-9.5/man/hostid.1
coreutils-9.5/man/hostid.x
coreutils-9.5/man/hostname.1
coreutils-9.5/man/hostname.x
coreutils-9.5/man/id.1
coreutils-9.5/man/id.x
coreutils-9.5/man/install.1
coreutils-9.5/man/install.x
coreutils-9.5/man/join.1
coreutils-9.5/man/join.x
coreutils-9.5/man/kill.1
coreutils-9.5/man/kill.x
coreutils-9.5/man/link.1
coreutils-9.5/man/link.x
coreutils-9.5/man/ln.1
coreutils-9.5/man/ln.x
coreutils-9.5/man/local.mk
coreutils-9.5/man/logname.1
coreutils-9.5/man/logname.x
coreutils-9.5/man/ls.1
coreutils-9.5/man/ls.x
coreutils-9.5/man/md5sum.1
coreutils-9.5/man/md5sum.x
coreutils-9.5/man/mkdir.1
coreutils-9.5/man/mkdir.x
coreutils-9.5/man/mkfifo.1
coreutils-9.5/man/mkfifo.x
coreutils-9.5/man/mknod.1
coreutils-9.5/man/mknod.x
coreutils-9.5/man/mktemp.1
coreutils-9.5/man/mktemp.x
coreutils-9.5/man/mv.1
coreutils-9.5/man/mv.x
coreutils-9.5/man/nice.1
coreutils-9.5/man/nice.x
coreutils-9.5/man/nl.1
coreutils-9.5/man/nl.x
coreutils-9.5/man/nohup.1
coreutils-9.5/man/nohup.x
coreutils-9.5/man/nproc.1
coreutils-9.5/man/nproc.x
coreutils-9.5/man/numfmt.1
coreutils-9.5/man/numfmt.x
coreutils-9.5/man/od.1
coreutils-9.5/man/od.x
coreutils-9.5/man/paste.1
coreutils-9.5/man/paste.x
coreutils-9.5/man/pathchk.1
coreutils-9.5/man/pathchk.x
coreutils-9.5/man/pinky.1
coreutils-9.5/man/pinky.x
coreutils-9.5/man/pr.1
coreutils-9.5/man/pr.x
coreutils-9.5/man/printenv.1
coreutils-9.5/man/printenv.x
coreutils-9.5/man/printf.1
coreutils-9.5/man/printf.x
coreutils-9.5/man/ptx.1
coreutils-9.5/man/ptx.x
coreutils-9.5/man/pwd.1
coreutils-9.5/man/pwd.x
coreutils-9.5/man/readlink.1
coreutils-9.5/man/readlink.x
coreutils-9.5/man/realpath.1
coreutils-9.5/man/realpath.x
coreutils-9.5/man/rm.1
coreutils-9.5/man/rm.x
coreutils-9.5/man/rmdir.1
coreutils-9.5/man/rmdir.x
coreutils-9.5/man/runcon.1
coreutils-9.5/man/runcon.x
coreutils-9.5/man/seq.1
coreutils-9.5/man/seq.x
coreutils-9.5/man/sha1sum.1
coreutils-9.5/man/sha1sum.x
coreutils-9.5/man/sha224sum.1
coreutils-9.5/man/sha224sum.x
coreutils-9.5/man/sha256sum.1
coreutils-9.5/man/sha256sum.x
coreutils-9.5/man/sha384sum.1
coreutils-9.5/man/sha384sum.x
coreutils-9.5/man/sha512sum.1
coreutils-9.5/man/sha512sum.x
coreutils-9.5/man/shred.1
coreutils-9.5/man/shred.x
coreutils-9.5/man/shuf.1
coreutils-9.5/man/shuf.x
coreutils-9.5/man/sleep.1
coreutils-9.5/man/sleep.x
coreutils-9.5/man/sort.1
coreutils-9.5/man/sort.x
coreutils-9.5/man/split.1
coreutils-9.5/man/split.x
coreutils-9.5/man/stat.1
coreutils-9.5/man/stat.x
coreutils-9.5/man/stdbuf.1
coreutils-9.5/man/stdbuf.x
coreutils-9.5/man/stty.1
coreutils-9.5/man/stty.x
coreutils-9.5/man/sum.1
coreutils-9.5/man/sum.x
coreutils-9.5/man/sync.1
coreutils-9.5/man/sync.x
coreutils-9.5/man/tac.1
coreutils-9.5/man/tac.x
coreutils-9.5/man/tail.1
coreutils-9.5/man/tail.x
coreutils-9.5/man/tee.1
coreutils-9.5/man/tee.x
coreutils-9.5/man/test.1
coreutils-9.5/man/test.x
coreutils-9.5/man/timeout.1
coreutils-9.5/man/timeout.x
coreutils-9.5/man/touch.1
coreutils-9.5/man/touch.x
coreutils-9.5/man/tr.1
coreutils-9.5/man/tr.x
coreutils-9.5/man/true.1
coreutils-9.5/man/true.x
coreutils-9.5/man/truncate.1
coreutils-9.5/man/truncate.x
coreutils-9.5/man/tsort.1
coreutils-9.5/man/tsort.x
coreutils-9.5/man/tty.1
coreutils-9.5/man/tty.x
coreutils-9.5/man/uname.1
coreutils-9.5/man/uname.x
coreutils-9.5/man/unexpand.1
coreutils-9.5/man/unexpand.x
coreutils-9.5/man/uniq.1
coreutils-9.5/man/uniq.x
coreutils-9.5/man/unlink.1
coreutils-9.5/man/unlink.x
coreutils-9.5/man/uptime.1
coreutils-9.5/man/uptime.x
coreutils-9.5/man/users.1
coreutils-9.5/man/users.x
coreutils-9.5/man/vdir.1
coreutils-9.5/man/vdir.x
coreutils-9.5/man/wc.1
coreutils-9.5/man/wc.x
coreutils-9.5/man/who.1
coreutils-9.5/man/who.x
coreutils-9.5/man/whoami.1
coreutils-9.5/man/whoami.x
coreutils-9.5/man/yes.1
coreutils-9.5/man/yes.x
coreutils-9.5/po/
coreutils-9.5/po/LINGUAS
coreutils-9.5/po/Makefile.in.in
coreutils-9.5/po/Makevars
coreutils-9.5/po/POTFILES.in
coreutils-9.5/po/Rules-quot
coreutils-9.5/po/af.gmo
coreutils-9.5/po/af.po
coreutils-9.5/po/be.gmo
coreutils-9.5/po/be.po
coreutils-9.5/po/bg.gmo
coreutils-9.5/po/bg.po
coreutils-9.5/po/boldquot.sed
coreutils-9.5/po/ca.gmo
coreutils-9.5/po/ca.po
coreutils-9.5/po/coreutils.pot
coreutils-9.5/po/cs.gmo
coreutils-9.5/po/cs.po
coreutils-9.5/po/da.gmo
coreutils-9.5/po/da.po
coreutils-9.5/po/de.gmo
coreutils-9.5/po/de.po
coreutils-9.5/po/el.gmo
coreutils-9.5/po/el.po
coreutils-9.5/po/en@boldquot.header
coreutils-9.5/po/en@quot.header
coreutils-9.5/po/eo.gmo
coreutils-9.5/po/eo.po
coreutils-9.5/po/es.gmo
coreutils-9.5/po/es.po
coreutils-9.5/po/et.gmo
coreutils-9.5/po/et.po
coreutils-9.5/po/eu.gmo
coreutils-9.5/po/eu.po
coreutils-9.5/po/fi.gmo
coreutils-9.5/po/fi.po
coreutils-9.5/po/fr.gmo
coreutils-9.5/po/fr.po
coreutils-9.5/po/ga.gmo
coreutils-9.5/po/ga.po
coreutils-9.5/po/gl.gmo
coreutils-9.5/po/gl.po
coreutils-9.5/po/hr.gmo
coreutils-9.5/po/hr.po
coreutils-9.5/po/hu.gmo
coreutils-9.5/po/hu.po
coreutils-9.5/po/ia.gmo
coreutils-9.5/po/ia.po
coreutils-9.5/po/id.gmo
coreutils-9.5/po/id.po
coreutils-9.5/po/insert-header.sin
coreutils-9.5/po/it.gmo
coreutils-9.5/po/it.po
coreutils-9.5/po/ja.gmo
coreutils-9.5/po/ja.po
coreutils-9.5/po/ka.gmo
coreutils-9.5/po/ka.po
coreutils-9.5/po/kk.gmo
coreutils-9.5/po/kk.po
coreutils-9.5/po/ko.gmo
coreutils-9.5/po/ko.po
coreutils-9.5/po/lg.gmo
coreutils-9.5/po/lg.po
coreutils-9.5/po/lt.gmo
coreutils-9.5/po/lt.po
coreutils-9.5/po/ms.gmo
coreutils-9.5/po/ms.po
coreutils-9.5/po/nb.gmo
coreutils-9.5/po/nb.po
coreutils-9.5/po/nl.gmo
coreutils-9.5/po/nl.po
coreutils-9.5/po/pl.gmo
coreutils-9.5/po/pl.po
coreutils-9.5/po/pt.gmo
coreutils-9.5/po/pt.po
coreutils-9.5/po/pt_BR.gmo
coreutils-9.5/po/pt_BR.po
coreutils-9.5/po/quot.sed
coreutils-9.5/po/remove-potcdate.sin
coreutils-9.5/po/ro.gmo
coreutils-9.5/po/ro.po
coreutils-9.5/po/ru.gmo
coreutils-9.5/po/ru.po
coreutils-9.5/po/sk.gmo
coreutils-9.5/po/sk.po
coreutils-9.5/po/sl.gmo
coreutils-9.5/po/sl.po
coreutils-9.5/po/sr.gmo
coreutils-9.5/po/sr.po
coreutils-9.5/po/stamp-po
coreutils-9.5/po/sv.gmo
coreutils-9.5/po/sv.po
coreutils-9.5/po/ta.gmo
coreutils-9.5/po/ta.po
coreutils-9.5/po/tr.gmo
coreutils-9.5/po/tr.po
coreutils-9.5/po/uk.gmo
coreutils-9.5/po/uk.po
coreutils-9.5/po/vi.gmo
coreutils-9.5/po/vi.po
coreutils-9.5/po/zh_CN.gmo
coreutils-9.5/po/zh_CN.po
coreutils-9.5/po/zh_TW.gmo
coreutils-9.5/po/zh_TW.po
coreutils-9.5/src/
coreutils-9.5/src/basename.c
coreutils-9.5/src/basenc.c
coreutils-9.5/src/blake2/
coreutils-9.5/src/blake2/b2sum.c
coreutils-9.5/src/blake2/b2sum.h
coreutils-9.5/src/blake2/blake2-impl.h
coreutils-9.5/src/blake2/blake2.h
coreutils-9.5/src/blake2/blake2b-ref.c
coreutils-9.5/src/cat.c
coreutils-9.5/src/chcon.c
coreutils-9.5/src/chmod.c
coreutils-9.5/src/chown-chgrp.c
coreutils-9.5/src/chown-chown.c
coreutils-9.5/src/chown-core.c
coreutils-9.5/src/chown-core.h
coreutils-9.5/src/chown.c
coreutils-9.5/src/chown.h
coreutils-9.5/src/chroot.c
coreutils-9.5/src/cksum.c
coreutils-9.5/src/cksum.h
coreutils-9.5/src/cksum_pclmul.c
coreutils-9.5/src/comm.c
coreutils-9.5/src/copy.c
coreutils-9.5/src/copy.h
coreutils-9.5/src/coreutils-arch.c
coreutils-9.5/src/coreutils-chgrp.c
coreutils-9.5/src/coreutils-dir.c
coreutils-9.5/src/coreutils-vdir.c
coreutils-9.5/src/coreutils.c
coreutils-9.5/src/cp-hash.c
coreutils-9.5/src/cp-hash.h
coreutils-9.5/src/cp.c
coreutils-9.5/src/crctab.c
coreutils-9.5/src/csplit.c
coreutils-9.5/src/cu-progs.mk
coreutils-9.5/src/cut.c
coreutils-9.5/src/date.c
coreutils-9.5/src/dcgen
coreutils-9.5/src/dd.c
coreutils-9.5/src/df.c
coreutils-9.5/src/digest.c
coreutils-9.5/src/dircolors.c
coreutils-9.5/src/dircolors.h
coreutils-9.5/src/dircolors.hin
coreutils-9.5/src/dirname.c
coreutils-9.5/src/du.c
coreutils-9.5/src/echo.c
coreutils-9.5/src/env.c
coreutils-9.5/src/expand-common.c
coreutils-9.5/src/expand-common.h
coreutils-9.5/src/expand.c
coreutils-9.5/src/expr.c
coreutils-9.5/src/extract-magic
coreutils-9.5/src/factor.c
coreutils-9.5/src/false.c
coreutils-9.5/src/find-mount-point.c
coreutils-9.5/src/find-mount-point.h
coreutils-9.5/src/fmt.c
coreutils-9.5/src/fold.c
coreutils-9.5/src/force-link.c
coreutils-9.5/src/force-link.h
coreutils-9.5/src/fs-is-local.h
coreutils-9.5/src/fs.h
coreutils-9.5/src/getlimits.c
coreutils-9.5/src/group-list.c
coreutils-9.5/src/group-list.h
coreutils-9.5/src/groups.c
coreutils-9.5/src/head.c
coreutils-9.5/src/hostid.c
coreutils-9.5/src/hostname.c
coreutils-9.5/src/id.c
coreutils-9.5/src/install.c
coreutils-9.5/src/ioblksize.h
coreutils-9.5/src/iopoll.c
coreutils-9.5/src/iopoll.h
coreutils-9.5/src/join.c
coreutils-9.5/src/kill.c
coreutils-9.5/src/lbracket.c
coreutils-9.5/src/libstdbuf.c
coreutils-9.5/src/link.c
coreutils-9.5/src/ln.c
coreutils-9.5/src/local.mk
coreutils-9.5/src/logname.c
coreutils-9.5/src/longlong.h
coreutils-9.5/src/ls-dir.c
coreutils-9.5/src/ls-ls.c
coreutils-9.5/src/ls-vdir.c
coreutils-9.5/src/ls.c
coreutils-9.5/src/ls.h
coreutils-9.5/src/make-prime-list.c
coreutils-9.5/src/mkdir.c
coreutils-9.5/src/mkfifo.c
coreutils-9.5/src/mknod.c
coreutils-9.5/src/mktemp.c
coreutils-9.5/src/mv.c
coreutils-9.5/src/nice.c
coreutils-9.5/src/nl.c
coreutils-9.5/src/nohup.c
coreutils-9.5/src/nproc.c
coreutils-9.5/src/numfmt.c
coreutils-9.5/src/od.c
coreutils-9.5/src/operand2sig.c
coreutils-9.5/src/operand2sig.h
coreutils-9.5/src/paste.c
coreutils-9.5/src/pathchk.c
coreutils-9.5/src/pinky.c
coreutils-9.5/src/pr.c
coreutils-9.5/src/primes.h
coreutils-9.5/src/printenv.c
coreutils-9.5/src/printf.c
coreutils-9.5/src/prog-fprintf.c
coreutils-9.5/src/prog-fprintf.h
coreutils-9.5/src/ptx.c
coreutils-9.5/src/pwd.c
coreutils-9.5/src/readlink.c
coreutils-9.5/src/realpath.c
coreutils-9.5/src/relpath.c
coreutils-9.5/src/relpath.h
coreutils-9.5/src/remove.c
coreutils-9.5/src/remove.h
coreutils-9.5/src/rm.c
coreutils-9.5/src/rmdir.c
coreutils-9.5/src/runcon.c
coreutils-9.5/src/selinux.c
coreutils-9.5/src/selinux.h
coreutils-9.5/src/seq.c
coreutils-9.5/src/set-fields.c
coreutils-9.5/src/set-fields.h
coreutils-9.5/src/shred.c
coreutils-9.5/src/shuf.c
coreutils-9.5/src/single-binary.mk
coreutils-9.5/src/sleep.c
coreutils-9.5/src/sort.c
coreutils-9.5/src/split.c
coreutils-9.5/src/stat.c
coreutils-9.5/src/statx.h
coreutils-9.5/src/stdbuf.c
coreutils-9.5/src/stty.c
coreutils-9.5/src/sum.c
coreutils-9.5/src/sum.h
coreutils-9.5/src/sync.c
coreutils-9.5/src/system.h
coreutils-9.5/src/tac-pipe.c
coreutils-9.5/src/tac.c
coreutils-9.5/src/tail.c
coreutils-9.5/src/tee.c
coreutils-9.5/src/temp-stream.c
coreutils-9.5/src/temp-stream.h
coreutils-9.5/src/test.c
coreutils-9.5/src/timeout.c
coreutils-9.5/src/touch.c
coreutils-9.5/src/tr.c
coreutils-9.5/src/true.c
coreutils-9.5/src/truncate.c
coreutils-9.5/src/tsort.c
coreutils-9.5/src/tty.c
coreutils-9.5/src/uname-arch.c
coreutils-9.5/src/uname-uname.c
coreutils-9.5/src/uname.c
coreutils-9.5/src/uname.h
coreutils-9.5/src/unexpand.c
coreutils-9.5/src/uniq.c
coreutils-9.5/src/unlink.c
coreutils-9.5/src/uptime.c
coreutils-9.5/src/users.c
coreutils-9.5/src/wc.c
coreutils-9.5/src/wc.h
coreutils-9.5/src/wc_avx2.c
coreutils-9.5/src/who.c
coreutils-9.5/src/whoami.c
coreutils-9.5/src/yes.c
coreutils-9.5/tests/
coreutils-9.5/tests/Coreutils.pm
coreutils-9.5/tests/CuSkip.pm
coreutils-9.5/tests/CuTmpdir.pm
coreutils-9.5/tests/GNUmakefile
coreutils-9.5/tests/basenc/
coreutils-9.5/tests/basenc/base64.pl
coreutils-9.5/tests/basenc/basenc.pl
coreutils-9.5/tests/cat/
coreutils-9.5/tests/cat/cat-E.sh
coreutils-9.5/tests/cat/cat-buf.sh
coreutils-9.5/tests/cat/cat-proc.sh
coreutils-9.5/tests/cat/cat-self.sh
coreutils-9.5/tests/chcon/
coreutils-9.5/tests/chcon/chcon-fail.sh
coreutils-9.5/tests/chcon/chcon.sh
coreutils-9.5/tests/chgrp/
coreutils-9.5/tests/chgrp/basic.sh
coreutils-9.5/tests/chgrp/default-no-deref.sh
coreutils-9.5/tests/chgrp/deref.sh
coreutils-9.5/tests/chgrp/from.sh
coreutils-9.5/tests/chgrp/no-x.sh
coreutils-9.5/tests/chgrp/posix-H.sh
coreutils-9.5/tests/chgrp/recurse.sh
coreutils-9.5/tests/chmod/
coreutils-9.5/tests/chmod/c-option.sh
coreutils-9.5/tests/chmod/equal-x.sh
coreutils-9.5/tests/chmod/equals.sh
coreutils-9.5/tests/chmod/ignore-symlink.sh
coreutils-9.5/tests/chmod/inaccessible.sh
coreutils-9.5/tests/chmod/no-x.sh
coreutils-9.5/tests/chmod/octal.sh
coreutils-9.5/tests/chmod/setgid.sh
coreutils-9.5/tests/chmod/silent.sh
coreutils-9.5/tests/chmod/symlinks.sh
coreutils-9.5/tests/chmod/thru-dangling.sh
coreutils-9.5/tests/chmod/umask-x.sh
coreutils-9.5/tests/chmod/usage.sh
coreutils-9.5/tests/chown/
coreutils-9.5/tests/chown/basic.sh
coreutils-9.5/tests/chown/deref.sh
coreutils-9.5/tests/chown/preserve-root.sh
coreutils-9.5/tests/chown/separator.sh
coreutils-9.5/tests/chroot/
coreutils-9.5/tests/chroot/chroot-credentials.sh
coreutils-9.5/tests/chroot/chroot-fail.sh
coreutils-9.5/tests/cksum/
coreutils-9.5/tests/cksum/b2sum.sh
coreutils-9.5/tests/cksum/cksum-a.sh
coreutils-9.5/tests/cksum/cksum-base64.pl
coreutils-9.5/tests/cksum/cksum-c.sh
coreutils-9.5/tests/cksum/cksum-raw.sh
coreutils-9.5/tests/cksum/cksum.sh
coreutils-9.5/tests/cksum/md5sum-bsd.sh
coreutils-9.5/tests/cksum/md5sum-newline.pl
coreutils-9.5/tests/cksum/md5sum-parallel.sh
coreutils-9.5/tests/cksum/md5sum.pl
coreutils-9.5/tests/cksum/sha1sum-vec.pl
coreutils-9.5/tests/cksum/sha1sum.pl
coreutils-9.5/tests/cksum/sha224sum.pl
coreutils-9.5/tests/cksum/sha256sum.pl
coreutils-9.5/tests/cksum/sha384sum.pl
coreutils-9.5/tests/cksum/sha512sum.pl
coreutils-9.5/tests/cksum/sm3sum.pl
coreutils-9.5/tests/cksum/sum-sysv.sh
coreutils-9.5/tests/cksum/sum.pl
coreutils-9.5/tests/cp/
coreutils-9.5/tests/cp/abuse.sh
coreutils-9.5/tests/cp/acl.sh
coreutils-9.5/tests/cp/attr-existing.sh
coreutils-9.5/tests/cp/backup-1.sh
coreutils-9.5/tests/cp/backup-dir.sh
coreutils-9.5/tests/cp/backup-is-src.sh
coreutils-9.5/tests/cp/capability.sh
coreutils-9.5/tests/cp/copy-FMR.sh
coreutils-9.5/tests/cp/cp-HL.sh
coreutils-9.5/tests/cp/cp-a-selinux.sh
coreutils-9.5/tests/cp/cp-deref.sh
coreutils-9.5/tests/cp/cp-i.sh
coreutils-9.5/tests/cp/cp-mv-backup.sh
coreutils-9.5/tests/cp/cp-mv-enotsup-xattr.sh
coreutils-9.5/tests/cp/cp-parents.sh
coreutils-9.5/tests/cp/cross-dev-symlink.sh
coreutils-9.5/tests/cp/debug.sh
coreutils-9.5/tests/cp/deref-slink.sh
coreutils-9.5/tests/cp/dir-rm-dest.sh
coreutils-9.5/tests/cp/dir-slash.sh
coreutils-9.5/tests/cp/dir-vs-file.sh
coreutils-9.5/tests/cp/existing-perm-dir.sh
coreutils-9.5/tests/cp/existing-perm-race.sh
coreutils-9.5/tests/cp/fail-perm.sh
coreutils-9.5/tests/cp/file-perm-race.sh
coreutils-9.5/tests/cp/into-self.sh
coreutils-9.5/tests/cp/keep-directory-symlink.sh
coreutils-9.5/tests/cp/link-deref.sh
coreutils-9.5/tests/cp/link-heap.sh
coreutils-9.5/tests/cp/link-no-deref.sh
coreutils-9.5/tests/cp/link-preserve.sh
coreutils-9.5/tests/cp/link-symlink.sh
coreutils-9.5/tests/cp/link.sh
coreutils-9.5/tests/cp/nfs-removal-race.sh
coreutils-9.5/tests/cp/no-ctx.sh
coreutils-9.5/tests/cp/no-deref-link1.sh
coreutils-9.5/tests/cp/no-deref-link2.sh
coreutils-9.5/tests/cp/no-deref-link3.sh
coreutils-9.5/tests/cp/parent-perm-race.sh
coreutils-9.5/tests/cp/parent-perm.sh
coreutils-9.5/tests/cp/perm.sh
coreutils-9.5/tests/cp/preserve-2.sh
coreutils-9.5/tests/cp/preserve-gid.sh
coreutils-9.5/tests/cp/preserve-link.sh
coreutils-9.5/tests/cp/preserve-mode.sh
coreutils-9.5/tests/cp/preserve-slink-time.sh
coreutils-9.5/tests/cp/proc-short-read.sh
coreutils-9.5/tests/cp/proc-zero-len.sh
coreutils-9.5/tests/cp/r-vs-symlink.sh
coreutils-9.5/tests/cp/reflink-auto.sh
coreutils-9.5/tests/cp/reflink-perm.sh
coreutils-9.5/tests/cp/same-file.sh
coreutils-9.5/tests/cp/slink-2-slink.sh
coreutils-9.5/tests/cp/sparse-2.sh
coreutils-9.5/tests/cp/sparse-extents-2.sh
coreutils-9.5/tests/cp/sparse-extents.sh
coreutils-9.5/tests/cp/sparse-perf.sh
coreutils-9.5/tests/cp/sparse-to-pipe.sh
coreutils-9.5/tests/cp/sparse.sh
coreutils-9.5/tests/cp/special-bits.sh
coreutils-9.5/tests/cp/special-f.sh
coreutils-9.5/tests/cp/src-base-dot.sh
coreutils-9.5/tests/cp/symlink-slash.sh
coreutils-9.5/tests/cp/thru-dangling.sh
coreutils-9.5/tests/csplit/
coreutils-9.5/tests/csplit/csplit-1000.sh
coreutils-9.5/tests/csplit/csplit-heap.sh
coreutils-9.5/tests/csplit/csplit-io-err.sh
coreutils-9.5/tests/csplit/csplit-suppress-matched.pl
coreutils-9.5/tests/csplit/csplit.sh
coreutils-9.5/tests/cut/
coreutils-9.5/tests/cut/cut-huge-range.sh
coreutils-9.5/tests/cut/cut.pl
coreutils-9.5/tests/d_type-check
coreutils-9.5/tests/date/
coreutils-9.5/tests/date/date-debug.sh
coreutils-9.5/tests/date/date-next-dow.pl
coreutils-9.5/tests/date/date-sec.sh
coreutils-9.5/tests/date/date-tz.sh
coreutils-9.5/tests/date/date.pl
coreutils-9.5/tests/dd/
coreutils-9.5/tests/dd/ascii.sh
coreutils-9.5/tests/dd/bytes.sh
coreutils-9.5/tests/dd/direct.sh
coreutils-9.5/tests/dd/misc.sh
coreutils-9.5/tests/dd/no-allocate.sh
coreutils-9.5/tests/dd/nocache.sh
coreutils-9.5/tests/dd/nocache_eof.sh
coreutils-9.5/tests/dd/not-rewound.sh
coreutils-9.5/tests/dd/reblock.sh
coreutils-9.5/tests/dd/skip-seek-past-dev.sh
coreutils-9.5/tests/dd/skip-seek-past-file.sh
coreutils-9.5/tests/dd/skip-seek.pl
coreutils-9.5/tests/dd/skip-seek2.sh
coreutils-9.5/tests/dd/sparse.sh
coreutils-9.5/tests/dd/stats.sh
coreutils-9.5/tests/dd/stderr.sh
coreutils-9.5/tests/dd/unblock-sync.sh
coreutils-9.5/tests/dd/unblock.pl
coreutils-9.5/tests/df/
coreutils-9.5/tests/df/df-P.sh
coreutils-9.5/tests/df/df-output.sh
coreutils-9.5/tests/df/df-symlink.sh
coreutils-9.5/tests/df/header.sh
coreutils-9.5/tests/df/no-mtab-status.sh
coreutils-9.5/tests/df/over-mount-device.sh
coreutils-9.5/tests/df/problematic-chars.sh
coreutils-9.5/tests/df/skip-duplicates.sh
coreutils-9.5/tests/df/skip-rootfs.sh
coreutils-9.5/tests/df/total-unprocessed.sh
coreutils-9.5/tests/df/total-verify.sh
coreutils-9.5/tests/df/unreadable.sh
coreutils-9.5/tests/du/
coreutils-9.5/tests/du/2g.sh
coreutils-9.5/tests/du/8gb.sh
coreutils-9.5/tests/du/apparent.sh
coreutils-9.5/tests/du/basic.sh
coreutils-9.5/tests/du/bigtime.sh
coreutils-9.5/tests/du/bind-mount-dir-cycle-v2.sh
coreutils-9.5/tests/du/bind-mount-dir-cycle.sh
coreutils-9.5/tests/du/deref-args.sh
coreutils-9.5/tests/du/deref.sh
coreutils-9.5/tests/du/exclude.sh
coreutils-9.5/tests/du/fd-leak.sh
coreutils-9.5/tests/du/files0-from-dir.sh
coreutils-9.5/tests/du/files0-from.pl
coreutils-9.5/tests/du/hard-link.sh
coreutils-9.5/tests/du/inacc-dest.sh
coreutils-9.5/tests/du/inacc-dir.sh
coreutils-9.5/tests/du/inaccessible-cwd.sh
coreutils-9.5/tests/du/inodes.sh
coreutils-9.5/tests/du/long-from-unreadable.sh
coreutils-9.5/tests/du/long-sloop.sh
coreutils-9.5/tests/du/max-depth.sh
coreutils-9.5/tests/du/move-dir-while-traversing.sh
coreutils-9.5/tests/du/no-deref.sh
coreutils-9.5/tests/du/no-x.sh
coreutils-9.5/tests/du/one-file-system.sh
coreutils-9.5/tests/du/restore-wd.sh
coreutils-9.5/tests/du/slash.sh
coreutils-9.5/tests/du/threshold.sh
coreutils-9.5/tests/du/trailing-slash.sh
coreutils-9.5/tests/du/two-args.sh
coreutils-9.5/tests/env/
coreutils-9.5/tests/env/env-S-script.sh
coreutils-9.5/tests/env/env-S.pl
coreutils-9.5/tests/env/env-null.sh
coreutils-9.5/tests/env/env-signal-handler.sh
coreutils-9.5/tests/env/env.sh
coreutils-9.5/tests/envvar-check
coreutils-9.5/tests/expr/
coreutils-9.5/tests/expr/expr-multibyte.pl
coreutils-9.5/tests/expr/expr.pl
coreutils-9.5/tests/factor/
coreutils-9.5/tests/factor/create-test.sh
coreutils-9.5/tests/factor/factor-parallel.sh
coreutils-9.5/tests/factor/factor.pl
coreutils-9.5/tests/factor/run.sh
coreutils-9.5/tests/filefrag-extent-compare
coreutils-9.5/tests/fmt/
coreutils-9.5/tests/fmt/base.pl
coreutils-9.5/tests/fmt/goal-option.sh
coreutils-9.5/tests/fmt/long-line.sh
coreutils-9.5/tests/fmt/non-space.sh
coreutils-9.5/tests/groups/
coreutils-9.5/tests/groups/groups-dash.sh
coreutils-9.5/tests/groups/groups-process-all.sh
coreutils-9.5/tests/groups/groups-version.sh
coreutils-9.5/tests/head/
coreutils-9.5/tests/head/head-c.sh
coreutils-9.5/tests/head/head-elide-tail.pl
coreutils-9.5/tests/head/head-pos.sh
coreutils-9.5/tests/head/head-write-error.sh
coreutils-9.5/tests/head/head.pl
coreutils-9.5/tests/help/
coreutils-9.5/tests/help/help-version-getopt.sh
coreutils-9.5/tests/help/help-version.sh
coreutils-9.5/tests/id/
coreutils-9.5/tests/id/context.sh
coreutils-9.5/tests/id/gnu-zero-uids.sh
coreutils-9.5/tests/id/no-context.sh
coreutils-9.5/tests/id/setgid.sh
coreutils-9.5/tests/id/smack.sh
coreutils-9.5/tests/id/uid.sh
coreutils-9.5/tests/id/zero.sh
coreutils-9.5/tests/init.sh
coreutils-9.5/tests/install/
coreutils-9.5/tests/install/basic-1.sh
coreutils-9.5/tests/install/create-leading.sh
coreutils-9.5/tests/install/d-slashdot.sh
coreutils-9.5/tests/install/install-C-root.sh
coreutils-9.5/tests/install/install-C-selinux.sh
coreutils-9.5/tests/install/install-C.sh
coreutils-9.5/tests/install/install-Z-selinux.sh
coreutils-9.5/tests/install/strip-program.sh
coreutils-9.5/tests/install/trap.sh
coreutils-9.5/tests/join/
coreutils-9.5/tests/join/join-utf8.sh
coreutils-9.5/tests/join/join.pl
coreutils-9.5/tests/lang-default
coreutils-9.5/tests/ln/
coreutils-9.5/tests/ln/backup-1.sh
coreutils-9.5/tests/ln/hard-backup.sh
coreutils-9.5/tests/ln/hard-to-sym.sh
coreutils-9.5/tests/ln/misc.sh
coreutils-9.5/tests/ln/relative.sh
coreutils-9.5/tests/ln/sf-1.sh
coreutils-9.5/tests/ln/slash-decorated-nonexistent-dest.sh
coreutils-9.5/tests/ln/target-1.sh
coreutils-9.5/tests/local.mk
coreutils-9.5/tests/ls/
coreutils-9.5/tests/ls/a-option.sh
coreutils-9.5/tests/ls/abmon-align.sh
coreutils-9.5/tests/ls/acl.sh
coreutils-9.5/tests/ls/birthtime.sh
coreutils-9.5/tests/ls/block-size.sh
coreutils-9.5/tests/ls/capability.sh
coreutils-9.5/tests/ls/classify.sh
coreutils-9.5/tests/ls/color-clear-to-eol.sh
coreutils-9.5/tests/ls/color-dtype-dir.sh
coreutils-9.5/tests/ls/color-ext.sh
coreutils-9.5/tests/ls/color-norm.sh
coreutils-9.5/tests/ls/color-term.sh
coreutils-9.5/tests/ls/dangle.sh
coreutils-9.5/tests/ls/dired.sh
coreutils-9.5/tests/ls/file-type.sh
coreutils-9.5/tests/ls/follow-slink.sh
coreutils-9.5/tests/ls/getxattr-speedup.sh
coreutils-9.5/tests/ls/group-dirs.sh
coreutils-9.5/tests/ls/hex-option.sh
coreutils-9.5/tests/ls/hyperlink.sh
coreutils-9.5/tests/ls/infloop.sh
coreutils-9.5/tests/ls/inode.sh
coreutils-9.5/tests/ls/ls-misc.pl
coreutils-9.5/tests/ls/ls-time.sh
coreutils-9.5/tests/ls/m-option.sh
coreutils-9.5/tests/ls/multihardlink.sh
coreutils-9.5/tests/ls/nameless-uid.sh
coreutils-9.5/tests/ls/no-arg.sh
coreutils-9.5/tests/ls/no-cap.sh
coreutils-9.5/tests/ls/quote-align.sh
coreutils-9.5/tests/ls/readdir-mountpoint-inode.sh
coreutils-9.5/tests/ls/recursive.sh
coreutils-9.5/tests/ls/removed-directory.sh
coreutils-9.5/tests/ls/root-rel-symlink-color.sh
coreutils-9.5/tests/ls/rt-1.sh
coreutils-9.5/tests/ls/selinux-segfault.sh
coreutils-9.5/tests/ls/size-align.sh
coreutils-9.5/tests/ls/slink-acl.sh
coreutils-9.5/tests/ls/sort-width-option.sh
coreutils-9.5/tests/ls/stat-dtype.sh
coreutils-9.5/tests/ls/stat-failed.sh
coreutils-9.5/tests/ls/stat-free-color.sh
coreutils-9.5/tests/ls/stat-free-symlinks.sh
coreutils-9.5/tests/ls/stat-vs-dirent.sh
coreutils-9.5/tests/ls/symlink-loop.sh
coreutils-9.5/tests/ls/symlink-quote.sh
coreutils-9.5/tests/ls/symlink-slash.sh
coreutils-9.5/tests/ls/time-style-diag.sh
coreutils-9.5/tests/ls/w-option.sh
coreutils-9.5/tests/ls/x-option.sh
coreutils-9.5/tests/ls/zero-option.sh
coreutils-9.5/tests/misc/
coreutils-9.5/tests/misc/arch.sh
coreutils-9.5/tests/misc/basename.pl
coreutils-9.5/tests/misc/close-stdout.sh
coreutils-9.5/tests/misc/comm.pl
coreutils-9.5/tests/misc/coreutils.sh
coreutils-9.5/tests/misc/dircolors.pl
coreutils-9.5/tests/misc/dirname.pl
coreutils-9.5/tests/misc/echo.sh
coreutils-9.5/tests/misc/expand.pl
coreutils-9.5/tests/misc/false-status.sh
coreutils-9.5/tests/misc/fold.pl
coreutils-9.5/tests/misc/invalid-opt.pl
coreutils-9.5/tests/misc/kill.sh
coreutils-9.5/tests/misc/mknod.sh
coreutils-9.5/tests/misc/mktemp.pl
coreutils-9.5/tests/misc/nl.sh
coreutils-9.5/tests/misc/nohup.sh
coreutils-9.5/tests/misc/numfmt.pl
coreutils-9.5/tests/misc/paste.pl
coreutils-9.5/tests/misc/pathchk.sh
coreutils-9.5/tests/misc/printenv.sh
coreutils-9.5/tests/misc/read-errors.sh
coreutils-9.5/tests/misc/realpath.sh
coreutils-9.5/tests/misc/selinux.sh
coreutils-9.5/tests/misc/sleep.sh
coreutils-9.5/tests/misc/stdbuf.sh
coreutils-9.5/tests/misc/sync.sh
coreutils-9.5/tests/misc/tee.sh
coreutils-9.5/tests/misc/time-style.sh
coreutils-9.5/tests/misc/tsort.pl
coreutils-9.5/tests/misc/unexpand.pl
coreutils-9.5/tests/misc/usage_vs_getopt.sh
coreutils-9.5/tests/misc/write-errors.sh
coreutils-9.5/tests/misc/xattr.sh
coreutils-9.5/tests/misc/xstrtol.pl
coreutils-9.5/tests/misc/yes.sh
coreutils-9.5/tests/mkdir/
coreutils-9.5/tests/mkdir/p-1.sh
coreutils-9.5/tests/mkdir/p-2.sh
coreutils-9.5/tests/mkdir/p-3.sh
coreutils-9.5/tests/mkdir/p-acl.sh
coreutils-9.5/tests/mkdir/p-slashdot.sh
coreutils-9.5/tests/mkdir/p-thru-slink.sh
coreutils-9.5/tests/mkdir/p-v.sh
coreutils-9.5/tests/mkdir/parents.sh
coreutils-9.5/tests/mkdir/perm.sh
coreutils-9.5/tests/mkdir/restorecon.sh
coreutils-9.5/tests/mkdir/selinux.sh
coreutils-9.5/tests/mkdir/smack-no-root.sh
coreutils-9.5/tests/mkdir/smack-root.sh
coreutils-9.5/tests/mkdir/special-1.sh
coreutils-9.5/tests/mkdir/t-slash.sh
coreutils-9.5/tests/mkdir/writable-under-readonly.sh
coreutils-9.5/tests/mv/
coreutils-9.5/tests/mv/acl.sh
coreutils-9.5/tests/mv/atomic.sh
coreutils-9.5/tests/mv/atomic2.sh
coreutils-9.5/tests/mv/backup-dir.sh
coreutils-9.5/tests/mv/backup-is-src.sh
coreutils-9.5/tests/mv/childproof.sh
coreutils-9.5/tests/mv/diag.sh
coreutils-9.5/tests/mv/dir-file.sh
coreutils-9.5/tests/mv/dir2dir.sh
coreutils-9.5/tests/mv/dup-source.sh
coreutils-9.5/tests/mv/force.sh
coreutils-9.5/tests/mv/hard-2.sh
coreutils-9.5/tests/mv/hard-3.sh
coreutils-9.5/tests/mv/hard-4.sh
coreutils-9.5/tests/mv/hard-link-1.sh
coreutils-9.5/tests/mv/hardlink-case.sh
coreutils-9.5/tests/mv/i-1.pl
coreutils-9.5/tests/mv/i-2.sh
coreutils-9.5/tests/mv/i-3.sh
coreutils-9.5/tests/mv/i-4.sh
coreutils-9.5/tests/mv/i-5.sh
coreutils-9.5/tests/mv/i-link-no.sh
coreutils-9.5/tests/mv/into-self-2.sh
coreutils-9.5/tests/mv/into-self-3.sh
coreutils-9.5/tests/mv/into-self-4.sh
coreutils-9.5/tests/mv/into-self.sh
coreutils-9.5/tests/mv/leak-fd.sh
coreutils-9.5/tests/mv/mv-exchange.sh
coreutils-9.5/tests/mv/mv-n.sh
coreutils-9.5/tests/mv/mv-special-1.sh
coreutils-9.5/tests/mv/no-copy.sh
coreutils-9.5/tests/mv/no-target-dir.sh
coreutils-9.5/tests/mv/part-fail.sh
coreutils-9.5/tests/mv/part-hardlink.sh
coreutils-9.5/tests/mv/part-rename.sh
coreutils-9.5/tests/mv/part-symlink.sh
coreutils-9.5/tests/mv/partition-perm.sh
coreutils-9.5/tests/mv/perm-1.sh
coreutils-9.5/tests/mv/sticky-to-xpart.sh
coreutils-9.5/tests/mv/symlink-onto-hardlink-to-self.sh
coreutils-9.5/tests/mv/symlink-onto-hardlink.sh
coreutils-9.5/tests/mv/to-symlink.sh
coreutils-9.5/tests/mv/trailing-slash.sh
coreutils-9.5/tests/mv/update.sh
coreutils-9.5/tests/nice/
coreutils-9.5/tests/nice/nice-fail.sh
coreutils-9.5/tests/nice/nice.sh
coreutils-9.5/tests/no-perl
coreutils-9.5/tests/nproc/
coreutils-9.5/tests/nproc/nproc-avail.sh
coreutils-9.5/tests/nproc/nproc-override.sh
coreutils-9.5/tests/nproc/nproc-positive.sh
coreutils-9.5/tests/od/
coreutils-9.5/tests/od/od-N.sh
coreutils-9.5/tests/od/od-endian.sh
coreutils-9.5/tests/od/od-float.sh
coreutils-9.5/tests/od/od-j.sh
coreutils-9.5/tests/od/od-multiple-t.sh
coreutils-9.5/tests/od/od-x8.sh
coreutils-9.5/tests/od/od.pl
coreutils-9.5/tests/other-fs-tmpdir
coreutils-9.5/tests/pr/
coreutils-9.5/tests/pr/0F
coreutils-9.5/tests/pr/0FF
coreutils-9.5/tests/pr/0FFnt
coreutils-9.5/tests/pr/0FFt
coreutils-9.5/tests/pr/0FnFnt
coreutils-9.5/tests/pr/0FnFt
coreutils-9.5/tests/pr/0Fnt
coreutils-9.5/tests/pr/0Ft
coreutils-9.5/tests/pr/2-S_f-t_notab
coreutils-9.5/tests/pr/2-Sf-t_notab
coreutils-9.5/tests/pr/2f-t_notab
coreutils-9.5/tests/pr/2s_f-t_notab
coreutils-9.5/tests/pr/2s_w60f-t_nota
coreutils-9.5/tests/pr/2sf-t_notab
coreutils-9.5/tests/pr/2sw60f-t_notab
coreutils-9.5/tests/pr/2w60f-t_notab
coreutils-9.5/tests/pr/3-0F
coreutils-9.5/tests/pr/3-5l24f-t
coreutils-9.5/tests/pr/3-FF
coreutils-9.5/tests/pr/3a2l17-FF
coreutils-9.5/tests/pr/3a3f-0F
coreutils-9.5/tests/pr/3a3l15-t
coreutils-9.5/tests/pr/3a3l15f-t
coreutils-9.5/tests/pr/3b2l17-FF
coreutils-9.5/tests/pr/3b3f-0F
coreutils-9.5/tests/pr/3b3f-0FF
coreutils-9.5/tests/pr/3b3f-FF
coreutils-9.5/tests/pr/3b3l15-t
coreutils-9.5/tests/pr/3b3l15f-t
coreutils-9.5/tests/pr/3f-0F
coreutils-9.5/tests/pr/3f-FF
coreutils-9.5/tests/pr/3l24-t
coreutils-9.5/tests/pr/3l24f-t
coreutils-9.5/tests/pr/3ml24-FF
coreutils-9.5/tests/pr/3ml24-t
coreutils-9.5/tests/pr/3ml24-t-FF
coreutils-9.5/tests/pr/3ml24f-t
coreutils-9.5/tests/pr/4-7l24-FF
coreutils-9.5/tests/pr/4l24-FF
coreutils-9.5/tests/pr/FF
coreutils-9.5/tests/pr/FFn
coreutils-9.5/tests/pr/FFtn
coreutils-9.5/tests/pr/FnFn
coreutils-9.5/tests/pr/Ja3l24f-lm
coreutils-9.5/tests/pr/Jb3l24f-lm
coreutils-9.5/tests/pr/Jml24f-lm-lo
coreutils-9.5/tests/pr/W-72l24f-ll
coreutils-9.5/tests/pr/W20l24f-ll
coreutils-9.5/tests/pr/W26l24f-ll
coreutils-9.5/tests/pr/W27l24f-ll
coreutils-9.5/tests/pr/W28l24f-ll
coreutils-9.5/tests/pr/W35Ja3l24f-lm
coreutils-9.5/tests/pr/W35Jb3l24f-lm
coreutils-9.5/tests/pr/W35Jml24f-lmlo
coreutils-9.5/tests/pr/W35a3l24f-lm
coreutils-9.5/tests/pr/W35b3l24f-lm
coreutils-9.5/tests/pr/W35ml24f-lm-lo
coreutils-9.5/tests/pr/W72Jl24f-ll
coreutils-9.5/tests/pr/a2l15-FF
coreutils-9.5/tests/pr/a2l17-FF
coreutils-9.5/tests/pr/a3-0F
coreutils-9.5/tests/pr/a3f-0F
coreutils-9.5/tests/pr/a3f-0FF
coreutils-9.5/tests/pr/a3f-FF
coreutils-9.5/tests/pr/a3l15-t
coreutils-9.5/tests/pr/a3l15f-t
coreutils-9.5/tests/pr/a3l24f-lm
coreutils-9.5/tests/pr/b2l15-FF
coreutils-9.5/tests/pr/b2l17-FF
coreutils-9.5/tests/pr/b3-0F
coreutils-9.5/tests/pr/b3f-0F
coreutils-9.5/tests/pr/b3f-0FF
coreutils-9.5/tests/pr/b3f-FF
coreutils-9.5/tests/pr/b3l15-t
coreutils-9.5/tests/pr/b3l15f-t
coreutils-9.5/tests/pr/b3l24f-lm
coreutils-9.5/tests/pr/l24-FF
coreutils-9.5/tests/pr/l24-t
coreutils-9.5/tests/pr/l24f-t
coreutils-9.5/tests/pr/loli
coreutils-9.5/tests/pr/ml20-FF-t
coreutils-9.5/tests/pr/ml24-FF
coreutils-9.5/tests/pr/ml24-t
coreutils-9.5/tests/pr/ml24-t-FF
coreutils-9.5/tests/pr/ml24f-0F
coreutils-9.5/tests/pr/ml24f-lm-lo
coreutils-9.5/tests/pr/ml24f-t
coreutils-9.5/tests/pr/ml24f-t-0F
coreutils-9.5/tests/pr/n+2-5l24f-0FF
coreutils-9.5/tests/pr/n+2l24f-0FF
coreutils-9.5/tests/pr/n+2l24f-bl
coreutils-9.5/tests/pr/n+3-7l24-FF
coreutils-9.5/tests/pr/n+3l24f-0FF
coreutils-9.5/tests/pr/n+3l24f-bl
coreutils-9.5/tests/pr/n+3ml20f-bl-FF
coreutils-9.5/tests/pr/n+3ml24f-bl-tn
coreutils-9.5/tests/pr/n+3ml24f-tn-bl
coreutils-9.5/tests/pr/n+4-8a2l17-FF
coreutils-9.5/tests/pr/n+4b2l17f-0FF
coreutils-9.5/tests/pr/n+5-8b3l17f-FF
coreutils-9.5/tests/pr/n+5a3l13f-0FF
coreutils-9.5/tests/pr/n+6a2l17-FF
coreutils-9.5/tests/pr/n+6b3l13f-FF
coreutils-9.5/tests/pr/n+7l24-FF
coreutils-9.5/tests/pr/n+8l20-FF
coreutils-9.5/tests/pr/nJml24f-lmlmlo
coreutils-9.5/tests/pr/nJml24f-lmlolm
coreutils-9.5/tests/pr/nN1+3l24f-bl
coreutils-9.5/tests/pr/nN15l24f-bl
coreutils-9.5/tests/pr/nSml20-bl-FF
coreutils-9.5/tests/pr/nSml20-t-t-FF
coreutils-9.5/tests/pr/nSml20-t-tFFFF
coreutils-9.5/tests/pr/nSml24-bl-FF
coreutils-9.5/tests/pr/nSml24-t-t-FF
coreutils-9.5/tests/pr/nSml24-t-tFFFF
coreutils-9.5/tests/pr/nl24f-bl
coreutils-9.5/tests/pr/o3Jml24f-lm-lo
coreutils-9.5/tests/pr/o3a3Sl24f-tn
coreutils-9.5/tests/pr/o3a3Snl24f-tn
coreutils-9.5/tests/pr/o3a3l24f-tn
coreutils-9.5/tests/pr/o3b3Sl24f-tn
coreutils-9.5/tests/pr/o3b3Snl24f-tn
coreutils-9.5/tests/pr/o3b3l24f-tn
coreutils-9.5/tests/pr/o3mSl24f-bl-tn
coreutils-9.5/tests/pr/o3mSnl24fbltn
coreutils-9.5/tests/pr/o3ml24f-bl-tn
coreutils-9.5/tests/pr/pr-tests.pl
coreutils-9.5/tests/pr/t-0FF
coreutils-9.5/tests/pr/t-FF
coreutils-9.5/tests/pr/t-bl
coreutils-9.5/tests/pr/t-t
coreutils-9.5/tests/pr/tFFn
coreutils-9.5/tests/pr/tFFt
coreutils-9.5/tests/pr/tFFt-bl
coreutils-9.5/tests/pr/tFFt-ll
coreutils-9.5/tests/pr/tFFt-lm
coreutils-9.5/tests/pr/tFnFt
coreutils-9.5/tests/pr/t_notab
coreutils-9.5/tests/pr/t_tab
coreutils-9.5/tests/pr/t_tab_
coreutils-9.5/tests/pr/ta3-0FF
coreutils-9.5/tests/pr/ta3-FF
coreutils-9.5/tests/pr/tb3-0FF
coreutils-9.5/tests/pr/tb3-FF
coreutils-9.5/tests/pr/tn
coreutils-9.5/tests/pr/tn2e5o3-t_tab
coreutils-9.5/tests/pr/tn2e8-t_tab
coreutils-9.5/tests/pr/tn2e8o3-t_tab
coreutils-9.5/tests/pr/tn_2e8-t_tab
coreutils-9.5/tests/pr/tn_2e8S-t_tab
coreutils-9.5/tests/pr/tne8-t_tab
coreutils-9.5/tests/pr/tne8o3-t_tab
coreutils-9.5/tests/pr/tt-0FF
coreutils-9.5/tests/pr/tt-FF
coreutils-9.5/tests/pr/tt-bl
coreutils-9.5/tests/pr/tt-t
coreutils-9.5/tests/pr/tta3-0FF
coreutils-9.5/tests/pr/tta3-FF
coreutils-9.5/tests/pr/ttb3-0FF
coreutils-9.5/tests/pr/ttb3-FF
coreutils-9.5/tests/pr/w72l24f-ll
coreutils-9.5/tests/printf/
coreutils-9.5/tests/printf/printf-cov.pl
coreutils-9.5/tests/printf/printf-hex.sh
coreutils-9.5/tests/printf/printf-mb.sh
coreutils-9.5/tests/printf/printf-quote.sh
coreutils-9.5/tests/printf/printf-surprise.sh
coreutils-9.5/tests/printf/printf.sh
coreutils-9.5/tests/ptx/
coreutils-9.5/tests/ptx/ptx-overrun.sh
coreutils-9.5/tests/ptx/ptx.pl
coreutils-9.5/tests/pwd/
coreutils-9.5/tests/pwd/pwd-long.sh
coreutils-9.5/tests/pwd/pwd-option.sh
coreutils-9.5/tests/readlink/
coreutils-9.5/tests/readlink/can-e.sh
coreutils-9.5/tests/readlink/can-f.sh
coreutils-9.5/tests/readlink/can-m.sh
coreutils-9.5/tests/readlink/multi.sh
coreutils-9.5/tests/readlink/readlink-fp-loop.sh
coreutils-9.5/tests/readlink/readlink-root.sh
coreutils-9.5/tests/readlink/rl-1.sh
coreutils-9.5/tests/rm/
coreutils-9.5/tests/rm/cycle.sh
coreutils-9.5/tests/rm/d-1.sh
coreutils-9.5/tests/rm/d-2.sh
coreutils-9.5/tests/rm/d-3.sh
coreutils-9.5/tests/rm/dangling-symlink.sh
coreutils-9.5/tests/rm/deep-1.sh
coreutils-9.5/tests/rm/deep-2.sh
coreutils-9.5/tests/rm/dir-no-w.sh
coreutils-9.5/tests/rm/dir-nonrecur.sh
coreutils-9.5/tests/rm/dot-rel.sh
coreutils-9.5/tests/rm/empty-immutable-skip.sh
coreutils-9.5/tests/rm/empty-inacc.sh
coreutils-9.5/tests/rm/empty-name.pl
coreutils-9.5/tests/rm/ext3-perf.sh
coreutils-9.5/tests/rm/f-1.sh
coreutils-9.5/tests/rm/fail-2eperm.sh
coreutils-9.5/tests/rm/fail-eacces.sh
coreutils-9.5/tests/rm/fail-eperm.xpl
coreutils-9.5/tests/rm/hash.sh
coreutils-9.5/tests/rm/i-1.sh
coreutils-9.5/tests/rm/i-never.sh
coreutils-9.5/tests/rm/i-no-r.sh
coreutils-9.5/tests/rm/ignorable.sh
coreutils-9.5/tests/rm/inaccessible.sh
coreutils-9.5/tests/rm/interactive-always.sh
coreutils-9.5/tests/rm/interactive-once.sh
coreutils-9.5/tests/rm/ir-1.sh
coreutils-9.5/tests/rm/isatty.sh
coreutils-9.5/tests/rm/many-dir-entries-vs-OOM.sh
coreutils-9.5/tests/rm/no-give-up.sh
coreutils-9.5/tests/rm/one-file-system.sh
coreutils-9.5/tests/rm/one-file-system2.sh
coreutils-9.5/tests/rm/r-1.sh
coreutils-9.5/tests/rm/r-2.sh
coreutils-9.5/tests/rm/r-3.sh
coreutils-9.5/tests/rm/r-4.sh
coreutils-9.5/tests/rm/r-root.sh
coreutils-9.5/tests/rm/read-only.sh
coreutils-9.5/tests/rm/readdir-bug.sh
coreutils-9.5/tests/rm/rm-readdir-fail.sh
coreutils-9.5/tests/rm/rm1.sh
coreutils-9.5/tests/rm/rm2.sh
coreutils-9.5/tests/rm/rm3.sh
coreutils-9.5/tests/rm/rm4.sh
coreutils-9.5/tests/rm/rm5.sh
coreutils-9.5/tests/rm/sunos-1.sh
coreutils-9.5/tests/rm/unread2.sh
coreutils-9.5/tests/rm/unread3.sh
coreutils-9.5/tests/rm/unreadable.pl
coreutils-9.5/tests/rm/v-slash.sh
coreutils-9.5/tests/rmdir/
coreutils-9.5/tests/rmdir/fail-perm.sh
coreutils-9.5/tests/rmdir/ignore.sh
coreutils-9.5/tests/rmdir/symlink-errors.sh
coreutils-9.5/tests/rmdir/t-slash.sh
coreutils-9.5/tests/runcon/
coreutils-9.5/tests/runcon/runcon-compute.sh
coreutils-9.5/tests/runcon/runcon-no-reorder.sh
coreutils-9.5/tests/sample-test
coreutils-9.5/tests/seek-data-capable
coreutils-9.5/tests/seq/
coreutils-9.5/tests/seq/seq-epipe.sh
coreutils-9.5/tests/seq/seq-extra-number.sh
coreutils-9.5/tests/seq/seq-io-errors.sh
coreutils-9.5/tests/seq/seq-locale.sh
coreutils-9.5/tests/seq/seq-long-double.sh
coreutils-9.5/tests/seq/seq-precision.sh
coreutils-9.5/tests/seq/seq.pl
coreutils-9.5/tests/shred/
coreutils-9.5/tests/shred/shred-exact.sh
coreutils-9.5/tests/shred/shred-passes.sh
coreutils-9.5/tests/shred/shred-remove.sh
coreutils-9.5/tests/shred/shred-size.sh
coreutils-9.5/tests/shuf/
coreutils-9.5/tests/shuf/shuf-reservoir.sh
coreutils-9.5/tests/shuf/shuf.sh
coreutils-9.5/tests/sort/
coreutils-9.5/tests/sort/sort-NaN-infloop.sh
coreutils-9.5/tests/sort/sort-benchmark-random.sh
coreutils-9.5/tests/sort/sort-compress-hang.sh
coreutils-9.5/tests/sort/sort-compress-proc.sh
coreutils-9.5/tests/sort/sort-compress.sh
coreutils-9.5/tests/sort/sort-continue.sh
coreutils-9.5/tests/sort/sort-debug-keys.sh
coreutils-9.5/tests/sort/sort-debug-warn.sh
coreutils-9.5/tests/sort/sort-discrim.sh
coreutils-9.5/tests/sort/sort-exit-early.sh
coreutils-9.5/tests/sort/sort-files0-from.pl
coreutils-9.5/tests/sort/sort-float.sh
coreutils-9.5/tests/sort/sort-h-thousands-sep.sh
coreutils-9.5/tests/sort/sort-merge-fdlimit.sh
coreutils-9.5/tests/sort/sort-merge.pl
coreutils-9.5/tests/sort/sort-month.sh
coreutils-9.5/tests/sort/sort-rand.sh
coreutils-9.5/tests/sort/sort-spinlock-abuse.sh
coreutils-9.5/tests/sort/sort-stale-thread-mem.sh
coreutils-9.5/tests/sort/sort-u-FMR.sh
coreutils-9.5/tests/sort/sort-unique-segv.sh
coreutils-9.5/tests/sort/sort-unique.sh
coreutils-9.5/tests/sort/sort-version.sh
coreutils-9.5/tests/sort/sort.pl
coreutils-9.5/tests/split/
coreutils-9.5/tests/split/additional-suffix.sh
coreutils-9.5/tests/split/b-chunk.sh
coreutils-9.5/tests/split/fail.sh
coreutils-9.5/tests/split/filter.sh
coreutils-9.5/tests/split/guard-input.sh
coreutils-9.5/tests/split/l-chunk-root.sh
coreutils-9.5/tests/split/l-chunk.sh
coreutils-9.5/tests/split/line-bytes.sh
coreutils-9.5/tests/split/lines.sh
coreutils-9.5/tests/split/numeric.sh
coreutils-9.5/tests/split/r-chunk.sh
coreutils-9.5/tests/split/record-sep.sh
coreutils-9.5/tests/split/suffix-auto-length.sh
coreutils-9.5/tests/split/suffix-length.sh
coreutils-9.5/tests/stat/
coreutils-9.5/tests/stat/stat-birthtime.sh
coreutils-9.5/tests/stat/stat-fmt.sh
coreutils-9.5/tests/stat/stat-hyphen.sh
coreutils-9.5/tests/stat/stat-mount.sh
coreutils-9.5/tests/stat/stat-nanoseconds.sh
coreutils-9.5/tests/stat/stat-printf.pl
coreutils-9.5/tests/stat/stat-slash.sh
coreutils-9.5/tests/stty/
coreutils-9.5/tests/stty/stty-invalid.sh
coreutils-9.5/tests/stty/stty-pairs.sh
coreutils-9.5/tests/stty/stty-row-col.sh
coreutils-9.5/tests/stty/stty.sh
coreutils-9.5/tests/tac/
coreutils-9.5/tests/tac/tac-2-nonseekable.sh
coreutils-9.5/tests/tac/tac-continue.sh
coreutils-9.5/tests/tac/tac.pl
coreutils-9.5/tests/tail/
coreutils-9.5/tests/tail/F-headers.sh
coreutils-9.5/tests/tail/F-vs-missing.sh
coreutils-9.5/tests/tail/F-vs-rename.sh
coreutils-9.5/tests/tail/append-only.sh
coreutils-9.5/tests/tail/assert-2.sh
coreutils-9.5/tests/tail/assert.sh
coreutils-9.5/tests/tail/big-4gb.sh
coreutils-9.5/tests/tail/descriptor-vs-rename.sh
coreutils-9.5/tests/tail/end-of-device.sh
coreutils-9.5/tests/tail/flush-initial.sh
coreutils-9.5/tests/tail/follow-name.sh
coreutils-9.5/tests/tail/follow-stdin.sh
coreutils-9.5/tests/tail/inotify-dir-recreate.sh
coreutils-9.5/tests/tail/inotify-hash-abuse.sh
coreutils-9.5/tests/tail/inotify-hash-abuse2.sh
coreutils-9.5/tests/tail/inotify-only-regular.sh
coreutils-9.5/tests/tail/inotify-race.sh
coreutils-9.5/tests/tail/inotify-race2.sh
coreutils-9.5/tests/tail/inotify-rotate-resources.sh
coreutils-9.5/tests/tail/inotify-rotate.sh
coreutils-9.5/tests/tail/overlay-headers.sh
coreutils-9.5/tests/tail/pid.sh
coreutils-9.5/tests/tail/pipe-f.sh
coreutils-9.5/tests/tail/pipe-f2.sh
coreutils-9.5/tests/tail/proc-ksyms.sh
coreutils-9.5/tests/tail/retry.sh
coreutils-9.5/tests/tail/start-middle.sh
coreutils-9.5/tests/tail/symlink.sh
coreutils-9.5/tests/tail/tail-c.sh
coreutils-9.5/tests/tail/tail-n0f.sh
coreutils-9.5/tests/tail/tail-sysfs.sh
coreutils-9.5/tests/tail/tail.pl
coreutils-9.5/tests/tail/truncate.sh
coreutils-9.5/tests/tail/wait.sh
coreutils-9.5/tests/test/
coreutils-9.5/tests/test/test-N.sh
coreutils-9.5/tests/test/test-diag.pl
coreutils-9.5/tests/test/test.pl
coreutils-9.5/tests/timeout/
coreutils-9.5/tests/timeout/timeout-blocked.pl
coreutils-9.5/tests/timeout/timeout-group.sh
coreutils-9.5/tests/timeout/timeout-large-parameters.sh
coreutils-9.5/tests/timeout/timeout-parameters.sh
coreutils-9.5/tests/timeout/timeout.sh
coreutils-9.5/tests/touch/
coreutils-9.5/tests/touch/60-seconds.sh
coreutils-9.5/tests/touch/dangling-symlink.sh
coreutils-9.5/tests/touch/dir-1.sh
coreutils-9.5/tests/touch/empty-file.sh
coreutils-9.5/tests/touch/fail-diag.sh
coreutils-9.5/tests/touch/fifo.sh
coreutils-9.5/tests/touch/no-create-missing.sh
coreutils-9.5/tests/touch/no-dereference.sh
coreutils-9.5/tests/touch/no-rights.sh
coreutils-9.5/tests/touch/not-owner.sh
coreutils-9.5/tests/touch/now-owned-by-other.sh
coreutils-9.5/tests/touch/obsolescent.sh
coreutils-9.5/tests/touch/read-only.sh
coreutils-9.5/tests/touch/relative.sh
coreutils-9.5/tests/touch/trailing-slash.sh
coreutils-9.5/tests/tr/
coreutils-9.5/tests/tr/tr-case-class.sh
coreutils-9.5/tests/tr/tr.pl
coreutils-9.5/tests/truncate/
coreutils-9.5/tests/truncate/truncate-dangling-symlink.sh
coreutils-9.5/tests/truncate/truncate-dir-fail.sh
coreutils-9.5/tests/truncate/truncate-fail-diag.sh
coreutils-9.5/tests/truncate/truncate-fifo.sh
coreutils-9.5/tests/truncate/truncate-no-create-missing.sh
coreutils-9.5/tests/truncate/truncate-overflow.sh
coreutils-9.5/tests/truncate/truncate-owned-by-other.sh
coreutils-9.5/tests/truncate/truncate-parameters.sh
coreutils-9.5/tests/truncate/truncate-relative.sh
coreutils-9.5/tests/tty/
coreutils-9.5/tests/tty/tty-eof.pl
coreutils-9.5/tests/tty/tty.sh
coreutils-9.5/tests/uniq/
coreutils-9.5/tests/uniq/uniq-collate.sh
coreutils-9.5/tests/uniq/uniq-perf.sh
coreutils-9.5/tests/uniq/uniq.pl
coreutils-9.5/tests/wc/
coreutils-9.5/tests/wc/wc-files0-from.pl
coreutils-9.5/tests/wc/wc-files0.sh
coreutils-9.5/tests/wc/wc-nbsp.sh
coreutils-9.5/tests/wc/wc-parallel.sh
coreutils-9.5/tests/wc/wc-proc.sh
coreutils-9.5/tests/wc/wc-total.sh
coreutils-9.5/tests/wc/wc.pl
coreutils-9.5/thanks-gen
